
===========================================================================
report_checks -path_delay min (Hold)
============================================================================
======================= nom_ss_100C_1v60 Corner ===================================

Startpoint: reset (input port clocked by clk)
Endpoint: _1573_ (removal check against rising-edge clock clk)
Path Group: asynchronous
Path Type: min

Fanout         Cap        Slew       Delay        Time   Description
---------------------------------------------------------------------------------------------
                                  0.000000    0.000000   clock clk (rise edge)
                                  0.000000    0.000000   clock network delay (propagated)
                                  2.000000    2.000000 v input external delay
     3    0.122426    0.525852    0.381563    2.381563 v reset (in)
                                                         reset (net)
                      0.541020    0.000000    2.381563 v _1826_/A (sky130_fd_sc_hd__buf_2)
     5    0.036259    0.175794    0.545332    2.926895 v _1826_/X (sky130_fd_sc_hd__buf_2)
                                                         _0629_ (net)
                      0.175837    0.002522    2.929417 v _1443_/A (sky130_fd_sc_hd__inv_2)
     1    0.002334    0.053451    0.094745    3.024162 ^ _1443_/Y (sky130_fd_sc_hd__inv_2)
                                                         _0302_ (net)
                      0.053451    0.000046    3.024208 ^ _1994_/A (sky130_fd_sc_hd__buf_2)
     1    0.003540    0.050788    0.157191    3.181399 ^ _1994_/X (sky130_fd_sc_hd__buf_2)
                                                         _0888_ (net)
                      0.050788    0.000066    3.181464 ^ _1573_/SET_B (sky130_fd_sc_hd__dfstp_4)
                                              3.181464   data arrival time

                                  0.000000    0.000000   clock clk (rise edge)
                                  0.000000    0.000000   clock source latency
     2    0.157321    1.138872    0.876637    0.876637 ^ clk (in)
                                                         clk (net)
                      1.154477    0.000000    0.876637 ^ clkbuf_regs_0_clk/A (sky130_fd_sc_hd__clkbuf_16)
     1    0.008569    0.076270    0.603404    1.480040 ^ clkbuf_regs_0_clk/X (sky130_fd_sc_hd__clkbuf_16)
                                                         clk_regs (net)
                      0.076271    0.000282    1.480322 ^ clkbuf_0_clk_regs/A (sky130_fd_sc_hd__clkbuf_16)
     8    0.078792    0.146453    0.309474    1.789796 ^ clkbuf_0_clk_regs/X (sky130_fd_sc_hd__clkbuf_16)
                                                         clknet_0_clk_regs (net)
                      0.146521    0.003071    1.792867 ^ clkbuf_3_0_0_clk_regs/A (sky130_fd_sc_hd__clkbuf_8)
     2    0.018181    0.079205    0.279927    2.072793 ^ clkbuf_3_0_0_clk_regs/X (sky130_fd_sc_hd__clkbuf_8)
                                                         clknet_3_0_0_clk_regs (net)
                      0.079206    0.000378    2.073171 ^ clkbuf_4_1__f_clk_regs/A (sky130_fd_sc_hd__clkbuf_16)
     9    0.033687    0.085517    0.257229    2.330400 ^ clkbuf_4_1__f_clk_regs/X (sky130_fd_sc_hd__clkbuf_16)
                                                         clknet_4_1__leaf_clk_regs (net)
                      0.085522    0.000815    2.331216 ^ _1573_/CLK (sky130_fd_sc_hd__dfstp_4)
                                  0.100000    2.431216   clock uncertainty
                                  0.000000    2.431216   clock reconvergence pessimism
                                  0.308876    2.740091   library removal time
                                              2.740091   data required time
---------------------------------------------------------------------------------------------
                                              2.740091   data required time
                                             -3.181464   data arrival time
---------------------------------------------------------------------------------------------
                                              0.441373   slack (MET)


Startpoint: reset (input port clocked by clk)
Endpoint: _1564_ (removal check against rising-edge clock clk)
Path Group: asynchronous
Path Type: min

Fanout         Cap        Slew       Delay        Time   Description
---------------------------------------------------------------------------------------------
                                  0.000000    0.000000   clock clk (rise edge)
                                  0.000000    0.000000   clock network delay (propagated)
                                  2.000000    2.000000 v input external delay
     3    0.122426    0.525852    0.381563    2.381563 v reset (in)
                                                         reset (net)
                      0.541020    0.000000    2.381563 v _1826_/A (sky130_fd_sc_hd__buf_2)
     5    0.036259    0.175794    0.545332    2.926895 v _1826_/X (sky130_fd_sc_hd__buf_2)
                                                         _0629_ (net)
                      0.175837    0.002503    2.929398 v fanout71/A (sky130_fd_sc_hd__buf_2)
    10    0.058482    0.263284    0.447733    3.377131 v fanout71/X (sky130_fd_sc_hd__buf_2)
                                                         net71 (net)
                      0.263288    0.001240    3.378371 v _1434_/A (sky130_fd_sc_hd__inv_2)
     1    0.002052    0.067515    0.113822    3.492193 ^ _1434_/Y (sky130_fd_sc_hd__inv_2)
                                                         _0293_ (net)
                      0.067515    0.000054    3.492247 ^ _1985_/A (sky130_fd_sc_hd__buf_2)
     1    0.003614    0.051252    0.163910    3.656157 ^ _1985_/X (sky130_fd_sc_hd__buf_2)
                                                         _0879_ (net)
                      0.051252    0.000069    3.656226 ^ _1564_/RESET_B (sky130_fd_sc_hd__dfrtp_2)
                                              3.656226   data arrival time

                                  0.000000    0.000000   clock clk (rise edge)
                                  0.000000    0.000000   clock source latency
     2    0.157321    1.138872    0.876637    0.876637 ^ clk (in)
                                                         clk (net)
                      1.154477    0.000000    0.876637 ^ clkbuf_regs_0_clk/A (sky130_fd_sc_hd__clkbuf_16)
     1    0.008569    0.076270    0.603404    1.480040 ^ clkbuf_regs_0_clk/X (sky130_fd_sc_hd__clkbuf_16)
                                                         clk_regs (net)
                      0.076271    0.000282    1.480322 ^ clkbuf_0_clk_regs/A (sky130_fd_sc_hd__clkbuf_16)
     8    0.078792    0.146453    0.309474    1.789796 ^ clkbuf_0_clk_regs/X (sky130_fd_sc_hd__clkbuf_16)
                                                         clknet_0_clk_regs (net)
                      0.146521    0.003071    1.792867 ^ clkbuf_3_0_0_clk_regs/A (sky130_fd_sc_hd__clkbuf_8)
     2    0.018181    0.079205    0.279927    2.072793 ^ clkbuf_3_0_0_clk_regs/X (sky130_fd_sc_hd__clkbuf_8)
                                                         clknet_3_0_0_clk_regs (net)
                      0.079206    0.000378    2.073171 ^ clkbuf_4_1__f_clk_regs/A (sky130_fd_sc_hd__clkbuf_16)
     9    0.033687    0.085517    0.257229    2.330400 ^ clkbuf_4_1__f_clk_regs/X (sky130_fd_sc_hd__clkbuf_16)
                                                         clknet_4_1__leaf_clk_regs (net)
                      0.085533    0.001229    2.331629 ^ _1564_/CLK (sky130_fd_sc_hd__dfrtp_2)
                                  0.100000    2.431629   clock uncertainty
                                  0.000000    2.431629   clock reconvergence pessimism
                                  0.656355    3.087985   library removal time
                                              3.087985   data required time
---------------------------------------------------------------------------------------------
                                              3.087985   data required time
                                             -3.656226   data arrival time
---------------------------------------------------------------------------------------------
                                              0.568241   slack (MET)


Startpoint: reset (input port clocked by clk)
Endpoint: _1567_ (removal check against rising-edge clock clk)
Path Group: asynchronous
Path Type: min

Fanout         Cap        Slew       Delay        Time   Description
---------------------------------------------------------------------------------------------
                                  0.000000    0.000000   clock clk (rise edge)
                                  0.000000    0.000000   clock network delay (propagated)
                                  2.000000    2.000000 v input external delay
     3    0.122426    0.525852    0.381563    2.381563 v reset (in)
                                                         reset (net)
                      0.541020    0.000000    2.381563 v _1826_/A (sky130_fd_sc_hd__buf_2)
     5    0.036259    0.175794    0.545332    2.926895 v _1826_/X (sky130_fd_sc_hd__buf_2)
                                                         _0629_ (net)
                      0.175837    0.002503    2.929398 v fanout71/A (sky130_fd_sc_hd__buf_2)
    10    0.058482    0.263284    0.447733    3.377131 v fanout71/X (sky130_fd_sc_hd__buf_2)
                                                         net71 (net)
                      0.263310    0.002498    3.379629 v _1437_/A (sky130_fd_sc_hd__inv_2)
     1    0.001965    0.067023    0.112975    3.492604 ^ _1437_/Y (sky130_fd_sc_hd__inv_2)
                                                         _0296_ (net)
                      0.067023    0.000036    3.492640 ^ _1988_/A (sky130_fd_sc_hd__buf_2)
     1    0.003743    0.052112    0.164542    3.657182 ^ _1988_/X (sky130_fd_sc_hd__buf_2)
                                                         _0882_ (net)
                      0.052112    0.000074    3.657256 ^ _1567_/RESET_B (sky130_fd_sc_hd__dfrtp_2)
                                              3.657256   data arrival time

                                  0.000000    0.000000   clock clk (rise edge)
                                  0.000000    0.000000   clock source latency
     2    0.157321    1.138872    0.876637    0.876637 ^ clk (in)
                                                         clk (net)
                      1.154477    0.000000    0.876637 ^ clkbuf_regs_0_clk/A (sky130_fd_sc_hd__clkbuf_16)
     1    0.008569    0.076270    0.603404    1.480040 ^ clkbuf_regs_0_clk/X (sky130_fd_sc_hd__clkbuf_16)
                                                         clk_regs (net)
                      0.076271    0.000282    1.480322 ^ clkbuf_0_clk_regs/A (sky130_fd_sc_hd__clkbuf_16)
     8    0.078792    0.146453    0.309474    1.789796 ^ clkbuf_0_clk_regs/X (sky130_fd_sc_hd__clkbuf_16)
                                                         clknet_0_clk_regs (net)
                      0.146521    0.003071    1.792867 ^ clkbuf_3_0_0_clk_regs/A (sky130_fd_sc_hd__clkbuf_8)
     2    0.018181    0.079205    0.279927    2.072793 ^ clkbuf_3_0_0_clk_regs/X (sky130_fd_sc_hd__clkbuf_8)
                                                         clknet_3_0_0_clk_regs (net)
                      0.079206    0.000378    2.073171 ^ clkbuf_4_1__f_clk_regs/A (sky130_fd_sc_hd__clkbuf_16)
     9    0.033687    0.085517    0.257229    2.330400 ^ clkbuf_4_1__f_clk_regs/X (sky130_fd_sc_hd__clkbuf_16)
                                                         clknet_4_1__leaf_clk_regs (net)
                      0.085545    0.001520    2.331920 ^ _1567_/CLK (sky130_fd_sc_hd__dfrtp_2)
                                  0.100000    2.431921   clock uncertainty
                                  0.000000    2.431921   clock reconvergence pessimism
                                  0.656622    3.088543   library removal time
                                              3.088543   data required time
---------------------------------------------------------------------------------------------
                                              3.088543   data required time
                                             -3.657256   data arrival time
---------------------------------------------------------------------------------------------
                                              0.568713   slack (MET)


Startpoint: reset (input port clocked by clk)
Endpoint: _1566_ (removal check against rising-edge clock clk)
Path Group: asynchronous
Path Type: min

Fanout         Cap        Slew       Delay        Time   Description
---------------------------------------------------------------------------------------------
                                  0.000000    0.000000   clock clk (rise edge)
                                  0.000000    0.000000   clock network delay (propagated)
                                  2.000000    2.000000 v input external delay
     3    0.122426    0.525852    0.381563    2.381563 v reset (in)
                                                         reset (net)
                      0.541020    0.000000    2.381563 v _1826_/A (sky130_fd_sc_hd__buf_2)
     5    0.036259    0.175794    0.545332    2.926895 v _1826_/X (sky130_fd_sc_hd__buf_2)
                                                         _0629_ (net)
                      0.175837    0.002503    2.929398 v fanout71/A (sky130_fd_sc_hd__buf_2)
    10    0.058482    0.263284    0.447733    3.377131 v fanout71/X (sky130_fd_sc_hd__buf_2)
                                                         net71 (net)
                      0.263307    0.002369    3.379500 v _1436_/A (sky130_fd_sc_hd__inv_2)
     1    0.002222    0.068485    0.115500    3.495000 ^ _1436_/Y (sky130_fd_sc_hd__inv_2)
                                                         _0295_ (net)
                      0.068485    0.000060    3.495060 ^ _1987_/A (sky130_fd_sc_hd__buf_2)
     1    0.003808    0.052558    0.165634    3.660694 ^ _1987_/X (sky130_fd_sc_hd__buf_2)
                                                         _0881_ (net)
                      0.052558    0.000044    3.660738 ^ _1566_/RESET_B (sky130_fd_sc_hd__dfrtp_2)
                                              3.660738   data arrival time

                                  0.000000    0.000000   clock clk (rise edge)
                                  0.000000    0.000000   clock source latency
     2    0.157321    1.138872    0.876637    0.876637 ^ clk (in)
                                                         clk (net)
                      1.154477    0.000000    0.876637 ^ clkbuf_regs_0_clk/A (sky130_fd_sc_hd__clkbuf_16)
     1    0.008569    0.076270    0.603404    1.480040 ^ clkbuf_regs_0_clk/X (sky130_fd_sc_hd__clkbuf_16)
                                                         clk_regs (net)
                      0.076271    0.000282    1.480322 ^ clkbuf_0_clk_regs/A (sky130_fd_sc_hd__clkbuf_16)
     8    0.078792    0.146453    0.309474    1.789796 ^ clkbuf_0_clk_regs/X (sky130_fd_sc_hd__clkbuf_16)
                                                         clknet_0_clk_regs (net)
                      0.146521    0.003071    1.792867 ^ clkbuf_3_0_0_clk_regs/A (sky130_fd_sc_hd__clkbuf_8)
     2    0.018181    0.079205    0.279927    2.072793 ^ clkbuf_3_0_0_clk_regs/X (sky130_fd_sc_hd__clkbuf_8)
                                                         clknet_3_0_0_clk_regs (net)
                      0.079207    0.000499    2.073292 ^ clkbuf_4_0__f_clk_regs/A (sky130_fd_sc_hd__clkbuf_16)
     9    0.032494    0.083908    0.255548    2.328840 ^ clkbuf_4_0__f_clk_regs/X (sky130_fd_sc_hd__clkbuf_16)
                                                         clknet_4_0__leaf_clk_regs (net)
                      0.083920    0.001086    2.329926 ^ _1566_/CLK (sky130_fd_sc_hd__dfrtp_2)
                                  0.100000    2.429926   clock uncertainty
                                  0.000000    2.429926   clock reconvergence pessimism
                                  0.656269    3.086195   library removal time
                                              3.086195   data required time
---------------------------------------------------------------------------------------------
                                              3.086195   data required time
                                             -3.660738   data arrival time
---------------------------------------------------------------------------------------------
                                              0.574543   slack (MET)


Startpoint: reset (input port clocked by clk)
Endpoint: _1568_ (removal check against rising-edge clock clk)
Path Group: asynchronous
Path Type: min

Fanout         Cap        Slew       Delay        Time   Description
---------------------------------------------------------------------------------------------
                                  0.000000    0.000000   clock clk (rise edge)
                                  0.000000    0.000000   clock network delay (propagated)
                                  2.000000    2.000000 v input external delay
     3    0.122426    0.525852    0.381563    2.381563 v reset (in)
                                                         reset (net)
                      0.541020    0.000000    2.381563 v _1826_/A (sky130_fd_sc_hd__buf_2)
     5    0.036259    0.175794    0.545332    2.926895 v _1826_/X (sky130_fd_sc_hd__buf_2)
                                                         _0629_ (net)
                      0.175837    0.002503    2.929398 v fanout71/A (sky130_fd_sc_hd__buf_2)
    10    0.058482    0.263284    0.447733    3.377131 v fanout71/X (sky130_fd_sc_hd__buf_2)
                                                         net71 (net)
                      0.263326    0.003067    3.380198 v _1438_/A (sky130_fd_sc_hd__inv_2)
     1    0.001896    0.066634    0.112302    3.492500 ^ _1438_/Y (sky130_fd_sc_hd__inv_2)
                                                         _0297_ (net)
                      0.066634    0.000034    3.492534 ^ _1989_/A (sky130_fd_sc_hd__buf_2)
     1    0.003774    0.052318    0.164587    3.657121 ^ _1989_/X (sky130_fd_sc_hd__buf_2)
                                                         _0883_ (net)
                      0.052318    0.000044    3.657165 ^ _1568_/RESET_B (sky130_fd_sc_hd__dfrtp_2)
                                              3.657165   data arrival time

                                  0.000000    0.000000   clock clk (rise edge)
                                  0.000000    0.000000   clock source latency
     2    0.157321    1.138872    0.876637    0.876637 ^ clk (in)
                                                         clk (net)
                      1.154477    0.000000    0.876637 ^ clkbuf_regs_0_clk/A (sky130_fd_sc_hd__clkbuf_16)
     1    0.008569    0.076270    0.603404    1.480040 ^ clkbuf_regs_0_clk/X (sky130_fd_sc_hd__clkbuf_16)
                                                         clk_regs (net)
                      0.076271    0.000282    1.480322 ^ clkbuf_0_clk_regs/A (sky130_fd_sc_hd__clkbuf_16)
     8    0.078792    0.146453    0.309474    1.789796 ^ clkbuf_0_clk_regs/X (sky130_fd_sc_hd__clkbuf_16)
                                                         clknet_0_clk_regs (net)
                      0.146515    0.002947    1.792743 ^ clkbuf_3_2_0_clk_regs/A (sky130_fd_sc_hd__clkbuf_8)
     2    0.018941    0.080956    0.281668    2.074411 ^ clkbuf_3_2_0_clk_regs/X (sky130_fd_sc_hd__clkbuf_8)
                                                         clknet_3_2_0_clk_regs (net)
                      0.080958    0.000581    2.074992 ^ clkbuf_4_4__f_clk_regs/A (sky130_fd_sc_hd__clkbuf_16)
     9    0.028472    0.078326    0.250435    2.325426 ^ clkbuf_4_4__f_clk_regs/X (sky130_fd_sc_hd__clkbuf_16)
                                                         clknet_4_4__leaf_clk_regs (net)
                      0.078333    0.000796    2.326223 ^ _1568_/CLK (sky130_fd_sc_hd__dfrtp_2)
                                  0.100000    2.426223   clock uncertainty
                                  0.000000    2.426223   clock reconvergence pessimism
                                  0.654509    3.080732   library removal time
                                              3.080732   data required time
---------------------------------------------------------------------------------------------
                                              3.080732   data required time
                                             -3.657165   data arrival time
---------------------------------------------------------------------------------------------
                                              0.576433   slack (MET)


Startpoint: reset (input port clocked by clk)
Endpoint: _1571_ (removal check against rising-edge clock clk)
Path Group: asynchronous
Path Type: min

Fanout         Cap        Slew       Delay        Time   Description
---------------------------------------------------------------------------------------------
                                  0.000000    0.000000   clock clk (rise edge)
                                  0.000000    0.000000   clock network delay (propagated)
                                  2.000000    2.000000 v input external delay
     3    0.122426    0.525852    0.381563    2.381563 v reset (in)
                                                         reset (net)
                      0.541020    0.000000    2.381563 v _1826_/A (sky130_fd_sc_hd__buf_2)
     5    0.036259    0.175794    0.545332    2.926895 v _1826_/X (sky130_fd_sc_hd__buf_2)
                                                         _0629_ (net)
                      0.175837    0.002503    2.929398 v fanout71/A (sky130_fd_sc_hd__buf_2)
    10    0.058482    0.263284    0.447733    3.377131 v fanout71/X (sky130_fd_sc_hd__buf_2)
                                                         net71 (net)
                      0.263327    0.003106    3.380237 v _1441_/A (sky130_fd_sc_hd__inv_2)
     1    0.001980    0.067111    0.113118    3.493355 ^ _1441_/Y (sky130_fd_sc_hd__inv_2)
                                                         _0300_ (net)
                      0.067111    0.000054    3.493409 ^ _1992_/A (sky130_fd_sc_hd__buf_2)
     1    0.003577    0.051002    0.163481    3.656890 ^ _1992_/X (sky130_fd_sc_hd__buf_2)
                                                         _0886_ (net)
                      0.051002    0.000067    3.656957 ^ _1571_/RESET_B (sky130_fd_sc_hd__dfrtp_2)
                                              3.656957   data arrival time

                                  0.000000    0.000000   clock clk (rise edge)
                                  0.000000    0.000000   clock source latency
     2    0.157321    1.138872    0.876637    0.876637 ^ clk (in)
                                                         clk (net)
                      1.154477    0.000000    0.876637 ^ clkbuf_regs_0_clk/A (sky130_fd_sc_hd__clkbuf_16)
     1    0.008569    0.076270    0.603404    1.480040 ^ clkbuf_regs_0_clk/X (sky130_fd_sc_hd__clkbuf_16)
                                                         clk_regs (net)
                      0.076271    0.000282    1.480322 ^ clkbuf_0_clk_regs/A (sky130_fd_sc_hd__clkbuf_16)
     8    0.078792    0.146453    0.309474    1.789796 ^ clkbuf_0_clk_regs/X (sky130_fd_sc_hd__clkbuf_16)
                                                         clknet_0_clk_regs (net)
                      0.146515    0.002947    1.792743 ^ clkbuf_3_2_0_clk_regs/A (sky130_fd_sc_hd__clkbuf_8)
     2    0.018941    0.080956    0.281668    2.074411 ^ clkbuf_3_2_0_clk_regs/X (sky130_fd_sc_hd__clkbuf_8)
                                                         clknet_3_2_0_clk_regs (net)
                      0.080958    0.000581    2.074992 ^ clkbuf_4_4__f_clk_regs/A (sky130_fd_sc_hd__clkbuf_16)
     9    0.028472    0.078326    0.250435    2.325426 ^ clkbuf_4_4__f_clk_regs/X (sky130_fd_sc_hd__clkbuf_16)
                                                         clknet_4_4__leaf_clk_regs (net)
                      0.078332    0.000718    2.326144 ^ _1571_/CLK (sky130_fd_sc_hd__dfrtp_2)
                                  0.100000    2.426144   clock uncertainty
                                  0.000000    2.426144   clock reconvergence pessimism
                                  0.654105    3.080249   library removal time
                                              3.080249   data required time
---------------------------------------------------------------------------------------------
                                              3.080249   data required time
                                             -3.656957   data arrival time
---------------------------------------------------------------------------------------------
                                              0.576708   slack (MET)


Startpoint: reset (input port clocked by clk)
Endpoint: _1570_ (removal check against rising-edge clock clk)
Path Group: asynchronous
Path Type: min

Fanout         Cap        Slew       Delay        Time   Description
---------------------------------------------------------------------------------------------
                                  0.000000    0.000000   clock clk (rise edge)
                                  0.000000    0.000000   clock network delay (propagated)
                                  2.000000    2.000000 v input external delay
     3    0.122426    0.525852    0.381563    2.381563 v reset (in)
                                                         reset (net)
                      0.541020    0.000000    2.381563 v _1826_/A (sky130_fd_sc_hd__buf_2)
     5    0.036259    0.175794    0.545332    2.926895 v _1826_/X (sky130_fd_sc_hd__buf_2)
                                                         _0629_ (net)
                      0.175837    0.002503    2.929398 v fanout71/A (sky130_fd_sc_hd__buf_2)
    10    0.058482    0.263284    0.447733    3.377131 v fanout71/X (sky130_fd_sc_hd__buf_2)
                                                         net71 (net)
                      0.263321    0.002901    3.380032 v _1440_/A (sky130_fd_sc_hd__inv_2)
     1    0.001990    0.067165    0.113219    3.493251 ^ _1440_/Y (sky130_fd_sc_hd__inv_2)
                                                         _0299_ (net)
                      0.067165    0.000037    3.493288 ^ _1991_/A (sky130_fd_sc_hd__buf_2)
     1    0.003626    0.051330    0.163832    3.657120 ^ _1991_/X (sky130_fd_sc_hd__buf_2)
                                                         _0885_ (net)
                      0.051330    0.000069    3.657189 ^ _1570_/RESET_B (sky130_fd_sc_hd__dfrtp_2)
                                              3.657189   data arrival time

                                  0.000000    0.000000   clock clk (rise edge)
                                  0.000000    0.000000   clock source latency
     2    0.157321    1.138872    0.876637    0.876637 ^ clk (in)
                                                         clk (net)
                      1.154477    0.000000    0.876637 ^ clkbuf_regs_0_clk/A (sky130_fd_sc_hd__clkbuf_16)
     1    0.008569    0.076270    0.603404    1.480040 ^ clkbuf_regs_0_clk/X (sky130_fd_sc_hd__clkbuf_16)
                                                         clk_regs (net)
                      0.076271    0.000282    1.480322 ^ clkbuf_0_clk_regs/A (sky130_fd_sc_hd__clkbuf_16)
     8    0.078792    0.146453    0.309474    1.789796 ^ clkbuf_0_clk_regs/X (sky130_fd_sc_hd__clkbuf_16)
                                                         clknet_0_clk_regs (net)
                      0.146515    0.002947    1.792743 ^ clkbuf_3_2_0_clk_regs/A (sky130_fd_sc_hd__clkbuf_8)
     2    0.018941    0.080956    0.281668    2.074411 ^ clkbuf_3_2_0_clk_regs/X (sky130_fd_sc_hd__clkbuf_8)
                                                         clknet_3_2_0_clk_regs (net)
                      0.080958    0.000581    2.074992 ^ clkbuf_4_4__f_clk_regs/A (sky130_fd_sc_hd__clkbuf_16)
     9    0.028472    0.078326    0.250435    2.325426 ^ clkbuf_4_4__f_clk_regs/X (sky130_fd_sc_hd__clkbuf_16)
                                                         clknet_4_4__leaf_clk_regs (net)
                      0.078332    0.000743    2.326169 ^ _1570_/CLK (sky130_fd_sc_hd__dfrtp_2)
                                  0.100000    2.426169   clock uncertainty
                                  0.000000    2.426169   clock reconvergence pessimism
                                  0.654206    3.080375   library removal time
                                              3.080375   data required time
---------------------------------------------------------------------------------------------
                                              3.080375   data required time
                                             -3.657189   data arrival time
---------------------------------------------------------------------------------------------
                                              0.576814   slack (MET)


Startpoint: reset (input port clocked by clk)
Endpoint: _1563_ (removal check against rising-edge clock clk)
Path Group: asynchronous
Path Type: min

Fanout         Cap        Slew       Delay        Time   Description
---------------------------------------------------------------------------------------------
                                  0.000000    0.000000   clock clk (rise edge)
                                  0.000000    0.000000   clock network delay (propagated)
                                  2.000000    2.000000 v input external delay
     3    0.122426    0.525852    0.381563    2.381563 v reset (in)
                                                         reset (net)
                      0.541020    0.000000    2.381563 v _1826_/A (sky130_fd_sc_hd__buf_2)
     5    0.036259    0.175794    0.545332    2.926895 v _1826_/X (sky130_fd_sc_hd__buf_2)
                                                         _0629_ (net)
                      0.175837    0.002503    2.929398 v fanout71/A (sky130_fd_sc_hd__buf_2)
    10    0.058482    0.263284    0.447733    3.377131 v fanout71/X (sky130_fd_sc_hd__buf_2)
                                                         net71 (net)
                      0.263300    0.002068    3.379199 v _1433_/A (sky130_fd_sc_hd__inv_2)
     1    0.002478    0.069932    0.118016    3.497215 ^ _1433_/Y (sky130_fd_sc_hd__inv_2)
                                                         _0292_ (net)
                      0.069932    0.000069    3.497284 ^ _1984_/A (sky130_fd_sc_hd__buf_2)
     1    0.003745    0.052123    0.165844    3.663128 ^ _1984_/X (sky130_fd_sc_hd__buf_2)
                                                         _0878_ (net)
                      0.052123    0.000073    3.663201 ^ _1563_/RESET_B (sky130_fd_sc_hd__dfrtp_2)
                                              3.663201   data arrival time

                                  0.000000    0.000000   clock clk (rise edge)
                                  0.000000    0.000000   clock source latency
     2    0.157321    1.138872    0.876637    0.876637 ^ clk (in)
                                                         clk (net)
                      1.154477    0.000000    0.876637 ^ clkbuf_regs_0_clk/A (sky130_fd_sc_hd__clkbuf_16)
     1    0.008569    0.076270    0.603404    1.480040 ^ clkbuf_regs_0_clk/X (sky130_fd_sc_hd__clkbuf_16)
                                                         clk_regs (net)
                      0.076271    0.000282    1.480322 ^ clkbuf_0_clk_regs/A (sky130_fd_sc_hd__clkbuf_16)
     8    0.078792    0.146453    0.309474    1.789796 ^ clkbuf_0_clk_regs/X (sky130_fd_sc_hd__clkbuf_16)
                                                         clknet_0_clk_regs (net)
                      0.146521    0.003071    1.792867 ^ clkbuf_3_0_0_clk_regs/A (sky130_fd_sc_hd__clkbuf_8)
     2    0.018181    0.079205    0.279927    2.072793 ^ clkbuf_3_0_0_clk_regs/X (sky130_fd_sc_hd__clkbuf_8)
                                                         clknet_3_0_0_clk_regs (net)
                      0.079207    0.000499    2.073292 ^ clkbuf_4_0__f_clk_regs/A (sky130_fd_sc_hd__clkbuf_16)
     9    0.032494    0.083908    0.255548    2.328840 ^ clkbuf_4_0__f_clk_regs/X (sky130_fd_sc_hd__clkbuf_16)
                                                         clknet_4_0__leaf_clk_regs (net)
                      0.083916    0.000924    2.329764 ^ _1563_/CLK (sky130_fd_sc_hd__dfrtp_2)
                                  0.100000    2.429764   clock uncertainty
                                  0.000000    2.429764   clock reconvergence pessimism
                                  0.656134    3.085898   library removal time
                                              3.085898   data required time
---------------------------------------------------------------------------------------------
                                              3.085898   data required time
                                             -3.663201   data arrival time
---------------------------------------------------------------------------------------------
                                              0.577303   slack (MET)


Startpoint: reset (input port clocked by clk)
Endpoint: _1572_ (removal check against rising-edge clock clk)
Path Group: asynchronous
Path Type: min

Fanout         Cap        Slew       Delay        Time   Description
---------------------------------------------------------------------------------------------
                                  0.000000    0.000000   clock clk (rise edge)
                                  0.000000    0.000000   clock network delay (propagated)
                                  2.000000    2.000000 v input external delay
     3    0.122426    0.525852    0.381563    2.381563 v reset (in)
                                                         reset (net)
                      0.541020    0.000000    2.381563 v _1826_/A (sky130_fd_sc_hd__buf_2)
     5    0.036259    0.175794    0.545332    2.926895 v _1826_/X (sky130_fd_sc_hd__buf_2)
                                                         _0629_ (net)
                      0.175837    0.002503    2.929398 v fanout71/A (sky130_fd_sc_hd__buf_2)
    10    0.058482    0.263284    0.447733    3.377131 v fanout71/X (sky130_fd_sc_hd__buf_2)
                                                         net71 (net)
                      0.263309    0.002459    3.379591 v _1442_/A (sky130_fd_sc_hd__inv_2)
     1    0.002164    0.068152    0.114924    3.494515 ^ _1442_/Y (sky130_fd_sc_hd__inv_2)
                                                         _0301_ (net)
                      0.068152    0.000059    3.494574 ^ _1993_/A (sky130_fd_sc_hd__buf_2)
     1    0.003457    0.050207    0.163147    3.657721 ^ _1993_/X (sky130_fd_sc_hd__buf_2)
                                                         _0887_ (net)
                      0.050207    0.000064    3.657785 ^ _1572_/RESET_B (sky130_fd_sc_hd__dfrtp_2)
                                              3.657785   data arrival time

                                  0.000000    0.000000   clock clk (rise edge)
                                  0.000000    0.000000   clock source latency
     2    0.157321    1.138872    0.876637    0.876637 ^ clk (in)
                                                         clk (net)
                      1.154477    0.000000    0.876637 ^ clkbuf_regs_0_clk/A (sky130_fd_sc_hd__clkbuf_16)
     1    0.008569    0.076270    0.603404    1.480040 ^ clkbuf_regs_0_clk/X (sky130_fd_sc_hd__clkbuf_16)
                                                         clk_regs (net)
                      0.076271    0.000282    1.480322 ^ clkbuf_0_clk_regs/A (sky130_fd_sc_hd__clkbuf_16)
     8    0.078792    0.146453    0.309474    1.789796 ^ clkbuf_0_clk_regs/X (sky130_fd_sc_hd__clkbuf_16)
                                                         clknet_0_clk_regs (net)
                      0.146515    0.002947    1.792743 ^ clkbuf_3_2_0_clk_regs/A (sky130_fd_sc_hd__clkbuf_8)
     2    0.018941    0.080956    0.281668    2.074411 ^ clkbuf_3_2_0_clk_regs/X (sky130_fd_sc_hd__clkbuf_8)
                                                         clknet_3_2_0_clk_regs (net)
                      0.080958    0.000581    2.074992 ^ clkbuf_4_4__f_clk_regs/A (sky130_fd_sc_hd__clkbuf_16)
     9    0.028472    0.078326    0.250435    2.325426 ^ clkbuf_4_4__f_clk_regs/X (sky130_fd_sc_hd__clkbuf_16)
                                                         clknet_4_4__leaf_clk_regs (net)
                      0.078329    0.000555    2.325982 ^ _1572_/CLK (sky130_fd_sc_hd__dfrtp_2)
                                  0.100000    2.425982   clock uncertainty
                                  0.000000    2.425982   clock reconvergence pessimism
                                  0.653860    3.079842   library removal time
                                              3.079842   data required time
---------------------------------------------------------------------------------------------
                                              3.079842   data required time
                                             -3.657785   data arrival time
---------------------------------------------------------------------------------------------
                                              0.577943   slack (MET)


Startpoint: reset (input port clocked by clk)
Endpoint: _1565_ (removal check against rising-edge clock clk)
Path Group: asynchronous
Path Type: min

Fanout         Cap        Slew       Delay        Time   Description
---------------------------------------------------------------------------------------------
                                  0.000000    0.000000   clock clk (rise edge)
                                  0.000000    0.000000   clock network delay (propagated)
                                  2.000000    2.000000 v input external delay
     3    0.122426    0.525852    0.381563    2.381563 v reset (in)
                                                         reset (net)
                      0.541020    0.000000    2.381563 v _1826_/A (sky130_fd_sc_hd__buf_2)
     5    0.036259    0.175794    0.545332    2.926895 v _1826_/X (sky130_fd_sc_hd__buf_2)
                                                         _0629_ (net)
                      0.175837    0.002503    2.929398 v fanout71/A (sky130_fd_sc_hd__buf_2)
    10    0.058482    0.263284    0.447733    3.377131 v fanout71/X (sky130_fd_sc_hd__buf_2)
                                                         net71 (net)
                      0.263304    0.002239    3.379370 v _1435_/A (sky130_fd_sc_hd__inv_2)
     1    0.002621    0.070742    0.119423    3.498793 ^ _1435_/Y (sky130_fd_sc_hd__inv_2)
                                                         _0294_ (net)
                      0.070742    0.000075    3.498868 ^ _1986_/A (sky130_fd_sc_hd__buf_2)
     1    0.003522    0.050631    0.164725    3.663593 ^ _1986_/X (sky130_fd_sc_hd__buf_2)
                                                         _0880_ (net)
                      0.050631    0.000066    3.663659 ^ _1565_/RESET_B (sky130_fd_sc_hd__dfrtp_2)
                                              3.663659   data arrival time

                                  0.000000    0.000000   clock clk (rise edge)
                                  0.000000    0.000000   clock source latency
     2    0.157321    1.138872    0.876637    0.876637 ^ clk (in)
                                                         clk (net)
                      1.154477    0.000000    0.876637 ^ clkbuf_regs_0_clk/A (sky130_fd_sc_hd__clkbuf_16)
     1    0.008569    0.076270    0.603404    1.480040 ^ clkbuf_regs_0_clk/X (sky130_fd_sc_hd__clkbuf_16)
                                                         clk_regs (net)
                      0.076271    0.000282    1.480322 ^ clkbuf_0_clk_regs/A (sky130_fd_sc_hd__clkbuf_16)
     8    0.078792    0.146453    0.309474    1.789796 ^ clkbuf_0_clk_regs/X (sky130_fd_sc_hd__clkbuf_16)
                                                         clknet_0_clk_regs (net)
                      0.146521    0.003071    1.792867 ^ clkbuf_3_0_0_clk_regs/A (sky130_fd_sc_hd__clkbuf_8)
     2    0.018181    0.079205    0.279927    2.072793 ^ clkbuf_3_0_0_clk_regs/X (sky130_fd_sc_hd__clkbuf_8)
                                                         clknet_3_0_0_clk_regs (net)
                      0.079207    0.000499    2.073292 ^ clkbuf_4_0__f_clk_regs/A (sky130_fd_sc_hd__clkbuf_16)
     9    0.032494    0.083908    0.255548    2.328840 ^ clkbuf_4_0__f_clk_regs/X (sky130_fd_sc_hd__clkbuf_16)
                                                         clknet_4_0__leaf_clk_regs (net)
                      0.083918    0.000999    2.329839 ^ _1565_/CLK (sky130_fd_sc_hd__dfrtp_2)
                                  0.100000    2.429839   clock uncertainty
                                  0.000000    2.429839   clock reconvergence pessimism
                                  0.655677    3.085517   library removal time
                                              3.085517   data required time
---------------------------------------------------------------------------------------------
                                              3.085517   data required time
                                             -3.663659   data arrival time
---------------------------------------------------------------------------------------------
                                              0.578142   slack (MET)


Startpoint: reset (input port clocked by clk)
Endpoint: _1569_ (removal check against rising-edge clock clk)
Path Group: asynchronous
Path Type: min

Fanout         Cap        Slew       Delay        Time   Description
---------------------------------------------------------------------------------------------
                                  0.000000    0.000000   clock clk (rise edge)
                                  0.000000    0.000000   clock network delay (propagated)
                                  2.000000    2.000000 v input external delay
     3    0.122426    0.525852    0.381563    2.381563 v reset (in)
                                                         reset (net)
                      0.541020    0.000000    2.381563 v _1826_/A (sky130_fd_sc_hd__buf_2)
     5    0.036259    0.175794    0.545332    2.926895 v _1826_/X (sky130_fd_sc_hd__buf_2)
                                                         _0629_ (net)
                      0.175837    0.002503    2.929398 v fanout71/A (sky130_fd_sc_hd__buf_2)
    10    0.058482    0.263284    0.447733    3.377131 v fanout71/X (sky130_fd_sc_hd__buf_2)
                                                         net71 (net)
                      0.263324    0.003008    3.380139 v _1439_/A (sky130_fd_sc_hd__inv_2)
     1    0.002277    0.068797    0.116050    3.496189 ^ _1439_/Y (sky130_fd_sc_hd__inv_2)
                                                         _0298_ (net)
                      0.068797    0.000044    3.496233 ^ _1990_/A (sky130_fd_sc_hd__buf_2)
     1    0.004044    0.054168    0.167322    3.663554 ^ _1990_/X (sky130_fd_sc_hd__buf_2)
                                                         _0884_ (net)
                      0.054168    0.000081    3.663635 ^ _1569_/RESET_B (sky130_fd_sc_hd__dfrtp_2)
                                              3.663635   data arrival time

                                  0.000000    0.000000   clock clk (rise edge)
                                  0.000000    0.000000   clock source latency
     2    0.157321    1.138872    0.876637    0.876637 ^ clk (in)
                                                         clk (net)
                      1.154477    0.000000    0.876637 ^ clkbuf_regs_0_clk/A (sky130_fd_sc_hd__clkbuf_16)
     1    0.008569    0.076270    0.603404    1.480040 ^ clkbuf_regs_0_clk/X (sky130_fd_sc_hd__clkbuf_16)
                                                         clk_regs (net)
                      0.076271    0.000282    1.480322 ^ clkbuf_0_clk_regs/A (sky130_fd_sc_hd__clkbuf_16)
     8    0.078792    0.146453    0.309474    1.789796 ^ clkbuf_0_clk_regs/X (sky130_fd_sc_hd__clkbuf_16)
                                                         clknet_0_clk_regs (net)
                      0.146515    0.002947    1.792743 ^ clkbuf_3_2_0_clk_regs/A (sky130_fd_sc_hd__clkbuf_8)
     2    0.018941    0.080956    0.281668    2.074411 ^ clkbuf_3_2_0_clk_regs/X (sky130_fd_sc_hd__clkbuf_8)
                                                         clknet_3_2_0_clk_regs (net)
                      0.080958    0.000581    2.074992 ^ clkbuf_4_4__f_clk_regs/A (sky130_fd_sc_hd__clkbuf_16)
     9    0.028472    0.078326    0.250435    2.325426 ^ clkbuf_4_4__f_clk_regs/X (sky130_fd_sc_hd__clkbuf_16)
                                                         clknet_4_4__leaf_clk_regs (net)
                      0.078333    0.000770    2.326197 ^ _1569_/CLK (sky130_fd_sc_hd__dfrtp_2)
                                  0.100000    2.426197   clock uncertainty
                                  0.000000    2.426197   clock reconvergence pessimism
                                  0.655076    3.081272   library removal time
                                              3.081272   data required time
---------------------------------------------------------------------------------------------
                                              3.081272   data required time
                                             -3.663635   data arrival time
---------------------------------------------------------------------------------------------
                                              0.582363   slack (MET)


Startpoint: _1511_ (rising edge-triggered flip-flop clocked by clk)
Endpoint: _1511_ (rising edge-triggered flip-flop clocked by clk)
Path Group: clk
Path Type: min

Fanout         Cap        Slew       Delay        Time   Description
---------------------------------------------------------------------------------------------
                                  0.000000    0.000000   clock clk (rise edge)
                                  0.000000    0.000000   clock source latency
     2    0.157321    1.138872    0.793148    0.793148 ^ clk (in)
                                                         clk (net)
                      1.154477    0.000000    0.793148 ^ clkbuf_regs_0_clk/A (sky130_fd_sc_hd__clkbuf_16)
     1    0.008569    0.076270    0.545937    1.339084 ^ clkbuf_regs_0_clk/X (sky130_fd_sc_hd__clkbuf_16)
                                                         clk_regs (net)
                      0.076271    0.000255    1.339339 ^ clkbuf_0_clk_regs/A (sky130_fd_sc_hd__clkbuf_16)
     8    0.078792    0.146453    0.280000    1.619339 ^ clkbuf_0_clk_regs/X (sky130_fd_sc_hd__clkbuf_16)
                                                         clknet_0_clk_regs (net)
                      0.146467    0.001514    1.620854 ^ clkbuf_3_1_0_clk_regs/A (sky130_fd_sc_hd__clkbuf_8)
     2    0.019673    0.082648    0.256397    1.877250 ^ clkbuf_3_1_0_clk_regs/X (sky130_fd_sc_hd__clkbuf_8)
                                                         clknet_3_1_0_clk_regs (net)
                      0.082650    0.000546    1.877796 ^ clkbuf_4_2__f_clk_regs/A (sky130_fd_sc_hd__clkbuf_16)
     8    0.024392    0.072924    0.221671    2.099467 ^ clkbuf_4_2__f_clk_regs/X (sky130_fd_sc_hd__clkbuf_16)
                                                         clknet_4_2__leaf_clk_regs (net)
                      0.072962    0.000669    2.100136 ^ _1511_/CLK (sky130_fd_sc_hd__dfxtp_2)
     1    0.002147    0.048736    0.598413    2.698548 ^ _1511_/Q (sky130_fd_sc_hd__dfxtp_2)
                                                         u_top.instruction_mmu.u_tlb.valid[3] (net)
                      0.048736    0.000059    2.698607 ^ _1728_/A (sky130_fd_sc_hd__buf_2)
     2    0.003916    0.053325    0.157614    2.856221 ^ _1728_/X (sky130_fd_sc_hd__buf_2)
                                                         _0703_ (net)
                      0.053325    0.000051    2.856272 ^ _1332_/A (sky130_fd_sc_hd__and2_2)
     1    0.002288    0.063634    0.224486    3.080758 ^ _1332_/X (sky130_fd_sc_hd__and2_2)
                                                         _0370_ (net)
                      0.063634    0.000063    3.080821 ^ _1932_/A (sky130_fd_sc_hd__buf_2)
     1    0.002125    0.041663    0.152297    3.233117 ^ _1932_/X (sky130_fd_sc_hd__buf_2)
                                                         _1019_ (net)
                      0.041663    0.000058    3.233175 ^ _1511_/D (sky130_fd_sc_hd__dfxtp_2)
                                              3.233175   data arrival time

                                  0.000000    0.000000   clock clk (rise edge)
                                  0.000000    0.000000   clock source latency
     2    0.157321    1.138872    0.876637    0.876637 ^ clk (in)
                                                         clk (net)
                      1.154477    0.000000    0.876637 ^ clkbuf_regs_0_clk/A (sky130_fd_sc_hd__clkbuf_16)
     1    0.008569    0.076270    0.603404    1.480040 ^ clkbuf_regs_0_clk/X (sky130_fd_sc_hd__clkbuf_16)
                                                         clk_regs (net)
                      0.076271    0.000282    1.480322 ^ clkbuf_0_clk_regs/A (sky130_fd_sc_hd__clkbuf_16)
     8    0.078792    0.146453    0.309474    1.789796 ^ clkbuf_0_clk_regs/X (sky130_fd_sc_hd__clkbuf_16)
                                                         clknet_0_clk_regs (net)
                      0.146467    0.001674    1.791470 ^ clkbuf_3_1_0_clk_regs/A (sky130_fd_sc_hd__clkbuf_8)
     2    0.019673    0.082648    0.283386    2.074856 ^ clkbuf_3_1_0_clk_regs/X (sky130_fd_sc_hd__clkbuf_8)
                                                         clknet_3_1_0_clk_regs (net)
                      0.082650    0.000603    2.075459 ^ clkbuf_4_2__f_clk_regs/A (sky130_fd_sc_hd__clkbuf_16)
     8    0.024392    0.072924    0.245005    2.320463 ^ clkbuf_4_2__f_clk_regs/X (sky130_fd_sc_hd__clkbuf_16)
                                                         clknet_4_2__leaf_clk_regs (net)
                      0.072962    0.000739    2.321203 ^ _1511_/CLK (sky130_fd_sc_hd__dfxtp_2)
                                  0.100000    2.421202   clock uncertainty
                                 -0.221067    2.200135   clock reconvergence pessimism
                                 -0.064911    2.135225   library hold time
                                              2.135225   data required time
---------------------------------------------------------------------------------------------
                                              2.135225   data required time
                                             -3.233175   data arrival time
---------------------------------------------------------------------------------------------
                                              1.097950   slack (MET)


Startpoint: _1514_ (rising edge-triggered flip-flop clocked by clk)
Endpoint: _1514_ (rising edge-triggered flip-flop clocked by clk)
Path Group: clk
Path Type: min

Fanout         Cap        Slew       Delay        Time   Description
---------------------------------------------------------------------------------------------
                                  0.000000    0.000000   clock clk (rise edge)
                                  0.000000    0.000000   clock source latency
     2    0.157321    1.138872    0.793148    0.793148 ^ clk (in)
                                                         clk (net)
                      1.154477    0.000000    0.793148 ^ clkbuf_regs_0_clk/A (sky130_fd_sc_hd__clkbuf_16)
     1    0.008569    0.076270    0.545937    1.339084 ^ clkbuf_regs_0_clk/X (sky130_fd_sc_hd__clkbuf_16)
                                                         clk_regs (net)
                      0.076271    0.000255    1.339339 ^ clkbuf_0_clk_regs/A (sky130_fd_sc_hd__clkbuf_16)
     8    0.078792    0.146453    0.280000    1.619339 ^ clkbuf_0_clk_regs/X (sky130_fd_sc_hd__clkbuf_16)
                                                         clknet_0_clk_regs (net)
                      0.146489    0.002153    1.621492 ^ clkbuf_3_4_0_clk_regs/A (sky130_fd_sc_hd__clkbuf_8)
     2    0.018992    0.081069    0.254959    1.876451 ^ clkbuf_3_4_0_clk_regs/X (sky130_fd_sc_hd__clkbuf_8)
                                                         clknet_3_4_0_clk_regs (net)
                      0.081071    0.000493    1.876944 ^ clkbuf_4_8__f_clk_regs/A (sky130_fd_sc_hd__clkbuf_16)
     9    0.027849    0.077510    0.225685    2.102629 ^ clkbuf_4_8__f_clk_regs/X (sky130_fd_sc_hd__clkbuf_16)
                                                         clknet_4_8__leaf_clk_regs (net)
                      0.077515    0.000624    2.103252 ^ _1514_/CLK (sky130_fd_sc_hd__dfxtp_2)
     1    0.002212    0.049131    0.600862    2.704114 ^ _1514_/Q (sky130_fd_sc_hd__dfxtp_2)
                                                         u_top.instruction_mmu.u_tlb.vpn[3][2] (net)
                      0.049131    0.000060    2.704175 ^ _1740_/A (sky130_fd_sc_hd__buf_2)
     2    0.004221    0.055422    0.159830    2.864005 ^ _1740_/X (sky130_fd_sc_hd__buf_2)
                                                         _0776_ (net)
                      0.055422    0.000056    2.864060 ^ _1335_/A (sky130_fd_sc_hd__and2_2)
     1    0.001931    0.061204    0.222350    3.086410 ^ _1335_/X (sky130_fd_sc_hd__and2_2)
                                                         _0373_ (net)
                      0.061204    0.000035    3.086446 ^ _1935_/A (sky130_fd_sc_hd__buf_2)
     1    0.002115    0.041612    0.151146    3.237592 ^ _1935_/X (sky130_fd_sc_hd__buf_2)
                                                         _1022_ (net)
                      0.041612    0.000056    3.237647 ^ _1514_/D (sky130_fd_sc_hd__dfxtp_2)
                                              3.237647   data arrival time

                                  0.000000    0.000000   clock clk (rise edge)
                                  0.000000    0.000000   clock source latency
     2    0.157321    1.138872    0.876637    0.876637 ^ clk (in)
                                                         clk (net)
                      1.154477    0.000000    0.876637 ^ clkbuf_regs_0_clk/A (sky130_fd_sc_hd__clkbuf_16)
     1    0.008569    0.076270    0.603404    1.480040 ^ clkbuf_regs_0_clk/X (sky130_fd_sc_hd__clkbuf_16)
                                                         clk_regs (net)
                      0.076271    0.000282    1.480322 ^ clkbuf_0_clk_regs/A (sky130_fd_sc_hd__clkbuf_16)
     8    0.078792    0.146453    0.309474    1.789796 ^ clkbuf_0_clk_regs/X (sky130_fd_sc_hd__clkbuf_16)
                                                         clknet_0_clk_regs (net)
                      0.146489    0.002380    1.792176 ^ clkbuf_3_4_0_clk_regs/A (sky130_fd_sc_hd__clkbuf_8)
     2    0.018992    0.081069    0.281797    2.073972 ^ clkbuf_3_4_0_clk_regs/X (sky130_fd_sc_hd__clkbuf_8)
                                                         clknet_3_4_0_clk_regs (net)
                      0.081071    0.000545    2.074517 ^ clkbuf_4_8__f_clk_regs/A (sky130_fd_sc_hd__clkbuf_16)
     9    0.027849    0.077510    0.249441    2.323958 ^ clkbuf_4_8__f_clk_regs/X (sky130_fd_sc_hd__clkbuf_16)
                                                         clknet_4_8__leaf_clk_regs (net)
                      0.077515    0.000689    2.324647 ^ _1514_/CLK (sky130_fd_sc_hd__dfxtp_2)
                                  0.100000    2.424647   clock uncertainty
                                 -0.221395    2.203253   clock reconvergence pessimism
                                 -0.064176    2.139077   library hold time
                                              2.139077   data required time
---------------------------------------------------------------------------------------------
                                              2.139077   data required time
                                             -3.237647   data arrival time
---------------------------------------------------------------------------------------------
                                              1.098571   slack (MET)


Startpoint: _1492_ (rising edge-triggered flip-flop clocked by clk)
Endpoint: _1492_ (rising edge-triggered flip-flop clocked by clk)
Path Group: clk
Path Type: min

Fanout         Cap        Slew       Delay        Time   Description
---------------------------------------------------------------------------------------------
                                  0.000000    0.000000   clock clk (rise edge)
                                  0.000000    0.000000   clock source latency
     2    0.157321    1.138872    0.793148    0.793148 ^ clk (in)
                                                         clk (net)
                      1.154477    0.000000    0.793148 ^ clkbuf_regs_0_clk/A (sky130_fd_sc_hd__clkbuf_16)
     1    0.008569    0.076270    0.545937    1.339084 ^ clkbuf_regs_0_clk/X (sky130_fd_sc_hd__clkbuf_16)
                                                         clk_regs (net)
                      0.076271    0.000255    1.339339 ^ clkbuf_0_clk_regs/A (sky130_fd_sc_hd__clkbuf_16)
     8    0.078792    0.146453    0.280000    1.619339 ^ clkbuf_0_clk_regs/X (sky130_fd_sc_hd__clkbuf_16)
                                                         clknet_0_clk_regs (net)
                      0.146472    0.001696    1.621035 ^ clkbuf_3_3_0_clk_regs/A (sky130_fd_sc_hd__clkbuf_8)
     2    0.019077    0.081268    0.255110    1.876146 ^ clkbuf_3_3_0_clk_regs/X (sky130_fd_sc_hd__clkbuf_8)
                                                         clknet_3_3_0_clk_regs (net)
                      0.081271    0.000591    1.876736 ^ clkbuf_4_7__f_clk_regs/A (sky130_fd_sc_hd__clkbuf_16)
     8    0.025070    0.073827    0.222174    2.098910 ^ clkbuf_4_7__f_clk_regs/X (sky130_fd_sc_hd__clkbuf_16)
                                                         clknet_4_7__leaf_clk_regs (net)
                      0.073828    0.000393    2.099303 ^ _1492_/CLK (sky130_fd_sc_hd__dfxtp_2)
     1    0.001949    0.047484    0.597339    2.696642 ^ _1492_/Q (sky130_fd_sc_hd__dfxtp_2)
                                                         u_top.instruction_mmu.u_tlb.vpn[2][5] (net)
                      0.047484    0.000036    2.696678 ^ _1752_/A (sky130_fd_sc_hd__buf_2)
     2    0.004593    0.057992    0.161573    2.858250 ^ _1752_/X (sky130_fd_sc_hd__buf_2)
                                                         _0759_ (net)
                      0.057992    0.000105    2.858356 ^ _1313_/A (sky130_fd_sc_hd__and2_2)
     1    0.002074    0.062203    0.224575    3.082931 ^ _1313_/X (sky130_fd_sc_hd__and2_2)
                                                         _0351_ (net)
                      0.062203    0.000039    3.082970 ^ _1913_/A (sky130_fd_sc_hd__buf_2)
     1    0.002141    0.041776    0.151768    3.234738 ^ _1913_/X (sky130_fd_sc_hd__buf_2)
                                                         _0986_ (net)
                      0.041776    0.000057    3.234795 ^ _1492_/D (sky130_fd_sc_hd__dfxtp_2)
                                              3.234795   data arrival time

                                  0.000000    0.000000   clock clk (rise edge)
                                  0.000000    0.000000   clock source latency
     2    0.157321    1.138872    0.876637    0.876637 ^ clk (in)
                                                         clk (net)
                      1.154477    0.000000    0.876637 ^ clkbuf_regs_0_clk/A (sky130_fd_sc_hd__clkbuf_16)
     1    0.008569    0.076270    0.603404    1.480040 ^ clkbuf_regs_0_clk/X (sky130_fd_sc_hd__clkbuf_16)
                                                         clk_regs (net)
                      0.076271    0.000282    1.480322 ^ clkbuf_0_clk_regs/A (sky130_fd_sc_hd__clkbuf_16)
     8    0.078792    0.146453    0.309474    1.789796 ^ clkbuf_0_clk_regs/X (sky130_fd_sc_hd__clkbuf_16)
                                                         clknet_0_clk_regs (net)
                      0.146472    0.001875    1.791671 ^ clkbuf_3_3_0_clk_regs/A (sky130_fd_sc_hd__clkbuf_8)
     2    0.019077    0.081268    0.281964    2.073635 ^ clkbuf_3_3_0_clk_regs/X (sky130_fd_sc_hd__clkbuf_8)
                                                         clknet_3_3_0_clk_regs (net)
                      0.081271    0.000653    2.074287 ^ clkbuf_4_7__f_clk_regs/A (sky130_fd_sc_hd__clkbuf_16)
     8    0.025070    0.073827    0.245560    2.319848 ^ clkbuf_4_7__f_clk_regs/X (sky130_fd_sc_hd__clkbuf_16)
                                                         clknet_4_7__leaf_clk_regs (net)
                      0.073828    0.000435    2.320282 ^ _1492_/CLK (sky130_fd_sc_hd__dfxtp_2)
                                  0.100000    2.420282   clock uncertainty
                                 -0.220979    2.199303   clock reconvergence pessimism
                                 -0.064799    2.134504   library hold time
                                              2.134504   data required time
---------------------------------------------------------------------------------------------
                                              2.134504   data required time
                                             -3.234795   data arrival time
---------------------------------------------------------------------------------------------
                                              1.100291   slack (MET)


Startpoint: _1513_ (rising edge-triggered flip-flop clocked by clk)
Endpoint: _1513_ (rising edge-triggered flip-flop clocked by clk)
Path Group: clk
Path Type: min

Fanout         Cap        Slew       Delay        Time   Description
---------------------------------------------------------------------------------------------
                                  0.000000    0.000000   clock clk (rise edge)
                                  0.000000    0.000000   clock source latency
     2    0.157321    1.138872    0.793148    0.793148 ^ clk (in)
                                                         clk (net)
                      1.154477    0.000000    0.793148 ^ clkbuf_regs_0_clk/A (sky130_fd_sc_hd__clkbuf_16)
     1    0.008569    0.076270    0.545937    1.339084 ^ clkbuf_regs_0_clk/X (sky130_fd_sc_hd__clkbuf_16)
                                                         clk_regs (net)
                      0.076271    0.000255    1.339339 ^ clkbuf_0_clk_regs/A (sky130_fd_sc_hd__clkbuf_16)
     8    0.078792    0.146453    0.280000    1.619339 ^ clkbuf_0_clk_regs/X (sky130_fd_sc_hd__clkbuf_16)
                                                         clknet_0_clk_regs (net)
                      0.146467    0.001514    1.620854 ^ clkbuf_3_1_0_clk_regs/A (sky130_fd_sc_hd__clkbuf_8)
     2    0.019673    0.082648    0.256397    1.877250 ^ clkbuf_3_1_0_clk_regs/X (sky130_fd_sc_hd__clkbuf_8)
                                                         clknet_3_1_0_clk_regs (net)
                      0.082650    0.000546    1.877796 ^ clkbuf_4_2__f_clk_regs/A (sky130_fd_sc_hd__clkbuf_16)
     8    0.024392    0.072924    0.221671    2.099467 ^ clkbuf_4_2__f_clk_regs/X (sky130_fd_sc_hd__clkbuf_16)
                                                         clknet_4_2__leaf_clk_regs (net)
                      0.072970    0.000851    2.100317 ^ _1513_/CLK (sky130_fd_sc_hd__dfxtp_2)
     1    0.001940    0.047429    0.596895    2.697212 ^ _1513_/Q (sky130_fd_sc_hd__dfxtp_2)
                                                         u_top.instruction_mmu.u_tlb.vpn[3][1] (net)
                      0.047429    0.000051    2.697263 ^ _1736_/A (sky130_fd_sc_hd__buf_2)
     2    0.004938    0.060300    0.163860    2.861124 ^ _1736_/X (sky130_fd_sc_hd__buf_2)
                                                         _0775_ (net)
                      0.060300    0.000099    2.861223 ^ _1334_/A (sky130_fd_sc_hd__and2_2)
     1    0.002222    0.063233    0.226742    3.087964 ^ _1334_/X (sky130_fd_sc_hd__and2_2)
                                                         _0372_ (net)
                      0.063233    0.000060    3.088024 ^ _1934_/A (sky130_fd_sc_hd__buf_2)
     1    0.001888    0.040153    0.150550    3.238574 ^ _1934_/X (sky130_fd_sc_hd__buf_2)
                                                         _1021_ (net)
                      0.040153    0.000049    3.238623 ^ _1513_/D (sky130_fd_sc_hd__dfxtp_2)
                                              3.238623   data arrival time

                                  0.000000    0.000000   clock clk (rise edge)
                                  0.000000    0.000000   clock source latency
     2    0.157321    1.138872    0.876637    0.876637 ^ clk (in)
                                                         clk (net)
                      1.154477    0.000000    0.876637 ^ clkbuf_regs_0_clk/A (sky130_fd_sc_hd__clkbuf_16)
     1    0.008569    0.076270    0.603404    1.480040 ^ clkbuf_regs_0_clk/X (sky130_fd_sc_hd__clkbuf_16)
                                                         clk_regs (net)
                      0.076271    0.000282    1.480322 ^ clkbuf_0_clk_regs/A (sky130_fd_sc_hd__clkbuf_16)
     8    0.078792    0.146453    0.309474    1.789796 ^ clkbuf_0_clk_regs/X (sky130_fd_sc_hd__clkbuf_16)
                                                         clknet_0_clk_regs (net)
                      0.146467    0.001674    1.791470 ^ clkbuf_3_1_0_clk_regs/A (sky130_fd_sc_hd__clkbuf_8)
     2    0.019673    0.082648    0.283386    2.074856 ^ clkbuf_3_1_0_clk_regs/X (sky130_fd_sc_hd__clkbuf_8)
                                                         clknet_3_1_0_clk_regs (net)
                      0.082650    0.000603    2.075459 ^ clkbuf_4_2__f_clk_regs/A (sky130_fd_sc_hd__clkbuf_16)
     8    0.024392    0.072924    0.245005    2.320463 ^ clkbuf_4_2__f_clk_regs/X (sky130_fd_sc_hd__clkbuf_16)
                                                         clknet_4_2__leaf_clk_regs (net)
                      0.072970    0.000940    2.321404 ^ _1513_/CLK (sky130_fd_sc_hd__dfxtp_2)
                                  0.100000    2.421404   clock uncertainty
                                 -0.221086    2.200318   clock reconvergence pessimism
                                 -0.064560    2.135757   library hold time
                                              2.135757   data required time
---------------------------------------------------------------------------------------------
                                              2.135757   data required time
                                             -3.238623   data arrival time
---------------------------------------------------------------------------------------------
                                              1.102866   slack (MET)


Startpoint: _1478_ (rising edge-triggered flip-flop clocked by clk)
Endpoint: _1478_ (rising edge-triggered flip-flop clocked by clk)
Path Group: clk
Path Type: min

Fanout         Cap        Slew       Delay        Time   Description
---------------------------------------------------------------------------------------------
                                  0.000000    0.000000   clock clk (rise edge)
                                  0.000000    0.000000   clock source latency
     2    0.157321    1.138872    0.793148    0.793148 ^ clk (in)
                                                         clk (net)
                      1.154477    0.000000    0.793148 ^ clkbuf_regs_0_clk/A (sky130_fd_sc_hd__clkbuf_16)
     1    0.008569    0.076270    0.545937    1.339084 ^ clkbuf_regs_0_clk/X (sky130_fd_sc_hd__clkbuf_16)
                                                         clk_regs (net)
                      0.076271    0.000255    1.339339 ^ clkbuf_0_clk_regs/A (sky130_fd_sc_hd__clkbuf_16)
     8    0.078792    0.146453    0.280000    1.619339 ^ clkbuf_0_clk_regs/X (sky130_fd_sc_hd__clkbuf_16)
                                                         clknet_0_clk_regs (net)
                      0.146472    0.001696    1.621035 ^ clkbuf_3_3_0_clk_regs/A (sky130_fd_sc_hd__clkbuf_8)
     2    0.019077    0.081268    0.255110    1.876146 ^ clkbuf_3_3_0_clk_regs/X (sky130_fd_sc_hd__clkbuf_8)
                                                         clknet_3_3_0_clk_regs (net)
                      0.081271    0.000591    1.876736 ^ clkbuf_4_7__f_clk_regs/A (sky130_fd_sc_hd__clkbuf_16)
     8    0.025070    0.073827    0.222174    2.098910 ^ clkbuf_4_7__f_clk_regs/X (sky130_fd_sc_hd__clkbuf_16)
                                                         clknet_4_7__leaf_clk_regs (net)
                      0.073828    0.000387    2.099298 ^ _1478_/CLK (sky130_fd_sc_hd__dfxtp_2)
     1    0.002284    0.049594    0.599792    2.699090 ^ _1478_/Q (sky130_fd_sc_hd__dfxtp_2)
                                                         u_top.instruction_mmu.u_tlb.vpn[1][11] (net)
                      0.049594    0.000062    2.699152 ^ _1781_/A (sky130_fd_sc_hd__buf_2)
     2    0.004855    0.059743    0.164260    2.863412 ^ _1781_/X (sky130_fd_sc_hd__buf_2)
                                                         _0726_ (net)
                      0.059743    0.000092    2.863505 ^ _1299_/A (sky130_fd_sc_hd__and2_2)
     1    0.001866    0.060792    0.223538    3.087042 ^ _1299_/X (sky130_fd_sc_hd__and2_2)
                                                         _0337_ (net)
                      0.060792    0.000034    3.087076 ^ _1899_/A (sky130_fd_sc_hd__buf_2)
     1    0.002050    0.041197    0.150529    3.237605 ^ _1899_/X (sky130_fd_sc_hd__buf_2)
                                                         _0958_ (net)
                      0.041197    0.000054    3.237659 ^ _1478_/D (sky130_fd_sc_hd__dfxtp_2)
                                              3.237659   data arrival time

                                  0.000000    0.000000   clock clk (rise edge)
                                  0.000000    0.000000   clock source latency
     2    0.157321    1.138872    0.876637    0.876637 ^ clk (in)
                                                         clk (net)
                      1.154477    0.000000    0.876637 ^ clkbuf_regs_0_clk/A (sky130_fd_sc_hd__clkbuf_16)
     1    0.008569    0.076270    0.603404    1.480040 ^ clkbuf_regs_0_clk/X (sky130_fd_sc_hd__clkbuf_16)
                                                         clk_regs (net)
                      0.076271    0.000282    1.480322 ^ clkbuf_0_clk_regs/A (sky130_fd_sc_hd__clkbuf_16)
     8    0.078792    0.146453    0.309474    1.789796 ^ clkbuf_0_clk_regs/X (sky130_fd_sc_hd__clkbuf_16)
                                                         clknet_0_clk_regs (net)
                      0.146472    0.001875    1.791671 ^ clkbuf_3_3_0_clk_regs/A (sky130_fd_sc_hd__clkbuf_8)
     2    0.019077    0.081268    0.281964    2.073635 ^ clkbuf_3_3_0_clk_regs/X (sky130_fd_sc_hd__clkbuf_8)
                                                         clknet_3_3_0_clk_regs (net)
                      0.081271    0.000653    2.074287 ^ clkbuf_4_7__f_clk_regs/A (sky130_fd_sc_hd__clkbuf_16)
     8    0.025070    0.073827    0.245560    2.319848 ^ clkbuf_4_7__f_clk_regs/X (sky130_fd_sc_hd__clkbuf_16)
                                                         clknet_4_7__leaf_clk_regs (net)
                      0.073828    0.000428    2.320276 ^ _1478_/CLK (sky130_fd_sc_hd__dfxtp_2)
                                  0.100000    2.420276   clock uncertainty
                                 -0.220979    2.199297   clock reconvergence pessimism
                                 -0.064665    2.134632   library hold time
                                              2.134632   data required time
---------------------------------------------------------------------------------------------
                                              2.134632   data required time
                                             -3.237659   data arrival time
---------------------------------------------------------------------------------------------
                                              1.103027   slack (MET)


Startpoint: _1572_ (rising edge-triggered flip-flop clocked by clk)
Endpoint: _1573_ (rising edge-triggered flip-flop clocked by clk)
Path Group: clk
Path Type: min

Fanout         Cap        Slew       Delay        Time   Description
---------------------------------------------------------------------------------------------
                                  0.000000    0.000000   clock clk (rise edge)
                                  0.000000    0.000000   clock source latency
     2    0.157321    1.138872    0.793148    0.793148 ^ clk (in)
                                                         clk (net)
                      1.154477    0.000000    0.793148 ^ clkbuf_regs_0_clk/A (sky130_fd_sc_hd__clkbuf_16)
     1    0.008569    0.076270    0.545937    1.339084 ^ clkbuf_regs_0_clk/X (sky130_fd_sc_hd__clkbuf_16)
                                                         clk_regs (net)
                      0.076271    0.000255    1.339339 ^ clkbuf_0_clk_regs/A (sky130_fd_sc_hd__clkbuf_16)
     8    0.078792    0.146453    0.280000    1.619339 ^ clkbuf_0_clk_regs/X (sky130_fd_sc_hd__clkbuf_16)
                                                         clknet_0_clk_regs (net)
                      0.146515    0.002666    1.622005 ^ clkbuf_3_2_0_clk_regs/A (sky130_fd_sc_hd__clkbuf_8)
     2    0.018941    0.080956    0.254843    1.876848 ^ clkbuf_3_2_0_clk_regs/X (sky130_fd_sc_hd__clkbuf_8)
                                                         clknet_3_2_0_clk_regs (net)
                      0.080958    0.000526    1.877374 ^ clkbuf_4_4__f_clk_regs/A (sky130_fd_sc_hd__clkbuf_16)
     9    0.028472    0.078326    0.226584    2.103957 ^ clkbuf_4_4__f_clk_regs/X (sky130_fd_sc_hd__clkbuf_16)
                                                         clknet_4_4__leaf_clk_regs (net)
                      0.078329    0.000502    2.104460 ^ _1572_/CLK (sky130_fd_sc_hd__dfrtp_2)
     1    0.002565    0.068140    0.640485    2.744945 ^ _1572_/Q (sky130_fd_sc_hd__dfrtp_2)
                                                         u_top.dataMemory.clear_last_pending (net)
                      0.068140    0.000069    2.745014 ^ _1698_/A (sky130_fd_sc_hd__buf_2)
     4    0.019807    0.164968    0.252678    2.997692 ^ _1698_/X (sky130_fd_sc_hd__buf_2)
                                                         _0661_ (net)
                      0.164968    0.000689    2.998380 ^ _1106_/A (sky130_fd_sc_hd__nor2_2)
     4    0.015562    0.088803    0.142086    3.140466 v _1106_/Y (sky130_fd_sc_hd__nor2_2)
                                                         _0290_ (net)
                      0.088803    0.000253    3.140719 v _1827_/A (sky130_fd_sc_hd__buf_2)
     1    0.004145    0.049034    0.228561    3.369280 v _1827_/X (sky130_fd_sc_hd__buf_2)
                                                         _0026_ (net)
                      0.049034    0.000106    3.369386 v _1573_/D (sky130_fd_sc_hd__dfstp_4)
                                              3.369386   data arrival time

                                  0.000000    0.000000   clock clk (rise edge)
                                  0.000000    0.000000   clock source latency
     2    0.157321    1.138872    0.876637    0.876637 ^ clk (in)
                                                         clk (net)
                      1.154477    0.000000    0.876637 ^ clkbuf_regs_0_clk/A (sky130_fd_sc_hd__clkbuf_16)
     1    0.008569    0.076270    0.603404    1.480040 ^ clkbuf_regs_0_clk/X (sky130_fd_sc_hd__clkbuf_16)
                                                         clk_regs (net)
                      0.076271    0.000282    1.480322 ^ clkbuf_0_clk_regs/A (sky130_fd_sc_hd__clkbuf_16)
     8    0.078792    0.146453    0.309474    1.789796 ^ clkbuf_0_clk_regs/X (sky130_fd_sc_hd__clkbuf_16)
                                                         clknet_0_clk_regs (net)
                      0.146521    0.003071    1.792867 ^ clkbuf_3_0_0_clk_regs/A (sky130_fd_sc_hd__clkbuf_8)
     2    0.018181    0.079205    0.279927    2.072793 ^ clkbuf_3_0_0_clk_regs/X (sky130_fd_sc_hd__clkbuf_8)
                                                         clknet_3_0_0_clk_regs (net)
                      0.079206    0.000378    2.073171 ^ clkbuf_4_1__f_clk_regs/A (sky130_fd_sc_hd__clkbuf_16)
     9    0.033687    0.085517    0.257229    2.330400 ^ clkbuf_4_1__f_clk_regs/X (sky130_fd_sc_hd__clkbuf_16)
                                                         clknet_4_1__leaf_clk_regs (net)
                      0.085522    0.000815    2.331216 ^ _1573_/CLK (sky130_fd_sc_hd__dfstp_4)
                                  0.100000    2.431216   clock uncertainty
                                 -0.170457    2.260759   clock reconvergence pessimism
                                  0.004583    2.265342   library hold time
                                              2.265342   data required time
---------------------------------------------------------------------------------------------
                                              2.265342   data required time
                                             -3.369386   data arrival time
---------------------------------------------------------------------------------------------
                                              1.104044   slack (MET)


Startpoint: _1445_ (rising edge-triggered flip-flop clocked by clk)
Endpoint: _1445_ (rising edge-triggered flip-flop clocked by clk)
Path Group: clk
Path Type: min

Fanout         Cap        Slew       Delay        Time   Description
---------------------------------------------------------------------------------------------
                                  0.000000    0.000000   clock clk (rise edge)
                                  0.000000    0.000000   clock source latency
     2    0.157321    1.138872    0.793148    0.793148 ^ clk (in)
                                                         clk (net)
                      1.154477    0.000000    0.793148 ^ clkbuf_regs_0_clk/A (sky130_fd_sc_hd__clkbuf_16)
     1    0.008569    0.076270    0.545937    1.339084 ^ clkbuf_regs_0_clk/X (sky130_fd_sc_hd__clkbuf_16)
                                                         clk_regs (net)
                      0.076271    0.000255    1.339339 ^ clkbuf_0_clk_regs/A (sky130_fd_sc_hd__clkbuf_16)
     8    0.078792    0.146453    0.280000    1.619339 ^ clkbuf_0_clk_regs/X (sky130_fd_sc_hd__clkbuf_16)
                                                         clknet_0_clk_regs (net)
                      0.146467    0.001514    1.620854 ^ clkbuf_3_1_0_clk_regs/A (sky130_fd_sc_hd__clkbuf_8)
     2    0.019673    0.082648    0.256397    1.877250 ^ clkbuf_3_1_0_clk_regs/X (sky130_fd_sc_hd__clkbuf_8)
                                                         clknet_3_1_0_clk_regs (net)
                      0.082650    0.000546    1.877796 ^ clkbuf_4_2__f_clk_regs/A (sky130_fd_sc_hd__clkbuf_16)
     8    0.024392    0.072924    0.221671    2.099467 ^ clkbuf_4_2__f_clk_regs/X (sky130_fd_sc_hd__clkbuf_16)
                                                         clknet_4_2__leaf_clk_regs (net)
                      0.072965    0.000735    2.100202 ^ _1445_/CLK (sky130_fd_sc_hd__dfxtp_2)
     1    0.002179    0.048936    0.598648    2.698850 ^ _1445_/Q (sky130_fd_sc_hd__dfxtp_2)
                                                         u_top.instruction_mmu.u_tlb.valid[1] (net)
                      0.048936    0.000059    2.698909 ^ _1726_/A (sky130_fd_sc_hd__buf_2)
     2    0.004713    0.058791    0.163019    2.861928 ^ _1726_/X (sky130_fd_sc_hd__buf_2)
                                                         _0701_ (net)
                      0.058791    0.000088    2.862016 ^ _1264_/A (sky130_fd_sc_hd__and2_2)
     1    0.002272    0.063566    0.226557    3.088573 ^ _1264_/X (sky130_fd_sc_hd__and2_2)
                                                         _0304_ (net)
                      0.063566    0.000062    3.088635 ^ _1866_/A (sky130_fd_sc_hd__buf_2)
     1    0.002131    0.041704    0.152309    3.240944 ^ _1866_/X (sky130_fd_sc_hd__buf_2)
                                                         _0892_ (net)
                      0.041704    0.000058    3.241002 ^ _1445_/D (sky130_fd_sc_hd__dfxtp_2)
                                              3.241002   data arrival time

                                  0.000000    0.000000   clock clk (rise edge)
                                  0.000000    0.000000   clock source latency
     2    0.157321    1.138872    0.876637    0.876637 ^ clk (in)
                                                         clk (net)
                      1.154477    0.000000    0.876637 ^ clkbuf_regs_0_clk/A (sky130_fd_sc_hd__clkbuf_16)
     1    0.008569    0.076270    0.603404    1.480040 ^ clkbuf_regs_0_clk/X (sky130_fd_sc_hd__clkbuf_16)
                                                         clk_regs (net)
                      0.076271    0.000282    1.480322 ^ clkbuf_0_clk_regs/A (sky130_fd_sc_hd__clkbuf_16)
     8    0.078792    0.146453    0.309474    1.789796 ^ clkbuf_0_clk_regs/X (sky130_fd_sc_hd__clkbuf_16)
                                                         clknet_0_clk_regs (net)
                      0.146467    0.001674    1.791470 ^ clkbuf_3_1_0_clk_regs/A (sky130_fd_sc_hd__clkbuf_8)
     2    0.019673    0.082648    0.283386    2.074856 ^ clkbuf_3_1_0_clk_regs/X (sky130_fd_sc_hd__clkbuf_8)
                                                         clknet_3_1_0_clk_regs (net)
                      0.082650    0.000603    2.075459 ^ clkbuf_4_2__f_clk_regs/A (sky130_fd_sc_hd__clkbuf_16)
     8    0.024392    0.072924    0.245005    2.320463 ^ clkbuf_4_2__f_clk_regs/X (sky130_fd_sc_hd__clkbuf_16)
                                                         clknet_4_2__leaf_clk_regs (net)
                      0.072965    0.000812    2.321276 ^ _1445_/CLK (sky130_fd_sc_hd__dfxtp_2)
                                  0.100000    2.421276   clock uncertainty
                                 -0.221074    2.200202   clock reconvergence pessimism
                                 -0.064920    2.135282   library hold time
                                              2.135282   data required time
---------------------------------------------------------------------------------------------
                                              2.135282   data required time
                                             -3.241002   data arrival time
---------------------------------------------------------------------------------------------
                                              1.105720   slack (MET)


Startpoint: _1520_ (rising edge-triggered flip-flop clocked by clk)
Endpoint: _1520_ (rising edge-triggered flip-flop clocked by clk)
Path Group: clk
Path Type: min

Fanout         Cap        Slew       Delay        Time   Description
---------------------------------------------------------------------------------------------
                                  0.000000    0.000000   clock clk (rise edge)
                                  0.000000    0.000000   clock source latency
     2    0.157321    1.138872    0.793148    0.793148 ^ clk (in)
                                                         clk (net)
                      1.154477    0.000000    0.793148 ^ clkbuf_regs_0_clk/A (sky130_fd_sc_hd__clkbuf_16)
     1    0.008569    0.076270    0.545937    1.339084 ^ clkbuf_regs_0_clk/X (sky130_fd_sc_hd__clkbuf_16)
                                                         clk_regs (net)
                      0.076271    0.000255    1.339339 ^ clkbuf_0_clk_regs/A (sky130_fd_sc_hd__clkbuf_16)
     8    0.078792    0.146453    0.280000    1.619339 ^ clkbuf_0_clk_regs/X (sky130_fd_sc_hd__clkbuf_16)
                                                         clknet_0_clk_regs (net)
                      0.146476    0.001799    1.621139 ^ clkbuf_3_6_0_clk_regs/A (sky130_fd_sc_hd__clkbuf_8)
     2    0.019776    0.082884    0.256635    1.877774 ^ clkbuf_3_6_0_clk_regs/X (sky130_fd_sc_hd__clkbuf_8)
                                                         clknet_3_6_0_clk_regs (net)
                      0.082887    0.000546    1.878320 ^ clkbuf_4_12__f_clk_regs/A (sky130_fd_sc_hd__clkbuf_16)
     8    0.023263    0.071524    0.220463    2.098783 ^ clkbuf_4_12__f_clk_regs/X (sky130_fd_sc_hd__clkbuf_16)
                                                         clknet_4_12__leaf_clk_regs (net)
                      0.071524    0.000159    2.098942 ^ _1520_/CLK (sky130_fd_sc_hd__dfxtp_2)
     1    0.002190    0.049009    0.598104    2.697047 ^ _1520_/Q (sky130_fd_sc_hd__dfxtp_2)
                                                         u_top.instruction_mmu.u_tlb.vpn[3][8] (net)
                      0.049009    0.000057    2.697104 ^ _1768_/A (sky130_fd_sc_hd__buf_2)
     2    0.004458    0.057068    0.161354    2.858458 ^ _1768_/X (sky130_fd_sc_hd__buf_2)
                                                         _0782_ (net)
                      0.057068    0.000066    2.858524 ^ _1341_/A (sky130_fd_sc_hd__and2_2)
     1    0.002468    0.064885    0.227499    3.086023 ^ _1341_/X (sky130_fd_sc_hd__and2_2)
                                                         _0379_ (net)
                      0.064885    0.000068    3.086092 ^ _1941_/A (sky130_fd_sc_hd__buf_2)
     1    0.002223    0.042286    0.153510    3.239601 ^ _1941_/X (sky130_fd_sc_hd__buf_2)
                                                         _1028_ (net)
                      0.042286    0.000061    3.239662 ^ _1520_/D (sky130_fd_sc_hd__dfxtp_2)
                                              3.239662   data arrival time

                                  0.000000    0.000000   clock clk (rise edge)
                                  0.000000    0.000000   clock source latency
     2    0.157321    1.138872    0.876637    0.876637 ^ clk (in)
                                                         clk (net)
                      1.154477    0.000000    0.876637 ^ clkbuf_regs_0_clk/A (sky130_fd_sc_hd__clkbuf_16)
     1    0.008569    0.076270    0.603404    1.480040 ^ clkbuf_regs_0_clk/X (sky130_fd_sc_hd__clkbuf_16)
                                                         clk_regs (net)
                      0.076271    0.000282    1.480322 ^ clkbuf_0_clk_regs/A (sky130_fd_sc_hd__clkbuf_16)
     8    0.078792    0.146453    0.309474    1.789796 ^ clkbuf_0_clk_regs/X (sky130_fd_sc_hd__clkbuf_16)
                                                         clknet_0_clk_regs (net)
                      0.146476    0.001989    1.791785 ^ clkbuf_3_6_0_clk_regs/A (sky130_fd_sc_hd__clkbuf_8)
     2    0.019776    0.082884    0.283649    2.075434 ^ clkbuf_3_6_0_clk_regs/X (sky130_fd_sc_hd__clkbuf_8)
                                                         clknet_3_6_0_clk_regs (net)
                      0.082887    0.000604    2.076038 ^ clkbuf_4_12__f_clk_regs/A (sky130_fd_sc_hd__clkbuf_16)
     8    0.023263    0.071524    0.243670    2.319708 ^ clkbuf_4_12__f_clk_regs/X (sky130_fd_sc_hd__clkbuf_16)
                                                         clknet_4_12__leaf_clk_regs (net)
                      0.071524    0.000175    2.319883 ^ _1520_/CLK (sky130_fd_sc_hd__dfxtp_2)
                                  0.100000    2.419883   clock uncertainty
                                 -0.220941    2.198942   clock reconvergence pessimism
                                 -0.065283    2.133659   library hold time
                                              2.133659   data required time
---------------------------------------------------------------------------------------------
                                              2.133659   data required time
                                             -3.239662   data arrival time
---------------------------------------------------------------------------------------------
                                              1.106003   slack (MET)


Startpoint: _1476_ (rising edge-triggered flip-flop clocked by clk)
Endpoint: _1476_ (rising edge-triggered flip-flop clocked by clk)
Path Group: clk
Path Type: min

Fanout         Cap        Slew       Delay        Time   Description
---------------------------------------------------------------------------------------------
                                  0.000000    0.000000   clock clk (rise edge)
                                  0.000000    0.000000   clock source latency
     2    0.157321    1.138872    0.793148    0.793148 ^ clk (in)
                                                         clk (net)
                      1.154477    0.000000    0.793148 ^ clkbuf_regs_0_clk/A (sky130_fd_sc_hd__clkbuf_16)
     1    0.008569    0.076270    0.545937    1.339084 ^ clkbuf_regs_0_clk/X (sky130_fd_sc_hd__clkbuf_16)
                                                         clk_regs (net)
                      0.076271    0.000255    1.339339 ^ clkbuf_0_clk_regs/A (sky130_fd_sc_hd__clkbuf_16)
     8    0.078792    0.146453    0.280000    1.619339 ^ clkbuf_0_clk_regs/X (sky130_fd_sc_hd__clkbuf_16)
                                                         clknet_0_clk_regs (net)
                      0.146515    0.002666    1.622005 ^ clkbuf_3_2_0_clk_regs/A (sky130_fd_sc_hd__clkbuf_8)
     2    0.018941    0.080956    0.254843    1.876848 ^ clkbuf_3_2_0_clk_regs/X (sky130_fd_sc_hd__clkbuf_8)
                                                         clknet_3_2_0_clk_regs (net)
                      0.080959    0.000544    1.877393 ^ clkbuf_4_5__f_clk_regs/A (sky130_fd_sc_hd__clkbuf_16)
     8    0.026986    0.076362    0.224423    2.101815 ^ clkbuf_4_5__f_clk_regs/X (sky130_fd_sc_hd__clkbuf_16)
                                                         clknet_4_5__leaf_clk_regs (net)
                      0.076368    0.000652    2.102467 ^ _1476_/CLK (sky130_fd_sc_hd__dfxtp_2)
     1    0.002616    0.051626    0.603329    2.705796 ^ _1476_/Q (sky130_fd_sc_hd__dfxtp_2)
                                                         u_top.instruction_mmu.u_tlb.vpn[1][9] (net)
                      0.051626    0.000071    2.705868 ^ _1771_/A (sky130_fd_sc_hd__buf_2)
     2    0.004403    0.056675    0.162145    2.868013 ^ _1771_/X (sky130_fd_sc_hd__buf_2)
                                                         _0743_ (net)
                      0.056675    0.000057    2.868070 ^ _1297_/A (sky130_fd_sc_hd__and2_2)
     1    0.002232    0.063275    0.225370    3.093441 ^ _1297_/X (sky130_fd_sc_hd__and2_2)
                                                         _0335_ (net)
                      0.063275    0.000044    3.093484 ^ _1897_/A (sky130_fd_sc_hd__buf_2)
     1    0.002109    0.041563    0.152030    3.245514 ^ _1897_/X (sky130_fd_sc_hd__buf_2)
                                                         _0954_ (net)
                      0.041563    0.000059    3.245573 ^ _1476_/D (sky130_fd_sc_hd__dfxtp_2)
                                              3.245573   data arrival time

                                  0.000000    0.000000   clock clk (rise edge)
                                  0.000000    0.000000   clock source latency
     2    0.157321    1.138872    0.876637    0.876637 ^ clk (in)
                                                         clk (net)
                      1.154477    0.000000    0.876637 ^ clkbuf_regs_0_clk/A (sky130_fd_sc_hd__clkbuf_16)
     1    0.008569    0.076270    0.603404    1.480040 ^ clkbuf_regs_0_clk/X (sky130_fd_sc_hd__clkbuf_16)
                                                         clk_regs (net)
                      0.076271    0.000282    1.480322 ^ clkbuf_0_clk_regs/A (sky130_fd_sc_hd__clkbuf_16)
     8    0.078792    0.146453    0.309474    1.789796 ^ clkbuf_0_clk_regs/X (sky130_fd_sc_hd__clkbuf_16)
                                                         clknet_0_clk_regs (net)
                      0.146515    0.002947    1.792743 ^ clkbuf_3_2_0_clk_regs/A (sky130_fd_sc_hd__clkbuf_8)
     2    0.018941    0.080956    0.281668    2.074411 ^ clkbuf_3_2_0_clk_regs/X (sky130_fd_sc_hd__clkbuf_8)
                                                         clknet_3_2_0_clk_regs (net)
                      0.080959    0.000602    2.075013 ^ clkbuf_4_5__f_clk_regs/A (sky130_fd_sc_hd__clkbuf_16)
     8    0.026986    0.076362    0.248046    2.323059 ^ clkbuf_4_5__f_clk_regs/X (sky130_fd_sc_hd__clkbuf_16)
                                                         clknet_4_5__leaf_clk_regs (net)
                      0.076368    0.000721    2.323779 ^ _1476_/CLK (sky130_fd_sc_hd__dfxtp_2)
                                  0.100000    2.423779   clock uncertainty
                                 -0.221312    2.202467   clock reconvergence pessimism
                                 -0.064347    2.138120   library hold time
                                              2.138120   data required time
---------------------------------------------------------------------------------------------
                                              2.138120   data required time
                                             -3.245573   data arrival time
---------------------------------------------------------------------------------------------
                                              1.107453   slack (MET)


Startpoint: _1495_ (rising edge-triggered flip-flop clocked by clk)
Endpoint: _1495_ (rising edge-triggered flip-flop clocked by clk)
Path Group: clk
Path Type: min

Fanout         Cap        Slew       Delay        Time   Description
---------------------------------------------------------------------------------------------
                                  0.000000    0.000000   clock clk (rise edge)
                                  0.000000    0.000000   clock source latency
     2    0.157321    1.138872    0.793148    0.793148 ^ clk (in)
                                                         clk (net)
                      1.154477    0.000000    0.793148 ^ clkbuf_regs_0_clk/A (sky130_fd_sc_hd__clkbuf_16)
     1    0.008569    0.076270    0.545937    1.339084 ^ clkbuf_regs_0_clk/X (sky130_fd_sc_hd__clkbuf_16)
                                                         clk_regs (net)
                      0.076271    0.000255    1.339339 ^ clkbuf_0_clk_regs/A (sky130_fd_sc_hd__clkbuf_16)
     8    0.078792    0.146453    0.280000    1.619339 ^ clkbuf_0_clk_regs/X (sky130_fd_sc_hd__clkbuf_16)
                                                         clknet_0_clk_regs (net)
                      0.146476    0.001799    1.621139 ^ clkbuf_3_6_0_clk_regs/A (sky130_fd_sc_hd__clkbuf_8)
     2    0.019776    0.082884    0.256635    1.877774 ^ clkbuf_3_6_0_clk_regs/X (sky130_fd_sc_hd__clkbuf_8)
                                                         clknet_3_6_0_clk_regs (net)
                      0.082887    0.000546    1.878320 ^ clkbuf_4_12__f_clk_regs/A (sky130_fd_sc_hd__clkbuf_16)
     8    0.023263    0.071524    0.220463    2.098783 ^ clkbuf_4_12__f_clk_regs/X (sky130_fd_sc_hd__clkbuf_16)
                                                         clknet_4_12__leaf_clk_regs (net)
                      0.071525    0.000217    2.099001 ^ _1495_/CLK (sky130_fd_sc_hd__dfxtp_2)
     1    0.002540    0.051206    0.600667    2.699668 ^ _1495_/Q (sky130_fd_sc_hd__dfxtp_2)
                                                         u_top.instruction_mmu.u_tlb.vpn[2][8] (net)
                      0.051206    0.000070    2.699737 ^ _1767_/A (sky130_fd_sc_hd__buf_2)
     2    0.004182    0.055146    0.160481    2.860219 ^ _1767_/X (sky130_fd_sc_hd__buf_2)
                                                         _0762_ (net)
                      0.055146    0.000061    2.860280 ^ _1316_/A (sky130_fd_sc_hd__and2_2)
     1    0.002682    0.066330    0.228515    3.088795 ^ _1316_/X (sky130_fd_sc_hd__and2_2)
                                                         _0354_ (net)
                      0.066330    0.000075    3.088870 ^ _1916_/A (sky130_fd_sc_hd__buf_2)
     1    0.001999    0.040843    0.152666    3.241536 ^ _1916_/X (sky130_fd_sc_hd__buf_2)
                                                         _0992_ (net)
                      0.040843    0.000054    3.241590 ^ _1495_/D (sky130_fd_sc_hd__dfxtp_2)
                                              3.241590   data arrival time

                                  0.000000    0.000000   clock clk (rise edge)
                                  0.000000    0.000000   clock source latency
     2    0.157321    1.138872    0.876637    0.876637 ^ clk (in)
                                                         clk (net)
                      1.154477    0.000000    0.876637 ^ clkbuf_regs_0_clk/A (sky130_fd_sc_hd__clkbuf_16)
     1    0.008569    0.076270    0.603404    1.480040 ^ clkbuf_regs_0_clk/X (sky130_fd_sc_hd__clkbuf_16)
                                                         clk_regs (net)
                      0.076271    0.000282    1.480322 ^ clkbuf_0_clk_regs/A (sky130_fd_sc_hd__clkbuf_16)
     8    0.078792    0.146453    0.309474    1.789796 ^ clkbuf_0_clk_regs/X (sky130_fd_sc_hd__clkbuf_16)
                                                         clknet_0_clk_regs (net)
                      0.146476    0.001989    1.791785 ^ clkbuf_3_6_0_clk_regs/A (sky130_fd_sc_hd__clkbuf_8)
     2    0.019776    0.082884    0.283649    2.075434 ^ clkbuf_3_6_0_clk_regs/X (sky130_fd_sc_hd__clkbuf_8)
                                                         clknet_3_6_0_clk_regs (net)
                      0.082887    0.000604    2.076038 ^ clkbuf_4_12__f_clk_regs/A (sky130_fd_sc_hd__clkbuf_16)
     8    0.023263    0.071524    0.243670    2.319708 ^ clkbuf_4_12__f_clk_regs/X (sky130_fd_sc_hd__clkbuf_16)
                                                         clknet_4_12__leaf_clk_regs (net)
                      0.071525    0.000240    2.319948 ^ _1495_/CLK (sky130_fd_sc_hd__dfxtp_2)
                                  0.100000    2.419948   clock uncertainty
                                 -0.220947    2.199001   clock reconvergence pessimism
                                 -0.064949    2.134051   library hold time
                                              2.134051   data required time
---------------------------------------------------------------------------------------------
                                              2.134051   data required time
                                             -3.241590   data arrival time
---------------------------------------------------------------------------------------------
                                              1.107539   slack (MET)


Startpoint: _1525_ (rising edge-triggered flip-flop clocked by clk)
Endpoint: _1525_ (rising edge-triggered flip-flop clocked by clk)
Path Group: clk
Path Type: min

Fanout         Cap        Slew       Delay        Time   Description
---------------------------------------------------------------------------------------------
                                  0.000000    0.000000   clock clk (rise edge)
                                  0.000000    0.000000   clock source latency
     2    0.157321    1.138872    0.793148    0.793148 ^ clk (in)
                                                         clk (net)
                      1.154477    0.000000    0.793148 ^ clkbuf_regs_0_clk/A (sky130_fd_sc_hd__clkbuf_16)
     1    0.008569    0.076270    0.545937    1.339084 ^ clkbuf_regs_0_clk/X (sky130_fd_sc_hd__clkbuf_16)
                                                         clk_regs (net)
                      0.076271    0.000255    1.339339 ^ clkbuf_0_clk_regs/A (sky130_fd_sc_hd__clkbuf_16)
     8    0.078792    0.146453    0.280000    1.619339 ^ clkbuf_0_clk_regs/X (sky130_fd_sc_hd__clkbuf_16)
                                                         clknet_0_clk_regs (net)
                      0.146467    0.001514    1.620854 ^ clkbuf_3_1_0_clk_regs/A (sky130_fd_sc_hd__clkbuf_8)
     2    0.019673    0.082648    0.256397    1.877250 ^ clkbuf_3_1_0_clk_regs/X (sky130_fd_sc_hd__clkbuf_8)
                                                         clknet_3_1_0_clk_regs (net)
                      0.082651    0.000572    1.877822 ^ clkbuf_4_3__f_clk_regs/A (sky130_fd_sc_hd__clkbuf_16)
     8    0.024070    0.072529    0.221347    2.099169 ^ clkbuf_4_3__f_clk_regs/X (sky130_fd_sc_hd__clkbuf_16)
                                                         clknet_4_3__leaf_clk_regs (net)
                      0.072547    0.000589    2.099758 ^ _1525_/CLK (sky130_fd_sc_hd__dfxtp_2)
     1    0.002246    0.049359    0.598963    2.698721 ^ _1525_/Q (sky130_fd_sc_hd__dfxtp_2)
                                                         u_top.instruction_mmu.u_tlb.vpn[3][13] (net)
                      0.049359    0.000045    2.698766 ^ _1793_/A (sky130_fd_sc_hd__buf_2)
     2    0.005485    0.064073    0.168374    2.867140 ^ _1793_/X (sky130_fd_sc_hd__buf_2)
                                                         _0768_ (net)
                      0.064073    0.000090    2.867230 ^ _1346_/A (sky130_fd_sc_hd__and2_2)
     1    0.001918    0.061191    0.225717    3.092947 ^ _1346_/X (sky130_fd_sc_hd__and2_2)
                                                         _0384_ (net)
                      0.061191    0.000035    3.092982 ^ _1946_/A (sky130_fd_sc_hd__buf_2)
     1    0.002037    0.041116    0.150624    3.243606 ^ _1946_/X (sky130_fd_sc_hd__buf_2)
                                                         _1033_ (net)
                      0.041116    0.000056    3.243662 ^ _1525_/D (sky130_fd_sc_hd__dfxtp_2)
                                              3.243662   data arrival time

                                  0.000000    0.000000   clock clk (rise edge)
                                  0.000000    0.000000   clock source latency
     2    0.157321    1.138872    0.876637    0.876637 ^ clk (in)
                                                         clk (net)
                      1.154477    0.000000    0.876637 ^ clkbuf_regs_0_clk/A (sky130_fd_sc_hd__clkbuf_16)
     1    0.008569    0.076270    0.603404    1.480040 ^ clkbuf_regs_0_clk/X (sky130_fd_sc_hd__clkbuf_16)
                                                         clk_regs (net)
                      0.076271    0.000282    1.480322 ^ clkbuf_0_clk_regs/A (sky130_fd_sc_hd__clkbuf_16)
     8    0.078792    0.146453    0.309474    1.789796 ^ clkbuf_0_clk_regs/X (sky130_fd_sc_hd__clkbuf_16)
                                                         clknet_0_clk_regs (net)
                      0.146467    0.001674    1.791470 ^ clkbuf_3_1_0_clk_regs/A (sky130_fd_sc_hd__clkbuf_8)
     2    0.019673    0.082648    0.283386    2.074856 ^ clkbuf_3_1_0_clk_regs/X (sky130_fd_sc_hd__clkbuf_8)
                                                         clknet_3_1_0_clk_regs (net)
                      0.082651    0.000632    2.075488 ^ clkbuf_4_3__f_clk_regs/A (sky130_fd_sc_hd__clkbuf_16)
     8    0.024070    0.072529    0.244647    2.320134 ^ clkbuf_4_3__f_clk_regs/X (sky130_fd_sc_hd__clkbuf_16)
                                                         clknet_4_3__leaf_clk_regs (net)
                      0.072547    0.000651    2.320785 ^ _1525_/CLK (sky130_fd_sc_hd__dfxtp_2)
                                  0.100000    2.420785   clock uncertainty
                                 -0.221027    2.199758   clock reconvergence pessimism
                                 -0.064850    2.134908   library hold time
                                              2.134908   data required time
---------------------------------------------------------------------------------------------
                                              2.134908   data required time
                                             -3.243662   data arrival time
---------------------------------------------------------------------------------------------
                                              1.108754   slack (MET)


Startpoint: _1467_ (rising edge-triggered flip-flop clocked by clk)
Endpoint: _1467_ (rising edge-triggered flip-flop clocked by clk)
Path Group: clk
Path Type: min

Fanout         Cap        Slew       Delay        Time   Description
---------------------------------------------------------------------------------------------
                                  0.000000    0.000000   clock clk (rise edge)
                                  0.000000    0.000000   clock source latency
     2    0.157321    1.138872    0.793148    0.793148 ^ clk (in)
                                                         clk (net)
                      1.154477    0.000000    0.793148 ^ clkbuf_regs_0_clk/A (sky130_fd_sc_hd__clkbuf_16)
     1    0.008569    0.076270    0.545937    1.339084 ^ clkbuf_regs_0_clk/X (sky130_fd_sc_hd__clkbuf_16)
                                                         clk_regs (net)
                      0.076271    0.000255    1.339339 ^ clkbuf_0_clk_regs/A (sky130_fd_sc_hd__clkbuf_16)
     8    0.078792    0.146453    0.280000    1.619339 ^ clkbuf_0_clk_regs/X (sky130_fd_sc_hd__clkbuf_16)
                                                         clknet_0_clk_regs (net)
                      0.146467    0.001514    1.620854 ^ clkbuf_3_1_0_clk_regs/A (sky130_fd_sc_hd__clkbuf_8)
     2    0.019673    0.082648    0.256397    1.877250 ^ clkbuf_3_1_0_clk_regs/X (sky130_fd_sc_hd__clkbuf_8)
                                                         clknet_3_1_0_clk_regs (net)
                      0.082650    0.000546    1.877796 ^ clkbuf_4_2__f_clk_regs/A (sky130_fd_sc_hd__clkbuf_16)
     8    0.024392    0.072924    0.221671    2.099467 ^ clkbuf_4_2__f_clk_regs/X (sky130_fd_sc_hd__clkbuf_16)
                                                         clknet_4_2__leaf_clk_regs (net)
                      0.072968    0.000816    2.100283 ^ _1467_/CLK (sky130_fd_sc_hd__dfxtp_2)
     1    0.002026    0.047975    0.597530    2.697813 ^ _1467_/Q (sky130_fd_sc_hd__dfxtp_2)
                                                         u_top.instruction_mmu.u_tlb.vpn[1][0] (net)
                      0.047975    0.000054    2.697867 ^ _1730_/A (sky130_fd_sc_hd__buf_2)
     2    0.005595    0.064816    0.168395    2.866262 ^ _1730_/X (sky130_fd_sc_hd__buf_2)
                                                         _0724_ (net)
                      0.064816    0.000123    2.866385 ^ _1288_/A (sky130_fd_sc_hd__and2_2)
     1    0.002151    0.062791    0.227972    3.094356 ^ _1288_/X (sky130_fd_sc_hd__and2_2)
                                                         _0326_ (net)
                      0.062791    0.000058    3.094414 ^ _1888_/A (sky130_fd_sc_hd__buf_2)
     1    0.001901    0.040238    0.150438    3.244853 ^ _1888_/X (sky130_fd_sc_hd__buf_2)
                                                         _0936_ (net)
                      0.040238    0.000050    3.244902 ^ _1467_/D (sky130_fd_sc_hd__dfxtp_2)
                                              3.244902   data arrival time

                                  0.000000    0.000000   clock clk (rise edge)
                                  0.000000    0.000000   clock source latency
     2    0.157321    1.138872    0.876637    0.876637 ^ clk (in)
                                                         clk (net)
                      1.154477    0.000000    0.876637 ^ clkbuf_regs_0_clk/A (sky130_fd_sc_hd__clkbuf_16)
     1    0.008569    0.076270    0.603404    1.480040 ^ clkbuf_regs_0_clk/X (sky130_fd_sc_hd__clkbuf_16)
                                                         clk_regs (net)
                      0.076271    0.000282    1.480322 ^ clkbuf_0_clk_regs/A (sky130_fd_sc_hd__clkbuf_16)
     8    0.078792    0.146453    0.309474    1.789796 ^ clkbuf_0_clk_regs/X (sky130_fd_sc_hd__clkbuf_16)
                                                         clknet_0_clk_regs (net)
                      0.146467    0.001674    1.791470 ^ clkbuf_3_1_0_clk_regs/A (sky130_fd_sc_hd__clkbuf_8)
     2    0.019673    0.082648    0.283386    2.074856 ^ clkbuf_3_1_0_clk_regs/X (sky130_fd_sc_hd__clkbuf_8)
                                                         clknet_3_1_0_clk_regs (net)
                      0.082650    0.000603    2.075459 ^ clkbuf_4_2__f_clk_regs/A (sky130_fd_sc_hd__clkbuf_16)
     8    0.024392    0.072924    0.245005    2.320463 ^ clkbuf_4_2__f_clk_regs/X (sky130_fd_sc_hd__clkbuf_16)
                                                         clknet_4_2__leaf_clk_regs (net)
                      0.072968    0.000902    2.321365 ^ _1467_/CLK (sky130_fd_sc_hd__dfxtp_2)
                                  0.100000    2.421365   clock uncertainty
                                 -0.221082    2.200283   clock reconvergence pessimism
                                 -0.064580    2.135703   library hold time
                                              2.135703   data required time
---------------------------------------------------------------------------------------------
                                              2.135703   data required time
                                             -3.244902   data arrival time
---------------------------------------------------------------------------------------------
                                              1.109199   slack (MET)


Startpoint: _1516_ (rising edge-triggered flip-flop clocked by clk)
Endpoint: _1516_ (rising edge-triggered flip-flop clocked by clk)
Path Group: clk
Path Type: min

Fanout         Cap        Slew       Delay        Time   Description
---------------------------------------------------------------------------------------------
                                  0.000000    0.000000   clock clk (rise edge)
                                  0.000000    0.000000   clock source latency
     2    0.157321    1.138872    0.793148    0.793148 ^ clk (in)
                                                         clk (net)
                      1.154477    0.000000    0.793148 ^ clkbuf_regs_0_clk/A (sky130_fd_sc_hd__clkbuf_16)
     1    0.008569    0.076270    0.545937    1.339084 ^ clkbuf_regs_0_clk/X (sky130_fd_sc_hd__clkbuf_16)
                                                         clk_regs (net)
                      0.076271    0.000255    1.339339 ^ clkbuf_0_clk_regs/A (sky130_fd_sc_hd__clkbuf_16)
     8    0.078792    0.146453    0.280000    1.619339 ^ clkbuf_0_clk_regs/X (sky130_fd_sc_hd__clkbuf_16)
                                                         clknet_0_clk_regs (net)
                      0.146520    0.002753    1.622092 ^ clkbuf_3_7_0_clk_regs/A (sky130_fd_sc_hd__clkbuf_8)
     2    0.018154    0.079145    0.253176    1.875268 ^ clkbuf_3_7_0_clk_regs/X (sky130_fd_sc_hd__clkbuf_8)
                                                         clknet_3_7_0_clk_regs (net)
                      0.079148    0.000488    1.875756 ^ clkbuf_4_15__f_clk_regs/A (sky130_fd_sc_hd__clkbuf_16)
     8    0.022377    0.070410    0.217420    2.093176 ^ clkbuf_4_15__f_clk_regs/X (sky130_fd_sc_hd__clkbuf_16)
                                                         clknet_4_15__leaf_clk_regs (net)
                      0.070415    0.001020    2.094196 ^ _1516_/CLK (sky130_fd_sc_hd__dfxtp_2)
     1    0.002383    0.050224    0.599037    2.693233 ^ _1516_/Q (sky130_fd_sc_hd__dfxtp_2)
                                                         u_top.instruction_mmu.u_tlb.vpn[3][4] (net)
                      0.050224    0.000064    2.693296 ^ _1748_/A (sky130_fd_sc_hd__buf_2)
     2    0.004119    0.054716    0.159624    2.852921 ^ _1748_/X (sky130_fd_sc_hd__buf_2)
                                                         _0778_ (net)
                      0.054716    0.000080    2.853000 ^ _1337_/A (sky130_fd_sc_hd__and2_2)
     1    0.002900    0.067808    0.230159    3.083160 ^ _1337_/X (sky130_fd_sc_hd__and2_2)
                                                         _0375_ (net)
                      0.067808    0.000085    3.083245 ^ _1937_/A (sky130_fd_sc_hd__buf_2)
     1    0.002263    0.042532    0.155082    3.238327 ^ _1937_/X (sky130_fd_sc_hd__buf_2)
                                                         _1024_ (net)
                      0.042532    0.000064    3.238390 ^ _1516_/D (sky130_fd_sc_hd__dfxtp_2)
                                              3.238390   data arrival time

                                  0.000000    0.000000   clock clk (rise edge)
                                  0.000000    0.000000   clock source latency
     2    0.157321    1.138872    0.876637    0.876637 ^ clk (in)
                                                         clk (net)
                      1.154477    0.000000    0.876637 ^ clkbuf_regs_0_clk/A (sky130_fd_sc_hd__clkbuf_16)
     1    0.008569    0.076270    0.603404    1.480040 ^ clkbuf_regs_0_clk/X (sky130_fd_sc_hd__clkbuf_16)
                                                         clk_regs (net)
                      0.076271    0.000282    1.480322 ^ clkbuf_0_clk_regs/A (sky130_fd_sc_hd__clkbuf_16)
     8    0.078792    0.146453    0.309474    1.789796 ^ clkbuf_0_clk_regs/X (sky130_fd_sc_hd__clkbuf_16)
                                                         clknet_0_clk_regs (net)
                      0.146520    0.003043    1.792839 ^ clkbuf_3_7_0_clk_regs/A (sky130_fd_sc_hd__clkbuf_8)
     2    0.018154    0.079145    0.279826    2.072665 ^ clkbuf_3_7_0_clk_regs/X (sky130_fd_sc_hd__clkbuf_8)
                                                         clknet_3_7_0_clk_regs (net)
                      0.079148    0.000539    2.073204 ^ clkbuf_4_15__f_clk_regs/A (sky130_fd_sc_hd__clkbuf_16)
     8    0.022377    0.070410    0.240306    2.313510 ^ clkbuf_4_15__f_clk_regs/X (sky130_fd_sc_hd__clkbuf_16)
                                                         clknet_4_15__leaf_clk_regs (net)
                      0.070415    0.001127    2.314637 ^ _1516_/CLK (sky130_fd_sc_hd__dfxtp_2)
                                  0.100000    2.414637   clock uncertainty
                                 -0.220441    2.194196   clock reconvergence pessimism
                                 -0.065516    2.128680   library hold time
                                              2.128680   data required time
---------------------------------------------------------------------------------------------
                                              2.128680   data required time
                                             -3.238390   data arrival time
---------------------------------------------------------------------------------------------
                                              1.109711   slack (MET)


Startpoint: _1528_ (rising edge-triggered flip-flop clocked by clk)
Endpoint: _1528_ (rising edge-triggered flip-flop clocked by clk)
Path Group: clk
Path Type: min

Fanout         Cap        Slew       Delay        Time   Description
---------------------------------------------------------------------------------------------
                                  0.000000    0.000000   clock clk (rise edge)
                                  0.000000    0.000000   clock source latency
     2    0.157321    1.138872    0.793148    0.793148 ^ clk (in)
                                                         clk (net)
                      1.154477    0.000000    0.793148 ^ clkbuf_regs_0_clk/A (sky130_fd_sc_hd__clkbuf_16)
     1    0.008569    0.076270    0.545937    1.339084 ^ clkbuf_regs_0_clk/X (sky130_fd_sc_hd__clkbuf_16)
                                                         clk_regs (net)
                      0.076271    0.000255    1.339339 ^ clkbuf_0_clk_regs/A (sky130_fd_sc_hd__clkbuf_16)
     8    0.078792    0.146453    0.280000    1.619339 ^ clkbuf_0_clk_regs/X (sky130_fd_sc_hd__clkbuf_16)
                                                         clknet_0_clk_regs (net)
                      0.146515    0.002672    1.622012 ^ clkbuf_3_5_0_clk_regs/A (sky130_fd_sc_hd__clkbuf_8)
     2    0.019206    0.081558    0.255471    1.877482 ^ clkbuf_3_5_0_clk_regs/X (sky130_fd_sc_hd__clkbuf_8)
                                                         clknet_3_5_0_clk_regs (net)
                      0.081559    0.000390    1.877873 ^ clkbuf_4_11__f_clk_regs/A (sky130_fd_sc_hd__clkbuf_16)
     8    0.027288    0.076763    0.225088    2.102961 ^ clkbuf_4_11__f_clk_regs/X (sky130_fd_sc_hd__clkbuf_16)
                                                         clknet_4_11__leaf_clk_regs (net)
                      0.076779    0.000979    2.103940 ^ _1528_/CLK (sky130_fd_sc_hd__dfxtp_2)
     1    0.002817    0.052681    0.604979    2.708919 ^ _1528_/Q (sky130_fd_sc_hd__dfxtp_2)
                                                         u_top.instruction_mmu.u_tlb.vpn[3][16] (net)
                      0.052681    0.000083    2.709003 ^ _1808_/A (sky130_fd_sc_hd__buf_2)
     2    0.004867    0.059819    0.165698    2.874701 ^ _1808_/X (sky130_fd_sc_hd__buf_2)
                                                         _0771_ (net)
                      0.059819    0.000076    2.874777 ^ _1349_/A (sky130_fd_sc_hd__and2_2)
     1    0.001927    0.061216    0.224084    3.098861 ^ _1349_/X (sky130_fd_sc_hd__and2_2)
                                                         _0387_ (net)
                      0.061216    0.000035    3.098897 ^ _1949_/A (sky130_fd_sc_hd__buf_2)
     1    0.002262    0.042553    0.152132    3.251028 ^ _1949_/X (sky130_fd_sc_hd__buf_2)
                                                         _1036_ (net)
                      0.042553    0.000060    3.251088 ^ _1528_/D (sky130_fd_sc_hd__dfxtp_2)
                                              3.251088   data arrival time

                                  0.000000    0.000000   clock clk (rise edge)
                                  0.000000    0.000000   clock source latency
     2    0.157321    1.138872    0.876637    0.876637 ^ clk (in)
                                                         clk (net)
                      1.154477    0.000000    0.876637 ^ clkbuf_regs_0_clk/A (sky130_fd_sc_hd__clkbuf_16)
     1    0.008569    0.076270    0.603404    1.480040 ^ clkbuf_regs_0_clk/X (sky130_fd_sc_hd__clkbuf_16)
                                                         clk_regs (net)
                      0.076271    0.000282    1.480322 ^ clkbuf_0_clk_regs/A (sky130_fd_sc_hd__clkbuf_16)
     8    0.078792    0.146453    0.309474    1.789796 ^ clkbuf_0_clk_regs/X (sky130_fd_sc_hd__clkbuf_16)
                                                         clknet_0_clk_regs (net)
                      0.146515    0.002954    1.792750 ^ clkbuf_3_5_0_clk_regs/A (sky130_fd_sc_hd__clkbuf_8)
     2    0.019206    0.081558    0.282362    2.075112 ^ clkbuf_3_5_0_clk_regs/X (sky130_fd_sc_hd__clkbuf_8)
                                                         clknet_3_5_0_clk_regs (net)
                      0.081559    0.000431    2.075543 ^ clkbuf_4_11__f_clk_regs/A (sky130_fd_sc_hd__clkbuf_16)
     8    0.027288    0.076763    0.248782    2.324325 ^ clkbuf_4_11__f_clk_regs/X (sky130_fd_sc_hd__clkbuf_16)
                                                         clknet_4_11__leaf_clk_regs (net)
                      0.076779    0.001082    2.325407 ^ _1528_/CLK (sky130_fd_sc_hd__dfxtp_2)
                                  0.100000    2.425407   clock uncertainty
                                 -0.221467    2.203940   clock reconvergence pessimism
                                 -0.064510    2.139430   library hold time
                                              2.139430   data required time
---------------------------------------------------------------------------------------------
                                              2.139430   data required time
                                             -3.251088   data arrival time
---------------------------------------------------------------------------------------------
                                              1.111658   slack (MET)


Startpoint: _1489_ (rising edge-triggered flip-flop clocked by clk)
Endpoint: _1489_ (rising edge-triggered flip-flop clocked by clk)
Path Group: clk
Path Type: min

Fanout         Cap        Slew       Delay        Time   Description
---------------------------------------------------------------------------------------------
                                  0.000000    0.000000   clock clk (rise edge)
                                  0.000000    0.000000   clock source latency
     2    0.157321    1.138872    0.793148    0.793148 ^ clk (in)
                                                         clk (net)
                      1.154477    0.000000    0.793148 ^ clkbuf_regs_0_clk/A (sky130_fd_sc_hd__clkbuf_16)
     1    0.008569    0.076270    0.545937    1.339084 ^ clkbuf_regs_0_clk/X (sky130_fd_sc_hd__clkbuf_16)
                                                         clk_regs (net)
                      0.076271    0.000255    1.339339 ^ clkbuf_0_clk_regs/A (sky130_fd_sc_hd__clkbuf_16)
     8    0.078792    0.146453    0.280000    1.619339 ^ clkbuf_0_clk_regs/X (sky130_fd_sc_hd__clkbuf_16)
                                                         clknet_0_clk_regs (net)
                      0.146489    0.002153    1.621492 ^ clkbuf_3_4_0_clk_regs/A (sky130_fd_sc_hd__clkbuf_8)
     2    0.018992    0.081069    0.254959    1.876451 ^ clkbuf_3_4_0_clk_regs/X (sky130_fd_sc_hd__clkbuf_8)
                                                         clknet_3_4_0_clk_regs (net)
                      0.081071    0.000493    1.876944 ^ clkbuf_4_8__f_clk_regs/A (sky130_fd_sc_hd__clkbuf_16)
     9    0.027849    0.077510    0.225685    2.102629 ^ clkbuf_4_8__f_clk_regs/X (sky130_fd_sc_hd__clkbuf_16)
                                                         clknet_4_8__leaf_clk_regs (net)
                      0.077518    0.000739    2.103368 ^ _1489_/CLK (sky130_fd_sc_hd__dfxtp_2)
     1    0.002001    0.047805    0.599324    2.702692 ^ _1489_/Q (sky130_fd_sc_hd__dfxtp_2)
                                                         u_top.instruction_mmu.u_tlb.vpn[2][2] (net)
                      0.047805    0.000037    2.702729 ^ _1739_/A (sky130_fd_sc_hd__buf_2)
     2    0.005275    0.062586    0.166282    2.869011 ^ _1739_/X (sky130_fd_sc_hd__buf_2)
                                                         _0756_ (net)
                      0.062586    0.000103    2.869114 ^ _1310_/A (sky130_fd_sc_hd__and2_2)
     1    0.002301    0.063794    0.228332    3.097446 ^ _1310_/X (sky130_fd_sc_hd__and2_2)
                                                         _0348_ (net)
                      0.063794    0.000064    3.097510 ^ _1910_/A (sky130_fd_sc_hd__buf_2)
     1    0.002239    0.042395    0.153130    3.250640 ^ _1910_/X (sky130_fd_sc_hd__buf_2)
                                                         _0980_ (net)
                      0.042395    0.000062    3.250701 ^ _1489_/D (sky130_fd_sc_hd__dfxtp_2)
                                              3.250701   data arrival time

                                  0.000000    0.000000   clock clk (rise edge)
                                  0.000000    0.000000   clock source latency
     2    0.157321    1.138872    0.876637    0.876637 ^ clk (in)
                                                         clk (net)
                      1.154477    0.000000    0.876637 ^ clkbuf_regs_0_clk/A (sky130_fd_sc_hd__clkbuf_16)
     1    0.008569    0.076270    0.603404    1.480040 ^ clkbuf_regs_0_clk/X (sky130_fd_sc_hd__clkbuf_16)
                                                         clk_regs (net)
                      0.076271    0.000282    1.480322 ^ clkbuf_0_clk_regs/A (sky130_fd_sc_hd__clkbuf_16)
     8    0.078792    0.146453    0.309474    1.789796 ^ clkbuf_0_clk_regs/X (sky130_fd_sc_hd__clkbuf_16)
                                                         clknet_0_clk_regs (net)
                      0.146489    0.002380    1.792176 ^ clkbuf_3_4_0_clk_regs/A (sky130_fd_sc_hd__clkbuf_8)
     2    0.018992    0.081069    0.281797    2.073972 ^ clkbuf_3_4_0_clk_regs/X (sky130_fd_sc_hd__clkbuf_8)
                                                         clknet_3_4_0_clk_regs (net)
                      0.081071    0.000545    2.074517 ^ clkbuf_4_8__f_clk_regs/A (sky130_fd_sc_hd__clkbuf_16)
     9    0.027849    0.077510    0.249441    2.323958 ^ clkbuf_4_8__f_clk_regs/X (sky130_fd_sc_hd__clkbuf_16)
                                                         clknet_4_8__leaf_clk_regs (net)
                      0.077518    0.000816    2.324775 ^ _1489_/CLK (sky130_fd_sc_hd__dfxtp_2)
                                  0.100000    2.424774   clock uncertainty
                                 -0.221407    2.203367   clock reconvergence pessimism
                                 -0.064357    2.139011   library hold time
                                              2.139011   data required time
---------------------------------------------------------------------------------------------
                                              2.139011   data required time
                                             -3.250701   data arrival time
---------------------------------------------------------------------------------------------
                                              1.111690   slack (MET)


Startpoint: _1539_ (rising edge-triggered flip-flop clocked by clk)
Endpoint: _1539_ (rising edge-triggered flip-flop clocked by clk)
Path Group: clk
Path Type: min

Fanout         Cap        Slew       Delay        Time   Description
---------------------------------------------------------------------------------------------
                                  0.000000    0.000000   clock clk (rise edge)
                                  0.000000    0.000000   clock source latency
     2    0.157321    1.138872    0.793148    0.793148 ^ clk (in)
                                                         clk (net)
                      1.154477    0.000000    0.793148 ^ clkbuf_regs_0_clk/A (sky130_fd_sc_hd__clkbuf_16)
     1    0.008569    0.076270    0.545937    1.339084 ^ clkbuf_regs_0_clk/X (sky130_fd_sc_hd__clkbuf_16)
                                                         clk_regs (net)
                      0.076271    0.000255    1.339339 ^ clkbuf_0_clk_regs/A (sky130_fd_sc_hd__clkbuf_16)
     8    0.078792    0.146453    0.280000    1.619339 ^ clkbuf_0_clk_regs/X (sky130_fd_sc_hd__clkbuf_16)
                                                         clknet_0_clk_regs (net)
                      0.146515    0.002672    1.622012 ^ clkbuf_3_5_0_clk_regs/A (sky130_fd_sc_hd__clkbuf_8)
     2    0.019206    0.081558    0.255471    1.877482 ^ clkbuf_3_5_0_clk_regs/X (sky130_fd_sc_hd__clkbuf_8)
                                                         clknet_3_5_0_clk_regs (net)
                      0.081560    0.000454    1.877936 ^ clkbuf_4_10__f_clk_regs/A (sky130_fd_sc_hd__clkbuf_16)
     8    0.023285    0.071546    0.219792    2.097728 ^ clkbuf_4_10__f_clk_regs/X (sky130_fd_sc_hd__clkbuf_16)
                                                         clknet_4_10__leaf_clk_regs (net)
                      0.071547    0.000462    2.098190 ^ _1539_/CLK (sky130_fd_sc_hd__dfxtp_2)
     1    0.002053    0.048147    0.597108    2.695298 ^ _1539_/Q (sky130_fd_sc_hd__dfxtp_2)
                                                         u_top.RV32I_Logic.Single_Cycle_Datapath.pcREG.q[9] (net)
                      0.048147    0.000054    2.695353 ^ _1837_/A (sky130_fd_sc_hd__buf_2)
     5    0.017592    0.149672    0.232726    2.928079 ^ _1837_/X (sky130_fd_sc_hd__buf_2)
                                                         _0659_ (net)
                      0.149672    0.000261    2.928340 ^ _1372_/A1 (sky130_fd_sc_hd__a21oi_2)
     1    0.002128    0.031732    0.112846    3.041186 v _1372_/Y (sky130_fd_sc_hd__a21oi_2)
                                                         _0398_ (net)
                      0.031732    0.000058    3.041243 v _1960_/A (sky130_fd_sc_hd__buf_2)
     1    0.001891    0.039986    0.190141    3.231385 v _1960_/X (sky130_fd_sc_hd__buf_2)
                                                         _1047_ (net)
                      0.039986    0.000050    3.231435 v _1539_/D (sky130_fd_sc_hd__dfxtp_2)
                                              3.231435   data arrival time

                                  0.000000    0.000000   clock clk (rise edge)
                                  0.000000    0.000000   clock source latency
     2    0.157321    1.138872    0.876637    0.876637 ^ clk (in)
                                                         clk (net)
                      1.154477    0.000000    0.876637 ^ clkbuf_regs_0_clk/A (sky130_fd_sc_hd__clkbuf_16)
     1    0.008569    0.076270    0.603404    1.480040 ^ clkbuf_regs_0_clk/X (sky130_fd_sc_hd__clkbuf_16)
                                                         clk_regs (net)
                      0.076271    0.000282    1.480322 ^ clkbuf_0_clk_regs/A (sky130_fd_sc_hd__clkbuf_16)
     8    0.078792    0.146453    0.309474    1.789796 ^ clkbuf_0_clk_regs/X (sky130_fd_sc_hd__clkbuf_16)
                                                         clknet_0_clk_regs (net)
                      0.146515    0.002954    1.792750 ^ clkbuf_3_5_0_clk_regs/A (sky130_fd_sc_hd__clkbuf_8)
     2    0.019206    0.081558    0.282362    2.075112 ^ clkbuf_3_5_0_clk_regs/X (sky130_fd_sc_hd__clkbuf_8)
                                                         clknet_3_5_0_clk_regs (net)
                      0.081560    0.000501    2.075613 ^ clkbuf_4_10__f_clk_regs/A (sky130_fd_sc_hd__clkbuf_16)
     8    0.023285    0.071546    0.242928    2.318541 ^ clkbuf_4_10__f_clk_regs/X (sky130_fd_sc_hd__clkbuf_16)
                                                         clknet_4_10__leaf_clk_regs (net)
                      0.071547    0.000510    2.319052 ^ _1539_/CLK (sky130_fd_sc_hd__dfxtp_2)
                                  0.100000    2.419052   clock uncertainty
                                 -0.220862    2.198190   clock reconvergence pessimism
                                 -0.078738    2.119452   library hold time
                                              2.119452   data required time
---------------------------------------------------------------------------------------------
                                              2.119452   data required time
                                             -3.231435   data arrival time
---------------------------------------------------------------------------------------------
                                              1.111983   slack (MET)


Startpoint: _1527_ (rising edge-triggered flip-flop clocked by clk)
Endpoint: _1527_ (rising edge-triggered flip-flop clocked by clk)
Path Group: clk
Path Type: min

Fanout         Cap        Slew       Delay        Time   Description
---------------------------------------------------------------------------------------------
                                  0.000000    0.000000   clock clk (rise edge)
                                  0.000000    0.000000   clock source latency
     2    0.157321    1.138872    0.793148    0.793148 ^ clk (in)
                                                         clk (net)
                      1.154477    0.000000    0.793148 ^ clkbuf_regs_0_clk/A (sky130_fd_sc_hd__clkbuf_16)
     1    0.008569    0.076270    0.545937    1.339084 ^ clkbuf_regs_0_clk/X (sky130_fd_sc_hd__clkbuf_16)
                                                         clk_regs (net)
                      0.076271    0.000255    1.339339 ^ clkbuf_0_clk_regs/A (sky130_fd_sc_hd__clkbuf_16)
     8    0.078792    0.146453    0.280000    1.619339 ^ clkbuf_0_clk_regs/X (sky130_fd_sc_hd__clkbuf_16)
                                                         clknet_0_clk_regs (net)
                      0.146476    0.001799    1.621139 ^ clkbuf_3_6_0_clk_regs/A (sky130_fd_sc_hd__clkbuf_8)
     2    0.019776    0.082884    0.256635    1.877774 ^ clkbuf_3_6_0_clk_regs/X (sky130_fd_sc_hd__clkbuf_8)
                                                         clknet_3_6_0_clk_regs (net)
                      0.082887    0.000546    1.878320 ^ clkbuf_4_12__f_clk_regs/A (sky130_fd_sc_hd__clkbuf_16)
     8    0.023263    0.071524    0.220463    2.098783 ^ clkbuf_4_12__f_clk_regs/X (sky130_fd_sc_hd__clkbuf_16)
                                                         clknet_4_12__leaf_clk_regs (net)
                      0.071525    0.000362    2.099145 ^ _1527_/CLK (sky130_fd_sc_hd__dfxtp_2)
     1    0.002974    0.053544    0.603847    2.702992 ^ _1527_/Q (sky130_fd_sc_hd__dfxtp_2)
                                                         u_top.instruction_mmu.u_tlb.vpn[3][15] (net)
                      0.053544    0.000083    2.703075 ^ _1803_/A (sky130_fd_sc_hd__buf_2)
     2    0.004905    0.060075    0.166319    2.869394 ^ _1803_/X (sky130_fd_sc_hd__buf_2)
                                                         _0770_ (net)
                      0.060075    0.000117    2.869511 ^ _1348_/A (sky130_fd_sc_hd__and2_2)
     1    0.002113    0.062488    0.225737    3.095248 ^ _1348_/X (sky130_fd_sc_hd__and2_2)
                                                         _0386_ (net)
                      0.062488    0.000058    3.095305 ^ _1948_/A (sky130_fd_sc_hd__buf_2)
     1    0.002029    0.041059    0.151151    3.246456 ^ _1948_/X (sky130_fd_sc_hd__buf_2)
                                                         _1035_ (net)
                      0.041059    0.000054    3.246511 ^ _1527_/D (sky130_fd_sc_hd__dfxtp_2)
                                              3.246511   data arrival time

                                  0.000000    0.000000   clock clk (rise edge)
                                  0.000000    0.000000   clock source latency
     2    0.157321    1.138872    0.876637    0.876637 ^ clk (in)
                                                         clk (net)
                      1.154477    0.000000    0.876637 ^ clkbuf_regs_0_clk/A (sky130_fd_sc_hd__clkbuf_16)
     1    0.008569    0.076270    0.603404    1.480040 ^ clkbuf_regs_0_clk/X (sky130_fd_sc_hd__clkbuf_16)
                                                         clk_regs (net)
                      0.076271    0.000282    1.480322 ^ clkbuf_0_clk_regs/A (sky130_fd_sc_hd__clkbuf_16)
     8    0.078792    0.146453    0.309474    1.789796 ^ clkbuf_0_clk_regs/X (sky130_fd_sc_hd__clkbuf_16)
                                                         clknet_0_clk_regs (net)
                      0.146476    0.001989    1.791785 ^ clkbuf_3_6_0_clk_regs/A (sky130_fd_sc_hd__clkbuf_8)
     2    0.019776    0.082884    0.283649    2.075434 ^ clkbuf_3_6_0_clk_regs/X (sky130_fd_sc_hd__clkbuf_8)
                                                         clknet_3_6_0_clk_regs (net)
                      0.082887    0.000604    2.076038 ^ clkbuf_4_12__f_clk_regs/A (sky130_fd_sc_hd__clkbuf_16)
     8    0.023263    0.071524    0.243670    2.319708 ^ clkbuf_4_12__f_clk_regs/X (sky130_fd_sc_hd__clkbuf_16)
                                                         clknet_4_12__leaf_clk_regs (net)
                      0.071525    0.000400    2.320108 ^ _1527_/CLK (sky130_fd_sc_hd__dfxtp_2)
                                  0.100000    2.420108   clock uncertainty
                                 -0.220963    2.199145   clock reconvergence pessimism
                                 -0.064999    2.134146   library hold time
                                              2.134146   data required time
---------------------------------------------------------------------------------------------
                                              2.134146   data required time
                                             -3.246511   data arrival time
---------------------------------------------------------------------------------------------
                                              1.112365   slack (MET)


Startpoint: _1469_ (rising edge-triggered flip-flop clocked by clk)
Endpoint: _1469_ (rising edge-triggered flip-flop clocked by clk)
Path Group: clk
Path Type: min

Fanout         Cap        Slew       Delay        Time   Description
---------------------------------------------------------------------------------------------
                                  0.000000    0.000000   clock clk (rise edge)
                                  0.000000    0.000000   clock source latency
     2    0.157321    1.138872    0.793148    0.793148 ^ clk (in)
                                                         clk (net)
                      1.154477    0.000000    0.793148 ^ clkbuf_regs_0_clk/A (sky130_fd_sc_hd__clkbuf_16)
     1    0.008569    0.076270    0.545937    1.339084 ^ clkbuf_regs_0_clk/X (sky130_fd_sc_hd__clkbuf_16)
                                                         clk_regs (net)
                      0.076271    0.000255    1.339339 ^ clkbuf_0_clk_regs/A (sky130_fd_sc_hd__clkbuf_16)
     8    0.078792    0.146453    0.280000    1.619339 ^ clkbuf_0_clk_regs/X (sky130_fd_sc_hd__clkbuf_16)
                                                         clknet_0_clk_regs (net)
                      0.146489    0.002153    1.621492 ^ clkbuf_3_4_0_clk_regs/A (sky130_fd_sc_hd__clkbuf_8)
     2    0.018992    0.081069    0.254959    1.876451 ^ clkbuf_3_4_0_clk_regs/X (sky130_fd_sc_hd__clkbuf_8)
                                                         clknet_3_4_0_clk_regs (net)
                      0.081071    0.000493    1.876944 ^ clkbuf_4_8__f_clk_regs/A (sky130_fd_sc_hd__clkbuf_16)
     9    0.027849    0.077510    0.225685    2.102629 ^ clkbuf_4_8__f_clk_regs/X (sky130_fd_sc_hd__clkbuf_16)
                                                         clknet_4_8__leaf_clk_regs (net)
                      0.077514    0.000609    2.103238 ^ _1469_/CLK (sky130_fd_sc_hd__dfxtp_2)
     1    0.001971    0.047613    0.599094    2.702332 ^ _1469_/Q (sky130_fd_sc_hd__dfxtp_2)
                                                         u_top.instruction_mmu.u_tlb.vpn[1][2] (net)
                      0.047613    0.000053    2.702384 ^ _1738_/A (sky130_fd_sc_hd__buf_2)
     2    0.006035    0.067788    0.170587    2.872972 ^ _1738_/X (sky130_fd_sc_hd__buf_2)
                                                         _0736_ (net)
                      0.067788    0.000105    2.873076 ^ _1290_/A (sky130_fd_sc_hd__and2_2)
     1    0.002074    0.062291    0.228525    3.101601 ^ _1290_/X (sky130_fd_sc_hd__and2_2)
                                                         _0328_ (net)
                      0.062291    0.000039    3.101640 ^ _1890_/A (sky130_fd_sc_hd__buf_2)
     1    0.001898    0.040221    0.150194    3.251834 ^ _1890_/X (sky130_fd_sc_hd__buf_2)
                                                         _0940_ (net)
                      0.040221    0.000050    3.251884 ^ _1469_/D (sky130_fd_sc_hd__dfxtp_2)
                                              3.251884   data arrival time

                                  0.000000    0.000000   clock clk (rise edge)
                                  0.000000    0.000000   clock source latency
     2    0.157321    1.138872    0.876637    0.876637 ^ clk (in)
                                                         clk (net)
                      1.154477    0.000000    0.876637 ^ clkbuf_regs_0_clk/A (sky130_fd_sc_hd__clkbuf_16)
     1    0.008569    0.076270    0.603404    1.480040 ^ clkbuf_regs_0_clk/X (sky130_fd_sc_hd__clkbuf_16)
                                                         clk_regs (net)
                      0.076271    0.000282    1.480322 ^ clkbuf_0_clk_regs/A (sky130_fd_sc_hd__clkbuf_16)
     8    0.078792    0.146453    0.309474    1.789796 ^ clkbuf_0_clk_regs/X (sky130_fd_sc_hd__clkbuf_16)
                                                         clknet_0_clk_regs (net)
                      0.146489    0.002380    1.792176 ^ clkbuf_3_4_0_clk_regs/A (sky130_fd_sc_hd__clkbuf_8)
     2    0.018992    0.081069    0.281797    2.073972 ^ clkbuf_3_4_0_clk_regs/X (sky130_fd_sc_hd__clkbuf_8)
                                                         clknet_3_4_0_clk_regs (net)
                      0.081071    0.000545    2.074517 ^ clkbuf_4_8__f_clk_regs/A (sky130_fd_sc_hd__clkbuf_16)
     9    0.027849    0.077510    0.249441    2.323958 ^ clkbuf_4_8__f_clk_regs/X (sky130_fd_sc_hd__clkbuf_16)
                                                         clknet_4_8__leaf_clk_regs (net)
                      0.077514    0.000673    2.324631 ^ _1469_/CLK (sky130_fd_sc_hd__dfxtp_2)
                                  0.100000    2.424631   clock uncertainty
                                 -0.221393    2.203238   clock reconvergence pessimism
                                 -0.063854    2.139383   library hold time
                                              2.139383   data required time
---------------------------------------------------------------------------------------------
                                              2.139383   data required time
                                             -3.251884   data arrival time
---------------------------------------------------------------------------------------------
                                              1.112501   slack (MET)


Startpoint: _1531_ (rising edge-triggered flip-flop clocked by clk)
Endpoint: _1531_ (rising edge-triggered flip-flop clocked by clk)
Path Group: clk
Path Type: min

Fanout         Cap        Slew       Delay        Time   Description
---------------------------------------------------------------------------------------------
                                  0.000000    0.000000   clock clk (rise edge)
                                  0.000000    0.000000   clock source latency
     2    0.157321    1.138872    0.793148    0.793148 ^ clk (in)
                                                         clk (net)
                      1.154477    0.000000    0.793148 ^ clkbuf_regs_0_clk/A (sky130_fd_sc_hd__clkbuf_16)
     1    0.008569    0.076270    0.545937    1.339084 ^ clkbuf_regs_0_clk/X (sky130_fd_sc_hd__clkbuf_16)
                                                         clk_regs (net)
                      0.076271    0.000255    1.339339 ^ clkbuf_0_clk_regs/A (sky130_fd_sc_hd__clkbuf_16)
     8    0.078792    0.146453    0.280000    1.619339 ^ clkbuf_0_clk_regs/X (sky130_fd_sc_hd__clkbuf_16)
                                                         clknet_0_clk_regs (net)
                      0.146515    0.002672    1.622012 ^ clkbuf_3_5_0_clk_regs/A (sky130_fd_sc_hd__clkbuf_8)
     2    0.019206    0.081558    0.255471    1.877482 ^ clkbuf_3_5_0_clk_regs/X (sky130_fd_sc_hd__clkbuf_8)
                                                         clknet_3_5_0_clk_regs (net)
                      0.081560    0.000454    1.877936 ^ clkbuf_4_10__f_clk_regs/A (sky130_fd_sc_hd__clkbuf_16)
     8    0.023285    0.071546    0.219792    2.097728 ^ clkbuf_4_10__f_clk_regs/X (sky130_fd_sc_hd__clkbuf_16)
                                                         clknet_4_10__leaf_clk_regs (net)
                      0.071548    0.000679    2.098407 ^ _1531_/CLK (sky130_fd_sc_hd__dfxtp_2)
     1    0.002303    0.049719    0.598942    2.697348 ^ _1531_/Q (sky130_fd_sc_hd__dfxtp_2)
                                                         u_top.instruction_mmu.u_tlb.vpn[3][19] (net)
                      0.049719    0.000064    2.697412 ^ _1823_/A (sky130_fd_sc_hd__buf_2)
     2    0.004948    0.060368    0.164931    2.862343 ^ _1823_/X (sky130_fd_sc_hd__buf_2)
                                                         _0774_ (net)
                      0.060368    0.000096    2.862440 ^ _1352_/A (sky130_fd_sc_hd__and2_2)
     1    0.002158    0.062802    0.226237    3.088677 ^ _1352_/X (sky130_fd_sc_hd__and2_2)
                                                         _0390_ (net)
                      0.062802    0.000058    3.088735 ^ _1952_/A (sky130_fd_sc_hd__buf_2)
     1    0.002786    0.045892    0.156318    3.245053 ^ _1952_/X (sky130_fd_sc_hd__buf_2)
                                                         _1039_ (net)
                      0.045892    0.000079    3.245131 ^ _1531_/D (sky130_fd_sc_hd__dfxtp_2)
                                              3.245131   data arrival time

                                  0.000000    0.000000   clock clk (rise edge)
                                  0.000000    0.000000   clock source latency
     2    0.157321    1.138872    0.876637    0.876637 ^ clk (in)
                                                         clk (net)
                      1.154477    0.000000    0.876637 ^ clkbuf_regs_0_clk/A (sky130_fd_sc_hd__clkbuf_16)
     1    0.008569    0.076270    0.603404    1.480040 ^ clkbuf_regs_0_clk/X (sky130_fd_sc_hd__clkbuf_16)
                                                         clk_regs (net)
                      0.076271    0.000282    1.480322 ^ clkbuf_0_clk_regs/A (sky130_fd_sc_hd__clkbuf_16)
     8    0.078792    0.146453    0.309474    1.789796 ^ clkbuf_0_clk_regs/X (sky130_fd_sc_hd__clkbuf_16)
                                                         clknet_0_clk_regs (net)
                      0.146515    0.002954    1.792750 ^ clkbuf_3_5_0_clk_regs/A (sky130_fd_sc_hd__clkbuf_8)
     2    0.019206    0.081558    0.282362    2.075112 ^ clkbuf_3_5_0_clk_regs/X (sky130_fd_sc_hd__clkbuf_8)
                                                         clknet_3_5_0_clk_regs (net)
                      0.081560    0.000501    2.075613 ^ clkbuf_4_10__f_clk_regs/A (sky130_fd_sc_hd__clkbuf_16)
     8    0.023285    0.071546    0.242928    2.318541 ^ clkbuf_4_10__f_clk_regs/X (sky130_fd_sc_hd__clkbuf_16)
                                                         clknet_4_10__leaf_clk_regs (net)
                      0.071548    0.000750    2.319291 ^ _1531_/CLK (sky130_fd_sc_hd__dfxtp_2)
                                  0.100000    2.419291   clock uncertainty
                                 -0.220885    2.198407   clock reconvergence pessimism
                                 -0.066113    2.132293   library hold time
                                              2.132293   data required time
---------------------------------------------------------------------------------------------
                                              2.132293   data required time
                                             -3.245131   data arrival time
---------------------------------------------------------------------------------------------
                                              1.112838   slack (MET)


Startpoint: _1455_ (rising edge-triggered flip-flop clocked by clk)
Endpoint: _1455_ (rising edge-triggered flip-flop clocked by clk)
Path Group: clk
Path Type: min

Fanout         Cap        Slew       Delay        Time   Description
---------------------------------------------------------------------------------------------
                                  0.000000    0.000000   clock clk (rise edge)
                                  0.000000    0.000000   clock source latency
     2    0.157321    1.138872    0.793148    0.793148 ^ clk (in)
                                                         clk (net)
                      1.154477    0.000000    0.793148 ^ clkbuf_regs_0_clk/A (sky130_fd_sc_hd__clkbuf_16)
     1    0.008569    0.076270    0.545937    1.339084 ^ clkbuf_regs_0_clk/X (sky130_fd_sc_hd__clkbuf_16)
                                                         clk_regs (net)
                      0.076271    0.000255    1.339339 ^ clkbuf_0_clk_regs/A (sky130_fd_sc_hd__clkbuf_16)
     8    0.078792    0.146453    0.280000    1.619339 ^ clkbuf_0_clk_regs/X (sky130_fd_sc_hd__clkbuf_16)
                                                         clknet_0_clk_regs (net)
                      0.146476    0.001799    1.621139 ^ clkbuf_3_6_0_clk_regs/A (sky130_fd_sc_hd__clkbuf_8)
     2    0.019776    0.082884    0.256635    1.877774 ^ clkbuf_3_6_0_clk_regs/X (sky130_fd_sc_hd__clkbuf_8)
                                                         clknet_3_6_0_clk_regs (net)
                      0.082886    0.000512    1.878286 ^ clkbuf_4_13__f_clk_regs/A (sky130_fd_sc_hd__clkbuf_16)
     8    0.024105    0.072567    0.221410    2.099695 ^ clkbuf_4_13__f_clk_regs/X (sky130_fd_sc_hd__clkbuf_16)
                                                         clknet_4_13__leaf_clk_regs (net)
                      0.072586    0.000582    2.100278 ^ _1455_/CLK (sky130_fd_sc_hd__dfxtp_2)
     1    0.002115    0.048537    0.598018    2.698295 ^ _1455_/Q (sky130_fd_sc_hd__dfxtp_2)
                                                         u_top.instruction_mmu.u_tlb.vpn[0][8] (net)
                      0.048537    0.000056    2.698351 ^ _1765_/A (sky130_fd_sc_hd__buf_2)
     2    0.006173    0.068727    0.171738    2.870089 ^ _1765_/X (sky130_fd_sc_hd__buf_2)
                                                         _0722_ (net)
                      0.068727    0.000155    2.870244 ^ _1276_/B2 (sky130_fd_sc_hd__a22o_2)
     1    0.001974    0.055284    0.232082    3.102325 ^ _1276_/X (sky130_fd_sc_hd__a22o_2)
                                                         _0314_ (net)
                      0.055284    0.000052    3.102378 ^ _1876_/A (sky130_fd_sc_hd__buf_2)
     1    0.001788    0.039555    0.146324    3.248701 ^ _1876_/X (sky130_fd_sc_hd__buf_2)
                                                         _0912_ (net)
                      0.039555    0.000047    3.248748 ^ _1455_/D (sky130_fd_sc_hd__dfxtp_2)
                                              3.248748   data arrival time

                                  0.000000    0.000000   clock clk (rise edge)
                                  0.000000    0.000000   clock source latency
     2    0.157321    1.138872    0.876637    0.876637 ^ clk (in)
                                                         clk (net)
                      1.154477    0.000000    0.876637 ^ clkbuf_regs_0_clk/A (sky130_fd_sc_hd__clkbuf_16)
     1    0.008569    0.076270    0.603404    1.480040 ^ clkbuf_regs_0_clk/X (sky130_fd_sc_hd__clkbuf_16)
                                                         clk_regs (net)
                      0.076271    0.000282    1.480322 ^ clkbuf_0_clk_regs/A (sky130_fd_sc_hd__clkbuf_16)
     8    0.078792    0.146453    0.309474    1.789796 ^ clkbuf_0_clk_regs/X (sky130_fd_sc_hd__clkbuf_16)
                                                         clknet_0_clk_regs (net)
                      0.146476    0.001989    1.791785 ^ clkbuf_3_6_0_clk_regs/A (sky130_fd_sc_hd__clkbuf_8)
     2    0.019776    0.082884    0.283649    2.075434 ^ clkbuf_3_6_0_clk_regs/X (sky130_fd_sc_hd__clkbuf_8)
                                                         clknet_3_6_0_clk_regs (net)
                      0.082886    0.000566    2.076000 ^ clkbuf_4_13__f_clk_regs/A (sky130_fd_sc_hd__clkbuf_16)
     8    0.024105    0.072567    0.244716    2.320716 ^ clkbuf_4_13__f_clk_regs/X (sky130_fd_sc_hd__clkbuf_16)
                                                         clknet_4_13__leaf_clk_regs (net)
                      0.072586    0.000644    2.321360 ^ _1455_/CLK (sky130_fd_sc_hd__dfxtp_2)
                                  0.100000    2.421360   clock uncertainty
                                 -0.221082    2.200278   clock reconvergence pessimism
                                 -0.064483    2.135795   library hold time
                                              2.135795   data required time
---------------------------------------------------------------------------------------------
                                              2.135795   data required time
                                             -3.248748   data arrival time
---------------------------------------------------------------------------------------------
                                              1.112953   slack (MET)


Startpoint: _1493_ (rising edge-triggered flip-flop clocked by clk)
Endpoint: _1493_ (rising edge-triggered flip-flop clocked by clk)
Path Group: clk
Path Type: min

Fanout         Cap        Slew       Delay        Time   Description
---------------------------------------------------------------------------------------------
                                  0.000000    0.000000   clock clk (rise edge)
                                  0.000000    0.000000   clock source latency
     2    0.157321    1.138872    0.793148    0.793148 ^ clk (in)
                                                         clk (net)
                      1.154477    0.000000    0.793148 ^ clkbuf_regs_0_clk/A (sky130_fd_sc_hd__clkbuf_16)
     1    0.008569    0.076270    0.545937    1.339084 ^ clkbuf_regs_0_clk/X (sky130_fd_sc_hd__clkbuf_16)
                                                         clk_regs (net)
                      0.076271    0.000255    1.339339 ^ clkbuf_0_clk_regs/A (sky130_fd_sc_hd__clkbuf_16)
     8    0.078792    0.146453    0.280000    1.619339 ^ clkbuf_0_clk_regs/X (sky130_fd_sc_hd__clkbuf_16)
                                                         clknet_0_clk_regs (net)
                      0.146520    0.002753    1.622092 ^ clkbuf_3_7_0_clk_regs/A (sky130_fd_sc_hd__clkbuf_8)
     2    0.018154    0.079145    0.253176    1.875268 ^ clkbuf_3_7_0_clk_regs/X (sky130_fd_sc_hd__clkbuf_8)
                                                         clknet_3_7_0_clk_regs (net)
                      0.079147    0.000440    1.875708 ^ clkbuf_4_14__f_clk_regs/A (sky130_fd_sc_hd__clkbuf_16)
     8    0.025541    0.074447    0.221774    2.097482 ^ clkbuf_4_14__f_clk_regs/X (sky130_fd_sc_hd__clkbuf_16)
                                                         clknet_4_14__leaf_clk_regs (net)
                      0.074458    0.000770    2.098252 ^ _1493_/CLK (sky130_fd_sc_hd__dfxtp_2)
     1    0.002185    0.048970    0.599339    2.697591 ^ _1493_/Q (sky130_fd_sc_hd__dfxtp_2)
                                                         u_top.instruction_mmu.u_tlb.vpn[2][6] (net)
                      0.048970    0.000059    2.697650 ^ _1757_/A (sky130_fd_sc_hd__buf_2)
     2    0.004285    0.055865    0.160189    2.857839 ^ _1757_/X (sky130_fd_sc_hd__buf_2)
                                                         _0760_ (net)
                      0.055865    0.000082    2.857921 ^ _1314_/A (sky130_fd_sc_hd__and2_2)
     1    0.002452    0.064773    0.226885    3.084806 ^ _1314_/X (sky130_fd_sc_hd__and2_2)
                                                         _0352_ (net)
                      0.064773    0.000066    3.084872 ^ _1914_/A (sky130_fd_sc_hd__buf_2)
     1    0.003309    0.049250    0.160655    3.245527 ^ _1914_/X (sky130_fd_sc_hd__buf_2)
                                                         _0988_ (net)
                      0.049250    0.000103    3.245630 ^ _1493_/D (sky130_fd_sc_hd__dfxtp_2)
                                              3.245630   data arrival time

                                  0.000000    0.000000   clock clk (rise edge)
                                  0.000000    0.000000   clock source latency
     2    0.157321    1.138872    0.876637    0.876637 ^ clk (in)
                                                         clk (net)
                      1.154477    0.000000    0.876637 ^ clkbuf_regs_0_clk/A (sky130_fd_sc_hd__clkbuf_16)
     1    0.008569    0.076270    0.603404    1.480040 ^ clkbuf_regs_0_clk/X (sky130_fd_sc_hd__clkbuf_16)
                                                         clk_regs (net)
                      0.076271    0.000282    1.480322 ^ clkbuf_0_clk_regs/A (sky130_fd_sc_hd__clkbuf_16)
     8    0.078792    0.146453    0.309474    1.789796 ^ clkbuf_0_clk_regs/X (sky130_fd_sc_hd__clkbuf_16)
                                                         clknet_0_clk_regs (net)
                      0.146520    0.003043    1.792839 ^ clkbuf_3_7_0_clk_regs/A (sky130_fd_sc_hd__clkbuf_8)
     2    0.018154    0.079145    0.279826    2.072665 ^ clkbuf_3_7_0_clk_regs/X (sky130_fd_sc_hd__clkbuf_8)
                                                         clknet_3_7_0_clk_regs (net)
                      0.079147    0.000486    2.073151 ^ clkbuf_4_14__f_clk_regs/A (sky130_fd_sc_hd__clkbuf_16)
     8    0.025541    0.074447    0.245118    2.318269 ^ clkbuf_4_14__f_clk_regs/X (sky130_fd_sc_hd__clkbuf_16)
                                                         clknet_4_14__leaf_clk_regs (net)
                      0.074458    0.000851    2.319120 ^ _1493_/CLK (sky130_fd_sc_hd__dfxtp_2)
                                  0.100000    2.419120   clock uncertainty
                                 -0.220868    2.198252   clock reconvergence pessimism
                                 -0.066427    2.131825   library hold time
                                              2.131825   data required time
---------------------------------------------------------------------------------------------
                                              2.131825   data required time
                                             -3.245630   data arrival time
---------------------------------------------------------------------------------------------
                                              1.113806   slack (MET)


Startpoint: _1506_ (rising edge-triggered flip-flop clocked by clk)
Endpoint: _1506_ (rising edge-triggered flip-flop clocked by clk)
Path Group: clk
Path Type: min

Fanout         Cap        Slew       Delay        Time   Description
---------------------------------------------------------------------------------------------
                                  0.000000    0.000000   clock clk (rise edge)
                                  0.000000    0.000000   clock source latency
     2    0.157321    1.138872    0.793148    0.793148 ^ clk (in)
                                                         clk (net)
                      1.154477    0.000000    0.793148 ^ clkbuf_regs_0_clk/A (sky130_fd_sc_hd__clkbuf_16)
     1    0.008569    0.076270    0.545937    1.339084 ^ clkbuf_regs_0_clk/X (sky130_fd_sc_hd__clkbuf_16)
                                                         clk_regs (net)
                      0.076271    0.000255    1.339339 ^ clkbuf_0_clk_regs/A (sky130_fd_sc_hd__clkbuf_16)
     8    0.078792    0.146453    0.280000    1.619339 ^ clkbuf_0_clk_regs/X (sky130_fd_sc_hd__clkbuf_16)
                                                         clknet_0_clk_regs (net)
                      0.146515    0.002672    1.622012 ^ clkbuf_3_5_0_clk_regs/A (sky130_fd_sc_hd__clkbuf_8)
     2    0.019206    0.081558    0.255471    1.877482 ^ clkbuf_3_5_0_clk_regs/X (sky130_fd_sc_hd__clkbuf_8)
                                                         clknet_3_5_0_clk_regs (net)
                      0.081560    0.000454    1.877936 ^ clkbuf_4_10__f_clk_regs/A (sky130_fd_sc_hd__clkbuf_16)
     8    0.023285    0.071546    0.219792    2.097728 ^ clkbuf_4_10__f_clk_regs/X (sky130_fd_sc_hd__clkbuf_16)
                                                         clknet_4_10__leaf_clk_regs (net)
                      0.071548    0.000668    2.098396 ^ _1506_/CLK (sky130_fd_sc_hd__dfxtp_2)
     1    0.002282    0.049587    0.598788    2.697184 ^ _1506_/Q (sky130_fd_sc_hd__dfxtp_2)
                                                         u_top.instruction_mmu.u_tlb.vpn[2][19] (net)
                      0.049587    0.000061    2.697246 ^ _1822_/A (sky130_fd_sc_hd__buf_2)
     2    0.005183    0.061948    0.166443    2.863689 ^ _1822_/X (sky130_fd_sc_hd__buf_2)
                                                         _0754_ (net)
                      0.061948    0.000121    2.863810 ^ _1327_/A (sky130_fd_sc_hd__and2_2)
     1    0.002335    0.064018    0.228358    3.092168 ^ _1327_/X (sky130_fd_sc_hd__and2_2)
                                                         _0365_ (net)
                      0.064018    0.000064    3.092232 ^ _1927_/A (sky130_fd_sc_hd__buf_2)
     1    0.002421    0.043556    0.154437    3.246669 ^ _1927_/X (sky130_fd_sc_hd__buf_2)
                                                         _1014_ (net)
                      0.043556    0.000066    3.246735 ^ _1506_/D (sky130_fd_sc_hd__dfxtp_2)
                                              3.246735   data arrival time

                                  0.000000    0.000000   clock clk (rise edge)
                                  0.000000    0.000000   clock source latency
     2    0.157321    1.138872    0.876637    0.876637 ^ clk (in)
                                                         clk (net)
                      1.154477    0.000000    0.876637 ^ clkbuf_regs_0_clk/A (sky130_fd_sc_hd__clkbuf_16)
     1    0.008569    0.076270    0.603404    1.480040 ^ clkbuf_regs_0_clk/X (sky130_fd_sc_hd__clkbuf_16)
                                                         clk_regs (net)
                      0.076271    0.000282    1.480322 ^ clkbuf_0_clk_regs/A (sky130_fd_sc_hd__clkbuf_16)
     8    0.078792    0.146453    0.309474    1.789796 ^ clkbuf_0_clk_regs/X (sky130_fd_sc_hd__clkbuf_16)
                                                         clknet_0_clk_regs (net)
                      0.146515    0.002954    1.792750 ^ clkbuf_3_5_0_clk_regs/A (sky130_fd_sc_hd__clkbuf_8)
     2    0.019206    0.081558    0.282362    2.075112 ^ clkbuf_3_5_0_clk_regs/X (sky130_fd_sc_hd__clkbuf_8)
                                                         clknet_3_5_0_clk_regs (net)
                      0.081560    0.000501    2.075613 ^ clkbuf_4_10__f_clk_regs/A (sky130_fd_sc_hd__clkbuf_16)
     8    0.023285    0.071546    0.242928    2.318541 ^ clkbuf_4_10__f_clk_regs/X (sky130_fd_sc_hd__clkbuf_16)
                                                         clknet_4_10__leaf_clk_regs (net)
                      0.071548    0.000739    2.319280 ^ _1506_/CLK (sky130_fd_sc_hd__dfxtp_2)
                                  0.100000    2.419280   clock uncertainty
                                 -0.220884    2.198396   clock reconvergence pessimism
                                 -0.065573    2.132823   library hold time
                                              2.132823   data required time
---------------------------------------------------------------------------------------------
                                              2.132823   data required time
                                             -3.246735   data arrival time
---------------------------------------------------------------------------------------------
                                              1.113911   slack (MET)


Startpoint: _1530_ (rising edge-triggered flip-flop clocked by clk)
Endpoint: _1530_ (rising edge-triggered flip-flop clocked by clk)
Path Group: clk
Path Type: min

Fanout         Cap        Slew       Delay        Time   Description
---------------------------------------------------------------------------------------------
                                  0.000000    0.000000   clock clk (rise edge)
                                  0.000000    0.000000   clock source latency
     2    0.157321    1.138872    0.793148    0.793148 ^ clk (in)
                                                         clk (net)
                      1.154477    0.000000    0.793148 ^ clkbuf_regs_0_clk/A (sky130_fd_sc_hd__clkbuf_16)
     1    0.008569    0.076270    0.545937    1.339084 ^ clkbuf_regs_0_clk/X (sky130_fd_sc_hd__clkbuf_16)
                                                         clk_regs (net)
                      0.076271    0.000255    1.339339 ^ clkbuf_0_clk_regs/A (sky130_fd_sc_hd__clkbuf_16)
     8    0.078792    0.146453    0.280000    1.619339 ^ clkbuf_0_clk_regs/X (sky130_fd_sc_hd__clkbuf_16)
                                                         clknet_0_clk_regs (net)
                      0.146520    0.002753    1.622092 ^ clkbuf_3_7_0_clk_regs/A (sky130_fd_sc_hd__clkbuf_8)
     2    0.018154    0.079145    0.253176    1.875268 ^ clkbuf_3_7_0_clk_regs/X (sky130_fd_sc_hd__clkbuf_8)
                                                         clknet_3_7_0_clk_regs (net)
                      0.079147    0.000440    1.875708 ^ clkbuf_4_14__f_clk_regs/A (sky130_fd_sc_hd__clkbuf_16)
     8    0.025541    0.074447    0.221774    2.097482 ^ clkbuf_4_14__f_clk_regs/X (sky130_fd_sc_hd__clkbuf_16)
                                                         clknet_4_14__leaf_clk_regs (net)
                      0.074449    0.000458    2.097940 ^ _1530_/CLK (sky130_fd_sc_hd__dfxtp_2)
     1    0.002655    0.051831    0.602780    2.700720 ^ _1530_/Q (sky130_fd_sc_hd__dfxtp_2)
                                                         u_top.instruction_mmu.u_tlb.vpn[3][18] (net)
                      0.051831    0.000077    2.700797 ^ _1818_/A (sky130_fd_sc_hd__buf_2)
     2    0.005678    0.065376    0.170516    2.871313 ^ _1818_/X (sky130_fd_sc_hd__buf_2)
                                                         _0773_ (net)
                      0.065376    0.000145    2.871459 ^ _1351_/A (sky130_fd_sc_hd__and2_2)
     1    0.002078    0.062293    0.227582    3.099041 ^ _1351_/X (sky130_fd_sc_hd__and2_2)
                                                         _0389_ (net)
                      0.062293    0.000039    3.099080 ^ _1951_/A (sky130_fd_sc_hd__buf_2)
     1    0.001908    0.040286    0.150261    3.249341 ^ _1951_/X (sky130_fd_sc_hd__buf_2)
                                                         _1038_ (net)
                      0.040286    0.000051    3.249391 ^ _1530_/D (sky130_fd_sc_hd__dfxtp_2)
                                              3.249391   data arrival time

                                  0.000000    0.000000   clock clk (rise edge)
                                  0.000000    0.000000   clock source latency
     2    0.157321    1.138872    0.876637    0.876637 ^ clk (in)
                                                         clk (net)
                      1.154477    0.000000    0.876637 ^ clkbuf_regs_0_clk/A (sky130_fd_sc_hd__clkbuf_16)
     1    0.008569    0.076270    0.603404    1.480040 ^ clkbuf_regs_0_clk/X (sky130_fd_sc_hd__clkbuf_16)
                                                         clk_regs (net)
                      0.076271    0.000282    1.480322 ^ clkbuf_0_clk_regs/A (sky130_fd_sc_hd__clkbuf_16)
     8    0.078792    0.146453    0.309474    1.789796 ^ clkbuf_0_clk_regs/X (sky130_fd_sc_hd__clkbuf_16)
                                                         clknet_0_clk_regs (net)
                      0.146520    0.003043    1.792839 ^ clkbuf_3_7_0_clk_regs/A (sky130_fd_sc_hd__clkbuf_8)
     2    0.018154    0.079145    0.279826    2.072665 ^ clkbuf_3_7_0_clk_regs/X (sky130_fd_sc_hd__clkbuf_8)
                                                         clknet_3_7_0_clk_regs (net)
                      0.079147    0.000486    2.073151 ^ clkbuf_4_14__f_clk_regs/A (sky130_fd_sc_hd__clkbuf_16)
     8    0.025541    0.074447    0.245118    2.318269 ^ clkbuf_4_14__f_clk_regs/X (sky130_fd_sc_hd__clkbuf_16)
                                                         clknet_4_14__leaf_clk_regs (net)
                      0.074449    0.000507    2.318776 ^ _1530_/CLK (sky130_fd_sc_hd__dfxtp_2)
                                  0.100000    2.418776   clock uncertainty
                                 -0.220836    2.197940   clock reconvergence pessimism
                                 -0.064356    2.133584   library hold time
                                              2.133584   data required time
---------------------------------------------------------------------------------------------
                                              2.133584   data required time
                                             -3.249391   data arrival time
---------------------------------------------------------------------------------------------
                                              1.115807   slack (MET)


Startpoint: _1512_ (rising edge-triggered flip-flop clocked by clk)
Endpoint: _1512_ (rising edge-triggered flip-flop clocked by clk)
Path Group: clk
Path Type: min

Fanout         Cap        Slew       Delay        Time   Description
---------------------------------------------------------------------------------------------
                                  0.000000    0.000000   clock clk (rise edge)
                                  0.000000    0.000000   clock source latency
     2    0.157321    1.138872    0.793148    0.793148 ^ clk (in)
                                                         clk (net)
                      1.154477    0.000000    0.793148 ^ clkbuf_regs_0_clk/A (sky130_fd_sc_hd__clkbuf_16)
     1    0.008569    0.076270    0.545937    1.339084 ^ clkbuf_regs_0_clk/X (sky130_fd_sc_hd__clkbuf_16)
                                                         clk_regs (net)
                      0.076271    0.000255    1.339339 ^ clkbuf_0_clk_regs/A (sky130_fd_sc_hd__clkbuf_16)
     8    0.078792    0.146453    0.280000    1.619339 ^ clkbuf_0_clk_regs/X (sky130_fd_sc_hd__clkbuf_16)
                                                         clknet_0_clk_regs (net)
                      0.146489    0.002153    1.621492 ^ clkbuf_3_4_0_clk_regs/A (sky130_fd_sc_hd__clkbuf_8)
     2    0.018992    0.081069    0.254959    1.876451 ^ clkbuf_3_4_0_clk_regs/X (sky130_fd_sc_hd__clkbuf_8)
                                                         clknet_3_4_0_clk_regs (net)
                      0.081071    0.000493    1.876944 ^ clkbuf_4_8__f_clk_regs/A (sky130_fd_sc_hd__clkbuf_16)
     9    0.027849    0.077510    0.225685    2.102629 ^ clkbuf_4_8__f_clk_regs/X (sky130_fd_sc_hd__clkbuf_16)
                                                         clknet_4_8__leaf_clk_regs (net)
                      0.077520    0.000807    2.103436 ^ _1512_/CLK (sky130_fd_sc_hd__dfxtp_2)
     1    0.002368    0.050111    0.602006    2.705442 ^ _1512_/Q (sky130_fd_sc_hd__dfxtp_2)
                                                         u_top.instruction_mmu.u_tlb.vpn[3][0] (net)
                      0.050111    0.000066    2.705508 ^ _1732_/A (sky130_fd_sc_hd__buf_2)
     2    0.006004    0.067576    0.171515    2.877023 ^ _1732_/X (sky130_fd_sc_hd__buf_2)
                                                         _0764_ (net)
                      0.067576    0.000073    2.877096 ^ _1333_/A (sky130_fd_sc_hd__and2_2)
     1    0.001908    0.061157    0.227044    3.104140 ^ _1333_/X (sky130_fd_sc_hd__and2_2)
                                                         _0371_ (net)
                      0.061157    0.000035    3.104174 ^ _1933_/A (sky130_fd_sc_hd__buf_2)
     1    0.002107    0.041564    0.151076    3.255250 ^ _1933_/X (sky130_fd_sc_hd__buf_2)
                                                         _1020_ (net)
                      0.041564    0.000055    3.255305 ^ _1512_/D (sky130_fd_sc_hd__dfxtp_2)
                                              3.255305   data arrival time

                                  0.000000    0.000000   clock clk (rise edge)
                                  0.000000    0.000000   clock source latency
     2    0.157321    1.138872    0.876637    0.876637 ^ clk (in)
                                                         clk (net)
                      1.154477    0.000000    0.876637 ^ clkbuf_regs_0_clk/A (sky130_fd_sc_hd__clkbuf_16)
     1    0.008569    0.076270    0.603404    1.480040 ^ clkbuf_regs_0_clk/X (sky130_fd_sc_hd__clkbuf_16)
                                                         clk_regs (net)
                      0.076271    0.000282    1.480322 ^ clkbuf_0_clk_regs/A (sky130_fd_sc_hd__clkbuf_16)
     8    0.078792    0.146453    0.309474    1.789796 ^ clkbuf_0_clk_regs/X (sky130_fd_sc_hd__clkbuf_16)
                                                         clknet_0_clk_regs (net)
                      0.146489    0.002380    1.792176 ^ clkbuf_3_4_0_clk_regs/A (sky130_fd_sc_hd__clkbuf_8)
     2    0.018992    0.081069    0.281797    2.073972 ^ clkbuf_3_4_0_clk_regs/X (sky130_fd_sc_hd__clkbuf_8)
                                                         clknet_3_4_0_clk_regs (net)
                      0.081071    0.000545    2.074517 ^ clkbuf_4_8__f_clk_regs/A (sky130_fd_sc_hd__clkbuf_16)
     9    0.027849    0.077510    0.249441    2.323958 ^ clkbuf_4_8__f_clk_regs/X (sky130_fd_sc_hd__clkbuf_16)
                                                         clknet_4_8__leaf_clk_regs (net)
                      0.077520    0.000892    2.324850 ^ _1512_/CLK (sky130_fd_sc_hd__dfxtp_2)
                                  0.100000    2.424850   clock uncertainty
                                 -0.221414    2.203436   clock reconvergence pessimism
                                 -0.064164    2.139272   library hold time
                                              2.139272   data required time
---------------------------------------------------------------------------------------------
                                              2.139272   data required time
                                             -3.255305   data arrival time
---------------------------------------------------------------------------------------------
                                              1.116034   slack (MET)


Startpoint: _1488_ (rising edge-triggered flip-flop clocked by clk)
Endpoint: _1488_ (rising edge-triggered flip-flop clocked by clk)
Path Group: clk
Path Type: min

Fanout         Cap        Slew       Delay        Time   Description
---------------------------------------------------------------------------------------------
                                  0.000000    0.000000   clock clk (rise edge)
                                  0.000000    0.000000   clock source latency
     2    0.157321    1.138872    0.793148    0.793148 ^ clk (in)
                                                         clk (net)
                      1.154477    0.000000    0.793148 ^ clkbuf_regs_0_clk/A (sky130_fd_sc_hd__clkbuf_16)
     1    0.008569    0.076270    0.545937    1.339084 ^ clkbuf_regs_0_clk/X (sky130_fd_sc_hd__clkbuf_16)
                                                         clk_regs (net)
                      0.076271    0.000255    1.339339 ^ clkbuf_0_clk_regs/A (sky130_fd_sc_hd__clkbuf_16)
     8    0.078792    0.146453    0.280000    1.619339 ^ clkbuf_0_clk_regs/X (sky130_fd_sc_hd__clkbuf_16)
                                                         clknet_0_clk_regs (net)
                      0.146521    0.002778    1.622118 ^ clkbuf_3_0_0_clk_regs/A (sky130_fd_sc_hd__clkbuf_8)
     2    0.018181    0.079205    0.253267    1.875385 ^ clkbuf_3_0_0_clk_regs/X (sky130_fd_sc_hd__clkbuf_8)
                                                         clknet_3_0_0_clk_regs (net)
                      0.079207    0.000451    1.875836 ^ clkbuf_4_0__f_clk_regs/A (sky130_fd_sc_hd__clkbuf_16)
     9    0.032494    0.083908    0.231210    2.107046 ^ clkbuf_4_0__f_clk_regs/X (sky130_fd_sc_hd__clkbuf_16)
                                                         clknet_4_0__leaf_clk_regs (net)
                      0.083908    0.000308    2.107353 ^ _1488_/CLK (sky130_fd_sc_hd__dfxtp_2)
     1    0.002449    0.050622    0.605410    2.712763 ^ _1488_/Q (sky130_fd_sc_hd__dfxtp_2)
                                                         u_top.instruction_mmu.u_tlb.vpn[2][1] (net)
                      0.050622    0.000048    2.712811 ^ _1735_/A (sky130_fd_sc_hd__buf_2)
     2    0.004976    0.060555    0.165522    2.878334 ^ _1735_/X (sky130_fd_sc_hd__buf_2)
                                                         _0755_ (net)
                      0.060555    0.000061    2.878395 ^ _1309_/A (sky130_fd_sc_hd__and2_2)
     1    0.002488    0.065044    0.229075    3.107470 ^ _1309_/X (sky130_fd_sc_hd__and2_2)
                                                         _0347_ (net)
                      0.065044    0.000068    3.107538 ^ _1909_/A (sky130_fd_sc_hd__buf_2)
     1    0.002125    0.041659    0.152931    3.260469 ^ _1909_/X (sky130_fd_sc_hd__buf_2)
                                                         _0978_ (net)
                      0.041659    0.000057    3.260526 ^ _1488_/D (sky130_fd_sc_hd__dfxtp_2)
                                              3.260526   data arrival time

                                  0.000000    0.000000   clock clk (rise edge)
                                  0.000000    0.000000   clock source latency
     2    0.157321    1.138872    0.876637    0.876637 ^ clk (in)
                                                         clk (net)
                      1.154477    0.000000    0.876637 ^ clkbuf_regs_0_clk/A (sky130_fd_sc_hd__clkbuf_16)
     1    0.008569    0.076270    0.603404    1.480040 ^ clkbuf_regs_0_clk/X (sky130_fd_sc_hd__clkbuf_16)
                                                         clk_regs (net)
                      0.076271    0.000282    1.480322 ^ clkbuf_0_clk_regs/A (sky130_fd_sc_hd__clkbuf_16)
     8    0.078792    0.146453    0.309474    1.789796 ^ clkbuf_0_clk_regs/X (sky130_fd_sc_hd__clkbuf_16)
                                                         clknet_0_clk_regs (net)
                      0.146521    0.003071    1.792867 ^ clkbuf_3_0_0_clk_regs/A (sky130_fd_sc_hd__clkbuf_8)
     2    0.018181    0.079205    0.279927    2.072793 ^ clkbuf_3_0_0_clk_regs/X (sky130_fd_sc_hd__clkbuf_8)
                                                         clknet_3_0_0_clk_regs (net)
                      0.079207    0.000499    2.073292 ^ clkbuf_4_0__f_clk_regs/A (sky130_fd_sc_hd__clkbuf_16)
     9    0.032494    0.083908    0.255548    2.328840 ^ clkbuf_4_0__f_clk_regs/X (sky130_fd_sc_hd__clkbuf_16)
                                                         clknet_4_0__leaf_clk_regs (net)
                      0.083908    0.000340    2.329180 ^ _1488_/CLK (sky130_fd_sc_hd__dfxtp_2)
                                  0.100000    2.429180   clock uncertainty
                                 -0.221827    2.207354   clock reconvergence pessimism
                                 -0.063172    2.144182   library hold time
                                              2.144182   data required time
---------------------------------------------------------------------------------------------
                                              2.144182   data required time
                                             -3.260526   data arrival time
---------------------------------------------------------------------------------------------
                                              1.116344   slack (MET)


Startpoint: _1501_ (rising edge-triggered flip-flop clocked by clk)
Endpoint: _1501_ (rising edge-triggered flip-flop clocked by clk)
Path Group: clk
Path Type: min

Fanout         Cap        Slew       Delay        Time   Description
---------------------------------------------------------------------------------------------
                                  0.000000    0.000000   clock clk (rise edge)
                                  0.000000    0.000000   clock source latency
     2    0.157321    1.138872    0.793148    0.793148 ^ clk (in)
                                                         clk (net)
                      1.154477    0.000000    0.793148 ^ clkbuf_regs_0_clk/A (sky130_fd_sc_hd__clkbuf_16)
     1    0.008569    0.076270    0.545937    1.339084 ^ clkbuf_regs_0_clk/X (sky130_fd_sc_hd__clkbuf_16)
                                                         clk_regs (net)
                      0.076271    0.000255    1.339339 ^ clkbuf_0_clk_regs/A (sky130_fd_sc_hd__clkbuf_16)
     8    0.078792    0.146453    0.280000    1.619339 ^ clkbuf_0_clk_regs/X (sky130_fd_sc_hd__clkbuf_16)
                                                         clknet_0_clk_regs (net)
                      0.146521    0.002778    1.622118 ^ clkbuf_3_0_0_clk_regs/A (sky130_fd_sc_hd__clkbuf_8)
     2    0.018181    0.079205    0.253267    1.875385 ^ clkbuf_3_0_0_clk_regs/X (sky130_fd_sc_hd__clkbuf_8)
                                                         clknet_3_0_0_clk_regs (net)
                      0.079206    0.000342    1.875726 ^ clkbuf_4_1__f_clk_regs/A (sky130_fd_sc_hd__clkbuf_16)
     9    0.033687    0.085517    0.232731    2.108458 ^ clkbuf_4_1__f_clk_regs/X (sky130_fd_sc_hd__clkbuf_16)
                                                         clknet_4_1__leaf_clk_regs (net)
                      0.085517    0.000413    2.108871 ^ _1501_/CLK (sky130_fd_sc_hd__dfxtp_2)
     1    0.002320    0.049816    0.605167    2.714038 ^ _1501_/Q (sky130_fd_sc_hd__dfxtp_2)
                                                         u_top.instruction_mmu.u_tlb.vpn[2][14] (net)
                      0.049816    0.000064    2.714102 ^ _1797_/A (sky130_fd_sc_hd__buf_2)
     2    0.004919    0.060175    0.164784    2.878886 ^ _1797_/X (sky130_fd_sc_hd__buf_2)
                                                         _0749_ (net)
                      0.060175    0.000095    2.878981 ^ _1322_/A (sky130_fd_sc_hd__and2_2)
     1    0.002710    0.066549    0.230782    3.109763 ^ _1322_/X (sky130_fd_sc_hd__and2_2)
                                                         _0360_ (net)
                      0.066549    0.000076    3.109839 ^ _1922_/A (sky130_fd_sc_hd__buf_2)
     1    0.002143    0.041766    0.153722    3.263561 ^ _1922_/X (sky130_fd_sc_hd__buf_2)
                                                         _1004_ (net)
                      0.041766    0.000058    3.263619 ^ _1501_/D (sky130_fd_sc_hd__dfxtp_2)
                                              3.263619   data arrival time

                                  0.000000    0.000000   clock clk (rise edge)
                                  0.000000    0.000000   clock source latency
     2    0.157321    1.138872    0.876637    0.876637 ^ clk (in)
                                                         clk (net)
                      1.154477    0.000000    0.876637 ^ clkbuf_regs_0_clk/A (sky130_fd_sc_hd__clkbuf_16)
     1    0.008569    0.076270    0.603404    1.480040 ^ clkbuf_regs_0_clk/X (sky130_fd_sc_hd__clkbuf_16)
                                                         clk_regs (net)
                      0.076271    0.000282    1.480322 ^ clkbuf_0_clk_regs/A (sky130_fd_sc_hd__clkbuf_16)
     8    0.078792    0.146453    0.309474    1.789796 ^ clkbuf_0_clk_regs/X (sky130_fd_sc_hd__clkbuf_16)
                                                         clknet_0_clk_regs (net)
                      0.146521    0.003071    1.792867 ^ clkbuf_3_0_0_clk_regs/A (sky130_fd_sc_hd__clkbuf_8)
     2    0.018181    0.079205    0.279927    2.072793 ^ clkbuf_3_0_0_clk_regs/X (sky130_fd_sc_hd__clkbuf_8)
                                                         clknet_3_0_0_clk_regs (net)
                      0.079206    0.000378    2.073171 ^ clkbuf_4_1__f_clk_regs/A (sky130_fd_sc_hd__clkbuf_16)
     9    0.033687    0.085517    0.257229    2.330400 ^ clkbuf_4_1__f_clk_regs/X (sky130_fd_sc_hd__clkbuf_16)
                                                         clknet_4_1__leaf_clk_regs (net)
                      0.085517    0.000456    2.330857 ^ _1501_/CLK (sky130_fd_sc_hd__dfxtp_2)
                                  0.100000    2.430857   clock uncertainty
                                 -0.221986    2.208870   clock reconvergence pessimism
                                 -0.062941    2.145930   library hold time
                                              2.145930   data required time
---------------------------------------------------------------------------------------------
                                              2.145930   data required time
                                             -3.263619   data arrival time
---------------------------------------------------------------------------------------------
                                              1.117689   slack (MET)


Startpoint: _1502_ (rising edge-triggered flip-flop clocked by clk)
Endpoint: _1502_ (rising edge-triggered flip-flop clocked by clk)
Path Group: clk
Path Type: min

Fanout         Cap        Slew       Delay        Time   Description
---------------------------------------------------------------------------------------------
                                  0.000000    0.000000   clock clk (rise edge)
                                  0.000000    0.000000   clock source latency
     2    0.157321    1.138872    0.793148    0.793148 ^ clk (in)
                                                         clk (net)
                      1.154477    0.000000    0.793148 ^ clkbuf_regs_0_clk/A (sky130_fd_sc_hd__clkbuf_16)
     1    0.008569    0.076270    0.545937    1.339084 ^ clkbuf_regs_0_clk/X (sky130_fd_sc_hd__clkbuf_16)
                                                         clk_regs (net)
                      0.076271    0.000255    1.339339 ^ clkbuf_0_clk_regs/A (sky130_fd_sc_hd__clkbuf_16)
     8    0.078792    0.146453    0.280000    1.619339 ^ clkbuf_0_clk_regs/X (sky130_fd_sc_hd__clkbuf_16)
                                                         clknet_0_clk_regs (net)
                      0.146476    0.001799    1.621139 ^ clkbuf_3_6_0_clk_regs/A (sky130_fd_sc_hd__clkbuf_8)
     2    0.019776    0.082884    0.256635    1.877774 ^ clkbuf_3_6_0_clk_regs/X (sky130_fd_sc_hd__clkbuf_8)
                                                         clknet_3_6_0_clk_regs (net)
                      0.082887    0.000546    1.878320 ^ clkbuf_4_12__f_clk_regs/A (sky130_fd_sc_hd__clkbuf_16)
     8    0.023263    0.071524    0.220463    2.098783 ^ clkbuf_4_12__f_clk_regs/X (sky130_fd_sc_hd__clkbuf_16)
                                                         clknet_4_12__leaf_clk_regs (net)
                      0.071525    0.000348    2.099131 ^ _1502_/CLK (sky130_fd_sc_hd__dfxtp_2)
     1    0.002554    0.051297    0.600776    2.699907 ^ _1502_/Q (sky130_fd_sc_hd__dfxtp_2)
                                                         u_top.instruction_mmu.u_tlb.vpn[2][15] (net)
                      0.051297    0.000068    2.699975 ^ _1802_/A (sky130_fd_sc_hd__buf_2)
     2    0.005088    0.061316    0.166555    2.866529 ^ _1802_/X (sky130_fd_sc_hd__buf_2)
                                                         _0750_ (net)
                      0.061316    0.000107    2.866637 ^ _1323_/A (sky130_fd_sc_hd__and2_2)
     1    0.002728    0.066674    0.231392    3.098028 ^ _1323_/X (sky130_fd_sc_hd__and2_2)
                                                         _0361_ (net)
                      0.066674    0.000077    3.098105 ^ _1923_/A (sky130_fd_sc_hd__buf_2)
     1    0.002142    0.041762    0.153774    3.251879 ^ _1923_/X (sky130_fd_sc_hd__buf_2)
                                                         _1006_ (net)
                      0.041762    0.000059    3.251938 ^ _1502_/D (sky130_fd_sc_hd__dfxtp_2)
                                              3.251938   data arrival time

                                  0.000000    0.000000   clock clk (rise edge)
                                  0.000000    0.000000   clock source latency
     2    0.157321    1.138872    0.876637    0.876637 ^ clk (in)
                                                         clk (net)
                      1.154477    0.000000    0.876637 ^ clkbuf_regs_0_clk/A (sky130_fd_sc_hd__clkbuf_16)
     1    0.008569    0.076270    0.603404    1.480040 ^ clkbuf_regs_0_clk/X (sky130_fd_sc_hd__clkbuf_16)
                                                         clk_regs (net)
                      0.076271    0.000282    1.480322 ^ clkbuf_0_clk_regs/A (sky130_fd_sc_hd__clkbuf_16)
     8    0.078792    0.146453    0.309474    1.789796 ^ clkbuf_0_clk_regs/X (sky130_fd_sc_hd__clkbuf_16)
                                                         clknet_0_clk_regs (net)
                      0.146476    0.001989    1.791785 ^ clkbuf_3_6_0_clk_regs/A (sky130_fd_sc_hd__clkbuf_8)
     2    0.019776    0.082884    0.283649    2.075434 ^ clkbuf_3_6_0_clk_regs/X (sky130_fd_sc_hd__clkbuf_8)
                                                         clknet_3_6_0_clk_regs (net)
                      0.082887    0.000604    2.076038 ^ clkbuf_4_12__f_clk_regs/A (sky130_fd_sc_hd__clkbuf_16)
     8    0.023263    0.071524    0.243670    2.319708 ^ clkbuf_4_12__f_clk_regs/X (sky130_fd_sc_hd__clkbuf_16)
                                                         clknet_4_12__leaf_clk_regs (net)
                      0.071525    0.000384    2.320092 ^ _1502_/CLK (sky130_fd_sc_hd__dfxtp_2)
                                  0.100000    2.420092   clock uncertainty
                                 -0.220961    2.199131   clock reconvergence pessimism
                                 -0.065162    2.133970   library hold time
                                              2.133970   data required time
---------------------------------------------------------------------------------------------
                                              2.133970   data required time
                                             -3.251938   data arrival time
---------------------------------------------------------------------------------------------
                                              1.117969   slack (MET)


Startpoint: _1500_ (rising edge-triggered flip-flop clocked by clk)
Endpoint: _1500_ (rising edge-triggered flip-flop clocked by clk)
Path Group: clk
Path Type: min

Fanout         Cap        Slew       Delay        Time   Description
---------------------------------------------------------------------------------------------
                                  0.000000    0.000000   clock clk (rise edge)
                                  0.000000    0.000000   clock source latency
     2    0.157321    1.138872    0.793148    0.793148 ^ clk (in)
                                                         clk (net)
                      1.154477    0.000000    0.793148 ^ clkbuf_regs_0_clk/A (sky130_fd_sc_hd__clkbuf_16)
     1    0.008569    0.076270    0.545937    1.339084 ^ clkbuf_regs_0_clk/X (sky130_fd_sc_hd__clkbuf_16)
                                                         clk_regs (net)
                      0.076271    0.000255    1.339339 ^ clkbuf_0_clk_regs/A (sky130_fd_sc_hd__clkbuf_16)
     8    0.078792    0.146453    0.280000    1.619339 ^ clkbuf_0_clk_regs/X (sky130_fd_sc_hd__clkbuf_16)
                                                         clknet_0_clk_regs (net)
                      0.146467    0.001514    1.620854 ^ clkbuf_3_1_0_clk_regs/A (sky130_fd_sc_hd__clkbuf_8)
     2    0.019673    0.082648    0.256397    1.877250 ^ clkbuf_3_1_0_clk_regs/X (sky130_fd_sc_hd__clkbuf_8)
                                                         clknet_3_1_0_clk_regs (net)
                      0.082651    0.000572    1.877822 ^ clkbuf_4_3__f_clk_regs/A (sky130_fd_sc_hd__clkbuf_16)
     8    0.024070    0.072529    0.221347    2.099169 ^ clkbuf_4_3__f_clk_regs/X (sky130_fd_sc_hd__clkbuf_16)
                                                         clknet_4_3__leaf_clk_regs (net)
                      0.072546    0.000552    2.099722 ^ _1500_/CLK (sky130_fd_sc_hd__dfxtp_2)
     1    0.002242    0.049336    0.598931    2.698653 ^ _1500_/Q (sky130_fd_sc_hd__dfxtp_2)
                                                         u_top.instruction_mmu.u_tlb.vpn[2][13] (net)
                      0.049336    0.000061    2.698714 ^ _1792_/A (sky130_fd_sc_hd__buf_2)
     2    0.005500    0.064176    0.168459    2.867172 ^ _1792_/X (sky130_fd_sc_hd__buf_2)
                                                         _0748_ (net)
                      0.064176    0.000090    2.867262 ^ _1321_/A (sky130_fd_sc_hd__and2_2)
     1    0.002696    0.066477    0.232283    3.099545 ^ _1321_/X (sky130_fd_sc_hd__and2_2)
                                                         _0359_ (net)
                      0.066477    0.000076    3.099622 ^ _1921_/A (sky130_fd_sc_hd__buf_2)
     1    0.002279    0.042640    0.154592    3.254214 ^ _1921_/X (sky130_fd_sc_hd__buf_2)
                                                         _1002_ (net)
                      0.042640    0.000066    3.254279 ^ _1500_/D (sky130_fd_sc_hd__dfxtp_2)
                                              3.254279   data arrival time

                                  0.000000    0.000000   clock clk (rise edge)
                                  0.000000    0.000000   clock source latency
     2    0.157321    1.138872    0.876637    0.876637 ^ clk (in)
                                                         clk (net)
                      1.154477    0.000000    0.876637 ^ clkbuf_regs_0_clk/A (sky130_fd_sc_hd__clkbuf_16)
     1    0.008569    0.076270    0.603404    1.480040 ^ clkbuf_regs_0_clk/X (sky130_fd_sc_hd__clkbuf_16)
                                                         clk_regs (net)
                      0.076271    0.000282    1.480322 ^ clkbuf_0_clk_regs/A (sky130_fd_sc_hd__clkbuf_16)
     8    0.078792    0.146453    0.309474    1.789796 ^ clkbuf_0_clk_regs/X (sky130_fd_sc_hd__clkbuf_16)
                                                         clknet_0_clk_regs (net)
                      0.146467    0.001674    1.791470 ^ clkbuf_3_1_0_clk_regs/A (sky130_fd_sc_hd__clkbuf_8)
     2    0.019673    0.082648    0.283386    2.074856 ^ clkbuf_3_1_0_clk_regs/X (sky130_fd_sc_hd__clkbuf_8)
                                                         clknet_3_1_0_clk_regs (net)
                      0.082651    0.000632    2.075488 ^ clkbuf_4_3__f_clk_regs/A (sky130_fd_sc_hd__clkbuf_16)
     8    0.024070    0.072529    0.244647    2.320134 ^ clkbuf_4_3__f_clk_regs/X (sky130_fd_sc_hd__clkbuf_16)
                                                         clknet_4_3__leaf_clk_regs (net)
                      0.072546    0.000611    2.320745 ^ _1500_/CLK (sky130_fd_sc_hd__dfxtp_2)
                                  0.100000    2.420745   clock uncertainty
                                 -0.221023    2.199722   clock reconvergence pessimism
                                 -0.065203    2.134519   library hold time
                                              2.134519   data required time
---------------------------------------------------------------------------------------------
                                              2.134519   data required time
                                             -3.254279   data arrival time
---------------------------------------------------------------------------------------------
                                              1.119760   slack (MET)


Startpoint: _1503_ (rising edge-triggered flip-flop clocked by clk)
Endpoint: _1503_ (rising edge-triggered flip-flop clocked by clk)
Path Group: clk
Path Type: min

Fanout         Cap        Slew       Delay        Time   Description
---------------------------------------------------------------------------------------------
                                  0.000000    0.000000   clock clk (rise edge)
                                  0.000000    0.000000   clock source latency
     2    0.157321    1.138872    0.793148    0.793148 ^ clk (in)
                                                         clk (net)
                      1.154477    0.000000    0.793148 ^ clkbuf_regs_0_clk/A (sky130_fd_sc_hd__clkbuf_16)
     1    0.008569    0.076270    0.545937    1.339084 ^ clkbuf_regs_0_clk/X (sky130_fd_sc_hd__clkbuf_16)
                                                         clk_regs (net)
                      0.076271    0.000255    1.339339 ^ clkbuf_0_clk_regs/A (sky130_fd_sc_hd__clkbuf_16)
     8    0.078792    0.146453    0.280000    1.619339 ^ clkbuf_0_clk_regs/X (sky130_fd_sc_hd__clkbuf_16)
                                                         clknet_0_clk_regs (net)
                      0.146515    0.002672    1.622012 ^ clkbuf_3_5_0_clk_regs/A (sky130_fd_sc_hd__clkbuf_8)
     2    0.019206    0.081558    0.255471    1.877482 ^ clkbuf_3_5_0_clk_regs/X (sky130_fd_sc_hd__clkbuf_8)
                                                         clknet_3_5_0_clk_regs (net)
                      0.081559    0.000390    1.877873 ^ clkbuf_4_11__f_clk_regs/A (sky130_fd_sc_hd__clkbuf_16)
     8    0.027288    0.076763    0.225088    2.102961 ^ clkbuf_4_11__f_clk_regs/X (sky130_fd_sc_hd__clkbuf_16)
                                                         clknet_4_11__leaf_clk_regs (net)
                      0.076771    0.000762    2.103723 ^ _1503_/CLK (sky130_fd_sc_hd__dfxtp_2)
     1    0.002067    0.048223    0.599485    2.703208 ^ _1503_/Q (sky130_fd_sc_hd__dfxtp_2)
                                                         u_top.instruction_mmu.u_tlb.vpn[2][16] (net)
                      0.048223    0.000038    2.703246 ^ _1807_/A (sky130_fd_sc_hd__buf_2)
     2    0.005545    0.064481    0.168227    2.871473 ^ _1807_/X (sky130_fd_sc_hd__buf_2)
                                                         _0751_ (net)
                      0.064481    0.000131    2.871604 ^ _1324_/A (sky130_fd_sc_hd__and2_2)
     1    0.002417    0.064593    0.230074    3.101678 ^ _1324_/X (sky130_fd_sc_hd__and2_2)
                                                         _0362_ (net)
                      0.064593    0.000048    3.101726 ^ _1924_/A (sky130_fd_sc_hd__buf_2)
     1    0.002737    0.045573    0.156791    3.258517 ^ _1924_/X (sky130_fd_sc_hd__buf_2)
                                                         _1008_ (net)
                      0.045573    0.000071    3.258589 ^ _1503_/D (sky130_fd_sc_hd__dfxtp_2)
                                              3.258589   data arrival time

                                  0.000000    0.000000   clock clk (rise edge)
                                  0.000000    0.000000   clock source latency
     2    0.157321    1.138872    0.876637    0.876637 ^ clk (in)
                                                         clk (net)
                      1.154477    0.000000    0.876637 ^ clkbuf_regs_0_clk/A (sky130_fd_sc_hd__clkbuf_16)
     1    0.008569    0.076270    0.603404    1.480040 ^ clkbuf_regs_0_clk/X (sky130_fd_sc_hd__clkbuf_16)
                                                         clk_regs (net)
                      0.076271    0.000282    1.480322 ^ clkbuf_0_clk_regs/A (sky130_fd_sc_hd__clkbuf_16)
     8    0.078792    0.146453    0.309474    1.789796 ^ clkbuf_0_clk_regs/X (sky130_fd_sc_hd__clkbuf_16)
                                                         clknet_0_clk_regs (net)
                      0.146515    0.002954    1.792750 ^ clkbuf_3_5_0_clk_regs/A (sky130_fd_sc_hd__clkbuf_8)
     2    0.019206    0.081558    0.282362    2.075112 ^ clkbuf_3_5_0_clk_regs/X (sky130_fd_sc_hd__clkbuf_8)
                                                         clknet_3_5_0_clk_regs (net)
                      0.081559    0.000431    2.075543 ^ clkbuf_4_11__f_clk_regs/A (sky130_fd_sc_hd__clkbuf_16)
     8    0.027288    0.076763    0.248782    2.324325 ^ clkbuf_4_11__f_clk_regs/X (sky130_fd_sc_hd__clkbuf_16)
                                                         clknet_4_11__leaf_clk_regs (net)
                      0.076771    0.000842    2.325167 ^ _1503_/CLK (sky130_fd_sc_hd__dfxtp_2)
                                  0.100000    2.425167   clock uncertainty
                                 -0.221444    2.203723   clock reconvergence pessimism
                                 -0.065210    2.138513   library hold time
                                              2.138513   data required time
---------------------------------------------------------------------------------------------
                                              2.138513   data required time
                                             -3.258589   data arrival time
---------------------------------------------------------------------------------------------
                                              1.120076   slack (MET)


Startpoint: _1498_ (rising edge-triggered flip-flop clocked by clk)
Endpoint: _1498_ (rising edge-triggered flip-flop clocked by clk)
Path Group: clk
Path Type: min

Fanout         Cap        Slew       Delay        Time   Description
---------------------------------------------------------------------------------------------
                                  0.000000    0.000000   clock clk (rise edge)
                                  0.000000    0.000000   clock source latency
     2    0.157321    1.138872    0.793148    0.793148 ^ clk (in)
                                                         clk (net)
                      1.154477    0.000000    0.793148 ^ clkbuf_regs_0_clk/A (sky130_fd_sc_hd__clkbuf_16)
     1    0.008569    0.076270    0.545937    1.339084 ^ clkbuf_regs_0_clk/X (sky130_fd_sc_hd__clkbuf_16)
                                                         clk_regs (net)
                      0.076271    0.000255    1.339339 ^ clkbuf_0_clk_regs/A (sky130_fd_sc_hd__clkbuf_16)
     8    0.078792    0.146453    0.280000    1.619339 ^ clkbuf_0_clk_regs/X (sky130_fd_sc_hd__clkbuf_16)
                                                         clknet_0_clk_regs (net)
                      0.146472    0.001696    1.621035 ^ clkbuf_3_3_0_clk_regs/A (sky130_fd_sc_hd__clkbuf_8)
     2    0.019077    0.081268    0.255110    1.876146 ^ clkbuf_3_3_0_clk_regs/X (sky130_fd_sc_hd__clkbuf_8)
                                                         clknet_3_3_0_clk_regs (net)
                      0.081271    0.000591    1.876736 ^ clkbuf_4_7__f_clk_regs/A (sky130_fd_sc_hd__clkbuf_16)
     8    0.025070    0.073827    0.222174    2.098910 ^ clkbuf_4_7__f_clk_regs/X (sky130_fd_sc_hd__clkbuf_16)
                                                         clknet_4_7__leaf_clk_regs (net)
                      0.073830    0.000466    2.099376 ^ _1498_/CLK (sky130_fd_sc_hd__dfxtp_2)
     1    0.002546    0.051237    0.601710    2.701086 ^ _1498_/Q (sky130_fd_sc_hd__dfxtp_2)
                                                         u_top.instruction_mmu.u_tlb.vpn[2][11] (net)
                      0.051237    0.000071    2.701157 ^ _1782_/A (sky130_fd_sc_hd__buf_2)
     2    0.005668    0.065310    0.170213    2.871370 ^ _1782_/X (sky130_fd_sc_hd__buf_2)
                                                         _0746_ (net)
                      0.065310    0.000067    2.871437 ^ _1319_/A (sky130_fd_sc_hd__and2_2)
     1    0.002203    0.063148    0.228606    3.100043 ^ _1319_/X (sky130_fd_sc_hd__and2_2)
                                                         _0357_ (net)
                      0.063148    0.000060    3.100102 ^ _1919_/A (sky130_fd_sc_hd__buf_2)
     1    0.002439    0.043672    0.154164    3.254267 ^ _1919_/X (sky130_fd_sc_hd__buf_2)
                                                         _0998_ (net)
                      0.043672    0.000068    3.254335 ^ _1498_/D (sky130_fd_sc_hd__dfxtp_2)
                                              3.254335   data arrival time

                                  0.000000    0.000000   clock clk (rise edge)
                                  0.000000    0.000000   clock source latency
     2    0.157321    1.138872    0.876637    0.876637 ^ clk (in)
                                                         clk (net)
                      1.154477    0.000000    0.876637 ^ clkbuf_regs_0_clk/A (sky130_fd_sc_hd__clkbuf_16)
     1    0.008569    0.076270    0.603404    1.480040 ^ clkbuf_regs_0_clk/X (sky130_fd_sc_hd__clkbuf_16)
                                                         clk_regs (net)
                      0.076271    0.000282    1.480322 ^ clkbuf_0_clk_regs/A (sky130_fd_sc_hd__clkbuf_16)
     8    0.078792    0.146453    0.309474    1.789796 ^ clkbuf_0_clk_regs/X (sky130_fd_sc_hd__clkbuf_16)
                                                         clknet_0_clk_regs (net)
                      0.146472    0.001875    1.791671 ^ clkbuf_3_3_0_clk_regs/A (sky130_fd_sc_hd__clkbuf_8)
     2    0.019077    0.081268    0.281964    2.073635 ^ clkbuf_3_3_0_clk_regs/X (sky130_fd_sc_hd__clkbuf_8)
                                                         clknet_3_3_0_clk_regs (net)
                      0.081271    0.000653    2.074287 ^ clkbuf_4_7__f_clk_regs/A (sky130_fd_sc_hd__clkbuf_16)
     8    0.025070    0.073827    0.245560    2.319848 ^ clkbuf_4_7__f_clk_regs/X (sky130_fd_sc_hd__clkbuf_16)
                                                         clknet_4_7__leaf_clk_regs (net)
                      0.073830    0.000514    2.320362 ^ _1498_/CLK (sky130_fd_sc_hd__dfxtp_2)
                                  0.100000    2.420362   clock uncertainty
                                 -0.220987    2.199376   clock reconvergence pessimism
                                 -0.065237    2.134138   library hold time
                                              2.134138   data required time
---------------------------------------------------------------------------------------------
                                              2.134138   data required time
                                             -3.254335   data arrival time
---------------------------------------------------------------------------------------------
                                              1.120197   slack (MET)


Startpoint: _1517_ (rising edge-triggered flip-flop clocked by clk)
Endpoint: _1517_ (rising edge-triggered flip-flop clocked by clk)
Path Group: clk
Path Type: min

Fanout         Cap        Slew       Delay        Time   Description
---------------------------------------------------------------------------------------------
                                  0.000000    0.000000   clock clk (rise edge)
                                  0.000000    0.000000   clock source latency
     2    0.157321    1.138872    0.793148    0.793148 ^ clk (in)
                                                         clk (net)
                      1.154477    0.000000    0.793148 ^ clkbuf_regs_0_clk/A (sky130_fd_sc_hd__clkbuf_16)
     1    0.008569    0.076270    0.545937    1.339084 ^ clkbuf_regs_0_clk/X (sky130_fd_sc_hd__clkbuf_16)
                                                         clk_regs (net)
                      0.076271    0.000255    1.339339 ^ clkbuf_0_clk_regs/A (sky130_fd_sc_hd__clkbuf_16)
     8    0.078792    0.146453    0.280000    1.619339 ^ clkbuf_0_clk_regs/X (sky130_fd_sc_hd__clkbuf_16)
                                                         clknet_0_clk_regs (net)
                      0.146515    0.002666    1.622005 ^ clkbuf_3_2_0_clk_regs/A (sky130_fd_sc_hd__clkbuf_8)
     2    0.018941    0.080956    0.254843    1.876848 ^ clkbuf_3_2_0_clk_regs/X (sky130_fd_sc_hd__clkbuf_8)
                                                         clknet_3_2_0_clk_regs (net)
                      0.080959    0.000544    1.877393 ^ clkbuf_4_5__f_clk_regs/A (sky130_fd_sc_hd__clkbuf_16)
     8    0.026986    0.076362    0.224423    2.101815 ^ clkbuf_4_5__f_clk_regs/X (sky130_fd_sc_hd__clkbuf_16)
                                                         clknet_4_5__leaf_clk_regs (net)
                      0.076375    0.000877    2.102692 ^ _1517_/CLK (sky130_fd_sc_hd__dfxtp_2)
     1    0.002282    0.049576    0.600883    2.703575 ^ _1517_/Q (sky130_fd_sc_hd__dfxtp_2)
                                                         u_top.instruction_mmu.u_tlb.vpn[3][5] (net)
                      0.049576    0.000062    2.703638 ^ _1753_/A (sky130_fd_sc_hd__buf_2)
     2    0.006432    0.070515    0.173586    2.877224 ^ _1753_/X (sky130_fd_sc_hd__buf_2)
                                                         _0779_ (net)
                      0.070515    0.000075    2.877299 ^ _1338_/A (sky130_fd_sc_hd__and2_2)
     1    0.002006    0.061847    0.229045    3.106344 ^ _1338_/X (sky130_fd_sc_hd__and2_2)
                                                         _0376_ (net)
                      0.061847    0.000037    3.106381 ^ _1938_/A (sky130_fd_sc_hd__buf_2)
     1    0.002199    0.042148    0.151993    3.258374 ^ _1938_/X (sky130_fd_sc_hd__buf_2)
                                                         _1025_ (net)
                      0.042148    0.000061    3.258435 ^ _1517_/D (sky130_fd_sc_hd__dfxtp_2)
                                              3.258435   data arrival time

                                  0.000000    0.000000   clock clk (rise edge)
                                  0.000000    0.000000   clock source latency
     2    0.157321    1.138872    0.876637    0.876637 ^ clk (in)
                                                         clk (net)
                      1.154477    0.000000    0.876637 ^ clkbuf_regs_0_clk/A (sky130_fd_sc_hd__clkbuf_16)
     1    0.008569    0.076270    0.603404    1.480040 ^ clkbuf_regs_0_clk/X (sky130_fd_sc_hd__clkbuf_16)
                                                         clk_regs (net)
                      0.076271    0.000282    1.480322 ^ clkbuf_0_clk_regs/A (sky130_fd_sc_hd__clkbuf_16)
     8    0.078792    0.146453    0.309474    1.789796 ^ clkbuf_0_clk_regs/X (sky130_fd_sc_hd__clkbuf_16)
                                                         clknet_0_clk_regs (net)
                      0.146515    0.002947    1.792743 ^ clkbuf_3_2_0_clk_regs/A (sky130_fd_sc_hd__clkbuf_8)
     2    0.018941    0.080956    0.281668    2.074411 ^ clkbuf_3_2_0_clk_regs/X (sky130_fd_sc_hd__clkbuf_8)
                                                         clknet_3_2_0_clk_regs (net)
                      0.080959    0.000602    2.075013 ^ clkbuf_4_5__f_clk_regs/A (sky130_fd_sc_hd__clkbuf_16)
     8    0.026986    0.076362    0.248046    2.323059 ^ clkbuf_4_5__f_clk_regs/X (sky130_fd_sc_hd__clkbuf_16)
                                                         clknet_4_5__leaf_clk_regs (net)
                      0.076375    0.000969    2.324028 ^ _1517_/CLK (sky130_fd_sc_hd__dfxtp_2)
                                  0.100000    2.424028   clock uncertainty
                                 -0.221336    2.202692   clock reconvergence pessimism
                                 -0.064481    2.138211   library hold time
                                              2.138211   data required time
---------------------------------------------------------------------------------------------
                                              2.138211   data required time
                                             -3.258435   data arrival time
---------------------------------------------------------------------------------------------
                                              1.120224   slack (MET)


Startpoint: _1481_ (rising edge-triggered flip-flop clocked by clk)
Endpoint: _1481_ (rising edge-triggered flip-flop clocked by clk)
Path Group: clk
Path Type: min

Fanout         Cap        Slew       Delay        Time   Description
---------------------------------------------------------------------------------------------
                                  0.000000    0.000000   clock clk (rise edge)
                                  0.000000    0.000000   clock source latency
     2    0.157321    1.138872    0.793148    0.793148 ^ clk (in)
                                                         clk (net)
                      1.154477    0.000000    0.793148 ^ clkbuf_regs_0_clk/A (sky130_fd_sc_hd__clkbuf_16)
     1    0.008569    0.076270    0.545937    1.339084 ^ clkbuf_regs_0_clk/X (sky130_fd_sc_hd__clkbuf_16)
                                                         clk_regs (net)
                      0.076271    0.000255    1.339339 ^ clkbuf_0_clk_regs/A (sky130_fd_sc_hd__clkbuf_16)
     8    0.078792    0.146453    0.280000    1.619339 ^ clkbuf_0_clk_regs/X (sky130_fd_sc_hd__clkbuf_16)
                                                         clknet_0_clk_regs (net)
                      0.146467    0.001514    1.620854 ^ clkbuf_3_1_0_clk_regs/A (sky130_fd_sc_hd__clkbuf_8)
     2    0.019673    0.082648    0.256397    1.877250 ^ clkbuf_3_1_0_clk_regs/X (sky130_fd_sc_hd__clkbuf_8)
                                                         clknet_3_1_0_clk_regs (net)
                      0.082651    0.000572    1.877822 ^ clkbuf_4_3__f_clk_regs/A (sky130_fd_sc_hd__clkbuf_16)
     8    0.024070    0.072529    0.221347    2.099169 ^ clkbuf_4_3__f_clk_regs/X (sky130_fd_sc_hd__clkbuf_16)
                                                         clknet_4_3__leaf_clk_regs (net)
                      0.072545    0.000514    2.099684 ^ _1481_/CLK (sky130_fd_sc_hd__dfxtp_2)
     1    0.002905    0.053165    0.603784    2.703468 ^ _1481_/Q (sky130_fd_sc_hd__dfxtp_2)
                                                         u_top.instruction_mmu.u_tlb.vpn[1][14] (net)
                      0.053165    0.000084    2.703552 ^ _1796_/A (sky130_fd_sc_hd__buf_2)
     2    0.006137    0.068491    0.173590    2.877141 ^ _1796_/X (sky130_fd_sc_hd__buf_2)
                                                         _0729_ (net)
                      0.068491    0.000057    2.877198 ^ _1302_/A (sky130_fd_sc_hd__and2_2)
     1    0.001990    0.061720    0.228095    3.105294 ^ _1302_/X (sky130_fd_sc_hd__and2_2)
                                                         _0340_ (net)
                      0.061720    0.000037    3.105330 ^ _1902_/A (sky130_fd_sc_hd__buf_2)
     1    0.002058    0.041247    0.150998    3.256328 ^ _1902_/X (sky130_fd_sc_hd__buf_2)
                                                         _0964_ (net)
                      0.041247    0.000058    3.256386 ^ _1481_/D (sky130_fd_sc_hd__dfxtp_2)
                                              3.256386   data arrival time

                                  0.000000    0.000000   clock clk (rise edge)
                                  0.000000    0.000000   clock source latency
     2    0.157321    1.138872    0.876637    0.876637 ^ clk (in)
                                                         clk (net)
                      1.154477    0.000000    0.876637 ^ clkbuf_regs_0_clk/A (sky130_fd_sc_hd__clkbuf_16)
     1    0.008569    0.076270    0.603404    1.480040 ^ clkbuf_regs_0_clk/X (sky130_fd_sc_hd__clkbuf_16)
                                                         clk_regs (net)
                      0.076271    0.000282    1.480322 ^ clkbuf_0_clk_regs/A (sky130_fd_sc_hd__clkbuf_16)
     8    0.078792    0.146453    0.309474    1.789796 ^ clkbuf_0_clk_regs/X (sky130_fd_sc_hd__clkbuf_16)
                                                         clknet_0_clk_regs (net)
                      0.146467    0.001674    1.791470 ^ clkbuf_3_1_0_clk_regs/A (sky130_fd_sc_hd__clkbuf_8)
     2    0.019673    0.082648    0.283386    2.074856 ^ clkbuf_3_1_0_clk_regs/X (sky130_fd_sc_hd__clkbuf_8)
                                                         clknet_3_1_0_clk_regs (net)
                      0.082651    0.000632    2.075488 ^ clkbuf_4_3__f_clk_regs/A (sky130_fd_sc_hd__clkbuf_16)
     8    0.024070    0.072529    0.244647    2.320134 ^ clkbuf_4_3__f_clk_regs/X (sky130_fd_sc_hd__clkbuf_16)
                                                         clknet_4_3__leaf_clk_regs (net)
                      0.072545    0.000569    2.320703 ^ _1481_/CLK (sky130_fd_sc_hd__dfxtp_2)
                                  0.100000    2.420703   clock uncertainty
                                 -0.221019    2.199684   clock reconvergence pessimism
                                 -0.064881    2.134803   library hold time
                                              2.134803   data required time
---------------------------------------------------------------------------------------------
                                              2.134803   data required time
                                             -3.256386   data arrival time
---------------------------------------------------------------------------------------------
                                              1.121582   slack (MET)


Startpoint: _1497_ (rising edge-triggered flip-flop clocked by clk)
Endpoint: _1497_ (rising edge-triggered flip-flop clocked by clk)
Path Group: clk
Path Type: min

Fanout         Cap        Slew       Delay        Time   Description
---------------------------------------------------------------------------------------------
                                  0.000000    0.000000   clock clk (rise edge)
                                  0.000000    0.000000   clock source latency
     2    0.157321    1.138872    0.793148    0.793148 ^ clk (in)
                                                         clk (net)
                      1.154477    0.000000    0.793148 ^ clkbuf_regs_0_clk/A (sky130_fd_sc_hd__clkbuf_16)
     1    0.008569    0.076270    0.545937    1.339084 ^ clkbuf_regs_0_clk/X (sky130_fd_sc_hd__clkbuf_16)
                                                         clk_regs (net)
                      0.076271    0.000255    1.339339 ^ clkbuf_0_clk_regs/A (sky130_fd_sc_hd__clkbuf_16)
     8    0.078792    0.146453    0.280000    1.619339 ^ clkbuf_0_clk_regs/X (sky130_fd_sc_hd__clkbuf_16)
                                                         clknet_0_clk_regs (net)
                      0.146472    0.001696    1.621035 ^ clkbuf_3_3_0_clk_regs/A (sky130_fd_sc_hd__clkbuf_8)
     2    0.019077    0.081268    0.255110    1.876146 ^ clkbuf_3_3_0_clk_regs/X (sky130_fd_sc_hd__clkbuf_8)
                                                         clknet_3_3_0_clk_regs (net)
                      0.081271    0.000591    1.876736 ^ clkbuf_4_7__f_clk_regs/A (sky130_fd_sc_hd__clkbuf_16)
     8    0.025070    0.073827    0.222174    2.098910 ^ clkbuf_4_7__f_clk_regs/X (sky130_fd_sc_hd__clkbuf_16)
                                                         clknet_4_7__leaf_clk_regs (net)
                      0.073829    0.000432    2.099342 ^ _1497_/CLK (sky130_fd_sc_hd__dfxtp_2)
     1    0.002852    0.052882    0.603962    2.703304 ^ _1497_/Q (sky130_fd_sc_hd__dfxtp_2)
                                                         u_top.instruction_mmu.u_tlb.vpn[2][10] (net)
                      0.052882    0.000060    2.703363 ^ _1777_/A (sky130_fd_sc_hd__buf_2)
     2    0.005176    0.061903    0.167826    2.871190 ^ _1777_/X (sky130_fd_sc_hd__buf_2)
                                                         _0745_ (net)
                      0.061903    0.000112    2.871302 ^ _1318_/A (sky130_fd_sc_hd__and2_2)
     1    0.002548    0.065464    0.230127    3.101430 ^ _1318_/X (sky130_fd_sc_hd__and2_2)
                                                         _0356_ (net)
                      0.065464    0.000071    3.101501 ^ _1918_/A (sky130_fd_sc_hd__buf_2)
     1    0.002346    0.043072    0.154587    3.256087 ^ _1918_/X (sky130_fd_sc_hd__buf_2)
                                                         _0996_ (net)
                      0.043072    0.000063    3.256150 ^ _1497_/D (sky130_fd_sc_hd__dfxtp_2)
                                              3.256150   data arrival time

                                  0.000000    0.000000   clock clk (rise edge)
                                  0.000000    0.000000   clock source latency
     2    0.157321    1.138872    0.876637    0.876637 ^ clk (in)
                                                         clk (net)
                      1.154477    0.000000    0.876637 ^ clkbuf_regs_0_clk/A (sky130_fd_sc_hd__clkbuf_16)
     1    0.008569    0.076270    0.603404    1.480040 ^ clkbuf_regs_0_clk/X (sky130_fd_sc_hd__clkbuf_16)
                                                         clk_regs (net)
                      0.076271    0.000282    1.480322 ^ clkbuf_0_clk_regs/A (sky130_fd_sc_hd__clkbuf_16)
     8    0.078792    0.146453    0.309474    1.789796 ^ clkbuf_0_clk_regs/X (sky130_fd_sc_hd__clkbuf_16)
                                                         clknet_0_clk_regs (net)
                      0.146472    0.001875    1.791671 ^ clkbuf_3_3_0_clk_regs/A (sky130_fd_sc_hd__clkbuf_8)
     2    0.019077    0.081268    0.281964    2.073635 ^ clkbuf_3_3_0_clk_regs/X (sky130_fd_sc_hd__clkbuf_8)
                                                         clknet_3_3_0_clk_regs (net)
                      0.081271    0.000653    2.074287 ^ clkbuf_4_7__f_clk_regs/A (sky130_fd_sc_hd__clkbuf_16)
     8    0.025070    0.073827    0.245560    2.319848 ^ clkbuf_4_7__f_clk_regs/X (sky130_fd_sc_hd__clkbuf_16)
                                                         clknet_4_7__leaf_clk_regs (net)
                      0.073829    0.000478    2.320325 ^ _1497_/CLK (sky130_fd_sc_hd__dfxtp_2)
                                  0.100000    2.420325   clock uncertainty
                                 -0.220983    2.199342   clock reconvergence pessimism
                                 -0.065099    2.134243   library hold time
                                              2.134243   data required time
---------------------------------------------------------------------------------------------
                                              2.134243   data required time
                                             -3.256150   data arrival time
---------------------------------------------------------------------------------------------
                                              1.121907   slack (MET)


Startpoint: _1466_ (rising edge-triggered flip-flop clocked by clk)
Endpoint: _1466_ (rising edge-triggered flip-flop clocked by clk)
Path Group: clk
Path Type: min

Fanout         Cap        Slew       Delay        Time   Description
---------------------------------------------------------------------------------------------
                                  0.000000    0.000000   clock clk (rise edge)
                                  0.000000    0.000000   clock source latency
     2    0.157321    1.138872    0.793148    0.793148 ^ clk (in)
                                                         clk (net)
                      1.154477    0.000000    0.793148 ^ clkbuf_regs_0_clk/A (sky130_fd_sc_hd__clkbuf_16)
     1    0.008569    0.076270    0.545937    1.339084 ^ clkbuf_regs_0_clk/X (sky130_fd_sc_hd__clkbuf_16)
                                                         clk_regs (net)
                      0.076271    0.000255    1.339339 ^ clkbuf_0_clk_regs/A (sky130_fd_sc_hd__clkbuf_16)
     8    0.078792    0.146453    0.280000    1.619339 ^ clkbuf_0_clk_regs/X (sky130_fd_sc_hd__clkbuf_16)
                                                         clknet_0_clk_regs (net)
                      0.146489    0.002153    1.621492 ^ clkbuf_3_4_0_clk_regs/A (sky130_fd_sc_hd__clkbuf_8)
     2    0.018992    0.081069    0.254959    1.876451 ^ clkbuf_3_4_0_clk_regs/X (sky130_fd_sc_hd__clkbuf_8)
                                                         clknet_3_4_0_clk_regs (net)
                      0.081072    0.000521    1.876972 ^ clkbuf_4_9__f_clk_regs/A (sky130_fd_sc_hd__clkbuf_16)
     9    0.028405    0.078237    0.226543    2.103515 ^ clkbuf_4_9__f_clk_regs/X (sky130_fd_sc_hd__clkbuf_16)
                                                         clknet_4_9__leaf_clk_regs (net)
                      0.078239    0.000461    2.103976 ^ _1466_/CLK (sky130_fd_sc_hd__dfxtp_2)
     1    0.002146    0.048714    0.600694    2.704669 ^ _1466_/Q (sky130_fd_sc_hd__dfxtp_2)
                                                         u_top.instruction_mmu.u_tlb.vpn[0][19] (net)
                      0.048714    0.000057    2.704727 ^ _1820_/A (sky130_fd_sc_hd__buf_2)
     2    0.006389    0.070195    0.172967    2.877694 ^ _1820_/X (sky130_fd_sc_hd__buf_2)
                                                         _0714_ (net)
                      0.070195    0.000168    2.877862 ^ _1287_/B2 (sky130_fd_sc_hd__a22o_2)
     1    0.002435    0.058587    0.236921    3.114784 ^ _1287_/X (sky130_fd_sc_hd__a22o_2)
                                                         _0325_ (net)
                      0.058587    0.000068    3.114851 ^ _1887_/A (sky130_fd_sc_hd__buf_2)
     1    0.001831    0.039809    0.148086    3.262938 ^ _1887_/X (sky130_fd_sc_hd__buf_2)
                                                         _0934_ (net)
                      0.039809    0.000049    3.262986 ^ _1466_/D (sky130_fd_sc_hd__dfxtp_2)
                                              3.262986   data arrival time

                                  0.000000    0.000000   clock clk (rise edge)
                                  0.000000    0.000000   clock source latency
     2    0.157321    1.138872    0.876637    0.876637 ^ clk (in)
                                                         clk (net)
                      1.154477    0.000000    0.876637 ^ clkbuf_regs_0_clk/A (sky130_fd_sc_hd__clkbuf_16)
     1    0.008569    0.076270    0.603404    1.480040 ^ clkbuf_regs_0_clk/X (sky130_fd_sc_hd__clkbuf_16)
                                                         clk_regs (net)
                      0.076271    0.000282    1.480322 ^ clkbuf_0_clk_regs/A (sky130_fd_sc_hd__clkbuf_16)
     8    0.078792    0.146453    0.309474    1.789796 ^ clkbuf_0_clk_regs/X (sky130_fd_sc_hd__clkbuf_16)
                                                         clknet_0_clk_regs (net)
                      0.146489    0.002380    1.792176 ^ clkbuf_3_4_0_clk_regs/A (sky130_fd_sc_hd__clkbuf_8)
     2    0.018992    0.081069    0.281797    2.073972 ^ clkbuf_3_4_0_clk_regs/X (sky130_fd_sc_hd__clkbuf_8)
                                                         clknet_3_4_0_clk_regs (net)
                      0.081072    0.000576    2.074548 ^ clkbuf_4_9__f_clk_regs/A (sky130_fd_sc_hd__clkbuf_16)
     9    0.028405    0.078237    0.250389    2.324937 ^ clkbuf_4_9__f_clk_regs/X (sky130_fd_sc_hd__clkbuf_16)
                                                         clknet_4_9__leaf_clk_regs (net)
                      0.078239    0.000509    2.325447 ^ _1466_/CLK (sky130_fd_sc_hd__dfxtp_2)
                                  0.100000    2.425447   clock uncertainty
                                 -0.221471    2.203976   clock reconvergence pessimism
                                 -0.063644    2.140332   library hold time
                                              2.140332   data required time
---------------------------------------------------------------------------------------------
                                              2.140332   data required time
                                             -3.262986   data arrival time
---------------------------------------------------------------------------------------------
                                              1.122654   slack (MET)


Startpoint: _1486_ (rising edge-triggered flip-flop clocked by clk)
Endpoint: _1486_ (rising edge-triggered flip-flop clocked by clk)
Path Group: clk
Path Type: min

Fanout         Cap        Slew       Delay        Time   Description
---------------------------------------------------------------------------------------------
                                  0.000000    0.000000   clock clk (rise edge)
                                  0.000000    0.000000   clock source latency
     2    0.157321    1.138872    0.793148    0.793148 ^ clk (in)
                                                         clk (net)
                      1.154477    0.000000    0.793148 ^ clkbuf_regs_0_clk/A (sky130_fd_sc_hd__clkbuf_16)
     1    0.008569    0.076270    0.545937    1.339084 ^ clkbuf_regs_0_clk/X (sky130_fd_sc_hd__clkbuf_16)
                                                         clk_regs (net)
                      0.076271    0.000255    1.339339 ^ clkbuf_0_clk_regs/A (sky130_fd_sc_hd__clkbuf_16)
     8    0.078792    0.146453    0.280000    1.619339 ^ clkbuf_0_clk_regs/X (sky130_fd_sc_hd__clkbuf_16)
                                                         clknet_0_clk_regs (net)
                      0.146515    0.002672    1.622012 ^ clkbuf_3_5_0_clk_regs/A (sky130_fd_sc_hd__clkbuf_8)
     2    0.019206    0.081558    0.255471    1.877482 ^ clkbuf_3_5_0_clk_regs/X (sky130_fd_sc_hd__clkbuf_8)
                                                         clknet_3_5_0_clk_regs (net)
                      0.081560    0.000454    1.877936 ^ clkbuf_4_10__f_clk_regs/A (sky130_fd_sc_hd__clkbuf_16)
     8    0.023285    0.071546    0.219792    2.097728 ^ clkbuf_4_10__f_clk_regs/X (sky130_fd_sc_hd__clkbuf_16)
                                                         clknet_4_10__leaf_clk_regs (net)
                      0.071548    0.000622    2.098350 ^ _1486_/CLK (sky130_fd_sc_hd__dfxtp_2)
     1    0.002001    0.047821    0.596734    2.695083 ^ _1486_/Q (sky130_fd_sc_hd__dfxtp_2)
                                                         u_top.instruction_mmu.u_tlb.vpn[1][19] (net)
                      0.047821    0.000037    2.695120 ^ _1821_/A (sky130_fd_sc_hd__buf_2)
     2    0.006365    0.070029    0.172432    2.867552 ^ _1821_/X (sky130_fd_sc_hd__buf_2)
                                                         _0734_ (net)
                      0.070029    0.000143    2.867696 ^ _1307_/A (sky130_fd_sc_hd__and2_2)
     1    0.002486    0.065094    0.232885    3.100580 ^ _1307_/X (sky130_fd_sc_hd__and2_2)
                                                         _0345_ (net)
                      0.065094    0.000067    3.100648 ^ _1907_/A (sky130_fd_sc_hd__buf_2)
     1    0.002458    0.043786    0.155158    3.255806 ^ _1907_/X (sky130_fd_sc_hd__buf_2)
                                                         _0974_ (net)
                      0.043786    0.000069    3.255875 ^ _1486_/D (sky130_fd_sc_hd__dfxtp_2)
                                              3.255875   data arrival time

                                  0.000000    0.000000   clock clk (rise edge)
                                  0.000000    0.000000   clock source latency
     2    0.157321    1.138872    0.876637    0.876637 ^ clk (in)
                                                         clk (net)
                      1.154477    0.000000    0.876637 ^ clkbuf_regs_0_clk/A (sky130_fd_sc_hd__clkbuf_16)
     1    0.008569    0.076270    0.603404    1.480040 ^ clkbuf_regs_0_clk/X (sky130_fd_sc_hd__clkbuf_16)
                                                         clk_regs (net)
                      0.076271    0.000282    1.480322 ^ clkbuf_0_clk_regs/A (sky130_fd_sc_hd__clkbuf_16)
     8    0.078792    0.146453    0.309474    1.789796 ^ clkbuf_0_clk_regs/X (sky130_fd_sc_hd__clkbuf_16)
                                                         clknet_0_clk_regs (net)
                      0.146515    0.002954    1.792750 ^ clkbuf_3_5_0_clk_regs/A (sky130_fd_sc_hd__clkbuf_8)
     2    0.019206    0.081558    0.282362    2.075112 ^ clkbuf_3_5_0_clk_regs/X (sky130_fd_sc_hd__clkbuf_8)
                                                         clknet_3_5_0_clk_regs (net)
                      0.081560    0.000501    2.075613 ^ clkbuf_4_10__f_clk_regs/A (sky130_fd_sc_hd__clkbuf_16)
     8    0.023285    0.071546    0.242928    2.318541 ^ clkbuf_4_10__f_clk_regs/X (sky130_fd_sc_hd__clkbuf_16)
                                                         clknet_4_10__leaf_clk_regs (net)
                      0.071548    0.000687    2.319228 ^ _1486_/CLK (sky130_fd_sc_hd__dfxtp_2)
                                  0.100000    2.419228   clock uncertainty
                                 -0.220879    2.198349   clock reconvergence pessimism
                                 -0.065626    2.132723   library hold time
                                              2.132723   data required time
---------------------------------------------------------------------------------------------
                                              2.132723   data required time
                                             -3.255875   data arrival time
---------------------------------------------------------------------------------------------
                                              1.123152   slack (MET)


Startpoint: _1515_ (rising edge-triggered flip-flop clocked by clk)
Endpoint: _1515_ (rising edge-triggered flip-flop clocked by clk)
Path Group: clk
Path Type: min

Fanout         Cap        Slew       Delay        Time   Description
---------------------------------------------------------------------------------------------
                                  0.000000    0.000000   clock clk (rise edge)
                                  0.000000    0.000000   clock source latency
     2    0.157321    1.138872    0.793148    0.793148 ^ clk (in)
                                                         clk (net)
                      1.154477    0.000000    0.793148 ^ clkbuf_regs_0_clk/A (sky130_fd_sc_hd__clkbuf_16)
     1    0.008569    0.076270    0.545937    1.339084 ^ clkbuf_regs_0_clk/X (sky130_fd_sc_hd__clkbuf_16)
                                                         clk_regs (net)
                      0.076271    0.000255    1.339339 ^ clkbuf_0_clk_regs/A (sky130_fd_sc_hd__clkbuf_16)
     8    0.078792    0.146453    0.280000    1.619339 ^ clkbuf_0_clk_regs/X (sky130_fd_sc_hd__clkbuf_16)
                                                         clknet_0_clk_regs (net)
                      0.146467    0.001514    1.620854 ^ clkbuf_3_1_0_clk_regs/A (sky130_fd_sc_hd__clkbuf_8)
     2    0.019673    0.082648    0.256397    1.877250 ^ clkbuf_3_1_0_clk_regs/X (sky130_fd_sc_hd__clkbuf_8)
                                                         clknet_3_1_0_clk_regs (net)
                      0.082651    0.000572    1.877822 ^ clkbuf_4_3__f_clk_regs/A (sky130_fd_sc_hd__clkbuf_16)
     8    0.024070    0.072529    0.221347    2.099169 ^ clkbuf_4_3__f_clk_regs/X (sky130_fd_sc_hd__clkbuf_16)
                                                         clknet_4_3__leaf_clk_regs (net)
                      0.072546    0.000552    2.099722 ^ _1515_/CLK (sky130_fd_sc_hd__dfxtp_2)
     1    0.003577    0.057042    0.608720    2.708441 ^ _1515_/Q (sky130_fd_sc_hd__dfxtp_2)
                                                         u_top.instruction_mmu.u_tlb.vpn[3][3] (net)
                      0.057042    0.000077    2.708518 ^ _1744_/A (sky130_fd_sc_hd__buf_2)
     2    0.005017    0.060825    0.168631    2.877149 ^ _1744_/X (sky130_fd_sc_hd__buf_2)
                                                         _0777_ (net)
                      0.060825    0.000032    2.877182 ^ _1336_/A (sky130_fd_sc_hd__and2_2)
     1    0.002568    0.065589    0.229854    3.107036 ^ _1336_/X (sky130_fd_sc_hd__and2_2)
                                                         _0374_ (net)
                      0.065589    0.000071    3.107107 ^ _1936_/A (sky130_fd_sc_hd__buf_2)
     1    0.001839    0.039824    0.151278    3.258384 ^ _1936_/X (sky130_fd_sc_hd__buf_2)
                                                         _1023_ (net)
                      0.039824    0.000048    3.258433 ^ _1515_/D (sky130_fd_sc_hd__dfxtp_2)
                                              3.258433   data arrival time

                                  0.000000    0.000000   clock clk (rise edge)
                                  0.000000    0.000000   clock source latency
     2    0.157321    1.138872    0.876637    0.876637 ^ clk (in)
                                                         clk (net)
                      1.154477    0.000000    0.876637 ^ clkbuf_regs_0_clk/A (sky130_fd_sc_hd__clkbuf_16)
     1    0.008569    0.076270    0.603404    1.480040 ^ clkbuf_regs_0_clk/X (sky130_fd_sc_hd__clkbuf_16)
                                                         clk_regs (net)
                      0.076271    0.000282    1.480322 ^ clkbuf_0_clk_regs/A (sky130_fd_sc_hd__clkbuf_16)
     8    0.078792    0.146453    0.309474    1.789796 ^ clkbuf_0_clk_regs/X (sky130_fd_sc_hd__clkbuf_16)
                                                         clknet_0_clk_regs (net)
                      0.146467    0.001674    1.791470 ^ clkbuf_3_1_0_clk_regs/A (sky130_fd_sc_hd__clkbuf_8)
     2    0.019673    0.082648    0.283386    2.074856 ^ clkbuf_3_1_0_clk_regs/X (sky130_fd_sc_hd__clkbuf_8)
                                                         clknet_3_1_0_clk_regs (net)
                      0.082651    0.000632    2.075488 ^ clkbuf_4_3__f_clk_regs/A (sky130_fd_sc_hd__clkbuf_16)
     8    0.024070    0.072529    0.244647    2.320134 ^ clkbuf_4_3__f_clk_regs/X (sky130_fd_sc_hd__clkbuf_16)
                                                         clknet_4_3__leaf_clk_regs (net)
                      0.072546    0.000610    2.320745 ^ _1515_/CLK (sky130_fd_sc_hd__dfxtp_2)
                                  0.100000    2.420745   clock uncertainty
                                 -0.221023    2.199722   clock reconvergence pessimism
                                 -0.064552    2.135170   library hold time
                                              2.135170   data required time
---------------------------------------------------------------------------------------------
                                              2.135170   data required time
                                             -3.258433   data arrival time
---------------------------------------------------------------------------------------------
                                              1.123263   slack (MET)


Startpoint: _1474_ (rising edge-triggered flip-flop clocked by clk)
Endpoint: _1474_ (rising edge-triggered flip-flop clocked by clk)
Path Group: clk
Path Type: min

Fanout         Cap        Slew       Delay        Time   Description
---------------------------------------------------------------------------------------------
                                  0.000000    0.000000   clock clk (rise edge)
                                  0.000000    0.000000   clock source latency
     2    0.157321    1.138872    0.793148    0.793148 ^ clk (in)
                                                         clk (net)
                      1.154477    0.000000    0.793148 ^ clkbuf_regs_0_clk/A (sky130_fd_sc_hd__clkbuf_16)
     1    0.008569    0.076270    0.545937    1.339084 ^ clkbuf_regs_0_clk/X (sky130_fd_sc_hd__clkbuf_16)
                                                         clk_regs (net)
                      0.076271    0.000255    1.339339 ^ clkbuf_0_clk_regs/A (sky130_fd_sc_hd__clkbuf_16)
     8    0.078792    0.146453    0.280000    1.619339 ^ clkbuf_0_clk_regs/X (sky130_fd_sc_hd__clkbuf_16)
                                                         clknet_0_clk_regs (net)
                      0.146467    0.001514    1.620854 ^ clkbuf_3_1_0_clk_regs/A (sky130_fd_sc_hd__clkbuf_8)
     2    0.019673    0.082648    0.256397    1.877250 ^ clkbuf_3_1_0_clk_regs/X (sky130_fd_sc_hd__clkbuf_8)
                                                         clknet_3_1_0_clk_regs (net)
                      0.082651    0.000572    1.877822 ^ clkbuf_4_3__f_clk_regs/A (sky130_fd_sc_hd__clkbuf_16)
     8    0.024070    0.072529    0.221347    2.099169 ^ clkbuf_4_3__f_clk_regs/X (sky130_fd_sc_hd__clkbuf_16)
                                                         clknet_4_3__leaf_clk_regs (net)
                      0.072546    0.000548    2.099717 ^ _1474_/CLK (sky130_fd_sc_hd__dfxtp_2)
     1    0.002503    0.050974    0.600842    2.700559 ^ _1474_/Q (sky130_fd_sc_hd__dfxtp_2)
                                                         u_top.instruction_mmu.u_tlb.vpn[1][7] (net)
                      0.050974    0.000069    2.700628 ^ _1761_/A (sky130_fd_sc_hd__buf_2)
     2    0.006105    0.068264    0.172440    2.873068 ^ _1761_/X (sky130_fd_sc_hd__buf_2)
                                                         _0741_ (net)
                      0.068264    0.000074    2.873142 ^ _1295_/A (sky130_fd_sc_hd__and2_2)
     1    0.002387    0.064411    0.231336    3.104478 ^ _1295_/X (sky130_fd_sc_hd__and2_2)
                                                         _0333_ (net)
                      0.064411    0.000066    3.104544 ^ _1895_/A (sky130_fd_sc_hd__buf_2)
     1    0.002237    0.042380    0.153392    3.257936 ^ _1895_/X (sky130_fd_sc_hd__buf_2)
                                                         _0950_ (net)
                      0.042380    0.000062    3.257998 ^ _1474_/D (sky130_fd_sc_hd__dfxtp_2)
                                              3.257998   data arrival time

                                  0.000000    0.000000   clock clk (rise edge)
                                  0.000000    0.000000   clock source latency
     2    0.157321    1.138872    0.876637    0.876637 ^ clk (in)
                                                         clk (net)
                      1.154477    0.000000    0.876637 ^ clkbuf_regs_0_clk/A (sky130_fd_sc_hd__clkbuf_16)
     1    0.008569    0.076270    0.603404    1.480040 ^ clkbuf_regs_0_clk/X (sky130_fd_sc_hd__clkbuf_16)
                                                         clk_regs (net)
                      0.076271    0.000282    1.480322 ^ clkbuf_0_clk_regs/A (sky130_fd_sc_hd__clkbuf_16)
     8    0.078792    0.146453    0.309474    1.789796 ^ clkbuf_0_clk_regs/X (sky130_fd_sc_hd__clkbuf_16)
                                                         clknet_0_clk_regs (net)
                      0.146467    0.001674    1.791470 ^ clkbuf_3_1_0_clk_regs/A (sky130_fd_sc_hd__clkbuf_8)
     2    0.019673    0.082648    0.283386    2.074856 ^ clkbuf_3_1_0_clk_regs/X (sky130_fd_sc_hd__clkbuf_8)
                                                         clknet_3_1_0_clk_regs (net)
                      0.082651    0.000632    2.075488 ^ clkbuf_4_3__f_clk_regs/A (sky130_fd_sc_hd__clkbuf_16)
     8    0.024070    0.072529    0.244647    2.320134 ^ clkbuf_4_3__f_clk_regs/X (sky130_fd_sc_hd__clkbuf_16)
                                                         clknet_4_3__leaf_clk_regs (net)
                      0.072546    0.000605    2.320740 ^ _1474_/CLK (sky130_fd_sc_hd__dfxtp_2)
                                  0.100000    2.420740   clock uncertainty
                                 -0.221023    2.199717   clock reconvergence pessimism
                                 -0.065143    2.134575   library hold time
                                              2.134575   data required time
---------------------------------------------------------------------------------------------
                                              2.134575   data required time
                                             -3.257998   data arrival time
---------------------------------------------------------------------------------------------
                                              1.123423   slack (MET)


Startpoint: _1449_ (rising edge-triggered flip-flop clocked by clk)
Endpoint: _1449_ (rising edge-triggered flip-flop clocked by clk)
Path Group: clk
Path Type: min

Fanout         Cap        Slew       Delay        Time   Description
---------------------------------------------------------------------------------------------
                                  0.000000    0.000000   clock clk (rise edge)
                                  0.000000    0.000000   clock source latency
     2    0.157321    1.138872    0.793148    0.793148 ^ clk (in)
                                                         clk (net)
                      1.154477    0.000000    0.793148 ^ clkbuf_regs_0_clk/A (sky130_fd_sc_hd__clkbuf_16)
     1    0.008569    0.076270    0.545937    1.339084 ^ clkbuf_regs_0_clk/X (sky130_fd_sc_hd__clkbuf_16)
                                                         clk_regs (net)
                      0.076271    0.000255    1.339339 ^ clkbuf_0_clk_regs/A (sky130_fd_sc_hd__clkbuf_16)
     8    0.078792    0.146453    0.280000    1.619339 ^ clkbuf_0_clk_regs/X (sky130_fd_sc_hd__clkbuf_16)
                                                         clknet_0_clk_regs (net)
                      0.146489    0.002153    1.621492 ^ clkbuf_3_4_0_clk_regs/A (sky130_fd_sc_hd__clkbuf_8)
     2    0.018992    0.081069    0.254959    1.876451 ^ clkbuf_3_4_0_clk_regs/X (sky130_fd_sc_hd__clkbuf_8)
                                                         clknet_3_4_0_clk_regs (net)
                      0.081071    0.000493    1.876944 ^ clkbuf_4_8__f_clk_regs/A (sky130_fd_sc_hd__clkbuf_16)
     9    0.027849    0.077510    0.225685    2.102629 ^ clkbuf_4_8__f_clk_regs/X (sky130_fd_sc_hd__clkbuf_16)
                                                         clknet_4_8__leaf_clk_regs (net)
                      0.077517    0.000725    2.103353 ^ _1449_/CLK (sky130_fd_sc_hd__dfxtp_2)
     1    0.002781    0.052486    0.605037    2.708390 ^ _1449_/Q (sky130_fd_sc_hd__dfxtp_2)
                                                         u_top.instruction_mmu.u_tlb.vpn[0][2] (net)
                      0.052486    0.000076    2.708466 ^ _1737_/A (sky130_fd_sc_hd__buf_2)
     2    0.006582    0.071518    0.175632    2.884098 ^ _1737_/X (sky130_fd_sc_hd__buf_2)
                                                         _0716_ (net)
                      0.071518    0.000161    2.884259 ^ _1270_/A (sky130_fd_sc_hd__and2_2)
     1    0.001932    0.061354    0.228827    3.113086 ^ _1270_/X (sky130_fd_sc_hd__and2_2)
                                                         _0308_ (net)
                      0.061354    0.000035    3.113121 ^ _1870_/A (sky130_fd_sc_hd__buf_2)
     1    0.001939    0.040488    0.150046    3.263166 ^ _1870_/X (sky130_fd_sc_hd__buf_2)
                                                         _0900_ (net)
                      0.040488    0.000052    3.263218 ^ _1449_/D (sky130_fd_sc_hd__dfxtp_2)
                                              3.263218   data arrival time

                                  0.000000    0.000000   clock clk (rise edge)
                                  0.000000    0.000000   clock source latency
     2    0.157321    1.138872    0.876637    0.876637 ^ clk (in)
                                                         clk (net)
                      1.154477    0.000000    0.876637 ^ clkbuf_regs_0_clk/A (sky130_fd_sc_hd__clkbuf_16)
     1    0.008569    0.076270    0.603404    1.480040 ^ clkbuf_regs_0_clk/X (sky130_fd_sc_hd__clkbuf_16)
                                                         clk_regs (net)
                      0.076271    0.000282    1.480322 ^ clkbuf_0_clk_regs/A (sky130_fd_sc_hd__clkbuf_16)
     8    0.078792    0.146453    0.309474    1.789796 ^ clkbuf_0_clk_regs/X (sky130_fd_sc_hd__clkbuf_16)
                                                         clknet_0_clk_regs (net)
                      0.146489    0.002380    1.792176 ^ clkbuf_3_4_0_clk_regs/A (sky130_fd_sc_hd__clkbuf_8)
     2    0.018992    0.081069    0.281797    2.073972 ^ clkbuf_3_4_0_clk_regs/X (sky130_fd_sc_hd__clkbuf_8)
                                                         clknet_3_4_0_clk_regs (net)
                      0.081071    0.000545    2.074517 ^ clkbuf_4_8__f_clk_regs/A (sky130_fd_sc_hd__clkbuf_16)
     9    0.027849    0.077510    0.249441    2.323958 ^ clkbuf_4_8__f_clk_regs/X (sky130_fd_sc_hd__clkbuf_16)
                                                         clknet_4_8__leaf_clk_regs (net)
                      0.077517    0.000801    2.324759 ^ _1449_/CLK (sky130_fd_sc_hd__dfxtp_2)
                                  0.100000    2.424759   clock uncertainty
                                 -0.221405    2.203353   clock reconvergence pessimism
                                 -0.063916    2.139438   library hold time
                                              2.139438   data required time
---------------------------------------------------------------------------------------------
                                              2.139438   data required time
                                             -3.263218   data arrival time
---------------------------------------------------------------------------------------------
                                              1.123781   slack (MET)


Startpoint: _1477_ (rising edge-triggered flip-flop clocked by clk)
Endpoint: _1477_ (rising edge-triggered flip-flop clocked by clk)
Path Group: clk
Path Type: min

Fanout         Cap        Slew       Delay        Time   Description
---------------------------------------------------------------------------------------------
                                  0.000000    0.000000   clock clk (rise edge)
                                  0.000000    0.000000   clock source latency
     2    0.157321    1.138872    0.793148    0.793148 ^ clk (in)
                                                         clk (net)
                      1.154477    0.000000    0.793148 ^ clkbuf_regs_0_clk/A (sky130_fd_sc_hd__clkbuf_16)
     1    0.008569    0.076270    0.545937    1.339084 ^ clkbuf_regs_0_clk/X (sky130_fd_sc_hd__clkbuf_16)
                                                         clk_regs (net)
                      0.076271    0.000255    1.339339 ^ clkbuf_0_clk_regs/A (sky130_fd_sc_hd__clkbuf_16)
     8    0.078792    0.146453    0.280000    1.619339 ^ clkbuf_0_clk_regs/X (sky130_fd_sc_hd__clkbuf_16)
                                                         clknet_0_clk_regs (net)
                      0.146472    0.001696    1.621035 ^ clkbuf_3_3_0_clk_regs/A (sky130_fd_sc_hd__clkbuf_8)
     2    0.019077    0.081268    0.255110    1.876146 ^ clkbuf_3_3_0_clk_regs/X (sky130_fd_sc_hd__clkbuf_8)
                                                         clknet_3_3_0_clk_regs (net)
                      0.081270    0.000532    1.876678 ^ clkbuf_4_6__f_clk_regs/A (sky130_fd_sc_hd__clkbuf_16)
     8    0.023967    0.072404    0.220675    2.097353 ^ clkbuf_4_6__f_clk_regs/X (sky130_fd_sc_hd__clkbuf_16)
                                                         clknet_4_6__leaf_clk_regs (net)
                      0.072409    0.000443    2.097796 ^ _1477_/CLK (sky130_fd_sc_hd__dfxtp_2)
     1    0.002724    0.052197    0.602401    2.700197 ^ _1477_/Q (sky130_fd_sc_hd__dfxtp_2)
                                                         u_top.instruction_mmu.u_tlb.vpn[1][10] (net)
                      0.052197    0.000078    2.700275 ^ _1776_/A (sky130_fd_sc_hd__buf_2)
     2    0.005682    0.065409    0.170705    2.870980 ^ _1776_/X (sky130_fd_sc_hd__buf_2)
                                                         _0725_ (net)
                      0.065409    0.000117    2.871098 ^ _1298_/A (sky130_fd_sc_hd__and2_2)
     1    0.002410    0.064550    0.230384    3.101481 ^ _1298_/X (sky130_fd_sc_hd__and2_2)
                                                         _0336_ (net)
                      0.064550    0.000065    3.101547 ^ _1898_/A (sky130_fd_sc_hd__buf_2)
     1    0.002503    0.044077    0.155217    3.256764 ^ _1898_/X (sky130_fd_sc_hd__buf_2)
                                                         _0956_ (net)
                      0.044077    0.000069    3.256833 ^ _1477_/D (sky130_fd_sc_hd__dfxtp_2)
                                              3.256833   data arrival time

                                  0.000000    0.000000   clock clk (rise edge)
                                  0.000000    0.000000   clock source latency
     2    0.157321    1.138872    0.876637    0.876637 ^ clk (in)
                                                         clk (net)
                      1.154477    0.000000    0.876637 ^ clkbuf_regs_0_clk/A (sky130_fd_sc_hd__clkbuf_16)
     1    0.008569    0.076270    0.603404    1.480040 ^ clkbuf_regs_0_clk/X (sky130_fd_sc_hd__clkbuf_16)
                                                         clk_regs (net)
                      0.076271    0.000282    1.480322 ^ clkbuf_0_clk_regs/A (sky130_fd_sc_hd__clkbuf_16)
     8    0.078792    0.146453    0.309474    1.789796 ^ clkbuf_0_clk_regs/X (sky130_fd_sc_hd__clkbuf_16)
                                                         clknet_0_clk_regs (net)
                      0.146472    0.001875    1.791671 ^ clkbuf_3_3_0_clk_regs/A (sky130_fd_sc_hd__clkbuf_8)
     2    0.019077    0.081268    0.281964    2.073635 ^ clkbuf_3_3_0_clk_regs/X (sky130_fd_sc_hd__clkbuf_8)
                                                         clknet_3_3_0_clk_regs (net)
                      0.081270    0.000588    2.074222 ^ clkbuf_4_6__f_clk_regs/A (sky130_fd_sc_hd__clkbuf_16)
     8    0.023967    0.072404    0.243904    2.318127 ^ clkbuf_4_6__f_clk_regs/X (sky130_fd_sc_hd__clkbuf_16)
                                                         clknet_4_6__leaf_clk_regs (net)
                      0.072409    0.000490    2.318617 ^ _1477_/CLK (sky130_fd_sc_hd__dfxtp_2)
                                  0.100000    2.418617   clock uncertainty
                                 -0.220821    2.197796   clock reconvergence pessimism
                                 -0.065557    2.132240   library hold time
                                              2.132240   data required time
---------------------------------------------------------------------------------------------
                                              2.132240   data required time
                                             -3.256833   data arrival time
---------------------------------------------------------------------------------------------
                                              1.124594   slack (MET)


Startpoint: _1485_ (rising edge-triggered flip-flop clocked by clk)
Endpoint: _1485_ (rising edge-triggered flip-flop clocked by clk)
Path Group: clk
Path Type: min

Fanout         Cap        Slew       Delay        Time   Description
---------------------------------------------------------------------------------------------
                                  0.000000    0.000000   clock clk (rise edge)
                                  0.000000    0.000000   clock source latency
     2    0.157321    1.138872    0.793148    0.793148 ^ clk (in)
                                                         clk (net)
                      1.154477    0.000000    0.793148 ^ clkbuf_regs_0_clk/A (sky130_fd_sc_hd__clkbuf_16)
     1    0.008569    0.076270    0.545937    1.339084 ^ clkbuf_regs_0_clk/X (sky130_fd_sc_hd__clkbuf_16)
                                                         clk_regs (net)
                      0.076271    0.000255    1.339339 ^ clkbuf_0_clk_regs/A (sky130_fd_sc_hd__clkbuf_16)
     8    0.078792    0.146453    0.280000    1.619339 ^ clkbuf_0_clk_regs/X (sky130_fd_sc_hd__clkbuf_16)
                                                         clknet_0_clk_regs (net)
                      0.146520    0.002753    1.622092 ^ clkbuf_3_7_0_clk_regs/A (sky130_fd_sc_hd__clkbuf_8)
     2    0.018154    0.079145    0.253176    1.875268 ^ clkbuf_3_7_0_clk_regs/X (sky130_fd_sc_hd__clkbuf_8)
                                                         clknet_3_7_0_clk_regs (net)
                      0.079147    0.000440    1.875708 ^ clkbuf_4_14__f_clk_regs/A (sky130_fd_sc_hd__clkbuf_16)
     8    0.025541    0.074447    0.221774    2.097482 ^ clkbuf_4_14__f_clk_regs/X (sky130_fd_sc_hd__clkbuf_16)
                                                         clknet_4_14__leaf_clk_regs (net)
                      0.074455    0.000683    2.098165 ^ _1485_/CLK (sky130_fd_sc_hd__dfxtp_2)
     1    0.002679    0.051958    0.602961    2.701126 ^ _1485_/Q (sky130_fd_sc_hd__dfxtp_2)
                                                         u_top.instruction_mmu.u_tlb.vpn[1][18] (net)
                      0.051958    0.000077    2.701203 ^ _1816_/A (sky130_fd_sc_hd__buf_2)
     2    0.006615    0.071745    0.175577    2.876780 ^ _1816_/X (sky130_fd_sc_hd__buf_2)
                                                         _0733_ (net)
                      0.071745    0.000168    2.876948 ^ _1306_/A (sky130_fd_sc_hd__and2_2)
     1    0.002193    0.063130    0.231114    3.108062 ^ _1306_/X (sky130_fd_sc_hd__and2_2)
                                                         _0344_ (net)
                      0.063130    0.000059    3.108120 ^ _1906_/A (sky130_fd_sc_hd__buf_2)
     1    0.001861    0.039977    0.150320    3.258441 ^ _1906_/X (sky130_fd_sc_hd__buf_2)
                                                         _0972_ (net)
                      0.039977    0.000050    3.258491 ^ _1485_/D (sky130_fd_sc_hd__dfxtp_2)
                                              3.258491   data arrival time

                                  0.000000    0.000000   clock clk (rise edge)
                                  0.000000    0.000000   clock source latency
     2    0.157321    1.138872    0.876637    0.876637 ^ clk (in)
                                                         clk (net)
                      1.154477    0.000000    0.876637 ^ clkbuf_regs_0_clk/A (sky130_fd_sc_hd__clkbuf_16)
     1    0.008569    0.076270    0.603404    1.480040 ^ clkbuf_regs_0_clk/X (sky130_fd_sc_hd__clkbuf_16)
                                                         clk_regs (net)
                      0.076271    0.000282    1.480322 ^ clkbuf_0_clk_regs/A (sky130_fd_sc_hd__clkbuf_16)
     8    0.078792    0.146453    0.309474    1.789796 ^ clkbuf_0_clk_regs/X (sky130_fd_sc_hd__clkbuf_16)
                                                         clknet_0_clk_regs (net)
                      0.146520    0.003043    1.792839 ^ clkbuf_3_7_0_clk_regs/A (sky130_fd_sc_hd__clkbuf_8)
     2    0.018154    0.079145    0.279826    2.072665 ^ clkbuf_3_7_0_clk_regs/X (sky130_fd_sc_hd__clkbuf_8)
                                                         clknet_3_7_0_clk_regs (net)
                      0.079147    0.000486    2.073151 ^ clkbuf_4_14__f_clk_regs/A (sky130_fd_sc_hd__clkbuf_16)
     8    0.025541    0.074447    0.245118    2.318269 ^ clkbuf_4_14__f_clk_regs/X (sky130_fd_sc_hd__clkbuf_16)
                                                         clknet_4_14__leaf_clk_regs (net)
                      0.074455    0.000755    2.319024 ^ _1485_/CLK (sky130_fd_sc_hd__dfxtp_2)
                                  0.100000    2.419024   clock uncertainty
                                 -0.220859    2.198165   clock reconvergence pessimism
                                 -0.064284    2.133881   library hold time
                                              2.133881   data required time
---------------------------------------------------------------------------------------------
                                              2.133881   data required time
                                             -3.258491   data arrival time
---------------------------------------------------------------------------------------------
                                              1.124610   slack (MET)


Startpoint: _1471_ (rising edge-triggered flip-flop clocked by clk)
Endpoint: _1471_ (rising edge-triggered flip-flop clocked by clk)
Path Group: clk
Path Type: min

Fanout         Cap        Slew       Delay        Time   Description
---------------------------------------------------------------------------------------------
                                  0.000000    0.000000   clock clk (rise edge)
                                  0.000000    0.000000   clock source latency
     2    0.157321    1.138872    0.793148    0.793148 ^ clk (in)
                                                         clk (net)
                      1.154477    0.000000    0.793148 ^ clkbuf_regs_0_clk/A (sky130_fd_sc_hd__clkbuf_16)
     1    0.008569    0.076270    0.545937    1.339084 ^ clkbuf_regs_0_clk/X (sky130_fd_sc_hd__clkbuf_16)
                                                         clk_regs (net)
                      0.076271    0.000255    1.339339 ^ clkbuf_0_clk_regs/A (sky130_fd_sc_hd__clkbuf_16)
     8    0.078792    0.146453    0.280000    1.619339 ^ clkbuf_0_clk_regs/X (sky130_fd_sc_hd__clkbuf_16)
                                                         clknet_0_clk_regs (net)
                      0.146520    0.002753    1.622092 ^ clkbuf_3_7_0_clk_regs/A (sky130_fd_sc_hd__clkbuf_8)
     2    0.018154    0.079145    0.253176    1.875268 ^ clkbuf_3_7_0_clk_regs/X (sky130_fd_sc_hd__clkbuf_8)
                                                         clknet_3_7_0_clk_regs (net)
                      0.079148    0.000488    1.875756 ^ clkbuf_4_15__f_clk_regs/A (sky130_fd_sc_hd__clkbuf_16)
     8    0.022377    0.070410    0.217420    2.093176 ^ clkbuf_4_15__f_clk_regs/X (sky130_fd_sc_hd__clkbuf_16)
                                                         clknet_4_15__leaf_clk_regs (net)
                      0.070414    0.000969    2.094145 ^ _1471_/CLK (sky130_fd_sc_hd__dfxtp_2)
     1    0.002862    0.052941    0.602550    2.696694 ^ _1471_/Q (sky130_fd_sc_hd__dfxtp_2)
                                                         u_top.instruction_mmu.u_tlb.vpn[1][4] (net)
                      0.052941    0.000079    2.696773 ^ _1746_/A (sky130_fd_sc_hd__buf_2)
     2    0.006744    0.072662    0.176698    2.873471 ^ _1746_/X (sky130_fd_sc_hd__buf_2)
                                                         _0738_ (net)
                      0.072662    0.000123    2.873594 ^ _1292_/A (sky130_fd_sc_hd__and2_2)
     1    0.001987    0.061740    0.229748    3.103342 ^ _1292_/X (sky130_fd_sc_hd__and2_2)
                                                         _0330_ (net)
                      0.061740    0.000053    3.103395 ^ _1892_/A (sky130_fd_sc_hd__buf_2)
     1    0.002020    0.041002    0.150754    3.254149 ^ _1892_/X (sky130_fd_sc_hd__buf_2)
                                                         _0944_ (net)
                      0.041002    0.000054    3.254203 ^ _1471_/D (sky130_fd_sc_hd__dfxtp_2)
                                              3.254203   data arrival time

                                  0.000000    0.000000   clock clk (rise edge)
                                  0.000000    0.000000   clock source latency
     2    0.157321    1.138872    0.876637    0.876637 ^ clk (in)
                                                         clk (net)
                      1.154477    0.000000    0.876637 ^ clkbuf_regs_0_clk/A (sky130_fd_sc_hd__clkbuf_16)
     1    0.008569    0.076270    0.603404    1.480040 ^ clkbuf_regs_0_clk/X (sky130_fd_sc_hd__clkbuf_16)
                                                         clk_regs (net)
                      0.076271    0.000282    1.480322 ^ clkbuf_0_clk_regs/A (sky130_fd_sc_hd__clkbuf_16)
     8    0.078792    0.146453    0.309474    1.789796 ^ clkbuf_0_clk_regs/X (sky130_fd_sc_hd__clkbuf_16)
                                                         clknet_0_clk_regs (net)
                      0.146520    0.003043    1.792839 ^ clkbuf_3_7_0_clk_regs/A (sky130_fd_sc_hd__clkbuf_8)
     2    0.018154    0.079145    0.279826    2.072665 ^ clkbuf_3_7_0_clk_regs/X (sky130_fd_sc_hd__clkbuf_8)
                                                         clknet_3_7_0_clk_regs (net)
                      0.079148    0.000539    2.073204 ^ clkbuf_4_15__f_clk_regs/A (sky130_fd_sc_hd__clkbuf_16)
     8    0.022377    0.070410    0.240306    2.313510 ^ clkbuf_4_15__f_clk_regs/X (sky130_fd_sc_hd__clkbuf_16)
                                                         clknet_4_15__leaf_clk_regs (net)
                      0.070414    0.001070    2.314581 ^ _1471_/CLK (sky130_fd_sc_hd__dfxtp_2)
                                  0.100000    2.414581   clock uncertainty
                                 -0.220436    2.194144   clock reconvergence pessimism
                                 -0.065162    2.128982   library hold time
                                              2.128982   data required time
---------------------------------------------------------------------------------------------
                                              2.128982   data required time
                                             -3.254203   data arrival time
---------------------------------------------------------------------------------------------
                                              1.125220   slack (MET)


Startpoint: _1490_ (rising edge-triggered flip-flop clocked by clk)
Endpoint: _1490_ (rising edge-triggered flip-flop clocked by clk)
Path Group: clk
Path Type: min

Fanout         Cap        Slew       Delay        Time   Description
---------------------------------------------------------------------------------------------
                                  0.000000    0.000000   clock clk (rise edge)
                                  0.000000    0.000000   clock source latency
     2    0.157321    1.138872    0.793148    0.793148 ^ clk (in)
                                                         clk (net)
                      1.154477    0.000000    0.793148 ^ clkbuf_regs_0_clk/A (sky130_fd_sc_hd__clkbuf_16)
     1    0.008569    0.076270    0.545937    1.339084 ^ clkbuf_regs_0_clk/X (sky130_fd_sc_hd__clkbuf_16)
                                                         clk_regs (net)
                      0.076271    0.000255    1.339339 ^ clkbuf_0_clk_regs/A (sky130_fd_sc_hd__clkbuf_16)
     8    0.078792    0.146453    0.280000    1.619339 ^ clkbuf_0_clk_regs/X (sky130_fd_sc_hd__clkbuf_16)
                                                         clknet_0_clk_regs (net)
                      0.146515    0.002666    1.622005 ^ clkbuf_3_2_0_clk_regs/A (sky130_fd_sc_hd__clkbuf_8)
     2    0.018941    0.080956    0.254843    1.876848 ^ clkbuf_3_2_0_clk_regs/X (sky130_fd_sc_hd__clkbuf_8)
                                                         clknet_3_2_0_clk_regs (net)
                      0.080959    0.000544    1.877393 ^ clkbuf_4_5__f_clk_regs/A (sky130_fd_sc_hd__clkbuf_16)
     8    0.026986    0.076362    0.224423    2.101815 ^ clkbuf_4_5__f_clk_regs/X (sky130_fd_sc_hd__clkbuf_16)
                                                         clknet_4_5__leaf_clk_regs (net)
                      0.076372    0.000794    2.102609 ^ _1490_/CLK (sky130_fd_sc_hd__dfxtp_2)
     1    0.002461    0.050699    0.602201    2.704810 ^ _1490_/Q (sky130_fd_sc_hd__dfxtp_2)
                                                         u_top.instruction_mmu.u_tlb.vpn[2][3] (net)
                      0.050699    0.000048    2.704858 ^ _1743_/A (sky130_fd_sc_hd__buf_2)
     2    0.006129    0.068433    0.172468    2.877326 ^ _1743_/X (sky130_fd_sc_hd__buf_2)
                                                         _0757_ (net)
                      0.068433    0.000030    2.877357 ^ _1311_/A (sky130_fd_sc_hd__and2_2)
     1    0.002565    0.065616    0.232901    3.110257 ^ _1311_/X (sky130_fd_sc_hd__and2_2)
                                                         _0349_ (net)
                      0.065616    0.000073    3.110330 ^ _1911_/A (sky130_fd_sc_hd__buf_2)
     1    0.002169    0.041938    0.153479    3.263809 ^ _1911_/X (sky130_fd_sc_hd__buf_2)
                                                         _0982_ (net)
                      0.041938    0.000059    3.263868 ^ _1490_/D (sky130_fd_sc_hd__dfxtp_2)
                                              3.263868   data arrival time

                                  0.000000    0.000000   clock clk (rise edge)
                                  0.000000    0.000000   clock source latency
     2    0.157321    1.138872    0.876637    0.876637 ^ clk (in)
                                                         clk (net)
                      1.154477    0.000000    0.876637 ^ clkbuf_regs_0_clk/A (sky130_fd_sc_hd__clkbuf_16)
     1    0.008569    0.076270    0.603404    1.480040 ^ clkbuf_regs_0_clk/X (sky130_fd_sc_hd__clkbuf_16)
                                                         clk_regs (net)
                      0.076271    0.000282    1.480322 ^ clkbuf_0_clk_regs/A (sky130_fd_sc_hd__clkbuf_16)
     8    0.078792    0.146453    0.309474    1.789796 ^ clkbuf_0_clk_regs/X (sky130_fd_sc_hd__clkbuf_16)
                                                         clknet_0_clk_regs (net)
                      0.146515    0.002947    1.792743 ^ clkbuf_3_2_0_clk_regs/A (sky130_fd_sc_hd__clkbuf_8)
     2    0.018941    0.080956    0.281668    2.074411 ^ clkbuf_3_2_0_clk_regs/X (sky130_fd_sc_hd__clkbuf_8)
                                                         clknet_3_2_0_clk_regs (net)
                      0.080959    0.000602    2.075013 ^ clkbuf_4_5__f_clk_regs/A (sky130_fd_sc_hd__clkbuf_16)
     8    0.026986    0.076362    0.248046    2.323059 ^ clkbuf_4_5__f_clk_regs/X (sky130_fd_sc_hd__clkbuf_16)
                                                         clknet_4_5__leaf_clk_regs (net)
                      0.076372    0.000878    2.323937 ^ _1490_/CLK (sky130_fd_sc_hd__dfxtp_2)
                                  0.100000    2.423937   clock uncertainty
                                 -0.221327    2.202610   clock reconvergence pessimism
                                 -0.064433    2.138177   library hold time
                                              2.138177   data required time
---------------------------------------------------------------------------------------------
                                              2.138177   data required time
                                             -3.263868   data arrival time
---------------------------------------------------------------------------------------------
                                              1.125691   slack (MET)


Startpoint: _1505_ (rising edge-triggered flip-flop clocked by clk)
Endpoint: _1505_ (rising edge-triggered flip-flop clocked by clk)
Path Group: clk
Path Type: min

Fanout         Cap        Slew       Delay        Time   Description
---------------------------------------------------------------------------------------------
                                  0.000000    0.000000   clock clk (rise edge)
                                  0.000000    0.000000   clock source latency
     2    0.157321    1.138872    0.793148    0.793148 ^ clk (in)
                                                         clk (net)
                      1.154477    0.000000    0.793148 ^ clkbuf_regs_0_clk/A (sky130_fd_sc_hd__clkbuf_16)
     1    0.008569    0.076270    0.545937    1.339084 ^ clkbuf_regs_0_clk/X (sky130_fd_sc_hd__clkbuf_16)
                                                         clk_regs (net)
                      0.076271    0.000255    1.339339 ^ clkbuf_0_clk_regs/A (sky130_fd_sc_hd__clkbuf_16)
     8    0.078792    0.146453    0.280000    1.619339 ^ clkbuf_0_clk_regs/X (sky130_fd_sc_hd__clkbuf_16)
                                                         clknet_0_clk_regs (net)
                      0.146520    0.002753    1.622092 ^ clkbuf_3_7_0_clk_regs/A (sky130_fd_sc_hd__clkbuf_8)
     2    0.018154    0.079145    0.253176    1.875268 ^ clkbuf_3_7_0_clk_regs/X (sky130_fd_sc_hd__clkbuf_8)
                                                         clknet_3_7_0_clk_regs (net)
                      0.079147    0.000440    1.875708 ^ clkbuf_4_14__f_clk_regs/A (sky130_fd_sc_hd__clkbuf_16)
     8    0.025541    0.074447    0.221774    2.097482 ^ clkbuf_4_14__f_clk_regs/X (sky130_fd_sc_hd__clkbuf_16)
                                                         clknet_4_14__leaf_clk_regs (net)
                      0.074447    0.000365    2.097847 ^ _1505_/CLK (sky130_fd_sc_hd__dfxtp_2)
     1    0.001983    0.047697    0.597857    2.695704 ^ _1505_/Q (sky130_fd_sc_hd__dfxtp_2)
                                                         u_top.instruction_mmu.u_tlb.vpn[2][18] (net)
                      0.047697    0.000037    2.695741 ^ _1817_/A (sky130_fd_sc_hd__buf_2)
     2    0.006438    0.070531    0.172785    2.868526 ^ _1817_/X (sky130_fd_sc_hd__buf_2)
                                                         _0753_ (net)
                      0.070531    0.000100    2.868626 ^ _1326_/A (sky130_fd_sc_hd__and2_2)
     1    0.002267    0.063618    0.231244    3.099870 ^ _1326_/X (sky130_fd_sc_hd__and2_2)
                                                         _0364_ (net)
                      0.063618    0.000061    3.099931 ^ _1926_/A (sky130_fd_sc_hd__buf_2)
     1    0.002935    0.046857    0.157672    3.257604 ^ _1926_/X (sky130_fd_sc_hd__buf_2)
                                                         _1012_ (net)
                      0.046857    0.000079    3.257682 ^ _1505_/D (sky130_fd_sc_hd__dfxtp_2)
                                              3.257682   data arrival time

                                  0.000000    0.000000   clock clk (rise edge)
                                  0.000000    0.000000   clock source latency
     2    0.157321    1.138872    0.876637    0.876637 ^ clk (in)
                                                         clk (net)
                      1.154477    0.000000    0.876637 ^ clkbuf_regs_0_clk/A (sky130_fd_sc_hd__clkbuf_16)
     1    0.008569    0.076270    0.603404    1.480040 ^ clkbuf_regs_0_clk/X (sky130_fd_sc_hd__clkbuf_16)
                                                         clk_regs (net)
                      0.076271    0.000282    1.480322 ^ clkbuf_0_clk_regs/A (sky130_fd_sc_hd__clkbuf_16)
     8    0.078792    0.146453    0.309474    1.789796 ^ clkbuf_0_clk_regs/X (sky130_fd_sc_hd__clkbuf_16)
                                                         clknet_0_clk_regs (net)
                      0.146520    0.003043    1.792839 ^ clkbuf_3_7_0_clk_regs/A (sky130_fd_sc_hd__clkbuf_8)
     2    0.018154    0.079145    0.279826    2.072665 ^ clkbuf_3_7_0_clk_regs/X (sky130_fd_sc_hd__clkbuf_8)
                                                         clknet_3_7_0_clk_regs (net)
                      0.079147    0.000486    2.073151 ^ clkbuf_4_14__f_clk_regs/A (sky130_fd_sc_hd__clkbuf_16)
     8    0.025541    0.074447    0.245118    2.318269 ^ clkbuf_4_14__f_clk_regs/X (sky130_fd_sc_hd__clkbuf_16)
                                                         clknet_4_14__leaf_clk_regs (net)
                      0.074447    0.000404    2.318673 ^ _1505_/CLK (sky130_fd_sc_hd__dfxtp_2)
                                  0.100000    2.418673   clock uncertainty
                                 -0.220826    2.197847   clock reconvergence pessimism
                                 -0.065876    2.131972   library hold time
                                              2.131972   data required time
---------------------------------------------------------------------------------------------
                                              2.131972   data required time
                                             -3.257682   data arrival time
---------------------------------------------------------------------------------------------
                                              1.125711   slack (MET)


Startpoint: _1491_ (rising edge-triggered flip-flop clocked by clk)
Endpoint: _1491_ (rising edge-triggered flip-flop clocked by clk)
Path Group: clk
Path Type: min

Fanout         Cap        Slew       Delay        Time   Description
---------------------------------------------------------------------------------------------
                                  0.000000    0.000000   clock clk (rise edge)
                                  0.000000    0.000000   clock source latency
     2    0.157321    1.138872    0.793148    0.793148 ^ clk (in)
                                                         clk (net)
                      1.154477    0.000000    0.793148 ^ clkbuf_regs_0_clk/A (sky130_fd_sc_hd__clkbuf_16)
     1    0.008569    0.076270    0.545937    1.339084 ^ clkbuf_regs_0_clk/X (sky130_fd_sc_hd__clkbuf_16)
                                                         clk_regs (net)
                      0.076271    0.000255    1.339339 ^ clkbuf_0_clk_regs/A (sky130_fd_sc_hd__clkbuf_16)
     8    0.078792    0.146453    0.280000    1.619339 ^ clkbuf_0_clk_regs/X (sky130_fd_sc_hd__clkbuf_16)
                                                         clknet_0_clk_regs (net)
                      0.146520    0.002753    1.622092 ^ clkbuf_3_7_0_clk_regs/A (sky130_fd_sc_hd__clkbuf_8)
     2    0.018154    0.079145    0.253176    1.875268 ^ clkbuf_3_7_0_clk_regs/X (sky130_fd_sc_hd__clkbuf_8)
                                                         clknet_3_7_0_clk_regs (net)
                      0.079148    0.000488    1.875756 ^ clkbuf_4_15__f_clk_regs/A (sky130_fd_sc_hd__clkbuf_16)
     8    0.022377    0.070410    0.217420    2.093176 ^ clkbuf_4_15__f_clk_regs/X (sky130_fd_sc_hd__clkbuf_16)
                                                         clknet_4_15__leaf_clk_regs (net)
                      0.070414    0.000890    2.094066 ^ _1491_/CLK (sky130_fd_sc_hd__dfxtp_2)
     1    0.003075    0.054112    0.604111    2.698177 ^ _1491_/Q (sky130_fd_sc_hd__dfxtp_2)
                                                         u_top.instruction_mmu.u_tlb.vpn[2][4] (net)
                      0.054112    0.000088    2.698265 ^ _1747_/A (sky130_fd_sc_hd__buf_2)
     2    0.006089    0.068159    0.173721    2.871986 ^ _1747_/X (sky130_fd_sc_hd__buf_2)
                                                         _0758_ (net)
                      0.068159    0.000089    2.872075 ^ _1312_/A (sky130_fd_sc_hd__and2_2)
     1    0.001951    0.061452    0.227631    3.099705 ^ _1312_/X (sky130_fd_sc_hd__and2_2)
                                                         _0350_ (net)
                      0.061452    0.000052    3.099757 ^ _1912_/A (sky130_fd_sc_hd__buf_2)
     1    0.002586    0.044617    0.154385    3.254142 ^ _1912_/X (sky130_fd_sc_hd__buf_2)
                                                         _0984_ (net)
                      0.044617    0.000073    3.254215 ^ _1491_/D (sky130_fd_sc_hd__dfxtp_2)
                                              3.254215   data arrival time

                                  0.000000    0.000000   clock clk (rise edge)
                                  0.000000    0.000000   clock source latency
     2    0.157321    1.138872    0.876637    0.876637 ^ clk (in)
                                                         clk (net)
                      1.154477    0.000000    0.876637 ^ clkbuf_regs_0_clk/A (sky130_fd_sc_hd__clkbuf_16)
     1    0.008569    0.076270    0.603404    1.480040 ^ clkbuf_regs_0_clk/X (sky130_fd_sc_hd__clkbuf_16)
                                                         clk_regs (net)
                      0.076271    0.000282    1.480322 ^ clkbuf_0_clk_regs/A (sky130_fd_sc_hd__clkbuf_16)
     8    0.078792    0.146453    0.309474    1.789796 ^ clkbuf_0_clk_regs/X (sky130_fd_sc_hd__clkbuf_16)
                                                         clknet_0_clk_regs (net)
                      0.146520    0.003043    1.792839 ^ clkbuf_3_7_0_clk_regs/A (sky130_fd_sc_hd__clkbuf_8)
     2    0.018154    0.079145    0.279826    2.072665 ^ clkbuf_3_7_0_clk_regs/X (sky130_fd_sc_hd__clkbuf_8)
                                                         clknet_3_7_0_clk_regs (net)
                      0.079148    0.000539    2.073204 ^ clkbuf_4_15__f_clk_regs/A (sky130_fd_sc_hd__clkbuf_16)
     8    0.022377    0.070410    0.240306    2.313510 ^ clkbuf_4_15__f_clk_regs/X (sky130_fd_sc_hd__clkbuf_16)
                                                         clknet_4_15__leaf_clk_regs (net)
                      0.070414    0.000983    2.314494 ^ _1491_/CLK (sky130_fd_sc_hd__dfxtp_2)
                                  0.100000    2.414494   clock uncertainty
                                 -0.220428    2.194066   clock reconvergence pessimism
                                 -0.065998    2.128067   library hold time
                                              2.128067   data required time
---------------------------------------------------------------------------------------------
                                              2.128067   data required time
                                             -3.254215   data arrival time
---------------------------------------------------------------------------------------------
                                              1.126148   slack (MET)


Startpoint: _1473_ (rising edge-triggered flip-flop clocked by clk)
Endpoint: _1473_ (rising edge-triggered flip-flop clocked by clk)
Path Group: clk
Path Type: min

Fanout         Cap        Slew       Delay        Time   Description
---------------------------------------------------------------------------------------------
                                  0.000000    0.000000   clock clk (rise edge)
                                  0.000000    0.000000   clock source latency
     2    0.157321    1.138872    0.793148    0.793148 ^ clk (in)
                                                         clk (net)
                      1.154477    0.000000    0.793148 ^ clkbuf_regs_0_clk/A (sky130_fd_sc_hd__clkbuf_16)
     1    0.008569    0.076270    0.545937    1.339084 ^ clkbuf_regs_0_clk/X (sky130_fd_sc_hd__clkbuf_16)
                                                         clk_regs (net)
                      0.076271    0.000255    1.339339 ^ clkbuf_0_clk_regs/A (sky130_fd_sc_hd__clkbuf_16)
     8    0.078792    0.146453    0.280000    1.619339 ^ clkbuf_0_clk_regs/X (sky130_fd_sc_hd__clkbuf_16)
                                                         clknet_0_clk_regs (net)
                      0.146520    0.002753    1.622092 ^ clkbuf_3_7_0_clk_regs/A (sky130_fd_sc_hd__clkbuf_8)
     2    0.018154    0.079145    0.253176    1.875268 ^ clkbuf_3_7_0_clk_regs/X (sky130_fd_sc_hd__clkbuf_8)
                                                         clknet_3_7_0_clk_regs (net)
                      0.079148    0.000488    1.875756 ^ clkbuf_4_15__f_clk_regs/A (sky130_fd_sc_hd__clkbuf_16)
     8    0.022377    0.070410    0.217420    2.093176 ^ clkbuf_4_15__f_clk_regs/X (sky130_fd_sc_hd__clkbuf_16)
                                                         clknet_4_15__leaf_clk_regs (net)
                      0.070416    0.001084    2.094260 ^ _1473_/CLK (sky130_fd_sc_hd__dfxtp_2)
     1    0.002627    0.051701    0.600830    2.695090 ^ _1473_/Q (sky130_fd_sc_hd__dfxtp_2)
                                                         u_top.instruction_mmu.u_tlb.vpn[1][6] (net)
                      0.051701    0.000071    2.695161 ^ _1756_/A (sky130_fd_sc_hd__buf_2)
     2    0.006740    0.072601    0.176131    2.871292 ^ _1756_/X (sky130_fd_sc_hd__buf_2)
                                                         _0740_ (net)
                      0.072601    0.000168    2.871460 ^ _1294_/A (sky130_fd_sc_hd__and2_2)
     1    0.002333    0.064079    0.232633    3.104094 ^ _1294_/X (sky130_fd_sc_hd__and2_2)
                                                         _0332_ (net)
                      0.064079    0.000065    3.104158 ^ _1894_/A (sky130_fd_sc_hd__buf_2)
     1    0.001946    0.040517    0.151311    3.255469 ^ _1894_/X (sky130_fd_sc_hd__buf_2)
                                                         _0948_ (net)
                      0.040517    0.000052    3.255520 ^ _1473_/D (sky130_fd_sc_hd__dfxtp_2)
                                              3.255520   data arrival time

                                  0.000000    0.000000   clock clk (rise edge)
                                  0.000000    0.000000   clock source latency
     2    0.157321    1.138872    0.876637    0.876637 ^ clk (in)
                                                         clk (net)
                      1.154477    0.000000    0.876637 ^ clkbuf_regs_0_clk/A (sky130_fd_sc_hd__clkbuf_16)
     1    0.008569    0.076270    0.603404    1.480040 ^ clkbuf_regs_0_clk/X (sky130_fd_sc_hd__clkbuf_16)
                                                         clk_regs (net)
                      0.076271    0.000282    1.480322 ^ clkbuf_0_clk_regs/A (sky130_fd_sc_hd__clkbuf_16)
     8    0.078792    0.146453    0.309474    1.789796 ^ clkbuf_0_clk_regs/X (sky130_fd_sc_hd__clkbuf_16)
                                                         clknet_0_clk_regs (net)
                      0.146520    0.003043    1.792839 ^ clkbuf_3_7_0_clk_regs/A (sky130_fd_sc_hd__clkbuf_8)
     2    0.018154    0.079145    0.279826    2.072665 ^ clkbuf_3_7_0_clk_regs/X (sky130_fd_sc_hd__clkbuf_8)
                                                         clknet_3_7_0_clk_regs (net)
                      0.079148    0.000539    2.073204 ^ clkbuf_4_15__f_clk_regs/A (sky130_fd_sc_hd__clkbuf_16)
     8    0.022377    0.070410    0.240306    2.313510 ^ clkbuf_4_15__f_clk_regs/X (sky130_fd_sc_hd__clkbuf_16)
                                                         clknet_4_15__leaf_clk_regs (net)
                      0.070416    0.001199    2.314709 ^ _1473_/CLK (sky130_fd_sc_hd__dfxtp_2)
                                  0.100000    2.414709   clock uncertainty
                                 -0.220449    2.194260   clock reconvergence pessimism
                                 -0.065050    2.129210   library hold time
                                              2.129210   data required time
---------------------------------------------------------------------------------------------
                                              2.129210   data required time
                                             -3.255520   data arrival time
---------------------------------------------------------------------------------------------
                                              1.126310   slack (MET)


Startpoint: _1450_ (rising edge-triggered flip-flop clocked by clk)
Endpoint: _1450_ (rising edge-triggered flip-flop clocked by clk)
Path Group: clk
Path Type: min

Fanout         Cap        Slew       Delay        Time   Description
---------------------------------------------------------------------------------------------
                                  0.000000    0.000000   clock clk (rise edge)
                                  0.000000    0.000000   clock source latency
     2    0.157321    1.138872    0.793148    0.793148 ^ clk (in)
                                                         clk (net)
                      1.154477    0.000000    0.793148 ^ clkbuf_regs_0_clk/A (sky130_fd_sc_hd__clkbuf_16)
     1    0.008569    0.076270    0.545937    1.339084 ^ clkbuf_regs_0_clk/X (sky130_fd_sc_hd__clkbuf_16)
                                                         clk_regs (net)
                      0.076271    0.000255    1.339339 ^ clkbuf_0_clk_regs/A (sky130_fd_sc_hd__clkbuf_16)
     8    0.078792    0.146453    0.280000    1.619339 ^ clkbuf_0_clk_regs/X (sky130_fd_sc_hd__clkbuf_16)
                                                         clknet_0_clk_regs (net)
                      0.146472    0.001696    1.621035 ^ clkbuf_3_3_0_clk_regs/A (sky130_fd_sc_hd__clkbuf_8)
     2    0.019077    0.081268    0.255110    1.876146 ^ clkbuf_3_3_0_clk_regs/X (sky130_fd_sc_hd__clkbuf_8)
                                                         clknet_3_3_0_clk_regs (net)
                      0.081270    0.000532    1.876678 ^ clkbuf_4_6__f_clk_regs/A (sky130_fd_sc_hd__clkbuf_16)
     8    0.023967    0.072404    0.220675    2.097353 ^ clkbuf_4_6__f_clk_regs/X (sky130_fd_sc_hd__clkbuf_16)
                                                         clknet_4_6__leaf_clk_regs (net)
                      0.072410    0.000492    2.097844 ^ _1450_/CLK (sky130_fd_sc_hd__dfxtp_2)
     1    0.003268    0.055208    0.606389    2.704233 ^ _1450_/Q (sky130_fd_sc_hd__dfxtp_2)
                                                         u_top.instruction_mmu.u_tlb.vpn[0][3] (net)
                      0.055208    0.000092    2.704325 ^ _1741_/A (sky130_fd_sc_hd__buf_2)
     2    0.005687    0.065440    0.172043    2.876368 ^ _1741_/X (sky130_fd_sc_hd__buf_2)
                                                         _0717_ (net)
                      0.065440    0.000119    2.876487 ^ _1271_/A (sky130_fd_sc_hd__and2_2)
     1    0.002479    0.065017    0.230973    3.107460 ^ _1271_/X (sky130_fd_sc_hd__and2_2)
                                                         _0309_ (net)
                      0.065017    0.000069    3.107529 ^ _1871_/A (sky130_fd_sc_hd__buf_2)
     1    0.002067    0.041285    0.152529    3.260059 ^ _1871_/X (sky130_fd_sc_hd__buf_2)
                                                         _0902_ (net)
                      0.041285    0.000057    3.260116 ^ _1450_/D (sky130_fd_sc_hd__dfxtp_2)
                                              3.260116   data arrival time

                                  0.000000    0.000000   clock clk (rise edge)
                                  0.000000    0.000000   clock source latency
     2    0.157321    1.138872    0.876637    0.876637 ^ clk (in)
                                                         clk (net)
                      1.154477    0.000000    0.876637 ^ clkbuf_regs_0_clk/A (sky130_fd_sc_hd__clkbuf_16)
     1    0.008569    0.076270    0.603404    1.480040 ^ clkbuf_regs_0_clk/X (sky130_fd_sc_hd__clkbuf_16)
                                                         clk_regs (net)
                      0.076271    0.000282    1.480322 ^ clkbuf_0_clk_regs/A (sky130_fd_sc_hd__clkbuf_16)
     8    0.078792    0.146453    0.309474    1.789796 ^ clkbuf_0_clk_regs/X (sky130_fd_sc_hd__clkbuf_16)
                                                         clknet_0_clk_regs (net)
                      0.146472    0.001875    1.791671 ^ clkbuf_3_3_0_clk_regs/A (sky130_fd_sc_hd__clkbuf_8)
     2    0.019077    0.081268    0.281964    2.073635 ^ clkbuf_3_3_0_clk_regs/X (sky130_fd_sc_hd__clkbuf_8)
                                                         clknet_3_3_0_clk_regs (net)
                      0.081270    0.000588    2.074222 ^ clkbuf_4_6__f_clk_regs/A (sky130_fd_sc_hd__clkbuf_16)
     8    0.023967    0.072404    0.243904    2.318127 ^ clkbuf_4_6__f_clk_regs/X (sky130_fd_sc_hd__clkbuf_16)
                                                         clknet_4_6__leaf_clk_regs (net)
                      0.072410    0.000543    2.318670 ^ _1450_/CLK (sky130_fd_sc_hd__dfxtp_2)
                                  0.100000    2.418670   clock uncertainty
                                 -0.220826    2.197845   clock reconvergence pessimism
                                 -0.064911    2.132933   library hold time
                                              2.132933   data required time
---------------------------------------------------------------------------------------------
                                              2.132933   data required time
                                             -3.260116   data arrival time
---------------------------------------------------------------------------------------------
                                              1.127182   slack (MET)


Startpoint: _1464_ (rising edge-triggered flip-flop clocked by clk)
Endpoint: _1464_ (rising edge-triggered flip-flop clocked by clk)
Path Group: clk
Path Type: min

Fanout         Cap        Slew       Delay        Time   Description
---------------------------------------------------------------------------------------------
                                  0.000000    0.000000   clock clk (rise edge)
                                  0.000000    0.000000   clock source latency
     2    0.157321    1.138872    0.793148    0.793148 ^ clk (in)
                                                         clk (net)
                      1.154477    0.000000    0.793148 ^ clkbuf_regs_0_clk/A (sky130_fd_sc_hd__clkbuf_16)
     1    0.008569    0.076270    0.545937    1.339084 ^ clkbuf_regs_0_clk/X (sky130_fd_sc_hd__clkbuf_16)
                                                         clk_regs (net)
                      0.076271    0.000255    1.339339 ^ clkbuf_0_clk_regs/A (sky130_fd_sc_hd__clkbuf_16)
     8    0.078792    0.146453    0.280000    1.619339 ^ clkbuf_0_clk_regs/X (sky130_fd_sc_hd__clkbuf_16)
                                                         clknet_0_clk_regs (net)
                      0.146515    0.002672    1.622012 ^ clkbuf_3_5_0_clk_regs/A (sky130_fd_sc_hd__clkbuf_8)
     2    0.019206    0.081558    0.255471    1.877482 ^ clkbuf_3_5_0_clk_regs/X (sky130_fd_sc_hd__clkbuf_8)
                                                         clknet_3_5_0_clk_regs (net)
                      0.081559    0.000390    1.877873 ^ clkbuf_4_11__f_clk_regs/A (sky130_fd_sc_hd__clkbuf_16)
     8    0.027288    0.076763    0.225088    2.102961 ^ clkbuf_4_11__f_clk_regs/X (sky130_fd_sc_hd__clkbuf_16)
                                                         clknet_4_11__leaf_clk_regs (net)
                      0.076785    0.001124    2.104085 ^ _1464_/CLK (sky130_fd_sc_hd__dfxtp_2)
     1    0.002342    0.049953    0.601502    2.705587 ^ _1464_/Q (sky130_fd_sc_hd__dfxtp_2)
                                                         u_top.instruction_mmu.u_tlb.vpn[0][17] (net)
                      0.049953    0.000064    2.705652 ^ _1810_/A (sky130_fd_sc_hd__buf_2)
     2    0.006601    0.071675    0.174663    2.880315 ^ _1810_/X (sky130_fd_sc_hd__buf_2)
                                                         _0712_ (net)
                      0.071675    0.000135    2.880450 ^ _1285_/B2 (sky130_fd_sc_hd__a22o_2)
     1    0.002140    0.057065    0.234799    3.115249 ^ _1285_/X (sky130_fd_sc_hd__a22o_2)
                                                         _0323_ (net)
                      0.057065    0.000042    3.115290 ^ _1885_/A (sky130_fd_sc_hd__buf_2)
     1    0.002412    0.043525    0.151273    3.266563 ^ _1885_/X (sky130_fd_sc_hd__buf_2)
                                                         _0930_ (net)
                      0.043525    0.000065    3.266628 ^ _1464_/D (sky130_fd_sc_hd__dfxtp_2)
                                              3.266628   data arrival time

                                  0.000000    0.000000   clock clk (rise edge)
                                  0.000000    0.000000   clock source latency
     2    0.157321    1.138872    0.876637    0.876637 ^ clk (in)
                                                         clk (net)
                      1.154477    0.000000    0.876637 ^ clkbuf_regs_0_clk/A (sky130_fd_sc_hd__clkbuf_16)
     1    0.008569    0.076270    0.603404    1.480040 ^ clkbuf_regs_0_clk/X (sky130_fd_sc_hd__clkbuf_16)
                                                         clk_regs (net)
                      0.076271    0.000282    1.480322 ^ clkbuf_0_clk_regs/A (sky130_fd_sc_hd__clkbuf_16)
     8    0.078792    0.146453    0.309474    1.789796 ^ clkbuf_0_clk_regs/X (sky130_fd_sc_hd__clkbuf_16)
                                                         clknet_0_clk_regs (net)
                      0.146515    0.002954    1.792750 ^ clkbuf_3_5_0_clk_regs/A (sky130_fd_sc_hd__clkbuf_8)
     2    0.019206    0.081558    0.282362    2.075112 ^ clkbuf_3_5_0_clk_regs/X (sky130_fd_sc_hd__clkbuf_8)
                                                         clknet_3_5_0_clk_regs (net)
                      0.081559    0.000431    2.075543 ^ clkbuf_4_11__f_clk_regs/A (sky130_fd_sc_hd__clkbuf_16)
     8    0.027288    0.076763    0.248782    2.324325 ^ clkbuf_4_11__f_clk_regs/X (sky130_fd_sc_hd__clkbuf_16)
                                                         clknet_4_11__leaf_clk_regs (net)
                      0.076785    0.001243    2.325567 ^ _1464_/CLK (sky130_fd_sc_hd__dfxtp_2)
                                  0.100000    2.425568   clock uncertainty
                                 -0.221482    2.204085   clock reconvergence pessimism
                                 -0.064734    2.139351   library hold time
                                              2.139351   data required time
---------------------------------------------------------------------------------------------
                                              2.139351   data required time
                                             -3.266628   data arrival time
---------------------------------------------------------------------------------------------
                                              1.127277   slack (MET)


Startpoint: _1482_ (rising edge-triggered flip-flop clocked by clk)
Endpoint: _1482_ (rising edge-triggered flip-flop clocked by clk)
Path Group: clk
Path Type: min

Fanout         Cap        Slew       Delay        Time   Description
---------------------------------------------------------------------------------------------
                                  0.000000    0.000000   clock clk (rise edge)
                                  0.000000    0.000000   clock source latency
     2    0.157321    1.138872    0.793148    0.793148 ^ clk (in)
                                                         clk (net)
                      1.154477    0.000000    0.793148 ^ clkbuf_regs_0_clk/A (sky130_fd_sc_hd__clkbuf_16)
     1    0.008569    0.076270    0.545937    1.339084 ^ clkbuf_regs_0_clk/X (sky130_fd_sc_hd__clkbuf_16)
                                                         clk_regs (net)
                      0.076271    0.000255    1.339339 ^ clkbuf_0_clk_regs/A (sky130_fd_sc_hd__clkbuf_16)
     8    0.078792    0.146453    0.280000    1.619339 ^ clkbuf_0_clk_regs/X (sky130_fd_sc_hd__clkbuf_16)
                                                         clknet_0_clk_regs (net)
                      0.146520    0.002753    1.622092 ^ clkbuf_3_7_0_clk_regs/A (sky130_fd_sc_hd__clkbuf_8)
     2    0.018154    0.079145    0.253176    1.875268 ^ clkbuf_3_7_0_clk_regs/X (sky130_fd_sc_hd__clkbuf_8)
                                                         clknet_3_7_0_clk_regs (net)
                      0.079148    0.000488    1.875756 ^ clkbuf_4_15__f_clk_regs/A (sky130_fd_sc_hd__clkbuf_16)
     8    0.022377    0.070410    0.217420    2.093176 ^ clkbuf_4_15__f_clk_regs/X (sky130_fd_sc_hd__clkbuf_16)
                                                         clknet_4_15__leaf_clk_regs (net)
                      0.070416    0.001078    2.094254 ^ _1482_/CLK (sky130_fd_sc_hd__dfxtp_2)
     1    0.002365    0.050110    0.598903    2.693158 ^ _1482_/Q (sky130_fd_sc_hd__dfxtp_2)
                                                         u_top.instruction_mmu.u_tlb.vpn[1][15] (net)
                      0.050110    0.000064    2.693222 ^ _1801_/A (sky130_fd_sc_hd__buf_2)
     2    0.006807    0.073094    0.175807    2.869029 ^ _1801_/X (sky130_fd_sc_hd__buf_2)
                                                         _0730_ (net)
                      0.073094    0.000096    2.869125 ^ _1303_/A (sky130_fd_sc_hd__and2_2)
     1    0.002118    0.062632    0.231025    3.100151 ^ _1303_/X (sky130_fd_sc_hd__and2_2)
                                                         _0341_ (net)
                      0.062632    0.000057    3.100208 ^ _1903_/A (sky130_fd_sc_hd__buf_2)
     1    0.002646    0.044996    0.155310    3.255518 ^ _1903_/X (sky130_fd_sc_hd__buf_2)
                                                         _0966_ (net)
                      0.044996    0.000073    3.255592 ^ _1482_/D (sky130_fd_sc_hd__dfxtp_2)
                                              3.255592   data arrival time

                                  0.000000    0.000000   clock clk (rise edge)
                                  0.000000    0.000000   clock source latency
     2    0.157321    1.138872    0.876637    0.876637 ^ clk (in)
                                                         clk (net)
                      1.154477    0.000000    0.876637 ^ clkbuf_regs_0_clk/A (sky130_fd_sc_hd__clkbuf_16)
     1    0.008569    0.076270    0.603404    1.480040 ^ clkbuf_regs_0_clk/X (sky130_fd_sc_hd__clkbuf_16)
                                                         clk_regs (net)
                      0.076271    0.000282    1.480322 ^ clkbuf_0_clk_regs/A (sky130_fd_sc_hd__clkbuf_16)
     8    0.078792    0.146453    0.309474    1.789796 ^ clkbuf_0_clk_regs/X (sky130_fd_sc_hd__clkbuf_16)
                                                         clknet_0_clk_regs (net)
                      0.146520    0.003043    1.792839 ^ clkbuf_3_7_0_clk_regs/A (sky130_fd_sc_hd__clkbuf_8)
     2    0.018154    0.079145    0.279826    2.072665 ^ clkbuf_3_7_0_clk_regs/X (sky130_fd_sc_hd__clkbuf_8)
                                                         clknet_3_7_0_clk_regs (net)
                      0.079148    0.000539    2.073204 ^ clkbuf_4_15__f_clk_regs/A (sky130_fd_sc_hd__clkbuf_16)
     8    0.022377    0.070410    0.240306    2.313510 ^ clkbuf_4_15__f_clk_regs/X (sky130_fd_sc_hd__clkbuf_16)
                                                         clknet_4_15__leaf_clk_regs (net)
                      0.070416    0.001192    2.314702 ^ _1482_/CLK (sky130_fd_sc_hd__dfxtp_2)
                                  0.100000    2.414702   clock uncertainty
                                 -0.220448    2.194254   clock reconvergence pessimism
                                 -0.066086    2.128169   library hold time
                                              2.128169   data required time
---------------------------------------------------------------------------------------------
                                              2.128169   data required time
                                             -3.255592   data arrival time
---------------------------------------------------------------------------------------------
                                              1.127423   slack (MET)


Startpoint: _1526_ (rising edge-triggered flip-flop clocked by clk)
Endpoint: _1526_ (rising edge-triggered flip-flop clocked by clk)
Path Group: clk
Path Type: min

Fanout         Cap        Slew       Delay        Time   Description
---------------------------------------------------------------------------------------------
                                  0.000000    0.000000   clock clk (rise edge)
                                  0.000000    0.000000   clock source latency
     2    0.157321    1.138872    0.793148    0.793148 ^ clk (in)
                                                         clk (net)
                      1.154477    0.000000    0.793148 ^ clkbuf_regs_0_clk/A (sky130_fd_sc_hd__clkbuf_16)
     1    0.008569    0.076270    0.545937    1.339084 ^ clkbuf_regs_0_clk/X (sky130_fd_sc_hd__clkbuf_16)
                                                         clk_regs (net)
                      0.076271    0.000255    1.339339 ^ clkbuf_0_clk_regs/A (sky130_fd_sc_hd__clkbuf_16)
     8    0.078792    0.146453    0.280000    1.619339 ^ clkbuf_0_clk_regs/X (sky130_fd_sc_hd__clkbuf_16)
                                                         clknet_0_clk_regs (net)
                      0.146521    0.002778    1.622118 ^ clkbuf_3_0_0_clk_regs/A (sky130_fd_sc_hd__clkbuf_8)
     2    0.018181    0.079205    0.253267    1.875385 ^ clkbuf_3_0_0_clk_regs/X (sky130_fd_sc_hd__clkbuf_8)
                                                         clknet_3_0_0_clk_regs (net)
                      0.079206    0.000342    1.875726 ^ clkbuf_4_1__f_clk_regs/A (sky130_fd_sc_hd__clkbuf_16)
     9    0.033687    0.085517    0.232731    2.108458 ^ clkbuf_4_1__f_clk_regs/X (sky130_fd_sc_hd__clkbuf_16)
                                                         clknet_4_1__leaf_clk_regs (net)
                      0.085517    0.000376    2.108834 ^ _1526_/CLK (sky130_fd_sc_hd__dfxtp_2)
     1    0.002001    0.047810    0.602834    2.711668 ^ _1526_/Q (sky130_fd_sc_hd__dfxtp_2)
                                                         u_top.instruction_mmu.u_tlb.vpn[3][14] (net)
                      0.047810    0.000037    2.711705 ^ _1798_/A (sky130_fd_sc_hd__buf_2)
     2    0.006758    0.072752    0.174529    2.886233 ^ _1798_/X (sky130_fd_sc_hd__buf_2)
                                                         _0769_ (net)
                      0.072752    0.000144    2.886378 ^ _1347_/A (sky130_fd_sc_hd__and2_2)
     1    0.002648    0.066203    0.235348    3.121725 ^ _1347_/X (sky130_fd_sc_hd__and2_2)
                                                         _0385_ (net)
                      0.066203    0.000075    3.121800 ^ _1947_/A (sky130_fd_sc_hd__buf_2)
     1    0.001903    0.040230    0.151976    3.273776 ^ _1947_/X (sky130_fd_sc_hd__buf_2)
                                                         _1034_ (net)
                      0.040230    0.000050    3.273826 ^ _1526_/D (sky130_fd_sc_hd__dfxtp_2)
                                              3.273826   data arrival time

                                  0.000000    0.000000   clock clk (rise edge)
                                  0.000000    0.000000   clock source latency
     2    0.157321    1.138872    0.876637    0.876637 ^ clk (in)
                                                         clk (net)
                      1.154477    0.000000    0.876637 ^ clkbuf_regs_0_clk/A (sky130_fd_sc_hd__clkbuf_16)
     1    0.008569    0.076270    0.603404    1.480040 ^ clkbuf_regs_0_clk/X (sky130_fd_sc_hd__clkbuf_16)
                                                         clk_regs (net)
                      0.076271    0.000282    1.480322 ^ clkbuf_0_clk_regs/A (sky130_fd_sc_hd__clkbuf_16)
     8    0.078792    0.146453    0.309474    1.789796 ^ clkbuf_0_clk_regs/X (sky130_fd_sc_hd__clkbuf_16)
                                                         clknet_0_clk_regs (net)
                      0.146521    0.003071    1.792867 ^ clkbuf_3_0_0_clk_regs/A (sky130_fd_sc_hd__clkbuf_8)
     2    0.018181    0.079205    0.279927    2.072793 ^ clkbuf_3_0_0_clk_regs/X (sky130_fd_sc_hd__clkbuf_8)
                                                         clknet_3_0_0_clk_regs (net)
                      0.079206    0.000378    2.073171 ^ clkbuf_4_1__f_clk_regs/A (sky130_fd_sc_hd__clkbuf_16)
     9    0.033687    0.085517    0.257229    2.330400 ^ clkbuf_4_1__f_clk_regs/X (sky130_fd_sc_hd__clkbuf_16)
                                                         clknet_4_1__leaf_clk_regs (net)
                      0.085517    0.000416    2.330817 ^ _1526_/CLK (sky130_fd_sc_hd__dfxtp_2)
                                  0.100000    2.430816   clock uncertainty
                                 -0.221982    2.208834   clock reconvergence pessimism
                                 -0.062586    2.146248   library hold time
                                              2.146248   data required time
---------------------------------------------------------------------------------------------
                                              2.146248   data required time
                                             -3.273826   data arrival time
---------------------------------------------------------------------------------------------
                                              1.127578   slack (MET)


Startpoint: _1494_ (rising edge-triggered flip-flop clocked by clk)
Endpoint: _1494_ (rising edge-triggered flip-flop clocked by clk)
Path Group: clk
Path Type: min

Fanout         Cap        Slew       Delay        Time   Description
---------------------------------------------------------------------------------------------
                                  0.000000    0.000000   clock clk (rise edge)
                                  0.000000    0.000000   clock source latency
     2    0.157321    1.138872    0.793148    0.793148 ^ clk (in)
                                                         clk (net)
                      1.154477    0.000000    0.793148 ^ clkbuf_regs_0_clk/A (sky130_fd_sc_hd__clkbuf_16)
     1    0.008569    0.076270    0.545937    1.339084 ^ clkbuf_regs_0_clk/X (sky130_fd_sc_hd__clkbuf_16)
                                                         clk_regs (net)
                      0.076271    0.000255    1.339339 ^ clkbuf_0_clk_regs/A (sky130_fd_sc_hd__clkbuf_16)
     8    0.078792    0.146453    0.280000    1.619339 ^ clkbuf_0_clk_regs/X (sky130_fd_sc_hd__clkbuf_16)
                                                         clknet_0_clk_regs (net)
                      0.146521    0.002778    1.622118 ^ clkbuf_3_0_0_clk_regs/A (sky130_fd_sc_hd__clkbuf_8)
     2    0.018181    0.079205    0.253267    1.875385 ^ clkbuf_3_0_0_clk_regs/X (sky130_fd_sc_hd__clkbuf_8)
                                                         clknet_3_0_0_clk_regs (net)
                      0.079207    0.000451    1.875836 ^ clkbuf_4_0__f_clk_regs/A (sky130_fd_sc_hd__clkbuf_16)
     9    0.032494    0.083908    0.231210    2.107046 ^ clkbuf_4_0__f_clk_regs/X (sky130_fd_sc_hd__clkbuf_16)
                                                         clknet_4_0__leaf_clk_regs (net)
                      0.083908    0.000248    2.107294 ^ _1494_/CLK (sky130_fd_sc_hd__dfxtp_2)
     1    0.001995    0.047765    0.602076    2.709371 ^ _1494_/Q (sky130_fd_sc_hd__dfxtp_2)
                                                         u_top.instruction_mmu.u_tlb.vpn[2][7] (net)
                      0.047765    0.000037    2.709408 ^ _1762_/A (sky130_fd_sc_hd__buf_2)
     2    0.005823    0.066352    0.169524    2.878932 ^ _1762_/X (sky130_fd_sc_hd__buf_2)
                                                         _0761_ (net)
                      0.066352    0.000121    2.879053 ^ _1315_/A (sky130_fd_sc_hd__and2_2)
     1    0.003214    0.069982    0.237513    3.116566 ^ _1315_/X (sky130_fd_sc_hd__and2_2)
                                                         _0353_ (net)
                      0.069982    0.000091    3.116657 ^ _1915_/A (sky130_fd_sc_hd__buf_2)
     1    0.002171    0.041928    0.155440    3.272097 ^ _1915_/X (sky130_fd_sc_hd__buf_2)
                                                         _0990_ (net)
                      0.041928    0.000059    3.272156 ^ _1494_/D (sky130_fd_sc_hd__dfxtp_2)
                                              3.272156   data arrival time

                                  0.000000    0.000000   clock clk (rise edge)
                                  0.000000    0.000000   clock source latency
     2    0.157321    1.138872    0.876637    0.876637 ^ clk (in)
                                                         clk (net)
                      1.154477    0.000000    0.876637 ^ clkbuf_regs_0_clk/A (sky130_fd_sc_hd__clkbuf_16)
     1    0.008569    0.076270    0.603404    1.480040 ^ clkbuf_regs_0_clk/X (sky130_fd_sc_hd__clkbuf_16)
                                                         clk_regs (net)
                      0.076271    0.000282    1.480322 ^ clkbuf_0_clk_regs/A (sky130_fd_sc_hd__clkbuf_16)
     8    0.078792    0.146453    0.309474    1.789796 ^ clkbuf_0_clk_regs/X (sky130_fd_sc_hd__clkbuf_16)
                                                         clknet_0_clk_regs (net)
                      0.146521    0.003071    1.792867 ^ clkbuf_3_0_0_clk_regs/A (sky130_fd_sc_hd__clkbuf_8)
     2    0.018181    0.079205    0.279927    2.072793 ^ clkbuf_3_0_0_clk_regs/X (sky130_fd_sc_hd__clkbuf_8)
                                                         clknet_3_0_0_clk_regs (net)
                      0.079207    0.000499    2.073292 ^ clkbuf_4_0__f_clk_regs/A (sky130_fd_sc_hd__clkbuf_16)
     9    0.032494    0.083908    0.255548    2.328840 ^ clkbuf_4_0__f_clk_regs/X (sky130_fd_sc_hd__clkbuf_16)
                                                         clknet_4_0__leaf_clk_regs (net)
                      0.083908    0.000274    2.329114 ^ _1494_/CLK (sky130_fd_sc_hd__dfxtp_2)
                                  0.100000    2.429115   clock uncertainty
                                 -0.221820    2.207294   clock reconvergence pessimism
                                 -0.063234    2.144060   library hold time
                                              2.144060   data required time
---------------------------------------------------------------------------------------------
                                              2.144060   data required time
                                             -3.272156   data arrival time
---------------------------------------------------------------------------------------------
                                              1.128096   slack (MET)


Startpoint: _1518_ (rising edge-triggered flip-flop clocked by clk)
Endpoint: _1518_ (rising edge-triggered flip-flop clocked by clk)
Path Group: clk
Path Type: min

Fanout         Cap        Slew       Delay        Time   Description
---------------------------------------------------------------------------------------------
                                  0.000000    0.000000   clock clk (rise edge)
                                  0.000000    0.000000   clock source latency
     2    0.157321    1.138872    0.793148    0.793148 ^ clk (in)
                                                         clk (net)
                      1.154477    0.000000    0.793148 ^ clkbuf_regs_0_clk/A (sky130_fd_sc_hd__clkbuf_16)
     1    0.008569    0.076270    0.545937    1.339084 ^ clkbuf_regs_0_clk/X (sky130_fd_sc_hd__clkbuf_16)
                                                         clk_regs (net)
                      0.076271    0.000255    1.339339 ^ clkbuf_0_clk_regs/A (sky130_fd_sc_hd__clkbuf_16)
     8    0.078792    0.146453    0.280000    1.619339 ^ clkbuf_0_clk_regs/X (sky130_fd_sc_hd__clkbuf_16)
                                                         clknet_0_clk_regs (net)
                      0.146520    0.002753    1.622092 ^ clkbuf_3_7_0_clk_regs/A (sky130_fd_sc_hd__clkbuf_8)
     2    0.018154    0.079145    0.253176    1.875268 ^ clkbuf_3_7_0_clk_regs/X (sky130_fd_sc_hd__clkbuf_8)
                                                         clknet_3_7_0_clk_regs (net)
                      0.079147    0.000440    1.875708 ^ clkbuf_4_14__f_clk_regs/A (sky130_fd_sc_hd__clkbuf_16)
     8    0.025541    0.074447    0.221774    2.097482 ^ clkbuf_4_14__f_clk_regs/X (sky130_fd_sc_hd__clkbuf_16)
                                                         clknet_4_14__leaf_clk_regs (net)
                      0.074455    0.000679    2.098161 ^ _1518_/CLK (sky130_fd_sc_hd__dfxtp_2)
     1    0.002651    0.051813    0.602758    2.700919 ^ _1518_/Q (sky130_fd_sc_hd__dfxtp_2)
                                                         u_top.instruction_mmu.u_tlb.vpn[3][6] (net)
                      0.051813    0.000073    2.700991 ^ _1758_/A (sky130_fd_sc_hd__buf_2)
     2    0.005962    0.067297    0.172039    2.873030 ^ _1758_/X (sky130_fd_sc_hd__buf_2)
                                                         _0780_ (net)
                      0.067297    0.000089    2.873119 ^ _1339_/A (sky130_fd_sc_hd__and2_2)
     1    0.002440    0.064768    0.231399    3.104518 ^ _1339_/X (sky130_fd_sc_hd__and2_2)
                                                         _0377_ (net)
                      0.064768    0.000067    3.104585 ^ _1939_/A (sky130_fd_sc_hd__buf_2)
     1    0.002676    0.045185    0.156472    3.261057 ^ _1939_/X (sky130_fd_sc_hd__buf_2)
                                                         _1026_ (net)
                      0.045185    0.000055    3.261112 ^ _1518_/D (sky130_fd_sc_hd__dfxtp_2)
                                              3.261112   data arrival time

                                  0.000000    0.000000   clock clk (rise edge)
                                  0.000000    0.000000   clock source latency
     2    0.157321    1.138872    0.876637    0.876637 ^ clk (in)
                                                         clk (net)
                      1.154477    0.000000    0.876637 ^ clkbuf_regs_0_clk/A (sky130_fd_sc_hd__clkbuf_16)
     1    0.008569    0.076270    0.603404    1.480040 ^ clkbuf_regs_0_clk/X (sky130_fd_sc_hd__clkbuf_16)
                                                         clk_regs (net)
                      0.076271    0.000282    1.480322 ^ clkbuf_0_clk_regs/A (sky130_fd_sc_hd__clkbuf_16)
     8    0.078792    0.146453    0.309474    1.789796 ^ clkbuf_0_clk_regs/X (sky130_fd_sc_hd__clkbuf_16)
                                                         clknet_0_clk_regs (net)
                      0.146520    0.003043    1.792839 ^ clkbuf_3_7_0_clk_regs/A (sky130_fd_sc_hd__clkbuf_8)
     2    0.018154    0.079145    0.279826    2.072665 ^ clkbuf_3_7_0_clk_regs/X (sky130_fd_sc_hd__clkbuf_8)
                                                         clknet_3_7_0_clk_regs (net)
                      0.079147    0.000486    2.073151 ^ clkbuf_4_14__f_clk_regs/A (sky130_fd_sc_hd__clkbuf_16)
     8    0.025541    0.074447    0.245118    2.318269 ^ clkbuf_4_14__f_clk_regs/X (sky130_fd_sc_hd__clkbuf_16)
                                                         clknet_4_14__leaf_clk_regs (net)
                      0.074455    0.000751    2.319020 ^ _1518_/CLK (sky130_fd_sc_hd__dfxtp_2)
                                  0.100000    2.419020   clock uncertainty
                                 -0.220859    2.198161   clock reconvergence pessimism
                                 -0.065488    2.132673   library hold time
                                              2.132673   data required time
---------------------------------------------------------------------------------------------
                                              2.132673   data required time
                                             -3.261112   data arrival time
---------------------------------------------------------------------------------------------
                                              1.128438   slack (MET)


Startpoint: _1524_ (rising edge-triggered flip-flop clocked by clk)
Endpoint: _1524_ (rising edge-triggered flip-flop clocked by clk)
Path Group: clk
Path Type: min

Fanout         Cap        Slew       Delay        Time   Description
---------------------------------------------------------------------------------------------
                                  0.000000    0.000000   clock clk (rise edge)
                                  0.000000    0.000000   clock source latency
     2    0.157321    1.138872    0.793148    0.793148 ^ clk (in)
                                                         clk (net)
                      1.154477    0.000000    0.793148 ^ clkbuf_regs_0_clk/A (sky130_fd_sc_hd__clkbuf_16)
     1    0.008569    0.076270    0.545937    1.339084 ^ clkbuf_regs_0_clk/X (sky130_fd_sc_hd__clkbuf_16)
                                                         clk_regs (net)
                      0.076271    0.000255    1.339339 ^ clkbuf_0_clk_regs/A (sky130_fd_sc_hd__clkbuf_16)
     8    0.078792    0.146453    0.280000    1.619339 ^ clkbuf_0_clk_regs/X (sky130_fd_sc_hd__clkbuf_16)
                                                         clknet_0_clk_regs (net)
                      0.146521    0.002778    1.622118 ^ clkbuf_3_0_0_clk_regs/A (sky130_fd_sc_hd__clkbuf_8)
     2    0.018181    0.079205    0.253267    1.875385 ^ clkbuf_3_0_0_clk_regs/X (sky130_fd_sc_hd__clkbuf_8)
                                                         clknet_3_0_0_clk_regs (net)
                      0.079206    0.000342    1.875726 ^ clkbuf_4_1__f_clk_regs/A (sky130_fd_sc_hd__clkbuf_16)
     9    0.033687    0.085517    0.232731    2.108458 ^ clkbuf_4_1__f_clk_regs/X (sky130_fd_sc_hd__clkbuf_16)
                                                         clknet_4_1__leaf_clk_regs (net)
                      0.085518    0.000472    2.108930 ^ _1524_/CLK (sky130_fd_sc_hd__dfxtp_2)
     1    0.002144    0.048709    0.603881    2.712811 ^ _1524_/Q (sky130_fd_sc_hd__dfxtp_2)
                                                         u_top.instruction_mmu.u_tlb.vpn[3][12] (net)
                      0.048709    0.000041    2.712852 ^ _1788_/A (sky130_fd_sc_hd__buf_2)
     2    0.005863    0.066629    0.170164    2.883016 ^ _1788_/X (sky130_fd_sc_hd__buf_2)
                                                         _0767_ (net)
                      0.066629    0.000082    2.883098 ^ _1345_/A (sky130_fd_sc_hd__and2_2)
     1    0.002837    0.067442    0.234457    3.117555 ^ _1345_/X (sky130_fd_sc_hd__and2_2)
                                                         _0383_ (net)
                      0.067442    0.000084    3.117639 ^ _1945_/A (sky130_fd_sc_hd__buf_2)
     1    0.002483    0.043939    0.156374    3.274013 ^ _1945_/X (sky130_fd_sc_hd__buf_2)
                                                         _1032_ (net)
                      0.043939    0.000070    3.274084 ^ _1524_/D (sky130_fd_sc_hd__dfxtp_2)
                                              3.274084   data arrival time

                                  0.000000    0.000000   clock clk (rise edge)
                                  0.000000    0.000000   clock source latency
     2    0.157321    1.138872    0.876637    0.876637 ^ clk (in)
                                                         clk (net)
                      1.154477    0.000000    0.876637 ^ clkbuf_regs_0_clk/A (sky130_fd_sc_hd__clkbuf_16)
     1    0.008569    0.076270    0.603404    1.480040 ^ clkbuf_regs_0_clk/X (sky130_fd_sc_hd__clkbuf_16)
                                                         clk_regs (net)
                      0.076271    0.000282    1.480322 ^ clkbuf_0_clk_regs/A (sky130_fd_sc_hd__clkbuf_16)
     8    0.078792    0.146453    0.309474    1.789796 ^ clkbuf_0_clk_regs/X (sky130_fd_sc_hd__clkbuf_16)
                                                         clknet_0_clk_regs (net)
                      0.146521    0.003071    1.792867 ^ clkbuf_3_0_0_clk_regs/A (sky130_fd_sc_hd__clkbuf_8)
     2    0.018181    0.079205    0.279927    2.072793 ^ clkbuf_3_0_0_clk_regs/X (sky130_fd_sc_hd__clkbuf_8)
                                                         clknet_3_0_0_clk_regs (net)
                      0.079206    0.000378    2.073171 ^ clkbuf_4_1__f_clk_regs/A (sky130_fd_sc_hd__clkbuf_16)
     9    0.033687    0.085517    0.257229    2.330400 ^ clkbuf_4_1__f_clk_regs/X (sky130_fd_sc_hd__clkbuf_16)
                                                         clknet_4_1__leaf_clk_regs (net)
                      0.085518    0.000522    2.330922 ^ _1524_/CLK (sky130_fd_sc_hd__dfxtp_2)
                                  0.100000    2.430922   clock uncertainty
                                 -0.221992    2.208930   clock reconvergence pessimism
                                 -0.063443    2.145487   library hold time
                                              2.145487   data required time
---------------------------------------------------------------------------------------------
                                              2.145487   data required time
                                             -3.274084   data arrival time
---------------------------------------------------------------------------------------------
                                              1.128596   slack (MET)


Startpoint: _1444_ (rising edge-triggered flip-flop clocked by clk)
Endpoint: _1444_ (rising edge-triggered flip-flop clocked by clk)
Path Group: clk
Path Type: min

Fanout         Cap        Slew       Delay        Time   Description
---------------------------------------------------------------------------------------------
                                  0.000000    0.000000   clock clk (rise edge)
                                  0.000000    0.000000   clock source latency
     2    0.157321    1.138872    0.793148    0.793148 ^ clk (in)
                                                         clk (net)
                      1.154477    0.000000    0.793148 ^ clkbuf_regs_0_clk/A (sky130_fd_sc_hd__clkbuf_16)
     1    0.008569    0.076270    0.545937    1.339084 ^ clkbuf_regs_0_clk/X (sky130_fd_sc_hd__clkbuf_16)
                                                         clk_regs (net)
                      0.076271    0.000255    1.339339 ^ clkbuf_0_clk_regs/A (sky130_fd_sc_hd__clkbuf_16)
     8    0.078792    0.146453    0.280000    1.619339 ^ clkbuf_0_clk_regs/X (sky130_fd_sc_hd__clkbuf_16)
                                                         clknet_0_clk_regs (net)
                      0.146467    0.001514    1.620854 ^ clkbuf_3_1_0_clk_regs/A (sky130_fd_sc_hd__clkbuf_8)
     2    0.019673    0.082648    0.256397    1.877250 ^ clkbuf_3_1_0_clk_regs/X (sky130_fd_sc_hd__clkbuf_8)
                                                         clknet_3_1_0_clk_regs (net)
                      0.082650    0.000546    1.877796 ^ clkbuf_4_2__f_clk_regs/A (sky130_fd_sc_hd__clkbuf_16)
     8    0.024392    0.072924    0.221671    2.099467 ^ clkbuf_4_2__f_clk_regs/X (sky130_fd_sc_hd__clkbuf_16)
                                                         clknet_4_2__leaf_clk_regs (net)
                      0.072963    0.000692    2.100159 ^ _1444_/CLK (sky130_fd_sc_hd__dfxtp_2)
     1    0.003500    0.056578    0.608335    2.708494 ^ _1444_/Q (sky130_fd_sc_hd__dfxtp_2)
                                                         u_top.instruction_mmu.u_tlb.valid[2] (net)
                      0.056578    0.000079    2.708573 ^ _1727_/A (sky130_fd_sc_hd__buf_2)
     2    0.005828    0.066398    0.173418    2.881991 ^ _1727_/X (sky130_fd_sc_hd__buf_2)
                                                         _0702_ (net)
                      0.066398    0.000031    2.882022 ^ _1263_/A (sky130_fd_sc_hd__and2_2)
     1    0.002344    0.064109    0.230227    3.112248 ^ _1263_/X (sky130_fd_sc_hd__and2_2)
                                                         _0303_ (net)
                      0.064109    0.000063    3.112311 ^ _1865_/A (sky130_fd_sc_hd__buf_2)
     1    0.002018    0.040981    0.151805    3.264117 ^ _1865_/X (sky130_fd_sc_hd__buf_2)
                                                         _0890_ (net)
                      0.040981    0.000054    3.264171 ^ _1444_/D (sky130_fd_sc_hd__dfxtp_2)
                                              3.264171   data arrival time

                                  0.000000    0.000000   clock clk (rise edge)
                                  0.000000    0.000000   clock source latency
     2    0.157321    1.138872    0.876637    0.876637 ^ clk (in)
                                                         clk (net)
                      1.154477    0.000000    0.876637 ^ clkbuf_regs_0_clk/A (sky130_fd_sc_hd__clkbuf_16)
     1    0.008569    0.076270    0.603404    1.480040 ^ clkbuf_regs_0_clk/X (sky130_fd_sc_hd__clkbuf_16)
                                                         clk_regs (net)
                      0.076271    0.000282    1.480322 ^ clkbuf_0_clk_regs/A (sky130_fd_sc_hd__clkbuf_16)
     8    0.078792    0.146453    0.309474    1.789796 ^ clkbuf_0_clk_regs/X (sky130_fd_sc_hd__clkbuf_16)
                                                         clknet_0_clk_regs (net)
                      0.146467    0.001674    1.791470 ^ clkbuf_3_1_0_clk_regs/A (sky130_fd_sc_hd__clkbuf_8)
     2    0.019673    0.082648    0.283386    2.074856 ^ clkbuf_3_1_0_clk_regs/X (sky130_fd_sc_hd__clkbuf_8)
                                                         clknet_3_1_0_clk_regs (net)
                      0.082650    0.000603    2.075459 ^ clkbuf_4_2__f_clk_regs/A (sky130_fd_sc_hd__clkbuf_16)
     8    0.024392    0.072924    0.245005    2.320463 ^ clkbuf_4_2__f_clk_regs/X (sky130_fd_sc_hd__clkbuf_16)
                                                         clknet_4_2__leaf_clk_regs (net)
                      0.072963    0.000765    2.321228 ^ _1444_/CLK (sky130_fd_sc_hd__dfxtp_2)
                                  0.100000    2.421228   clock uncertainty
                                 -0.221069    2.200159   clock reconvergence pessimism
                                 -0.064753    2.135406   library hold time
                                              2.135406   data required time
---------------------------------------------------------------------------------------------
                                              2.135406   data required time
                                             -3.264171   data arrival time
---------------------------------------------------------------------------------------------
                                              1.128765   slack (MET)


Startpoint: _1521_ (rising edge-triggered flip-flop clocked by clk)
Endpoint: _1521_ (rising edge-triggered flip-flop clocked by clk)
Path Group: clk
Path Type: min

Fanout         Cap        Slew       Delay        Time   Description
---------------------------------------------------------------------------------------------
                                  0.000000    0.000000   clock clk (rise edge)
                                  0.000000    0.000000   clock source latency
     2    0.157321    1.138872    0.793148    0.793148 ^ clk (in)
                                                         clk (net)
                      1.154477    0.000000    0.793148 ^ clkbuf_regs_0_clk/A (sky130_fd_sc_hd__clkbuf_16)
     1    0.008569    0.076270    0.545937    1.339084 ^ clkbuf_regs_0_clk/X (sky130_fd_sc_hd__clkbuf_16)
                                                         clk_regs (net)
                      0.076271    0.000255    1.339339 ^ clkbuf_0_clk_regs/A (sky130_fd_sc_hd__clkbuf_16)
     8    0.078792    0.146453    0.280000    1.619339 ^ clkbuf_0_clk_regs/X (sky130_fd_sc_hd__clkbuf_16)
                                                         clknet_0_clk_regs (net)
                      0.146472    0.001696    1.621035 ^ clkbuf_3_3_0_clk_regs/A (sky130_fd_sc_hd__clkbuf_8)
     2    0.019077    0.081268    0.255110    1.876146 ^ clkbuf_3_3_0_clk_regs/X (sky130_fd_sc_hd__clkbuf_8)
                                                         clknet_3_3_0_clk_regs (net)
                      0.081270    0.000532    1.876678 ^ clkbuf_4_6__f_clk_regs/A (sky130_fd_sc_hd__clkbuf_16)
     8    0.023967    0.072404    0.220675    2.097353 ^ clkbuf_4_6__f_clk_regs/X (sky130_fd_sc_hd__clkbuf_16)
                                                         clknet_4_6__leaf_clk_regs (net)
                      0.072409    0.000445    2.097798 ^ _1521_/CLK (sky130_fd_sc_hd__dfxtp_2)
     1    0.002720    0.052177    0.602371    2.700169 ^ _1521_/Q (sky130_fd_sc_hd__dfxtp_2)
                                                         u_top.instruction_mmu.u_tlb.vpn[3][9] (net)
                      0.052177    0.000077    2.700245 ^ _1773_/A (sky130_fd_sc_hd__buf_2)
     2    0.006407    0.070321    0.174568    2.874813 ^ _1773_/X (sky130_fd_sc_hd__buf_2)
                                                         _0783_ (net)
                      0.070321    0.000189    2.875003 ^ _1342_/A (sky130_fd_sc_hd__and2_2)
     1    0.002367    0.064298    0.232006    3.107008 ^ _1342_/X (sky130_fd_sc_hd__and2_2)
                                                         _0380_ (net)
                      0.064298    0.000066    3.107074 ^ _1942_/A (sky130_fd_sc_hd__buf_2)
     1    0.002363    0.043186    0.154176    3.261250 ^ _1942_/X (sky130_fd_sc_hd__buf_2)
                                                         _1029_ (net)
                      0.043186    0.000068    3.261317 ^ _1521_/D (sky130_fd_sc_hd__dfxtp_2)
                                              3.261317   data arrival time

                                  0.000000    0.000000   clock clk (rise edge)
                                  0.000000    0.000000   clock source latency
     2    0.157321    1.138872    0.876637    0.876637 ^ clk (in)
                                                         clk (net)
                      1.154477    0.000000    0.876637 ^ clkbuf_regs_0_clk/A (sky130_fd_sc_hd__clkbuf_16)
     1    0.008569    0.076270    0.603404    1.480040 ^ clkbuf_regs_0_clk/X (sky130_fd_sc_hd__clkbuf_16)
                                                         clk_regs (net)
                      0.076271    0.000282    1.480322 ^ clkbuf_0_clk_regs/A (sky130_fd_sc_hd__clkbuf_16)
     8    0.078792    0.146453    0.309474    1.789796 ^ clkbuf_0_clk_regs/X (sky130_fd_sc_hd__clkbuf_16)
                                                         clknet_0_clk_regs (net)
                      0.146472    0.001875    1.791671 ^ clkbuf_3_3_0_clk_regs/A (sky130_fd_sc_hd__clkbuf_8)
     2    0.019077    0.081268    0.281964    2.073635 ^ clkbuf_3_3_0_clk_regs/X (sky130_fd_sc_hd__clkbuf_8)
                                                         clknet_3_3_0_clk_regs (net)
                      0.081270    0.000588    2.074222 ^ clkbuf_4_6__f_clk_regs/A (sky130_fd_sc_hd__clkbuf_16)
     8    0.023967    0.072404    0.243904    2.318127 ^ clkbuf_4_6__f_clk_regs/X (sky130_fd_sc_hd__clkbuf_16)
                                                         clknet_4_6__leaf_clk_regs (net)
                      0.072409    0.000492    2.318618 ^ _1521_/CLK (sky130_fd_sc_hd__dfxtp_2)
                                  0.100000    2.418618   clock uncertainty
                                 -0.220821    2.197798   clock reconvergence pessimism
                                 -0.065351    2.132447   library hold time
                                              2.132447   data required time
---------------------------------------------------------------------------------------------
                                              2.132447   data required time
                                             -3.261317   data arrival time
---------------------------------------------------------------------------------------------
                                              1.128871   slack (MET)


Startpoint: _1538_ (rising edge-triggered flip-flop clocked by clk)
Endpoint: _1538_ (rising edge-triggered flip-flop clocked by clk)
Path Group: clk
Path Type: min

Fanout         Cap        Slew       Delay        Time   Description
---------------------------------------------------------------------------------------------
                                  0.000000    0.000000   clock clk (rise edge)
                                  0.000000    0.000000   clock source latency
     2    0.157321    1.138872    0.793148    0.793148 ^ clk (in)
                                                         clk (net)
                      1.154477    0.000000    0.793148 ^ clkbuf_regs_0_clk/A (sky130_fd_sc_hd__clkbuf_16)
     1    0.008569    0.076270    0.545937    1.339084 ^ clkbuf_regs_0_clk/X (sky130_fd_sc_hd__clkbuf_16)
                                                         clk_regs (net)
                      0.076271    0.000255    1.339339 ^ clkbuf_0_clk_regs/A (sky130_fd_sc_hd__clkbuf_16)
     8    0.078792    0.146453    0.280000    1.619339 ^ clkbuf_0_clk_regs/X (sky130_fd_sc_hd__clkbuf_16)
                                                         clknet_0_clk_regs (net)
                      0.146515    0.002672    1.622012 ^ clkbuf_3_5_0_clk_regs/A (sky130_fd_sc_hd__clkbuf_8)
     2    0.019206    0.081558    0.255471    1.877482 ^ clkbuf_3_5_0_clk_regs/X (sky130_fd_sc_hd__clkbuf_8)
                                                         clknet_3_5_0_clk_regs (net)
                      0.081560    0.000454    1.877936 ^ clkbuf_4_10__f_clk_regs/A (sky130_fd_sc_hd__clkbuf_16)
     8    0.023285    0.071546    0.219792    2.097728 ^ clkbuf_4_10__f_clk_regs/X (sky130_fd_sc_hd__clkbuf_16)
                                                         clknet_4_10__leaf_clk_regs (net)
                      0.071547    0.000481    2.098209 ^ _1538_/CLK (sky130_fd_sc_hd__dfxtp_2)
     1    0.002464    0.050730    0.600123    2.698332 ^ _1538_/Q (sky130_fd_sc_hd__dfxtp_2)
                                                         u_top.RV32I_Logic.Single_Cycle_Datapath.pcREG.q[8] (net)
                      0.050730    0.000065    2.698397 ^ _1836_/A (sky130_fd_sc_hd__buf_2)
     2    0.007926    0.080859    0.182045    2.880442 ^ _1836_/X (sky130_fd_sc_hd__buf_2)
                                                         _0658_ (net)
                      0.080859    0.000237    2.880680 ^ _1369_/A1 (sky130_fd_sc_hd__o21ai_2)
     1    0.004566    0.059563    0.118757    2.999436 v _1369_/Y (sky130_fd_sc_hd__o21ai_2)
                                                         _0589_ (net)
                      0.059564    0.000125    2.999561 v _1370_/B (sky130_fd_sc_hd__nor2_2)
     1    0.002122    0.089448    0.100986    3.100547 ^ _1370_/Y (sky130_fd_sc_hd__nor2_2)
                                                         _0397_ (net)
                      0.089448    0.000057    3.100604 ^ _1959_/A (sky130_fd_sc_hd__buf_2)
     1    0.001858    0.039923    0.162060    3.262664 ^ _1959_/X (sky130_fd_sc_hd__buf_2)
                                                         _1046_ (net)
                      0.039923    0.000034    3.262698 ^ _1538_/D (sky130_fd_sc_hd__dfxtp_2)
                                              3.262698   data arrival time

                                  0.000000    0.000000   clock clk (rise edge)
                                  0.000000    0.000000   clock source latency
     2    0.157321    1.138872    0.876637    0.876637 ^ clk (in)
                                                         clk (net)
                      1.154477    0.000000    0.876637 ^ clkbuf_regs_0_clk/A (sky130_fd_sc_hd__clkbuf_16)
     1    0.008569    0.076270    0.603404    1.480040 ^ clkbuf_regs_0_clk/X (sky130_fd_sc_hd__clkbuf_16)
                                                         clk_regs (net)
                      0.076271    0.000282    1.480322 ^ clkbuf_0_clk_regs/A (sky130_fd_sc_hd__clkbuf_16)
     8    0.078792    0.146453    0.309474    1.789796 ^ clkbuf_0_clk_regs/X (sky130_fd_sc_hd__clkbuf_16)
                                                         clknet_0_clk_regs (net)
                      0.146515    0.002954    1.792750 ^ clkbuf_3_5_0_clk_regs/A (sky130_fd_sc_hd__clkbuf_8)
     2    0.019206    0.081558    0.282362    2.075112 ^ clkbuf_3_5_0_clk_regs/X (sky130_fd_sc_hd__clkbuf_8)
                                                         clknet_3_5_0_clk_regs (net)
                      0.081560    0.000501    2.075613 ^ clkbuf_4_10__f_clk_regs/A (sky130_fd_sc_hd__clkbuf_16)
     8    0.023285    0.071546    0.242928    2.318541 ^ clkbuf_4_10__f_clk_regs/X (sky130_fd_sc_hd__clkbuf_16)
                                                         clknet_4_10__leaf_clk_regs (net)
                      0.071547    0.000532    2.319073 ^ _1538_/CLK (sky130_fd_sc_hd__dfxtp_2)
                                  0.100000    2.419073   clock uncertainty
                                 -0.220864    2.198209   clock reconvergence pessimism
                                 -0.064733    2.133476   library hold time
                                              2.133476   data required time
---------------------------------------------------------------------------------------------
                                              2.133476   data required time
                                             -3.262698   data arrival time
---------------------------------------------------------------------------------------------
                                              1.129223   slack (MET)


Startpoint: _1522_ (rising edge-triggered flip-flop clocked by clk)
Endpoint: _1522_ (rising edge-triggered flip-flop clocked by clk)
Path Group: clk
Path Type: min

Fanout         Cap        Slew       Delay        Time   Description
---------------------------------------------------------------------------------------------
                                  0.000000    0.000000   clock clk (rise edge)
                                  0.000000    0.000000   clock source latency
     2    0.157321    1.138872    0.793148    0.793148 ^ clk (in)
                                                         clk (net)
                      1.154477    0.000000    0.793148 ^ clkbuf_regs_0_clk/A (sky130_fd_sc_hd__clkbuf_16)
     1    0.008569    0.076270    0.545937    1.339084 ^ clkbuf_regs_0_clk/X (sky130_fd_sc_hd__clkbuf_16)
                                                         clk_regs (net)
                      0.076271    0.000255    1.339339 ^ clkbuf_0_clk_regs/A (sky130_fd_sc_hd__clkbuf_16)
     8    0.078792    0.146453    0.280000    1.619339 ^ clkbuf_0_clk_regs/X (sky130_fd_sc_hd__clkbuf_16)
                                                         clknet_0_clk_regs (net)
                      0.146515    0.002666    1.622005 ^ clkbuf_3_2_0_clk_regs/A (sky130_fd_sc_hd__clkbuf_8)
     2    0.018941    0.080956    0.254843    1.876848 ^ clkbuf_3_2_0_clk_regs/X (sky130_fd_sc_hd__clkbuf_8)
                                                         clknet_3_2_0_clk_regs (net)
                      0.080959    0.000544    1.877393 ^ clkbuf_4_5__f_clk_regs/A (sky130_fd_sc_hd__clkbuf_16)
     8    0.026986    0.076362    0.224423    2.101815 ^ clkbuf_4_5__f_clk_regs/X (sky130_fd_sc_hd__clkbuf_16)
                                                         clknet_4_5__leaf_clk_regs (net)
                      0.076378    0.000952    2.102767 ^ _1522_/CLK (sky130_fd_sc_hd__dfxtp_2)
     1    0.002820    0.052694    0.604825    2.707592 ^ _1522_/Q (sky130_fd_sc_hd__dfxtp_2)
                                                         u_top.instruction_mmu.u_tlb.vpn[3][10] (net)
                      0.052694    0.000081    2.707673 ^ _1778_/A (sky130_fd_sc_hd__buf_2)
     2    0.006435    0.070516    0.174955    2.882627 ^ _1778_/X (sky130_fd_sc_hd__buf_2)
                                                         _0765_ (net)
                      0.070516    0.000115    2.882743 ^ _1343_/A (sky130_fd_sc_hd__and2_2)
     1    0.002137    0.062740    0.230153    3.112896 ^ _1343_/X (sky130_fd_sc_hd__and2_2)
                                                         _0381_ (net)
                      0.062740    0.000040    3.112936 ^ _1943_/A (sky130_fd_sc_hd__buf_2)
     1    0.002466    0.043847    0.154163    3.267099 ^ _1943_/X (sky130_fd_sc_hd__buf_2)
                                                         _1030_ (net)
                      0.043847    0.000069    3.267168 ^ _1522_/D (sky130_fd_sc_hd__dfxtp_2)
                                              3.267168   data arrival time

                                  0.000000    0.000000   clock clk (rise edge)
                                  0.000000    0.000000   clock source latency
     2    0.157321    1.138872    0.876637    0.876637 ^ clk (in)
                                                         clk (net)
                      1.154477    0.000000    0.876637 ^ clkbuf_regs_0_clk/A (sky130_fd_sc_hd__clkbuf_16)
     1    0.008569    0.076270    0.603404    1.480040 ^ clkbuf_regs_0_clk/X (sky130_fd_sc_hd__clkbuf_16)
                                                         clk_regs (net)
                      0.076271    0.000282    1.480322 ^ clkbuf_0_clk_regs/A (sky130_fd_sc_hd__clkbuf_16)
     8    0.078792    0.146453    0.309474    1.789796 ^ clkbuf_0_clk_regs/X (sky130_fd_sc_hd__clkbuf_16)
                                                         clknet_0_clk_regs (net)
                      0.146515    0.002947    1.792743 ^ clkbuf_3_2_0_clk_regs/A (sky130_fd_sc_hd__clkbuf_8)
     2    0.018941    0.080956    0.281668    2.074411 ^ clkbuf_3_2_0_clk_regs/X (sky130_fd_sc_hd__clkbuf_8)
                                                         clknet_3_2_0_clk_regs (net)
                      0.080959    0.000602    2.075013 ^ clkbuf_4_5__f_clk_regs/A (sky130_fd_sc_hd__clkbuf_16)
     8    0.026986    0.076362    0.248046    2.323059 ^ clkbuf_4_5__f_clk_regs/X (sky130_fd_sc_hd__clkbuf_16)
                                                         clknet_4_5__leaf_clk_regs (net)
                      0.076378    0.001052    2.324111 ^ _1522_/CLK (sky130_fd_sc_hd__dfxtp_2)
                                  0.100000    2.424111   clock uncertainty
                                 -0.221344    2.202767   clock reconvergence pessimism
                                 -0.064873    2.137894   library hold time
                                              2.137894   data required time
---------------------------------------------------------------------------------------------
                                              2.137894   data required time
                                             -3.267168   data arrival time
---------------------------------------------------------------------------------------------
                                              1.129274   slack (MET)


Startpoint: _1475_ (rising edge-triggered flip-flop clocked by clk)
Endpoint: _1475_ (rising edge-triggered flip-flop clocked by clk)
Path Group: clk
Path Type: min

Fanout         Cap        Slew       Delay        Time   Description
---------------------------------------------------------------------------------------------
                                  0.000000    0.000000   clock clk (rise edge)
                                  0.000000    0.000000   clock source latency
     2    0.157321    1.138872    0.793148    0.793148 ^ clk (in)
                                                         clk (net)
                      1.154477    0.000000    0.793148 ^ clkbuf_regs_0_clk/A (sky130_fd_sc_hd__clkbuf_16)
     1    0.008569    0.076270    0.545937    1.339084 ^ clkbuf_regs_0_clk/X (sky130_fd_sc_hd__clkbuf_16)
                                                         clk_regs (net)
                      0.076271    0.000255    1.339339 ^ clkbuf_0_clk_regs/A (sky130_fd_sc_hd__clkbuf_16)
     8    0.078792    0.146453    0.280000    1.619339 ^ clkbuf_0_clk_regs/X (sky130_fd_sc_hd__clkbuf_16)
                                                         clknet_0_clk_regs (net)
                      0.146476    0.001799    1.621139 ^ clkbuf_3_6_0_clk_regs/A (sky130_fd_sc_hd__clkbuf_8)
     2    0.019776    0.082884    0.256635    1.877774 ^ clkbuf_3_6_0_clk_regs/X (sky130_fd_sc_hd__clkbuf_8)
                                                         clknet_3_6_0_clk_regs (net)
                      0.082887    0.000546    1.878320 ^ clkbuf_4_12__f_clk_regs/A (sky130_fd_sc_hd__clkbuf_16)
     8    0.023263    0.071524    0.220463    2.098783 ^ clkbuf_4_12__f_clk_regs/X (sky130_fd_sc_hd__clkbuf_16)
                                                         clknet_4_12__leaf_clk_regs (net)
                      0.071525    0.000344    2.099127 ^ _1475_/CLK (sky130_fd_sc_hd__dfxtp_2)
     1    0.002294    0.049665    0.598870    2.697997 ^ _1475_/Q (sky130_fd_sc_hd__dfxtp_2)
                                                         u_top.instruction_mmu.u_tlb.vpn[1][8] (net)
                      0.049665    0.000060    2.698057 ^ _1766_/A (sky130_fd_sc_hd__buf_2)
     2    0.006474    0.070772    0.173810    2.871867 ^ _1766_/X (sky130_fd_sc_hd__buf_2)
                                                         _0742_ (net)
                      0.070772    0.000134    2.872001 ^ _1296_/A (sky130_fd_sc_hd__and2_2)
     1    0.002493    0.065147    0.233244    3.105246 ^ _1296_/X (sky130_fd_sc_hd__and2_2)
                                                         _0334_ (net)
                      0.065147    0.000068    3.105314 ^ _1896_/A (sky130_fd_sc_hd__buf_2)
     1    0.002799    0.045968    0.157448    3.262762 ^ _1896_/X (sky130_fd_sc_hd__buf_2)
                                                         _0952_ (net)
                      0.045968    0.000077    3.262839 ^ _1475_/D (sky130_fd_sc_hd__dfxtp_2)
                                              3.262839   data arrival time

                                  0.000000    0.000000   clock clk (rise edge)
                                  0.000000    0.000000   clock source latency
     2    0.157321    1.138872    0.876637    0.876637 ^ clk (in)
                                                         clk (net)
                      1.154477    0.000000    0.876637 ^ clkbuf_regs_0_clk/A (sky130_fd_sc_hd__clkbuf_16)
     1    0.008569    0.076270    0.603404    1.480040 ^ clkbuf_regs_0_clk/X (sky130_fd_sc_hd__clkbuf_16)
                                                         clk_regs (net)
                      0.076271    0.000282    1.480322 ^ clkbuf_0_clk_regs/A (sky130_fd_sc_hd__clkbuf_16)
     8    0.078792    0.146453    0.309474    1.789796 ^ clkbuf_0_clk_regs/X (sky130_fd_sc_hd__clkbuf_16)
                                                         clknet_0_clk_regs (net)
                      0.146476    0.001989    1.791785 ^ clkbuf_3_6_0_clk_regs/A (sky130_fd_sc_hd__clkbuf_8)
     2    0.019776    0.082884    0.283649    2.075434 ^ clkbuf_3_6_0_clk_regs/X (sky130_fd_sc_hd__clkbuf_8)
                                                         clknet_3_6_0_clk_regs (net)
                      0.082887    0.000604    2.076038 ^ clkbuf_4_12__f_clk_regs/A (sky130_fd_sc_hd__clkbuf_16)
     8    0.023263    0.071524    0.243670    2.319708 ^ clkbuf_4_12__f_clk_regs/X (sky130_fd_sc_hd__clkbuf_16)
                                                         clknet_4_12__leaf_clk_regs (net)
                      0.071525    0.000380    2.320088 ^ _1475_/CLK (sky130_fd_sc_hd__dfxtp_2)
                                  0.100000    2.420088   clock uncertainty
                                 -0.220961    2.199127   clock reconvergence pessimism
                                 -0.066134    2.132993   library hold time
                                              2.132993   data required time
---------------------------------------------------------------------------------------------
                                              2.132993   data required time
                                             -3.262839   data arrival time
---------------------------------------------------------------------------------------------
                                              1.129846   slack (MET)


Startpoint: _1447_ (rising edge-triggered flip-flop clocked by clk)
Endpoint: _1447_ (rising edge-triggered flip-flop clocked by clk)
Path Group: clk
Path Type: min

Fanout         Cap        Slew       Delay        Time   Description
---------------------------------------------------------------------------------------------
                                  0.000000    0.000000   clock clk (rise edge)
                                  0.000000    0.000000   clock source latency
     2    0.157321    1.138872    0.793148    0.793148 ^ clk (in)
                                                         clk (net)
                      1.154477    0.000000    0.793148 ^ clkbuf_regs_0_clk/A (sky130_fd_sc_hd__clkbuf_16)
     1    0.008569    0.076270    0.545937    1.339084 ^ clkbuf_regs_0_clk/X (sky130_fd_sc_hd__clkbuf_16)
                                                         clk_regs (net)
                      0.076271    0.000255    1.339339 ^ clkbuf_0_clk_regs/A (sky130_fd_sc_hd__clkbuf_16)
     8    0.078792    0.146453    0.280000    1.619339 ^ clkbuf_0_clk_regs/X (sky130_fd_sc_hd__clkbuf_16)
                                                         clknet_0_clk_regs (net)
                      0.146521    0.002778    1.622118 ^ clkbuf_3_0_0_clk_regs/A (sky130_fd_sc_hd__clkbuf_8)
     2    0.018181    0.079205    0.253267    1.875385 ^ clkbuf_3_0_0_clk_regs/X (sky130_fd_sc_hd__clkbuf_8)
                                                         clknet_3_0_0_clk_regs (net)
                      0.079207    0.000451    1.875836 ^ clkbuf_4_0__f_clk_regs/A (sky130_fd_sc_hd__clkbuf_16)
     9    0.032494    0.083908    0.231210    2.107046 ^ clkbuf_4_0__f_clk_regs/X (sky130_fd_sc_hd__clkbuf_16)
                                                         clknet_4_0__leaf_clk_regs (net)
                      0.083908    0.000410    2.107456 ^ _1447_/CLK (sky130_fd_sc_hd__dfxtp_2)
     1    0.002184    0.048959    0.603464    2.710919 ^ _1447_/Q (sky130_fd_sc_hd__dfxtp_2)
                                                         u_top.instruction_mmu.u_tlb.vpn[0][0] (net)
                      0.048959    0.000057    2.710977 ^ _1729_/A (sky130_fd_sc_hd__buf_2)
     2    0.006834    0.073277    0.175465    2.886441 ^ _1729_/X (sky130_fd_sc_hd__buf_2)
                                                         _0704_ (net)
                      0.073277    0.000077    2.886518 ^ _1268_/A (sky130_fd_sc_hd__and2_2)
     1    0.002565    0.065646    0.234861    3.121380 ^ _1268_/X (sky130_fd_sc_hd__and2_2)
                                                         _0306_ (net)
                      0.065646    0.000071    3.121450 ^ _1868_/A (sky130_fd_sc_hd__buf_2)
     1    0.002086    0.041406    0.152942    3.274392 ^ _1868_/X (sky130_fd_sc_hd__buf_2)
                                                         _0896_ (net)
                      0.041406    0.000055    3.274448 ^ _1447_/D (sky130_fd_sc_hd__dfxtp_2)
                                              3.274448   data arrival time

                                  0.000000    0.000000   clock clk (rise edge)
                                  0.000000    0.000000   clock source latency
     2    0.157321    1.138872    0.876637    0.876637 ^ clk (in)
                                                         clk (net)
                      1.154477    0.000000    0.876637 ^ clkbuf_regs_0_clk/A (sky130_fd_sc_hd__clkbuf_16)
     1    0.008569    0.076270    0.603404    1.480040 ^ clkbuf_regs_0_clk/X (sky130_fd_sc_hd__clkbuf_16)
                                                         clk_regs (net)
                      0.076271    0.000282    1.480322 ^ clkbuf_0_clk_regs/A (sky130_fd_sc_hd__clkbuf_16)
     8    0.078792    0.146453    0.309474    1.789796 ^ clkbuf_0_clk_regs/X (sky130_fd_sc_hd__clkbuf_16)
                                                         clknet_0_clk_regs (net)
                      0.146521    0.003071    1.792867 ^ clkbuf_3_0_0_clk_regs/A (sky130_fd_sc_hd__clkbuf_8)
     2    0.018181    0.079205    0.279927    2.072793 ^ clkbuf_3_0_0_clk_regs/X (sky130_fd_sc_hd__clkbuf_8)
                                                         clknet_3_0_0_clk_regs (net)
                      0.079207    0.000499    2.073292 ^ clkbuf_4_0__f_clk_regs/A (sky130_fd_sc_hd__clkbuf_16)
     9    0.032494    0.083908    0.255548    2.328840 ^ clkbuf_4_0__f_clk_regs/X (sky130_fd_sc_hd__clkbuf_16)
                                                         clknet_4_0__leaf_clk_regs (net)
                      0.083908    0.000453    2.329293 ^ _1447_/CLK (sky130_fd_sc_hd__dfxtp_2)
                                  0.100000    2.429293   clock uncertainty
                                 -0.221837    2.207456   clock reconvergence pessimism
                                 -0.063113    2.144343   library hold time
                                              2.144343   data required time
---------------------------------------------------------------------------------------------
                                              2.144343   data required time
                                             -3.274448   data arrival time
---------------------------------------------------------------------------------------------
                                              1.130105   slack (MET)


Startpoint: _1496_ (rising edge-triggered flip-flop clocked by clk)
Endpoint: _1496_ (rising edge-triggered flip-flop clocked by clk)
Path Group: clk
Path Type: min

Fanout         Cap        Slew       Delay        Time   Description
---------------------------------------------------------------------------------------------
                                  0.000000    0.000000   clock clk (rise edge)
                                  0.000000    0.000000   clock source latency
     2    0.157321    1.138872    0.793148    0.793148 ^ clk (in)
                                                         clk (net)
                      1.154477    0.000000    0.793148 ^ clkbuf_regs_0_clk/A (sky130_fd_sc_hd__clkbuf_16)
     1    0.008569    0.076270    0.545937    1.339084 ^ clkbuf_regs_0_clk/X (sky130_fd_sc_hd__clkbuf_16)
                                                         clk_regs (net)
                      0.076271    0.000255    1.339339 ^ clkbuf_0_clk_regs/A (sky130_fd_sc_hd__clkbuf_16)
     8    0.078792    0.146453    0.280000    1.619339 ^ clkbuf_0_clk_regs/X (sky130_fd_sc_hd__clkbuf_16)
                                                         clknet_0_clk_regs (net)
                      0.146515    0.002666    1.622005 ^ clkbuf_3_2_0_clk_regs/A (sky130_fd_sc_hd__clkbuf_8)
     2    0.018941    0.080956    0.254843    1.876848 ^ clkbuf_3_2_0_clk_regs/X (sky130_fd_sc_hd__clkbuf_8)
                                                         clknet_3_2_0_clk_regs (net)
                      0.080959    0.000544    1.877393 ^ clkbuf_4_5__f_clk_regs/A (sky130_fd_sc_hd__clkbuf_16)
     8    0.026986    0.076362    0.224423    2.101815 ^ clkbuf_4_5__f_clk_regs/X (sky130_fd_sc_hd__clkbuf_16)
                                                         clknet_4_5__leaf_clk_regs (net)
                      0.076371    0.000755    2.102570 ^ _1496_/CLK (sky130_fd_sc_hd__dfxtp_2)
     1    0.002345    0.049971    0.601342    2.703912 ^ _1496_/Q (sky130_fd_sc_hd__dfxtp_2)
                                                         u_top.instruction_mmu.u_tlb.vpn[2][9] (net)
                      0.049971    0.000066    2.703977 ^ _1772_/A (sky130_fd_sc_hd__buf_2)
     2    0.007089    0.075041    0.177246    2.881224 ^ _1772_/X (sky130_fd_sc_hd__buf_2)
                                                         _0763_ (net)
                      0.075041    0.000158    2.881382 ^ _1317_/A (sky130_fd_sc_hd__and2_2)
     1    0.002264    0.063634    0.233039    3.114420 ^ _1317_/X (sky130_fd_sc_hd__and2_2)
                                                         _0355_ (net)
                      0.063634    0.000062    3.114482 ^ _1917_/A (sky130_fd_sc_hd__buf_2)
     1    0.002439    0.043672    0.154381    3.268863 ^ _1917_/X (sky130_fd_sc_hd__buf_2)
                                                         _0994_ (net)
                      0.043672    0.000072    3.268935 ^ _1496_/D (sky130_fd_sc_hd__dfxtp_2)
                                              3.268935   data arrival time

                                  0.000000    0.000000   clock clk (rise edge)
                                  0.000000    0.000000   clock source latency
     2    0.157321    1.138872    0.876637    0.876637 ^ clk (in)
                                                         clk (net)
                      1.154477    0.000000    0.876637 ^ clkbuf_regs_0_clk/A (sky130_fd_sc_hd__clkbuf_16)
     1    0.008569    0.076270    0.603404    1.480040 ^ clkbuf_regs_0_clk/X (sky130_fd_sc_hd__clkbuf_16)
                                                         clk_regs (net)
                      0.076271    0.000282    1.480322 ^ clkbuf_0_clk_regs/A (sky130_fd_sc_hd__clkbuf_16)
     8    0.078792    0.146453    0.309474    1.789796 ^ clkbuf_0_clk_regs/X (sky130_fd_sc_hd__clkbuf_16)
                                                         clknet_0_clk_regs (net)
                      0.146515    0.002947    1.792743 ^ clkbuf_3_2_0_clk_regs/A (sky130_fd_sc_hd__clkbuf_8)
     2    0.018941    0.080956    0.281668    2.074411 ^ clkbuf_3_2_0_clk_regs/X (sky130_fd_sc_hd__clkbuf_8)
                                                         clknet_3_2_0_clk_regs (net)
                      0.080959    0.000602    2.075013 ^ clkbuf_4_5__f_clk_regs/A (sky130_fd_sc_hd__clkbuf_16)
     8    0.026986    0.076362    0.248046    2.323059 ^ clkbuf_4_5__f_clk_regs/X (sky130_fd_sc_hd__clkbuf_16)
                                                         clknet_4_5__leaf_clk_regs (net)
                      0.076371    0.000834    2.323893 ^ _1496_/CLK (sky130_fd_sc_hd__dfxtp_2)
                                  0.100000    2.423893   clock uncertainty
                                 -0.221323    2.202570   clock reconvergence pessimism
                                 -0.064834    2.137736   library hold time
                                              2.137736   data required time
---------------------------------------------------------------------------------------------
                                              2.137736   data required time
                                             -3.268935   data arrival time
---------------------------------------------------------------------------------------------
                                              1.131199   slack (MET)


Startpoint: _1536_ (rising edge-triggered flip-flop clocked by clk)
Endpoint: _1536_ (rising edge-triggered flip-flop clocked by clk)
Path Group: clk
Path Type: min

Fanout         Cap        Slew       Delay        Time   Description
---------------------------------------------------------------------------------------------
                                  0.000000    0.000000   clock clk (rise edge)
                                  0.000000    0.000000   clock source latency
     2    0.157321    1.138872    0.793148    0.793148 ^ clk (in)
                                                         clk (net)
                      1.154477    0.000000    0.793148 ^ clkbuf_regs_0_clk/A (sky130_fd_sc_hd__clkbuf_16)
     1    0.008569    0.076270    0.545937    1.339084 ^ clkbuf_regs_0_clk/X (sky130_fd_sc_hd__clkbuf_16)
                                                         clk_regs (net)
                      0.076271    0.000255    1.339339 ^ clkbuf_0_clk_regs/A (sky130_fd_sc_hd__clkbuf_16)
     8    0.078792    0.146453    0.280000    1.619339 ^ clkbuf_0_clk_regs/X (sky130_fd_sc_hd__clkbuf_16)
                                                         clknet_0_clk_regs (net)
                      0.146520    0.002753    1.622092 ^ clkbuf_3_7_0_clk_regs/A (sky130_fd_sc_hd__clkbuf_8)
     2    0.018154    0.079145    0.253176    1.875268 ^ clkbuf_3_7_0_clk_regs/X (sky130_fd_sc_hd__clkbuf_8)
                                                         clknet_3_7_0_clk_regs (net)
                      0.079147    0.000440    1.875708 ^ clkbuf_4_14__f_clk_regs/A (sky130_fd_sc_hd__clkbuf_16)
     8    0.025541    0.074447    0.221774    2.097482 ^ clkbuf_4_14__f_clk_regs/X (sky130_fd_sc_hd__clkbuf_16)
                                                         clknet_4_14__leaf_clk_regs (net)
                      0.074453    0.000620    2.098102 ^ _1536_/CLK (sky130_fd_sc_hd__dfxtp_2)
     1    0.002290    0.049629    0.600107    2.698209 ^ _1536_/Q (sky130_fd_sc_hd__dfxtp_2)
                                                         u_top.RV32I_Logic.Single_Cycle_Datapath.pcREG.q[6] (net)
                      0.049629    0.000060    2.698269 ^ _1834_/A (sky130_fd_sc_hd__buf_2)
     5    0.018910    0.158289    0.240229    2.938498 ^ _1834_/X (sky130_fd_sc_hd__buf_2)
                                                         _0656_ (net)
                      0.158289    0.000495    2.938993 ^ _1364_/A1 (sky130_fd_sc_hd__a21oi_2)
     1    0.002223    0.042909    0.116753    3.055746 v _1364_/Y (sky130_fd_sc_hd__a21oi_2)
                                                         _0395_ (net)
                      0.042909    0.000043    3.055789 v _1957_/A (sky130_fd_sc_hd__buf_2)
     1    0.002016    0.040464    0.195749    3.251538 v _1957_/X (sky130_fd_sc_hd__buf_2)
                                                         _1044_ (net)
                      0.040464    0.000054    3.251591 v _1536_/D (sky130_fd_sc_hd__dfxtp_2)
                                              3.251591   data arrival time

                                  0.000000    0.000000   clock clk (rise edge)
                                  0.000000    0.000000   clock source latency
     2    0.157321    1.138872    0.876637    0.876637 ^ clk (in)
                                                         clk (net)
                      1.154477    0.000000    0.876637 ^ clkbuf_regs_0_clk/A (sky130_fd_sc_hd__clkbuf_16)
     1    0.008569    0.076270    0.603404    1.480040 ^ clkbuf_regs_0_clk/X (sky130_fd_sc_hd__clkbuf_16)
                                                         clk_regs (net)
                      0.076271    0.000282    1.480322 ^ clkbuf_0_clk_regs/A (sky130_fd_sc_hd__clkbuf_16)
     8    0.078792    0.146453    0.309474    1.789796 ^ clkbuf_0_clk_regs/X (sky130_fd_sc_hd__clkbuf_16)
                                                         clknet_0_clk_regs (net)
                      0.146520    0.003043    1.792839 ^ clkbuf_3_7_0_clk_regs/A (sky130_fd_sc_hd__clkbuf_8)
     2    0.018154    0.079145    0.279826    2.072665 ^ clkbuf_3_7_0_clk_regs/X (sky130_fd_sc_hd__clkbuf_8)
                                                         clknet_3_7_0_clk_regs (net)
                      0.079147    0.000486    2.073151 ^ clkbuf_4_14__f_clk_regs/A (sky130_fd_sc_hd__clkbuf_16)
     8    0.025541    0.074447    0.245118    2.318269 ^ clkbuf_4_14__f_clk_regs/X (sky130_fd_sc_hd__clkbuf_16)
                                                         clknet_4_14__leaf_clk_regs (net)
                      0.074453    0.000686    2.318955 ^ _1536_/CLK (sky130_fd_sc_hd__dfxtp_2)
                                  0.100000    2.418955   clock uncertainty
                                 -0.220852    2.198102   clock reconvergence pessimism
                                 -0.078227    2.119875   library hold time
                                              2.119875   data required time
---------------------------------------------------------------------------------------------
                                              2.119875   data required time
                                             -3.251591   data arrival time
---------------------------------------------------------------------------------------------
                                              1.131716   slack (MET)


Startpoint: _1453_ (rising edge-triggered flip-flop clocked by clk)
Endpoint: _1453_ (rising edge-triggered flip-flop clocked by clk)
Path Group: clk
Path Type: min

Fanout         Cap        Slew       Delay        Time   Description
---------------------------------------------------------------------------------------------
                                  0.000000    0.000000   clock clk (rise edge)
                                  0.000000    0.000000   clock source latency
     2    0.157321    1.138872    0.793148    0.793148 ^ clk (in)
                                                         clk (net)
                      1.154477    0.000000    0.793148 ^ clkbuf_regs_0_clk/A (sky130_fd_sc_hd__clkbuf_16)
     1    0.008569    0.076270    0.545937    1.339084 ^ clkbuf_regs_0_clk/X (sky130_fd_sc_hd__clkbuf_16)
                                                         clk_regs (net)
                      0.076271    0.000255    1.339339 ^ clkbuf_0_clk_regs/A (sky130_fd_sc_hd__clkbuf_16)
     8    0.078792    0.146453    0.280000    1.619339 ^ clkbuf_0_clk_regs/X (sky130_fd_sc_hd__clkbuf_16)
                                                         clknet_0_clk_regs (net)
                      0.146489    0.002153    1.621492 ^ clkbuf_3_4_0_clk_regs/A (sky130_fd_sc_hd__clkbuf_8)
     2    0.018992    0.081069    0.254959    1.876451 ^ clkbuf_3_4_0_clk_regs/X (sky130_fd_sc_hd__clkbuf_8)
                                                         clknet_3_4_0_clk_regs (net)
                      0.081072    0.000521    1.876972 ^ clkbuf_4_9__f_clk_regs/A (sky130_fd_sc_hd__clkbuf_16)
     9    0.028405    0.078237    0.226543    2.103515 ^ clkbuf_4_9__f_clk_regs/X (sky130_fd_sc_hd__clkbuf_16)
                                                         clknet_4_9__leaf_clk_regs (net)
                      0.078243    0.000674    2.104189 ^ _1453_/CLK (sky130_fd_sc_hd__dfxtp_2)
     1    0.002001    0.047804    0.599639    2.703828 ^ _1453_/Q (sky130_fd_sc_hd__dfxtp_2)
                                                         u_top.instruction_mmu.u_tlb.vpn[0][6] (net)
                      0.047804    0.000038    2.703866 ^ _1755_/A (sky130_fd_sc_hd__buf_2)
     2    0.006980    0.074279    0.175752    2.879617 ^ _1755_/X (sky130_fd_sc_hd__buf_2)
                                                         _0720_ (net)
                      0.074279    0.000143    2.879761 ^ _1274_/B2 (sky130_fd_sc_hd__a22o_2)
     1    0.002851    0.061369    0.242392    3.122153 ^ _1274_/X (sky130_fd_sc_hd__a22o_2)
                                                         _0312_ (net)
                      0.061578    0.000083    3.122236 ^ _1874_/A (sky130_fd_sc_hd__buf_2)
     1    0.001990    0.040814    0.150489    3.272725 ^ _1874_/X (sky130_fd_sc_hd__buf_2)
                                                         _0908_ (net)
                      0.040814    0.000038    3.272763 ^ _1453_/D (sky130_fd_sc_hd__dfxtp_2)
                                              3.272763   data arrival time

                                  0.000000    0.000000   clock clk (rise edge)
                                  0.000000    0.000000   clock source latency
     2    0.157321    1.138872    0.876637    0.876637 ^ clk (in)
                                                         clk (net)
                      1.154477    0.000000    0.876637 ^ clkbuf_regs_0_clk/A (sky130_fd_sc_hd__clkbuf_16)
     1    0.008569    0.076270    0.603404    1.480040 ^ clkbuf_regs_0_clk/X (sky130_fd_sc_hd__clkbuf_16)
                                                         clk_regs (net)
                      0.076271    0.000282    1.480322 ^ clkbuf_0_clk_regs/A (sky130_fd_sc_hd__clkbuf_16)
     8    0.078792    0.146453    0.309474    1.789796 ^ clkbuf_0_clk_regs/X (sky130_fd_sc_hd__clkbuf_16)
                                                         clknet_0_clk_regs (net)
                      0.146489    0.002380    1.792176 ^ clkbuf_3_4_0_clk_regs/A (sky130_fd_sc_hd__clkbuf_8)
     2    0.018992    0.081069    0.281797    2.073972 ^ clkbuf_3_4_0_clk_regs/X (sky130_fd_sc_hd__clkbuf_8)
                                                         clknet_3_4_0_clk_regs (net)
                      0.081072    0.000576    2.074548 ^ clkbuf_4_9__f_clk_regs/A (sky130_fd_sc_hd__clkbuf_16)
     9    0.028405    0.078237    0.250389    2.324937 ^ clkbuf_4_9__f_clk_regs/X (sky130_fd_sc_hd__clkbuf_16)
                                                         clknet_4_9__leaf_clk_regs (net)
                      0.078243    0.000745    2.325683 ^ _1453_/CLK (sky130_fd_sc_hd__dfxtp_2)
                                  0.100000    2.425683   clock uncertainty
                                 -0.221493    2.204189   clock reconvergence pessimism
                                 -0.063876    2.140314   library hold time
                                              2.140314   data required time
---------------------------------------------------------------------------------------------
                                              2.140314   data required time
                                             -3.272763   data arrival time
---------------------------------------------------------------------------------------------
                                              1.132449   slack (MET)


Startpoint: _1463_ (rising edge-triggered flip-flop clocked by clk)
Endpoint: _1463_ (rising edge-triggered flip-flop clocked by clk)
Path Group: clk
Path Type: min

Fanout         Cap        Slew       Delay        Time   Description
---------------------------------------------------------------------------------------------
                                  0.000000    0.000000   clock clk (rise edge)
                                  0.000000    0.000000   clock source latency
     2    0.157321    1.138872    0.793148    0.793148 ^ clk (in)
                                                         clk (net)
                      1.154477    0.000000    0.793148 ^ clkbuf_regs_0_clk/A (sky130_fd_sc_hd__clkbuf_16)
     1    0.008569    0.076270    0.545937    1.339084 ^ clkbuf_regs_0_clk/X (sky130_fd_sc_hd__clkbuf_16)
                                                         clk_regs (net)
                      0.076271    0.000255    1.339339 ^ clkbuf_0_clk_regs/A (sky130_fd_sc_hd__clkbuf_16)
     8    0.078792    0.146453    0.280000    1.619339 ^ clkbuf_0_clk_regs/X (sky130_fd_sc_hd__clkbuf_16)
                                                         clknet_0_clk_regs (net)
                      0.146489    0.002153    1.621492 ^ clkbuf_3_4_0_clk_regs/A (sky130_fd_sc_hd__clkbuf_8)
     2    0.018992    0.081069    0.254959    1.876451 ^ clkbuf_3_4_0_clk_regs/X (sky130_fd_sc_hd__clkbuf_8)
                                                         clknet_3_4_0_clk_regs (net)
                      0.081072    0.000521    1.876972 ^ clkbuf_4_9__f_clk_regs/A (sky130_fd_sc_hd__clkbuf_16)
     9    0.028405    0.078237    0.226543    2.103515 ^ clkbuf_4_9__f_clk_regs/X (sky130_fd_sc_hd__clkbuf_16)
                                                         clknet_4_9__leaf_clk_regs (net)
                      0.078239    0.000511    2.104026 ^ _1463_/CLK (sky130_fd_sc_hd__dfxtp_2)
     1    0.002045    0.048083    0.599959    2.703985 ^ _1463_/Q (sky130_fd_sc_hd__dfxtp_2)
                                                         u_top.instruction_mmu.u_tlb.vpn[0][16] (net)
                      0.048083    0.000053    2.704038 ^ _1805_/A (sky130_fd_sc_hd__buf_2)
     2    0.006783    0.072926    0.174825    2.878863 ^ _1805_/X (sky130_fd_sc_hd__buf_2)
                                                         _0711_ (net)
                      0.072926    0.000116    2.878979 ^ _1284_/B2 (sky130_fd_sc_hd__a22o_2)
     1    0.002723    0.060359    0.240673    3.119651 ^ _1284_/X (sky130_fd_sc_hd__a22o_2)
                                                         _0322_ (net)
                      0.060420    0.000075    3.119726 ^ _1884_/A (sky130_fd_sc_hd__buf_2)
     1    0.002354    0.043142    0.152386    3.272112 ^ _1884_/X (sky130_fd_sc_hd__buf_2)
                                                         _0928_ (net)
                      0.043142    0.000063    3.272175 ^ _1463_/D (sky130_fd_sc_hd__dfxtp_2)
                                              3.272175   data arrival time

                                  0.000000    0.000000   clock clk (rise edge)
                                  0.000000    0.000000   clock source latency
     2    0.157321    1.138872    0.876637    0.876637 ^ clk (in)
                                                         clk (net)
                      1.154477    0.000000    0.876637 ^ clkbuf_regs_0_clk/A (sky130_fd_sc_hd__clkbuf_16)
     1    0.008569    0.076270    0.603404    1.480040 ^ clkbuf_regs_0_clk/X (sky130_fd_sc_hd__clkbuf_16)
                                                         clk_regs (net)
                      0.076271    0.000282    1.480322 ^ clkbuf_0_clk_regs/A (sky130_fd_sc_hd__clkbuf_16)
     8    0.078792    0.146453    0.309474    1.789796 ^ clkbuf_0_clk_regs/X (sky130_fd_sc_hd__clkbuf_16)
                                                         clknet_0_clk_regs (net)
                      0.146489    0.002380    1.792176 ^ clkbuf_3_4_0_clk_regs/A (sky130_fd_sc_hd__clkbuf_8)
     2    0.018992    0.081069    0.281797    2.073972 ^ clkbuf_3_4_0_clk_regs/X (sky130_fd_sc_hd__clkbuf_8)
                                                         clknet_3_4_0_clk_regs (net)
                      0.081072    0.000576    2.074548 ^ clkbuf_4_9__f_clk_regs/A (sky130_fd_sc_hd__clkbuf_16)
     9    0.028405    0.078237    0.250389    2.324937 ^ clkbuf_4_9__f_clk_regs/X (sky130_fd_sc_hd__clkbuf_16)
                                                         clknet_4_9__leaf_clk_regs (net)
                      0.078239    0.000565    2.325502 ^ _1463_/CLK (sky130_fd_sc_hd__dfxtp_2)
                                  0.100000    2.425502   clock uncertainty
                                 -0.221476    2.204026   clock reconvergence pessimism
                                 -0.064415    2.139611   library hold time
                                              2.139611   data required time
---------------------------------------------------------------------------------------------
                                              2.139611   data required time
                                             -3.272175   data arrival time
---------------------------------------------------------------------------------------------
                                              1.132563   slack (MET)


Startpoint: _1446_ (rising edge-triggered flip-flop clocked by clk)
Endpoint: _1446_ (rising edge-triggered flip-flop clocked by clk)
Path Group: clk
Path Type: min

Fanout         Cap        Slew       Delay        Time   Description
---------------------------------------------------------------------------------------------
                                  0.000000    0.000000   clock clk (rise edge)
                                  0.000000    0.000000   clock source latency
     2    0.157321    1.138872    0.793148    0.793148 ^ clk (in)
                                                         clk (net)
                      1.154477    0.000000    0.793148 ^ clkbuf_regs_0_clk/A (sky130_fd_sc_hd__clkbuf_16)
     1    0.008569    0.076270    0.545937    1.339084 ^ clkbuf_regs_0_clk/X (sky130_fd_sc_hd__clkbuf_16)
                                                         clk_regs (net)
                      0.076271    0.000255    1.339339 ^ clkbuf_0_clk_regs/A (sky130_fd_sc_hd__clkbuf_16)
     8    0.078792    0.146453    0.280000    1.619339 ^ clkbuf_0_clk_regs/X (sky130_fd_sc_hd__clkbuf_16)
                                                         clknet_0_clk_regs (net)
                      0.146467    0.001514    1.620854 ^ clkbuf_3_1_0_clk_regs/A (sky130_fd_sc_hd__clkbuf_8)
     2    0.019673    0.082648    0.256397    1.877250 ^ clkbuf_3_1_0_clk_regs/X (sky130_fd_sc_hd__clkbuf_8)
                                                         clknet_3_1_0_clk_regs (net)
                      0.082651    0.000572    1.877822 ^ clkbuf_4_3__f_clk_regs/A (sky130_fd_sc_hd__clkbuf_16)
     8    0.024070    0.072529    0.221347    2.099169 ^ clkbuf_4_3__f_clk_regs/X (sky130_fd_sc_hd__clkbuf_16)
                                                         clknet_4_3__leaf_clk_regs (net)
                      0.072544    0.000490    2.099659 ^ _1446_/CLK (sky130_fd_sc_hd__dfxtp_2)
     1    0.002903    0.053153    0.603772    2.703431 ^ _1446_/Q (sky130_fd_sc_hd__dfxtp_2)
                                                         u_top.instruction_mmu.u_tlb.valid[0] (net)
                      0.053153    0.000077    2.703508 ^ _1725_/A (sky130_fd_sc_hd__buf_2)
     2    0.007443    0.077488    0.180586    2.884094 ^ _1725_/X (sky130_fd_sc_hd__buf_2)
                                                         _0700_ (net)
                      0.077488    0.000081    2.884175 ^ _1266_/A1 (sky130_fd_sc_hd__o21a_2)
     1    0.002357    0.050888    0.234768    3.118942 ^ _1266_/X (sky130_fd_sc_hd__o21a_2)
                                                         _0305_ (net)
                      0.050888    0.000064    3.119007 ^ _1867_/A (sky130_fd_sc_hd__buf_2)
     1    0.002354    0.043181    0.148130    3.267137 ^ _1867_/X (sky130_fd_sc_hd__buf_2)
                                                         _0894_ (net)
                      0.043181    0.000063    3.267200 ^ _1446_/D (sky130_fd_sc_hd__dfxtp_2)
                                              3.267200   data arrival time

                                  0.000000    0.000000   clock clk (rise edge)
                                  0.000000    0.000000   clock source latency
     2    0.157321    1.138872    0.876637    0.876637 ^ clk (in)
                                                         clk (net)
                      1.154477    0.000000    0.876637 ^ clkbuf_regs_0_clk/A (sky130_fd_sc_hd__clkbuf_16)
     1    0.008569    0.076270    0.603404    1.480040 ^ clkbuf_regs_0_clk/X (sky130_fd_sc_hd__clkbuf_16)
                                                         clk_regs (net)
                      0.076271    0.000282    1.480322 ^ clkbuf_0_clk_regs/A (sky130_fd_sc_hd__clkbuf_16)
     8    0.078792    0.146453    0.309474    1.789796 ^ clkbuf_0_clk_regs/X (sky130_fd_sc_hd__clkbuf_16)
                                                         clknet_0_clk_regs (net)
                      0.146467    0.001674    1.791470 ^ clkbuf_3_1_0_clk_regs/A (sky130_fd_sc_hd__clkbuf_8)
     2    0.019673    0.082648    0.283386    2.074856 ^ clkbuf_3_1_0_clk_regs/X (sky130_fd_sc_hd__clkbuf_8)
                                                         clknet_3_1_0_clk_regs (net)
                      0.082651    0.000632    2.075488 ^ clkbuf_4_3__f_clk_regs/A (sky130_fd_sc_hd__clkbuf_16)
     8    0.024070    0.072529    0.244647    2.320134 ^ clkbuf_4_3__f_clk_regs/X (sky130_fd_sc_hd__clkbuf_16)
                                                         clknet_4_3__leaf_clk_regs (net)
                      0.072544    0.000541    2.320676 ^ _1446_/CLK (sky130_fd_sc_hd__dfxtp_2)
                                  0.100000    2.420676   clock uncertainty
                                 -0.221017    2.199659   clock reconvergence pessimism
                                 -0.065328    2.134331   library hold time
                                              2.134331   data required time
---------------------------------------------------------------------------------------------
                                              2.134331   data required time
                                             -3.267200   data arrival time
---------------------------------------------------------------------------------------------
                                              1.132869   slack (MET)


Startpoint: _1479_ (rising edge-triggered flip-flop clocked by clk)
Endpoint: _1479_ (rising edge-triggered flip-flop clocked by clk)
Path Group: clk
Path Type: min

Fanout         Cap        Slew       Delay        Time   Description
---------------------------------------------------------------------------------------------
                                  0.000000    0.000000   clock clk (rise edge)
                                  0.000000    0.000000   clock source latency
     2    0.157321    1.138872    0.793148    0.793148 ^ clk (in)
                                                         clk (net)
                      1.154477    0.000000    0.793148 ^ clkbuf_regs_0_clk/A (sky130_fd_sc_hd__clkbuf_16)
     1    0.008569    0.076270    0.545937    1.339084 ^ clkbuf_regs_0_clk/X (sky130_fd_sc_hd__clkbuf_16)
                                                         clk_regs (net)
                      0.076271    0.000255    1.339339 ^ clkbuf_0_clk_regs/A (sky130_fd_sc_hd__clkbuf_16)
     8    0.078792    0.146453    0.280000    1.619339 ^ clkbuf_0_clk_regs/X (sky130_fd_sc_hd__clkbuf_16)
                                                         clknet_0_clk_regs (net)
                      0.146515    0.002666    1.622005 ^ clkbuf_3_2_0_clk_regs/A (sky130_fd_sc_hd__clkbuf_8)
     2    0.018941    0.080956    0.254843    1.876848 ^ clkbuf_3_2_0_clk_regs/X (sky130_fd_sc_hd__clkbuf_8)
                                                         clknet_3_2_0_clk_regs (net)
                      0.080959    0.000544    1.877393 ^ clkbuf_4_5__f_clk_regs/A (sky130_fd_sc_hd__clkbuf_16)
     8    0.026986    0.076362    0.224423    2.101815 ^ clkbuf_4_5__f_clk_regs/X (sky130_fd_sc_hd__clkbuf_16)
                                                         clknet_4_5__leaf_clk_regs (net)
                      0.076370    0.000724    2.102539 ^ _1479_/CLK (sky130_fd_sc_hd__dfxtp_2)
     1    0.002792    0.052546    0.604616    2.707155 ^ _1479_/Q (sky130_fd_sc_hd__dfxtp_2)
                                                         u_top.instruction_mmu.u_tlb.vpn[1][12] (net)
                      0.052546    0.000077    2.707233 ^ _1786_/A (sky130_fd_sc_hd__buf_2)
     2    0.006950    0.074079    0.177640    2.884873 ^ _1786_/X (sky130_fd_sc_hd__buf_2)
                                                         _0727_ (net)
                      0.074079    0.000133    2.885006 ^ _1300_/A (sky130_fd_sc_hd__and2_2)
     1    0.002262    0.063614    0.232640    3.117646 ^ _1300_/X (sky130_fd_sc_hd__and2_2)
                                                         _0338_ (net)
                      0.063614    0.000045    3.117691 ^ _1900_/A (sky130_fd_sc_hd__buf_2)
     1    0.002252    0.042480    0.153137    3.270828 ^ _1900_/X (sky130_fd_sc_hd__buf_2)
                                                         _0960_ (net)
                      0.042480    0.000062    3.270890 ^ _1479_/D (sky130_fd_sc_hd__dfxtp_2)
                                              3.270890   data arrival time

                                  0.000000    0.000000   clock clk (rise edge)
                                  0.000000    0.000000   clock source latency
     2    0.157321    1.138872    0.876637    0.876637 ^ clk (in)
                                                         clk (net)
                      1.154477    0.000000    0.876637 ^ clkbuf_regs_0_clk/A (sky130_fd_sc_hd__clkbuf_16)
     1    0.008569    0.076270    0.603404    1.480040 ^ clkbuf_regs_0_clk/X (sky130_fd_sc_hd__clkbuf_16)
                                                         clk_regs (net)
                      0.076271    0.000282    1.480322 ^ clkbuf_0_clk_regs/A (sky130_fd_sc_hd__clkbuf_16)
     8    0.078792    0.146453    0.309474    1.789796 ^ clkbuf_0_clk_regs/X (sky130_fd_sc_hd__clkbuf_16)
                                                         clknet_0_clk_regs (net)
                      0.146515    0.002947    1.792743 ^ clkbuf_3_2_0_clk_regs/A (sky130_fd_sc_hd__clkbuf_8)
     2    0.018941    0.080956    0.281668    2.074411 ^ clkbuf_3_2_0_clk_regs/X (sky130_fd_sc_hd__clkbuf_8)
                                                         clknet_3_2_0_clk_regs (net)
                      0.080959    0.000602    2.075013 ^ clkbuf_4_5__f_clk_regs/A (sky130_fd_sc_hd__clkbuf_16)
     8    0.026986    0.076362    0.248046    2.323059 ^ clkbuf_4_5__f_clk_regs/X (sky130_fd_sc_hd__clkbuf_16)
                                                         clknet_4_5__leaf_clk_regs (net)
                      0.076370    0.000800    2.323859 ^ _1479_/CLK (sky130_fd_sc_hd__dfxtp_2)
                                  0.100000    2.423859   clock uncertainty
                                 -0.221320    2.202539   clock reconvergence pessimism
                                 -0.064558    2.137981   library hold time
                                              2.137981   data required time
---------------------------------------------------------------------------------------------
                                              2.137981   data required time
                                             -3.270890   data arrival time
---------------------------------------------------------------------------------------------
                                              1.132909   slack (MET)


Startpoint: _1470_ (rising edge-triggered flip-flop clocked by clk)
Endpoint: _1470_ (rising edge-triggered flip-flop clocked by clk)
Path Group: clk
Path Type: min

Fanout         Cap        Slew       Delay        Time   Description
---------------------------------------------------------------------------------------------
                                  0.000000    0.000000   clock clk (rise edge)
                                  0.000000    0.000000   clock source latency
     2    0.157321    1.138872    0.793148    0.793148 ^ clk (in)
                                                         clk (net)
                      1.154477    0.000000    0.793148 ^ clkbuf_regs_0_clk/A (sky130_fd_sc_hd__clkbuf_16)
     1    0.008569    0.076270    0.545937    1.339084 ^ clkbuf_regs_0_clk/X (sky130_fd_sc_hd__clkbuf_16)
                                                         clk_regs (net)
                      0.076271    0.000255    1.339339 ^ clkbuf_0_clk_regs/A (sky130_fd_sc_hd__clkbuf_16)
     8    0.078792    0.146453    0.280000    1.619339 ^ clkbuf_0_clk_regs/X (sky130_fd_sc_hd__clkbuf_16)
                                                         clknet_0_clk_regs (net)
                      0.146521    0.002778    1.622118 ^ clkbuf_3_0_0_clk_regs/A (sky130_fd_sc_hd__clkbuf_8)
     2    0.018181    0.079205    0.253267    1.875385 ^ clkbuf_3_0_0_clk_regs/X (sky130_fd_sc_hd__clkbuf_8)
                                                         clknet_3_0_0_clk_regs (net)
                      0.079206    0.000342    1.875726 ^ clkbuf_4_1__f_clk_regs/A (sky130_fd_sc_hd__clkbuf_16)
     9    0.033687    0.085517    0.232731    2.108458 ^ clkbuf_4_1__f_clk_regs/X (sky130_fd_sc_hd__clkbuf_16)
                                                         clknet_4_1__leaf_clk_regs (net)
                      0.085518    0.000527    2.108985 ^ _1470_/CLK (sky130_fd_sc_hd__dfxtp_2)
     1    0.002862    0.052925    0.609143    2.718128 ^ _1470_/Q (sky130_fd_sc_hd__dfxtp_2)
                                                         u_top.instruction_mmu.u_tlb.vpn[1][3] (net)
                      0.052925    0.000076    2.718204 ^ _1742_/A (sky130_fd_sc_hd__buf_2)
     2    0.005603    0.064877    0.170604    2.888808 ^ _1742_/X (sky130_fd_sc_hd__buf_2)
                                                         _0737_ (net)
                      0.064877    0.000066    2.888875 ^ _1291_/A (sky130_fd_sc_hd__and2_2)
     1    0.003058    0.068929    0.235610    3.124485 ^ _1291_/X (sky130_fd_sc_hd__and2_2)
                                                         _0329_ (net)
                      0.068929    0.000087    3.124573 ^ _1891_/A (sky130_fd_sc_hd__buf_2)
     1    0.002113    0.041566    0.154590    3.279163 ^ _1891_/X (sky130_fd_sc_hd__buf_2)
                                                         _0942_ (net)
                      0.041566    0.000057    3.279220 ^ _1470_/D (sky130_fd_sc_hd__dfxtp_2)
                                              3.279220   data arrival time

                                  0.000000    0.000000   clock clk (rise edge)
                                  0.000000    0.000000   clock source latency
     2    0.157321    1.138872    0.876637    0.876637 ^ clk (in)
                                                         clk (net)
                      1.154477    0.000000    0.876637 ^ clkbuf_regs_0_clk/A (sky130_fd_sc_hd__clkbuf_16)
     1    0.008569    0.076270    0.603404    1.480040 ^ clkbuf_regs_0_clk/X (sky130_fd_sc_hd__clkbuf_16)
                                                         clk_regs (net)
                      0.076271    0.000282    1.480322 ^ clkbuf_0_clk_regs/A (sky130_fd_sc_hd__clkbuf_16)
     8    0.078792    0.146453    0.309474    1.789796 ^ clkbuf_0_clk_regs/X (sky130_fd_sc_hd__clkbuf_16)
                                                         clknet_0_clk_regs (net)
                      0.146521    0.003071    1.792867 ^ clkbuf_3_0_0_clk_regs/A (sky130_fd_sc_hd__clkbuf_8)
     2    0.018181    0.079205    0.279927    2.072793 ^ clkbuf_3_0_0_clk_regs/X (sky130_fd_sc_hd__clkbuf_8)
                                                         clknet_3_0_0_clk_regs (net)
                      0.079206    0.000378    2.073171 ^ clkbuf_4_1__f_clk_regs/A (sky130_fd_sc_hd__clkbuf_16)
     9    0.033687    0.085517    0.257229    2.330400 ^ clkbuf_4_1__f_clk_regs/X (sky130_fd_sc_hd__clkbuf_16)
                                                         clknet_4_1__leaf_clk_regs (net)
                      0.085518    0.000583    2.330983 ^ _1470_/CLK (sky130_fd_sc_hd__dfxtp_2)
                                  0.100000    2.430983   clock uncertainty
                                 -0.221998    2.208985   clock reconvergence pessimism
                                 -0.062894    2.146091   library hold time
                                              2.146091   data required time
---------------------------------------------------------------------------------------------
                                              2.146091   data required time
                                             -3.279220   data arrival time
---------------------------------------------------------------------------------------------
                                              1.133129   slack (MET)


Startpoint: _1541_ (rising edge-triggered flip-flop clocked by clk)
Endpoint: _1541_ (rising edge-triggered flip-flop clocked by clk)
Path Group: clk
Path Type: min

Fanout         Cap        Slew       Delay        Time   Description
---------------------------------------------------------------------------------------------
                                  0.000000    0.000000   clock clk (rise edge)
                                  0.000000    0.000000   clock source latency
     2    0.157321    1.138872    0.793148    0.793148 ^ clk (in)
                                                         clk (net)
                      1.154477    0.000000    0.793148 ^ clkbuf_regs_0_clk/A (sky130_fd_sc_hd__clkbuf_16)
     1    0.008569    0.076270    0.545937    1.339084 ^ clkbuf_regs_0_clk/X (sky130_fd_sc_hd__clkbuf_16)
                                                         clk_regs (net)
                      0.076271    0.000255    1.339339 ^ clkbuf_0_clk_regs/A (sky130_fd_sc_hd__clkbuf_16)
     8    0.078792    0.146453    0.280000    1.619339 ^ clkbuf_0_clk_regs/X (sky130_fd_sc_hd__clkbuf_16)
                                                         clknet_0_clk_regs (net)
                      0.146520    0.002753    1.622092 ^ clkbuf_3_7_0_clk_regs/A (sky130_fd_sc_hd__clkbuf_8)
     2    0.018154    0.079145    0.253176    1.875268 ^ clkbuf_3_7_0_clk_regs/X (sky130_fd_sc_hd__clkbuf_8)
                                                         clknet_3_7_0_clk_regs (net)
                      0.079147    0.000440    1.875708 ^ clkbuf_4_14__f_clk_regs/A (sky130_fd_sc_hd__clkbuf_16)
     8    0.025541    0.074447    0.221774    2.097482 ^ clkbuf_4_14__f_clk_regs/X (sky130_fd_sc_hd__clkbuf_16)
                                                         clknet_4_14__leaf_clk_regs (net)
                      0.074450    0.000488    2.097970 ^ _1541_/CLK (sky130_fd_sc_hd__dfxtp_2)
     1    0.002520    0.051077    0.601793    2.699763 ^ _1541_/Q (sky130_fd_sc_hd__dfxtp_2)
                                                         u_top.RV32I_Logic.Single_Cycle_Datapath.pcREG.q[11] (net)
                      0.051077    0.000071    2.699834 ^ _1839_/A (sky130_fd_sc_hd__buf_2)
     2    0.008033    0.081605    0.182808    2.882642 ^ _1839_/X (sky130_fd_sc_hd__buf_2)
                                                         _0631_ (net)
                      0.081605    0.000183    2.882825 ^ _1377_/A1 (sky130_fd_sc_hd__o21ai_2)
     1    0.005259    0.064805    0.122941    3.005766 v _1377_/Y (sky130_fd_sc_hd__o21ai_2)
                                                         _0594_ (net)
                      0.064805    0.000155    3.005921 v _1378_/B (sky130_fd_sc_hd__nor2_2)
     1    0.001918    0.086186    0.100195    3.106116 ^ _1378_/Y (sky130_fd_sc_hd__nor2_2)
                                                         _0400_ (net)
                      0.086186    0.000035    3.106151 ^ _1962_/A (sky130_fd_sc_hd__buf_2)
     1    0.001892    0.040127    0.160832    3.266982 ^ _1962_/X (sky130_fd_sc_hd__buf_2)
                                                         _1049_ (net)
                      0.040127    0.000050    3.267032 ^ _1541_/D (sky130_fd_sc_hd__dfxtp_2)
                                              3.267032   data arrival time

                                  0.000000    0.000000   clock clk (rise edge)
                                  0.000000    0.000000   clock source latency
     2    0.157321    1.138872    0.876637    0.876637 ^ clk (in)
                                                         clk (net)
                      1.154477    0.000000    0.876637 ^ clkbuf_regs_0_clk/A (sky130_fd_sc_hd__clkbuf_16)
     1    0.008569    0.076270    0.603404    1.480040 ^ clkbuf_regs_0_clk/X (sky130_fd_sc_hd__clkbuf_16)
                                                         clk_regs (net)
                      0.076271    0.000282    1.480322 ^ clkbuf_0_clk_regs/A (sky130_fd_sc_hd__clkbuf_16)
     8    0.078792    0.146453    0.309474    1.789796 ^ clkbuf_0_clk_regs/X (sky130_fd_sc_hd__clkbuf_16)
                                                         clknet_0_clk_regs (net)
                      0.146520    0.003043    1.792839 ^ clkbuf_3_7_0_clk_regs/A (sky130_fd_sc_hd__clkbuf_8)
     2    0.018154    0.079145    0.279826    2.072665 ^ clkbuf_3_7_0_clk_regs/X (sky130_fd_sc_hd__clkbuf_8)
                                                         clknet_3_7_0_clk_regs (net)
                      0.079147    0.000486    2.073151 ^ clkbuf_4_14__f_clk_regs/A (sky130_fd_sc_hd__clkbuf_16)
     8    0.025541    0.074447    0.245118    2.318269 ^ clkbuf_4_14__f_clk_regs/X (sky130_fd_sc_hd__clkbuf_16)
                                                         clknet_4_14__leaf_clk_regs (net)
                      0.074450    0.000540    2.318809 ^ _1541_/CLK (sky130_fd_sc_hd__dfxtp_2)
                                  0.100000    2.418808   clock uncertainty
                                 -0.220838    2.197970   clock reconvergence pessimism
                                 -0.064319    2.133651   library hold time
                                              2.133651   data required time
---------------------------------------------------------------------------------------------
                                              2.133651   data required time
                                             -3.267032   data arrival time
---------------------------------------------------------------------------------------------
                                              1.133381   slack (MET)


Startpoint: _1457_ (rising edge-triggered flip-flop clocked by clk)
Endpoint: _1457_ (rising edge-triggered flip-flop clocked by clk)
Path Group: clk
Path Type: min

Fanout         Cap        Slew       Delay        Time   Description
---------------------------------------------------------------------------------------------
                                  0.000000    0.000000   clock clk (rise edge)
                                  0.000000    0.000000   clock source latency
     2    0.157321    1.138872    0.793148    0.793148 ^ clk (in)
                                                         clk (net)
                      1.154477    0.000000    0.793148 ^ clkbuf_regs_0_clk/A (sky130_fd_sc_hd__clkbuf_16)
     1    0.008569    0.076270    0.545937    1.339084 ^ clkbuf_regs_0_clk/X (sky130_fd_sc_hd__clkbuf_16)
                                                         clk_regs (net)
                      0.076271    0.000255    1.339339 ^ clkbuf_0_clk_regs/A (sky130_fd_sc_hd__clkbuf_16)
     8    0.078792    0.146453    0.280000    1.619339 ^ clkbuf_0_clk_regs/X (sky130_fd_sc_hd__clkbuf_16)
                                                         clknet_0_clk_regs (net)
                      0.146472    0.001696    1.621035 ^ clkbuf_3_3_0_clk_regs/A (sky130_fd_sc_hd__clkbuf_8)
     2    0.019077    0.081268    0.255110    1.876146 ^ clkbuf_3_3_0_clk_regs/X (sky130_fd_sc_hd__clkbuf_8)
                                                         clknet_3_3_0_clk_regs (net)
                      0.081271    0.000591    1.876736 ^ clkbuf_4_7__f_clk_regs/A (sky130_fd_sc_hd__clkbuf_16)
     8    0.025070    0.073827    0.222174    2.098910 ^ clkbuf_4_7__f_clk_regs/X (sky130_fd_sc_hd__clkbuf_16)
                                                         clknet_4_7__leaf_clk_regs (net)
                      0.073827    0.000334    2.099243 ^ _1457_/CLK (sky130_fd_sc_hd__dfxtp_2)
     1    0.002502    0.050961    0.601388    2.700631 ^ _1457_/Q (sky130_fd_sc_hd__dfxtp_2)
                                                         u_top.instruction_mmu.u_tlb.vpn[0][10] (net)
                      0.050961    0.000069    2.700700 ^ _1775_/A (sky130_fd_sc_hd__buf_2)
     2    0.006650    0.072011    0.175336    2.876036 ^ _1775_/X (sky130_fd_sc_hd__buf_2)
                                                         _0705_ (net)
                      0.072011    0.000150    2.876185 ^ _1278_/B2 (sky130_fd_sc_hd__a22o_2)
     1    0.002603    0.059638    0.239197    3.115382 ^ _1278_/X (sky130_fd_sc_hd__a22o_2)
                                                         _0316_ (net)
                      0.059638    0.000073    3.115455 ^ _1878_/A (sky130_fd_sc_hd__buf_2)
     1    0.002624    0.044868    0.153830    3.269285 ^ _1878_/X (sky130_fd_sc_hd__buf_2)
                                                         _0916_ (net)
                      0.044868    0.000074    3.269359 ^ _1457_/D (sky130_fd_sc_hd__dfxtp_2)
                                              3.269359   data arrival time

                                  0.000000    0.000000   clock clk (rise edge)
                                  0.000000    0.000000   clock source latency
     2    0.157321    1.138872    0.876637    0.876637 ^ clk (in)
                                                         clk (net)
                      1.154477    0.000000    0.876637 ^ clkbuf_regs_0_clk/A (sky130_fd_sc_hd__clkbuf_16)
     1    0.008569    0.076270    0.603404    1.480040 ^ clkbuf_regs_0_clk/X (sky130_fd_sc_hd__clkbuf_16)
                                                         clk_regs (net)
                      0.076271    0.000282    1.480322 ^ clkbuf_0_clk_regs/A (sky130_fd_sc_hd__clkbuf_16)
     8    0.078792    0.146453    0.309474    1.789796 ^ clkbuf_0_clk_regs/X (sky130_fd_sc_hd__clkbuf_16)
                                                         clknet_0_clk_regs (net)
                      0.146472    0.001875    1.791671 ^ clkbuf_3_3_0_clk_regs/A (sky130_fd_sc_hd__clkbuf_8)
     2    0.019077    0.081268    0.281964    2.073635 ^ clkbuf_3_3_0_clk_regs/X (sky130_fd_sc_hd__clkbuf_8)
                                                         clknet_3_3_0_clk_regs (net)
                      0.081271    0.000653    2.074287 ^ clkbuf_4_7__f_clk_regs/A (sky130_fd_sc_hd__clkbuf_16)
     8    0.025070    0.073827    0.245560    2.319848 ^ clkbuf_4_7__f_clk_regs/X (sky130_fd_sc_hd__clkbuf_16)
                                                         clknet_4_7__leaf_clk_regs (net)
                      0.073827    0.000369    2.320216 ^ _1457_/CLK (sky130_fd_sc_hd__dfxtp_2)
                                  0.100000    2.420216   clock uncertainty
                                 -0.220973    2.199244   clock reconvergence pessimism
                                 -0.065514    2.133729   library hold time
                                              2.133729   data required time
---------------------------------------------------------------------------------------------
                                              2.133729   data required time
                                             -3.269359   data arrival time
---------------------------------------------------------------------------------------------
                                              1.135630   slack (MET)


Startpoint: _1484_ (rising edge-triggered flip-flop clocked by clk)
Endpoint: _1484_ (rising edge-triggered flip-flop clocked by clk)
Path Group: clk
Path Type: min

Fanout         Cap        Slew       Delay        Time   Description
---------------------------------------------------------------------------------------------
                                  0.000000    0.000000   clock clk (rise edge)
                                  0.000000    0.000000   clock source latency
     2    0.157321    1.138872    0.793148    0.793148 ^ clk (in)
                                                         clk (net)
                      1.154477    0.000000    0.793148 ^ clkbuf_regs_0_clk/A (sky130_fd_sc_hd__clkbuf_16)
     1    0.008569    0.076270    0.545937    1.339084 ^ clkbuf_regs_0_clk/X (sky130_fd_sc_hd__clkbuf_16)
                                                         clk_regs (net)
                      0.076271    0.000255    1.339339 ^ clkbuf_0_clk_regs/A (sky130_fd_sc_hd__clkbuf_16)
     8    0.078792    0.146453    0.280000    1.619339 ^ clkbuf_0_clk_regs/X (sky130_fd_sc_hd__clkbuf_16)
                                                         clknet_0_clk_regs (net)
                      0.146515    0.002672    1.622012 ^ clkbuf_3_5_0_clk_regs/A (sky130_fd_sc_hd__clkbuf_8)
     2    0.019206    0.081558    0.255471    1.877482 ^ clkbuf_3_5_0_clk_regs/X (sky130_fd_sc_hd__clkbuf_8)
                                                         clknet_3_5_0_clk_regs (net)
                      0.081559    0.000390    1.877873 ^ clkbuf_4_11__f_clk_regs/A (sky130_fd_sc_hd__clkbuf_16)
     8    0.027288    0.076763    0.225088    2.102961 ^ clkbuf_4_11__f_clk_regs/X (sky130_fd_sc_hd__clkbuf_16)
                                                         clknet_4_11__leaf_clk_regs (net)
                      0.076767    0.000610    2.103571 ^ _1484_/CLK (sky130_fd_sc_hd__dfxtp_2)
     1    0.002268    0.049484    0.600948    2.704520 ^ _1484_/Q (sky130_fd_sc_hd__dfxtp_2)
                                                         u_top.instruction_mmu.u_tlb.vpn[1][17] (net)
                      0.049484    0.000061    2.704580 ^ _1811_/A (sky130_fd_sc_hd__buf_2)
     2    0.008703    0.086304    0.185672    2.890252 ^ _1811_/X (sky130_fd_sc_hd__buf_2)
                                                         _0732_ (net)
                      0.086304    0.000127    2.890380 ^ _1305_/A (sky130_fd_sc_hd__and2_2)
     1    0.001925    0.061361    0.234776    3.125155 ^ _1305_/X (sky130_fd_sc_hd__and2_2)
                                                         _0343_ (net)
                      0.061361    0.000035    3.125190 ^ _1905_/A (sky130_fd_sc_hd__buf_2)
     1    0.001949    0.040551    0.150114    3.275305 ^ _1905_/X (sky130_fd_sc_hd__buf_2)
                                                         _0970_ (net)
                      0.040551    0.000052    3.275357 ^ _1484_/D (sky130_fd_sc_hd__dfxtp_2)
                                              3.275357   data arrival time

                                  0.000000    0.000000   clock clk (rise edge)
                                  0.000000    0.000000   clock source latency
     2    0.157321    1.138872    0.876637    0.876637 ^ clk (in)
                                                         clk (net)
                      1.154477    0.000000    0.876637 ^ clkbuf_regs_0_clk/A (sky130_fd_sc_hd__clkbuf_16)
     1    0.008569    0.076270    0.603404    1.480040 ^ clkbuf_regs_0_clk/X (sky130_fd_sc_hd__clkbuf_16)
                                                         clk_regs (net)
                      0.076271    0.000282    1.480322 ^ clkbuf_0_clk_regs/A (sky130_fd_sc_hd__clkbuf_16)
     8    0.078792    0.146453    0.309474    1.789796 ^ clkbuf_0_clk_regs/X (sky130_fd_sc_hd__clkbuf_16)
                                                         clknet_0_clk_regs (net)
                      0.146515    0.002954    1.792750 ^ clkbuf_3_5_0_clk_regs/A (sky130_fd_sc_hd__clkbuf_8)
     2    0.019206    0.081558    0.282362    2.075112 ^ clkbuf_3_5_0_clk_regs/X (sky130_fd_sc_hd__clkbuf_8)
                                                         clknet_3_5_0_clk_regs (net)
                      0.081559    0.000431    2.075543 ^ clkbuf_4_11__f_clk_regs/A (sky130_fd_sc_hd__clkbuf_16)
     8    0.027288    0.076763    0.248782    2.324325 ^ clkbuf_4_11__f_clk_regs/X (sky130_fd_sc_hd__clkbuf_16)
                                                         clknet_4_11__leaf_clk_regs (net)
                      0.076767    0.000675    2.325000 ^ _1484_/CLK (sky130_fd_sc_hd__dfxtp_2)
                                  0.100000    2.425000   clock uncertainty
                                 -0.221428    2.203571   clock reconvergence pessimism
                                 -0.064049    2.139522   library hold time
                                              2.139522   data required time
---------------------------------------------------------------------------------------------
                                              2.139522   data required time
                                             -3.275357   data arrival time
---------------------------------------------------------------------------------------------
                                              1.135835   slack (MET)


Startpoint: _1448_ (rising edge-triggered flip-flop clocked by clk)
Endpoint: _1448_ (rising edge-triggered flip-flop clocked by clk)
Path Group: clk
Path Type: min

Fanout         Cap        Slew       Delay        Time   Description
---------------------------------------------------------------------------------------------
                                  0.000000    0.000000   clock clk (rise edge)
                                  0.000000    0.000000   clock source latency
     2    0.157321    1.138872    0.793148    0.793148 ^ clk (in)
                                                         clk (net)
                      1.154477    0.000000    0.793148 ^ clkbuf_regs_0_clk/A (sky130_fd_sc_hd__clkbuf_16)
     1    0.008569    0.076270    0.545937    1.339084 ^ clkbuf_regs_0_clk/X (sky130_fd_sc_hd__clkbuf_16)
                                                         clk_regs (net)
                      0.076271    0.000255    1.339339 ^ clkbuf_0_clk_regs/A (sky130_fd_sc_hd__clkbuf_16)
     8    0.078792    0.146453    0.280000    1.619339 ^ clkbuf_0_clk_regs/X (sky130_fd_sc_hd__clkbuf_16)
                                                         clknet_0_clk_regs (net)
                      0.146521    0.002778    1.622118 ^ clkbuf_3_0_0_clk_regs/A (sky130_fd_sc_hd__clkbuf_8)
     2    0.018181    0.079205    0.253267    1.875385 ^ clkbuf_3_0_0_clk_regs/X (sky130_fd_sc_hd__clkbuf_8)
                                                         clknet_3_0_0_clk_regs (net)
                      0.079207    0.000451    1.875836 ^ clkbuf_4_0__f_clk_regs/A (sky130_fd_sc_hd__clkbuf_16)
     9    0.032494    0.083908    0.231210    2.107046 ^ clkbuf_4_0__f_clk_regs/X (sky130_fd_sc_hd__clkbuf_16)
                                                         clknet_4_0__leaf_clk_regs (net)
                      0.083908    0.000385    2.107431 ^ _1448_/CLK (sky130_fd_sc_hd__dfxtp_2)
     1    0.001948    0.047473    0.601731    2.709162 ^ _1448_/Q (sky130_fd_sc_hd__dfxtp_2)
                                                         u_top.instruction_mmu.u_tlb.vpn[0][1] (net)
                      0.047473    0.000052    2.709214 ^ _1733_/A (sky130_fd_sc_hd__buf_2)
     2    0.007797    0.079961    0.179930    2.889143 ^ _1733_/X (sky130_fd_sc_hd__buf_2)
                                                         _0715_ (net)
                      0.079961    0.000174    2.889317 ^ _1269_/A (sky130_fd_sc_hd__and2_2)
     1    0.002365    0.064347    0.235885    3.125202 ^ _1269_/X (sky130_fd_sc_hd__and2_2)
                                                         _0307_ (net)
                      0.064347    0.000062    3.125264 ^ _1869_/A (sky130_fd_sc_hd__buf_2)
     1    0.002425    0.043581    0.154609    3.279873 ^ _1869_/X (sky130_fd_sc_hd__buf_2)
                                                         _0898_ (net)
                      0.043581    0.000069    3.279942 ^ _1448_/D (sky130_fd_sc_hd__dfxtp_2)
                                              3.279942   data arrival time

                                  0.000000    0.000000   clock clk (rise edge)
                                  0.000000    0.000000   clock source latency
     2    0.157321    1.138872    0.876637    0.876637 ^ clk (in)
                                                         clk (net)
                      1.154477    0.000000    0.876637 ^ clkbuf_regs_0_clk/A (sky130_fd_sc_hd__clkbuf_16)
     1    0.008569    0.076270    0.603404    1.480040 ^ clkbuf_regs_0_clk/X (sky130_fd_sc_hd__clkbuf_16)
                                                         clk_regs (net)
                      0.076271    0.000282    1.480322 ^ clkbuf_0_clk_regs/A (sky130_fd_sc_hd__clkbuf_16)
     8    0.078792    0.146453    0.309474    1.789796 ^ clkbuf_0_clk_regs/X (sky130_fd_sc_hd__clkbuf_16)
                                                         clknet_0_clk_regs (net)
                      0.146521    0.003071    1.792867 ^ clkbuf_3_0_0_clk_regs/A (sky130_fd_sc_hd__clkbuf_8)
     2    0.018181    0.079205    0.279927    2.072793 ^ clkbuf_3_0_0_clk_regs/X (sky130_fd_sc_hd__clkbuf_8)
                                                         clknet_3_0_0_clk_regs (net)
                      0.079207    0.000499    2.073292 ^ clkbuf_4_0__f_clk_regs/A (sky130_fd_sc_hd__clkbuf_16)
     9    0.032494    0.083908    0.255548    2.328840 ^ clkbuf_4_0__f_clk_regs/X (sky130_fd_sc_hd__clkbuf_16)
                                                         clknet_4_0__leaf_clk_regs (net)
                      0.083908    0.000426    2.329266 ^ _1448_/CLK (sky130_fd_sc_hd__dfxtp_2)
                                  0.100000    2.429266   clock uncertainty
                                 -0.221835    2.207431   clock reconvergence pessimism
                                 -0.063616    2.143816   library hold time
                                              2.143816   data required time
---------------------------------------------------------------------------------------------
                                              2.143816   data required time
                                             -3.279942   data arrival time
---------------------------------------------------------------------------------------------
                                              1.136127   slack (MET)


Startpoint: _1499_ (rising edge-triggered flip-flop clocked by clk)
Endpoint: _1499_ (rising edge-triggered flip-flop clocked by clk)
Path Group: clk
Path Type: min

Fanout         Cap        Slew       Delay        Time   Description
---------------------------------------------------------------------------------------------
                                  0.000000    0.000000   clock clk (rise edge)
                                  0.000000    0.000000   clock source latency
     2    0.157321    1.138872    0.793148    0.793148 ^ clk (in)
                                                         clk (net)
                      1.154477    0.000000    0.793148 ^ clkbuf_regs_0_clk/A (sky130_fd_sc_hd__clkbuf_16)
     1    0.008569    0.076270    0.545937    1.339084 ^ clkbuf_regs_0_clk/X (sky130_fd_sc_hd__clkbuf_16)
                                                         clk_regs (net)
                      0.076271    0.000255    1.339339 ^ clkbuf_0_clk_regs/A (sky130_fd_sc_hd__clkbuf_16)
     8    0.078792    0.146453    0.280000    1.619339 ^ clkbuf_0_clk_regs/X (sky130_fd_sc_hd__clkbuf_16)
                                                         clknet_0_clk_regs (net)
                      0.146467    0.001514    1.620854 ^ clkbuf_3_1_0_clk_regs/A (sky130_fd_sc_hd__clkbuf_8)
     2    0.019673    0.082648    0.256397    1.877250 ^ clkbuf_3_1_0_clk_regs/X (sky130_fd_sc_hd__clkbuf_8)
                                                         clknet_3_1_0_clk_regs (net)
                      0.082651    0.000572    1.877822 ^ clkbuf_4_3__f_clk_regs/A (sky130_fd_sc_hd__clkbuf_16)
     8    0.024070    0.072529    0.221347    2.099169 ^ clkbuf_4_3__f_clk_regs/X (sky130_fd_sc_hd__clkbuf_16)
                                                         clknet_4_3__leaf_clk_regs (net)
                      0.072543    0.000466    2.099636 ^ _1499_/CLK (sky130_fd_sc_hd__dfxtp_2)
     1    0.003550    0.056879    0.608510    2.708146 ^ _1499_/Q (sky130_fd_sc_hd__dfxtp_2)
                                                         u_top.instruction_mmu.u_tlb.vpn[2][12] (net)
                      0.056879    0.000110    2.708256 ^ _1787_/A (sky130_fd_sc_hd__buf_2)
     2    0.006942    0.074024    0.179516    2.887771 ^ _1787_/X (sky130_fd_sc_hd__buf_2)
                                                         _0747_ (net)
                      0.074024    0.000077    2.887849 ^ _1320_/A (sky130_fd_sc_hd__and2_2)
     1    0.001938    0.061416    0.229884    3.117733 ^ _1320_/X (sky130_fd_sc_hd__and2_2)
                                                         _0358_ (net)
                      0.061416    0.000036    3.117768 ^ _1920_/A (sky130_fd_sc_hd__buf_2)
     1    0.002389    0.043360    0.153059    3.270828 ^ _1920_/X (sky130_fd_sc_hd__buf_2)
                                                         _1000_ (net)
                      0.043360    0.000066    3.270894 ^ _1499_/D (sky130_fd_sc_hd__dfxtp_2)
                                              3.270894   data arrival time

                                  0.000000    0.000000   clock clk (rise edge)
                                  0.000000    0.000000   clock source latency
     2    0.157321    1.138872    0.876637    0.876637 ^ clk (in)
                                                         clk (net)
                      1.154477    0.000000    0.876637 ^ clkbuf_regs_0_clk/A (sky130_fd_sc_hd__clkbuf_16)
     1    0.008569    0.076270    0.603404    1.480040 ^ clkbuf_regs_0_clk/X (sky130_fd_sc_hd__clkbuf_16)
                                                         clk_regs (net)
                      0.076271    0.000282    1.480322 ^ clkbuf_0_clk_regs/A (sky130_fd_sc_hd__clkbuf_16)
     8    0.078792    0.146453    0.309474    1.789796 ^ clkbuf_0_clk_regs/X (sky130_fd_sc_hd__clkbuf_16)
                                                         clknet_0_clk_regs (net)
                      0.146467    0.001674    1.791470 ^ clkbuf_3_1_0_clk_regs/A (sky130_fd_sc_hd__clkbuf_8)
     2    0.019673    0.082648    0.283386    2.074856 ^ clkbuf_3_1_0_clk_regs/X (sky130_fd_sc_hd__clkbuf_8)
                                                         clknet_3_1_0_clk_regs (net)
                      0.082651    0.000632    2.075488 ^ clkbuf_4_3__f_clk_regs/A (sky130_fd_sc_hd__clkbuf_16)
     8    0.024070    0.072529    0.244647    2.320134 ^ clkbuf_4_3__f_clk_regs/X (sky130_fd_sc_hd__clkbuf_16)
                                                         clknet_4_3__leaf_clk_regs (net)
                      0.072543    0.000515    2.320650 ^ _1499_/CLK (sky130_fd_sc_hd__dfxtp_2)
                                  0.100000    2.420650   clock uncertainty
                                 -0.221014    2.199636   clock reconvergence pessimism
                                 -0.065370    2.134266   library hold time
                                              2.134266   data required time
---------------------------------------------------------------------------------------------
                                              2.134266   data required time
                                             -3.270894   data arrival time
---------------------------------------------------------------------------------------------
                                              1.136628   slack (MET)


Startpoint: _1519_ (rising edge-triggered flip-flop clocked by clk)
Endpoint: _1519_ (rising edge-triggered flip-flop clocked by clk)
Path Group: clk
Path Type: min

Fanout         Cap        Slew       Delay        Time   Description
---------------------------------------------------------------------------------------------
                                  0.000000    0.000000   clock clk (rise edge)
                                  0.000000    0.000000   clock source latency
     2    0.157321    1.138872    0.793148    0.793148 ^ clk (in)
                                                         clk (net)
                      1.154477    0.000000    0.793148 ^ clkbuf_regs_0_clk/A (sky130_fd_sc_hd__clkbuf_16)
     1    0.008569    0.076270    0.545937    1.339084 ^ clkbuf_regs_0_clk/X (sky130_fd_sc_hd__clkbuf_16)
                                                         clk_regs (net)
                      0.076271    0.000255    1.339339 ^ clkbuf_0_clk_regs/A (sky130_fd_sc_hd__clkbuf_16)
     8    0.078792    0.146453    0.280000    1.619339 ^ clkbuf_0_clk_regs/X (sky130_fd_sc_hd__clkbuf_16)
                                                         clknet_0_clk_regs (net)
                      0.146521    0.002778    1.622118 ^ clkbuf_3_0_0_clk_regs/A (sky130_fd_sc_hd__clkbuf_8)
     2    0.018181    0.079205    0.253267    1.875385 ^ clkbuf_3_0_0_clk_regs/X (sky130_fd_sc_hd__clkbuf_8)
                                                         clknet_3_0_0_clk_regs (net)
                      0.079207    0.000451    1.875836 ^ clkbuf_4_0__f_clk_regs/A (sky130_fd_sc_hd__clkbuf_16)
     9    0.032494    0.083908    0.231210    2.107046 ^ clkbuf_4_0__f_clk_regs/X (sky130_fd_sc_hd__clkbuf_16)
                                                         clknet_4_0__leaf_clk_regs (net)
                      0.083908    0.000208    2.107254 ^ _1519_/CLK (sky130_fd_sc_hd__dfxtp_2)
     1    0.002830    0.052752    0.608200    2.715453 ^ _1519_/Q (sky130_fd_sc_hd__dfxtp_2)
                                                         u_top.instruction_mmu.u_tlb.vpn[3][7] (net)
                      0.052752    0.000081    2.715534 ^ _1763_/A (sky130_fd_sc_hd__buf_2)
     2    0.006047    0.067876    0.172909    2.888444 ^ _1763_/X (sky130_fd_sc_hd__buf_2)
                                                         _0781_ (net)
                      0.067876    0.000070    2.888514 ^ _1340_/A (sky130_fd_sc_hd__and2_2)
     1    0.003141    0.069497    0.237519    3.126033 ^ _1340_/X (sky130_fd_sc_hd__and2_2)
                                                         _0378_ (net)
                      0.069497    0.000090    3.126123 ^ _1940_/A (sky130_fd_sc_hd__buf_2)
     1    0.002287    0.042675    0.155991    3.282114 ^ _1940_/X (sky130_fd_sc_hd__buf_2)
                                                         _1027_ (net)
                      0.042675    0.000065    3.282180 ^ _1519_/D (sky130_fd_sc_hd__dfxtp_2)
                                              3.282180   data arrival time

                                  0.000000    0.000000   clock clk (rise edge)
                                  0.000000    0.000000   clock source latency
     2    0.157321    1.138872    0.876637    0.876637 ^ clk (in)
                                                         clk (net)
                      1.154477    0.000000    0.876637 ^ clkbuf_regs_0_clk/A (sky130_fd_sc_hd__clkbuf_16)
     1    0.008569    0.076270    0.603404    1.480040 ^ clkbuf_regs_0_clk/X (sky130_fd_sc_hd__clkbuf_16)
                                                         clk_regs (net)
                      0.076271    0.000282    1.480322 ^ clkbuf_0_clk_regs/A (sky130_fd_sc_hd__clkbuf_16)
     8    0.078792    0.146453    0.309474    1.789796 ^ clkbuf_0_clk_regs/X (sky130_fd_sc_hd__clkbuf_16)
                                                         clknet_0_clk_regs (net)
                      0.146521    0.003071    1.792867 ^ clkbuf_3_0_0_clk_regs/A (sky130_fd_sc_hd__clkbuf_8)
     2    0.018181    0.079205    0.279927    2.072793 ^ clkbuf_3_0_0_clk_regs/X (sky130_fd_sc_hd__clkbuf_8)
                                                         clknet_3_0_0_clk_regs (net)
                      0.079207    0.000499    2.073292 ^ clkbuf_4_0__f_clk_regs/A (sky130_fd_sc_hd__clkbuf_16)
     9    0.032494    0.083908    0.255548    2.328840 ^ clkbuf_4_0__f_clk_regs/X (sky130_fd_sc_hd__clkbuf_16)
                                                         clknet_4_0__leaf_clk_regs (net)
                      0.083908    0.000230    2.329070 ^ _1519_/CLK (sky130_fd_sc_hd__dfxtp_2)
                                  0.100000    2.429070   clock uncertainty
                                 -0.221816    2.207254   clock reconvergence pessimism
                                 -0.063406    2.143847   library hold time
                                              2.143847   data required time
---------------------------------------------------------------------------------------------
                                              2.143847   data required time
                                             -3.282180   data arrival time
---------------------------------------------------------------------------------------------
                                              1.138332   slack (MET)


Startpoint: _1480_ (rising edge-triggered flip-flop clocked by clk)
Endpoint: _1480_ (rising edge-triggered flip-flop clocked by clk)
Path Group: clk
Path Type: min

Fanout         Cap        Slew       Delay        Time   Description
---------------------------------------------------------------------------------------------
                                  0.000000    0.000000   clock clk (rise edge)
                                  0.000000    0.000000   clock source latency
     2    0.157321    1.138872    0.793148    0.793148 ^ clk (in)
                                                         clk (net)
                      1.154477    0.000000    0.793148 ^ clkbuf_regs_0_clk/A (sky130_fd_sc_hd__clkbuf_16)
     1    0.008569    0.076270    0.545937    1.339084 ^ clkbuf_regs_0_clk/X (sky130_fd_sc_hd__clkbuf_16)
                                                         clk_regs (net)
                      0.076271    0.000255    1.339339 ^ clkbuf_0_clk_regs/A (sky130_fd_sc_hd__clkbuf_16)
     8    0.078792    0.146453    0.280000    1.619339 ^ clkbuf_0_clk_regs/X (sky130_fd_sc_hd__clkbuf_16)
                                                         clknet_0_clk_regs (net)
                      0.146521    0.002778    1.622118 ^ clkbuf_3_0_0_clk_regs/A (sky130_fd_sc_hd__clkbuf_8)
     2    0.018181    0.079205    0.253267    1.875385 ^ clkbuf_3_0_0_clk_regs/X (sky130_fd_sc_hd__clkbuf_8)
                                                         clknet_3_0_0_clk_regs (net)
                      0.079207    0.000451    1.875836 ^ clkbuf_4_0__f_clk_regs/A (sky130_fd_sc_hd__clkbuf_16)
     9    0.032494    0.083908    0.231210    2.107046 ^ clkbuf_4_0__f_clk_regs/X (sky130_fd_sc_hd__clkbuf_16)
                                                         clknet_4_0__leaf_clk_regs (net)
                      0.083908    0.000379    2.107424 ^ _1480_/CLK (sky130_fd_sc_hd__dfxtp_2)
     1    0.002957    0.053439    0.609130    2.716554 ^ _1480_/Q (sky130_fd_sc_hd__dfxtp_2)
                                                         u_top.instruction_mmu.u_tlb.vpn[1][13] (net)
                      0.053439    0.000080    2.716635 ^ _1791_/A (sky130_fd_sc_hd__buf_2)
     2    0.006010    0.067622    0.173006    2.889641 ^ _1791_/X (sky130_fd_sc_hd__buf_2)
                                                         _0728_ (net)
                      0.067622    0.000071    2.889711 ^ _1301_/A (sky130_fd_sc_hd__and2_2)
     1    0.002938    0.068129    0.235712    3.125424 ^ _1301_/X (sky130_fd_sc_hd__and2_2)
                                                         _0339_ (net)
                      0.068129    0.000082    3.125506 ^ _1901_/A (sky130_fd_sc_hd__buf_2)
     1    0.002494    0.044005    0.156750    3.282256 ^ _1901_/X (sky130_fd_sc_hd__buf_2)
                                                         _0962_ (net)
                      0.044005    0.000073    3.282329 ^ _1480_/D (sky130_fd_sc_hd__dfxtp_2)
                                              3.282329   data arrival time

                                  0.000000    0.000000   clock clk (rise edge)
                                  0.000000    0.000000   clock source latency
     2    0.157321    1.138872    0.876637    0.876637 ^ clk (in)
                                                         clk (net)
                      1.154477    0.000000    0.876637 ^ clkbuf_regs_0_clk/A (sky130_fd_sc_hd__clkbuf_16)
     1    0.008569    0.076270    0.603404    1.480040 ^ clkbuf_regs_0_clk/X (sky130_fd_sc_hd__clkbuf_16)
                                                         clk_regs (net)
                      0.076271    0.000282    1.480322 ^ clkbuf_0_clk_regs/A (sky130_fd_sc_hd__clkbuf_16)
     8    0.078792    0.146453    0.309474    1.789796 ^ clkbuf_0_clk_regs/X (sky130_fd_sc_hd__clkbuf_16)
                                                         clknet_0_clk_regs (net)
                      0.146521    0.003071    1.792867 ^ clkbuf_3_0_0_clk_regs/A (sky130_fd_sc_hd__clkbuf_8)
     2    0.018181    0.079205    0.279927    2.072793 ^ clkbuf_3_0_0_clk_regs/X (sky130_fd_sc_hd__clkbuf_8)
                                                         clknet_3_0_0_clk_regs (net)
                      0.079207    0.000499    2.073292 ^ clkbuf_4_0__f_clk_regs/A (sky130_fd_sc_hd__clkbuf_16)
     9    0.032494    0.083908    0.255548    2.328840 ^ clkbuf_4_0__f_clk_regs/X (sky130_fd_sc_hd__clkbuf_16)
                                                         clknet_4_0__leaf_clk_regs (net)
                      0.083908    0.000419    2.329259 ^ _1480_/CLK (sky130_fd_sc_hd__dfxtp_2)
                                  0.100000    2.429259   clock uncertainty
                                 -0.221834    2.207425   clock reconvergence pessimism
                                 -0.063714    2.143711   library hold time
                                              2.143711   data required time
---------------------------------------------------------------------------------------------
                                              2.143711   data required time
                                             -3.282329   data arrival time
---------------------------------------------------------------------------------------------
                                              1.138618   slack (MET)


Startpoint: _1532_ (rising edge-triggered flip-flop clocked by clk)
Endpoint: _1533_ (rising edge-triggered flip-flop clocked by clk)
Path Group: clk
Path Type: min

Fanout         Cap        Slew       Delay        Time   Description
---------------------------------------------------------------------------------------------
                                  0.000000    0.000000   clock clk (rise edge)
                                  0.000000    0.000000   clock source latency
     2    0.157321    1.138872    0.793148    0.793148 ^ clk (in)
                                                         clk (net)
                      1.154477    0.000000    0.793148 ^ clkbuf_regs_0_clk/A (sky130_fd_sc_hd__clkbuf_16)
     1    0.008569    0.076270    0.545937    1.339084 ^ clkbuf_regs_0_clk/X (sky130_fd_sc_hd__clkbuf_16)
                                                         clk_regs (net)
                      0.076271    0.000255    1.339339 ^ clkbuf_0_clk_regs/A (sky130_fd_sc_hd__clkbuf_16)
     8    0.078792    0.146453    0.280000    1.619339 ^ clkbuf_0_clk_regs/X (sky130_fd_sc_hd__clkbuf_16)
                                                         clknet_0_clk_regs (net)
                      0.146520    0.002753    1.622092 ^ clkbuf_3_7_0_clk_regs/A (sky130_fd_sc_hd__clkbuf_8)
     2    0.018154    0.079145    0.253176    1.875268 ^ clkbuf_3_7_0_clk_regs/X (sky130_fd_sc_hd__clkbuf_8)
                                                         clknet_3_7_0_clk_regs (net)
                      0.079148    0.000488    1.875756 ^ clkbuf_4_15__f_clk_regs/A (sky130_fd_sc_hd__clkbuf_16)
     8    0.022377    0.070410    0.217420    2.093176 ^ clkbuf_4_15__f_clk_regs/X (sky130_fd_sc_hd__clkbuf_16)
                                                         clknet_4_15__leaf_clk_regs (net)
                      0.070410    0.000242    2.093417 ^ _1532_/CLK (sky130_fd_sc_hd__dfxtp_2)
     1    0.002152    0.048771    0.597344    2.690762 ^ _1532_/Q (sky130_fd_sc_hd__dfxtp_2)
                                                         u_top.RV32I_Logic.Single_Cycle_Datapath.pcREG.q[2] (net)
                      0.048771    0.000041    2.690803 ^ _1830_/A (sky130_fd_sc_hd__buf_2)
     6    0.020040    0.166659    0.245466    2.936269 ^ _1830_/X (sky130_fd_sc_hd__buf_2)
                                                         _0650_ (net)
                      0.166659    0.000497    2.936766 ^ _1356_/A1 (sky130_fd_sc_hd__a21oi_2)
     1    0.002294    0.043106    0.120414    3.057180 v _1356_/Y (sky130_fd_sc_hd__a21oi_2)
                                                         _0392_ (net)
                      0.043106    0.000063    3.057243 v _1954_/A (sky130_fd_sc_hd__buf_2)
     1    0.002173    0.041084    0.196766    3.254010 v _1954_/X (sky130_fd_sc_hd__buf_2)
                                                         _1041_ (net)
                      0.041084    0.000057    3.254067 v _1533_/D (sky130_fd_sc_hd__dfxtp_2)
                                              3.254067   data arrival time

                                  0.000000    0.000000   clock clk (rise edge)
                                  0.000000    0.000000   clock source latency
     2    0.157321    1.138872    0.876637    0.876637 ^ clk (in)
                                                         clk (net)
                      1.154477    0.000000    0.876637 ^ clkbuf_regs_0_clk/A (sky130_fd_sc_hd__clkbuf_16)
     1    0.008569    0.076270    0.603404    1.480040 ^ clkbuf_regs_0_clk/X (sky130_fd_sc_hd__clkbuf_16)
                                                         clk_regs (net)
                      0.076271    0.000282    1.480322 ^ clkbuf_0_clk_regs/A (sky130_fd_sc_hd__clkbuf_16)
     8    0.078792    0.146453    0.309474    1.789796 ^ clkbuf_0_clk_regs/X (sky130_fd_sc_hd__clkbuf_16)
                                                         clknet_0_clk_regs (net)
                      0.146520    0.003043    1.792839 ^ clkbuf_3_7_0_clk_regs/A (sky130_fd_sc_hd__clkbuf_8)
     2    0.018154    0.079145    0.279826    2.072665 ^ clkbuf_3_7_0_clk_regs/X (sky130_fd_sc_hd__clkbuf_8)
                                                         clknet_3_7_0_clk_regs (net)
                      0.079148    0.000539    2.073204 ^ clkbuf_4_15__f_clk_regs/A (sky130_fd_sc_hd__clkbuf_16)
     8    0.022377    0.070410    0.240306    2.313510 ^ clkbuf_4_15__f_clk_regs/X (sky130_fd_sc_hd__clkbuf_16)
                                                         clknet_4_15__leaf_clk_regs (net)
                      0.070413    0.000851    2.314361 ^ _1533_/CLK (sky130_fd_sc_hd__dfxtp_2)
                                  0.100000    2.414361   clock uncertainty
                                 -0.220334    2.194026   clock reconvergence pessimism
                                 -0.079411    2.114615   library hold time
                                              2.114615   data required time
---------------------------------------------------------------------------------------------
                                              2.114615   data required time
                                             -3.254067   data arrival time
---------------------------------------------------------------------------------------------
                                              1.139452   slack (MET)


Startpoint: _1483_ (rising edge-triggered flip-flop clocked by clk)
Endpoint: _1483_ (rising edge-triggered flip-flop clocked by clk)
Path Group: clk
Path Type: min

Fanout         Cap        Slew       Delay        Time   Description
---------------------------------------------------------------------------------------------
                                  0.000000    0.000000   clock clk (rise edge)
                                  0.000000    0.000000   clock source latency
     2    0.157321    1.138872    0.793148    0.793148 ^ clk (in)
                                                         clk (net)
                      1.154477    0.000000    0.793148 ^ clkbuf_regs_0_clk/A (sky130_fd_sc_hd__clkbuf_16)
     1    0.008569    0.076270    0.545937    1.339084 ^ clkbuf_regs_0_clk/X (sky130_fd_sc_hd__clkbuf_16)
                                                         clk_regs (net)
                      0.076271    0.000255    1.339339 ^ clkbuf_0_clk_regs/A (sky130_fd_sc_hd__clkbuf_16)
     8    0.078792    0.146453    0.280000    1.619339 ^ clkbuf_0_clk_regs/X (sky130_fd_sc_hd__clkbuf_16)
                                                         clknet_0_clk_regs (net)
                      0.146515    0.002672    1.622012 ^ clkbuf_3_5_0_clk_regs/A (sky130_fd_sc_hd__clkbuf_8)
     2    0.019206    0.081558    0.255471    1.877482 ^ clkbuf_3_5_0_clk_regs/X (sky130_fd_sc_hd__clkbuf_8)
                                                         clknet_3_5_0_clk_regs (net)
                      0.081560    0.000454    1.877936 ^ clkbuf_4_10__f_clk_regs/A (sky130_fd_sc_hd__clkbuf_16)
     8    0.023285    0.071546    0.219792    2.097728 ^ clkbuf_4_10__f_clk_regs/X (sky130_fd_sc_hd__clkbuf_16)
                                                         clknet_4_10__leaf_clk_regs (net)
                      0.071547    0.000579    2.098307 ^ _1483_/CLK (sky130_fd_sc_hd__dfxtp_2)
     1    0.002431    0.050525    0.599882    2.698189 ^ _1483_/Q (sky130_fd_sc_hd__dfxtp_2)
                                                         u_top.instruction_mmu.u_tlb.vpn[1][16] (net)
                      0.050525    0.000068    2.698256 ^ _1806_/A (sky130_fd_sc_hd__buf_2)
     2    0.007874    0.080489    0.181698    2.879955 ^ _1806_/X (sky130_fd_sc_hd__buf_2)
                                                         _0731_ (net)
                      0.080489    0.000116    2.880071 ^ _1304_/A (sky130_fd_sc_hd__and2_2)
     1    0.002616    0.066029    0.238222    3.118294 ^ _1304_/X (sky130_fd_sc_hd__and2_2)
                                                         _0342_ (net)
                      0.066029    0.000054    3.118348 ^ _1904_/A (sky130_fd_sc_hd__buf_2)
     1    0.002253    0.042470    0.154216    3.272564 ^ _1904_/X (sky130_fd_sc_hd__buf_2)
                                                         _0968_ (net)
                      0.042470    0.000061    3.272625 ^ _1483_/D (sky130_fd_sc_hd__dfxtp_2)
                                              3.272625   data arrival time

                                  0.000000    0.000000   clock clk (rise edge)
                                  0.000000    0.000000   clock source latency
     2    0.157321    1.138872    0.876637    0.876637 ^ clk (in)
                                                         clk (net)
                      1.154477    0.000000    0.876637 ^ clkbuf_regs_0_clk/A (sky130_fd_sc_hd__clkbuf_16)
     1    0.008569    0.076270    0.603404    1.480040 ^ clkbuf_regs_0_clk/X (sky130_fd_sc_hd__clkbuf_16)
                                                         clk_regs (net)
                      0.076271    0.000282    1.480322 ^ clkbuf_0_clk_regs/A (sky130_fd_sc_hd__clkbuf_16)
     8    0.078792    0.146453    0.309474    1.789796 ^ clkbuf_0_clk_regs/X (sky130_fd_sc_hd__clkbuf_16)
                                                         clknet_0_clk_regs (net)
                      0.146515    0.002954    1.792750 ^ clkbuf_3_5_0_clk_regs/A (sky130_fd_sc_hd__clkbuf_8)
     2    0.019206    0.081558    0.282362    2.075112 ^ clkbuf_3_5_0_clk_regs/X (sky130_fd_sc_hd__clkbuf_8)
                                                         clknet_3_5_0_clk_regs (net)
                      0.081560    0.000501    2.075613 ^ clkbuf_4_10__f_clk_regs/A (sky130_fd_sc_hd__clkbuf_16)
     8    0.023285    0.071546    0.242928    2.318541 ^ clkbuf_4_10__f_clk_regs/X (sky130_fd_sc_hd__clkbuf_16)
                                                         clknet_4_10__leaf_clk_regs (net)
                      0.071547    0.000640    2.319181 ^ _1483_/CLK (sky130_fd_sc_hd__dfxtp_2)
                                  0.100000    2.419181   clock uncertainty
                                 -0.220874    2.198307   clock reconvergence pessimism
                                 -0.065322    2.132985   library hold time
                                              2.132985   data required time
---------------------------------------------------------------------------------------------
                                              2.132985   data required time
                                             -3.272625   data arrival time
---------------------------------------------------------------------------------------------
                                              1.139639   slack (MET)


Startpoint: _1465_ (rising edge-triggered flip-flop clocked by clk)
Endpoint: _1465_ (rising edge-triggered flip-flop clocked by clk)
Path Group: clk
Path Type: min

Fanout         Cap        Slew       Delay        Time   Description
---------------------------------------------------------------------------------------------
                                  0.000000    0.000000   clock clk (rise edge)
                                  0.000000    0.000000   clock source latency
     2    0.157321    1.138872    0.793148    0.793148 ^ clk (in)
                                                         clk (net)
                      1.154477    0.000000    0.793148 ^ clkbuf_regs_0_clk/A (sky130_fd_sc_hd__clkbuf_16)
     1    0.008569    0.076270    0.545937    1.339084 ^ clkbuf_regs_0_clk/X (sky130_fd_sc_hd__clkbuf_16)
                                                         clk_regs (net)
                      0.076271    0.000255    1.339339 ^ clkbuf_0_clk_regs/A (sky130_fd_sc_hd__clkbuf_16)
     8    0.078792    0.146453    0.280000    1.619339 ^ clkbuf_0_clk_regs/X (sky130_fd_sc_hd__clkbuf_16)
                                                         clknet_0_clk_regs (net)
                      0.146515    0.002672    1.622012 ^ clkbuf_3_5_0_clk_regs/A (sky130_fd_sc_hd__clkbuf_8)
     2    0.019206    0.081558    0.255471    1.877482 ^ clkbuf_3_5_0_clk_regs/X (sky130_fd_sc_hd__clkbuf_8)
                                                         clknet_3_5_0_clk_regs (net)
                      0.081559    0.000390    1.877873 ^ clkbuf_4_11__f_clk_regs/A (sky130_fd_sc_hd__clkbuf_16)
     8    0.027288    0.076763    0.225088    2.102961 ^ clkbuf_4_11__f_clk_regs/X (sky130_fd_sc_hd__clkbuf_16)
                                                         clknet_4_11__leaf_clk_regs (net)
                      0.076788    0.001169    2.104129 ^ _1465_/CLK (sky130_fd_sc_hd__dfxtp_2)
     1    0.002389    0.050247    0.601846    2.705975 ^ _1465_/Q (sky130_fd_sc_hd__dfxtp_2)
                                                         u_top.instruction_mmu.u_tlb.vpn[0][18] (net)
                      0.050247    0.000067    2.706042 ^ _1815_/A (sky130_fd_sc_hd__buf_2)
     2    0.008637    0.085832    0.185700    2.891742 ^ _1815_/X (sky130_fd_sc_hd__buf_2)
                                                         _0713_ (net)
                      0.085832    0.000142    2.891884 ^ _1286_/B2 (sky130_fd_sc_hd__a22o_2)
     1    0.001986    0.055369    0.238827    3.130711 ^ _1286_/X (sky130_fd_sc_hd__a22o_2)
                                                         _0324_ (net)
                      0.055369    0.000037    3.130748 ^ _1886_/A (sky130_fd_sc_hd__buf_2)
     1    0.002171    0.041995    0.148909    3.279657 ^ _1886_/X (sky130_fd_sc_hd__buf_2)
                                                         _0932_ (net)
                      0.041995    0.000060    3.279717 ^ _1465_/D (sky130_fd_sc_hd__dfxtp_2)
                                              3.279717   data arrival time

                                  0.000000    0.000000   clock clk (rise edge)
                                  0.000000    0.000000   clock source latency
     2    0.157321    1.138872    0.876637    0.876637 ^ clk (in)
                                                         clk (net)
                      1.154477    0.000000    0.876637 ^ clkbuf_regs_0_clk/A (sky130_fd_sc_hd__clkbuf_16)
     1    0.008569    0.076270    0.603404    1.480040 ^ clkbuf_regs_0_clk/X (sky130_fd_sc_hd__clkbuf_16)
                                                         clk_regs (net)
                      0.076271    0.000282    1.480322 ^ clkbuf_0_clk_regs/A (sky130_fd_sc_hd__clkbuf_16)
     8    0.078792    0.146453    0.309474    1.789796 ^ clkbuf_0_clk_regs/X (sky130_fd_sc_hd__clkbuf_16)
                                                         clknet_0_clk_regs (net)
                      0.146515    0.002954    1.792750 ^ clkbuf_3_5_0_clk_regs/A (sky130_fd_sc_hd__clkbuf_8)
     2    0.019206    0.081558    0.282362    2.075112 ^ clkbuf_3_5_0_clk_regs/X (sky130_fd_sc_hd__clkbuf_8)
                                                         clknet_3_5_0_clk_regs (net)
                      0.081559    0.000431    2.075543 ^ clkbuf_4_11__f_clk_regs/A (sky130_fd_sc_hd__clkbuf_16)
     8    0.027288    0.076763    0.248782    2.324325 ^ clkbuf_4_11__f_clk_regs/X (sky130_fd_sc_hd__clkbuf_16)
                                                         clknet_4_11__leaf_clk_regs (net)
                      0.076788    0.001292    2.325616 ^ _1465_/CLK (sky130_fd_sc_hd__dfxtp_2)
                                  0.100000    2.425617   clock uncertainty
                                 -0.221487    2.204129   clock reconvergence pessimism
                                 -0.064380    2.139749   library hold time
                                              2.139749   data required time
---------------------------------------------------------------------------------------------
                                              2.139749   data required time
                                             -3.279717   data arrival time
---------------------------------------------------------------------------------------------
                                              1.139968   slack (MET)


Startpoint: _1487_ (rising edge-triggered flip-flop clocked by clk)
Endpoint: _1487_ (rising edge-triggered flip-flop clocked by clk)
Path Group: clk
Path Type: min

Fanout         Cap        Slew       Delay        Time   Description
---------------------------------------------------------------------------------------------
                                  0.000000    0.000000   clock clk (rise edge)
                                  0.000000    0.000000   clock source latency
     2    0.157321    1.138872    0.793148    0.793148 ^ clk (in)
                                                         clk (net)
                      1.154477    0.000000    0.793148 ^ clkbuf_regs_0_clk/A (sky130_fd_sc_hd__clkbuf_16)
     1    0.008569    0.076270    0.545937    1.339084 ^ clkbuf_regs_0_clk/X (sky130_fd_sc_hd__clkbuf_16)
                                                         clk_regs (net)
                      0.076271    0.000255    1.339339 ^ clkbuf_0_clk_regs/A (sky130_fd_sc_hd__clkbuf_16)
     8    0.078792    0.146453    0.280000    1.619339 ^ clkbuf_0_clk_regs/X (sky130_fd_sc_hd__clkbuf_16)
                                                         clknet_0_clk_regs (net)
                      0.146521    0.002778    1.622118 ^ clkbuf_3_0_0_clk_regs/A (sky130_fd_sc_hd__clkbuf_8)
     2    0.018181    0.079205    0.253267    1.875385 ^ clkbuf_3_0_0_clk_regs/X (sky130_fd_sc_hd__clkbuf_8)
                                                         clknet_3_0_0_clk_regs (net)
                      0.079206    0.000342    1.875726 ^ clkbuf_4_1__f_clk_regs/A (sky130_fd_sc_hd__clkbuf_16)
     9    0.033687    0.085517    0.232731    2.108458 ^ clkbuf_4_1__f_clk_regs/X (sky130_fd_sc_hd__clkbuf_16)
                                                         clknet_4_1__leaf_clk_regs (net)
                      0.085517    0.000087    2.108545 ^ _1487_/CLK (sky130_fd_sc_hd__dfxtp_2)
     1    0.001991    0.047746    0.602759    2.711304 ^ _1487_/Q (sky130_fd_sc_hd__dfxtp_2)
                                                         u_top.instruction_mmu.u_tlb.vpn[2][0] (net)
                      0.047746    0.000037    2.711341 ^ _1731_/A (sky130_fd_sc_hd__buf_2)
     2    0.007202    0.075814    0.176907    2.888248 ^ _1731_/X (sky130_fd_sc_hd__buf_2)
                                                         _0744_ (net)
                      0.075814    0.000108    2.888355 ^ _1308_/A (sky130_fd_sc_hd__and2_2)
     1    0.002916    0.068021    0.238848    3.127204 ^ _1308_/X (sky130_fd_sc_hd__and2_2)
                                                         _0346_ (net)
                      0.068021    0.000084    3.127287 ^ _1908_/A (sky130_fd_sc_hd__buf_2)
     1    0.002681    0.045206    0.157947    3.285234 ^ _1908_/X (sky130_fd_sc_hd__buf_2)
                                                         _0976_ (net)
                      0.045206    0.000077    3.285311 ^ _1487_/D (sky130_fd_sc_hd__dfxtp_2)
                                              3.285311   data arrival time

                                  0.000000    0.000000   clock clk (rise edge)
                                  0.000000    0.000000   clock source latency
     2    0.157321    1.138872    0.876637    0.876637 ^ clk (in)
                                                         clk (net)
                      1.154477    0.000000    0.876637 ^ clkbuf_regs_0_clk/A (sky130_fd_sc_hd__clkbuf_16)
     1    0.008569    0.076270    0.603404    1.480040 ^ clkbuf_regs_0_clk/X (sky130_fd_sc_hd__clkbuf_16)
                                                         clk_regs (net)
                      0.076271    0.000282    1.480322 ^ clkbuf_0_clk_regs/A (sky130_fd_sc_hd__clkbuf_16)
     8    0.078792    0.146453    0.309474    1.789796 ^ clkbuf_0_clk_regs/X (sky130_fd_sc_hd__clkbuf_16)
                                                         clknet_0_clk_regs (net)
                      0.146521    0.003071    1.792867 ^ clkbuf_3_0_0_clk_regs/A (sky130_fd_sc_hd__clkbuf_8)
     2    0.018181    0.079205    0.279927    2.072793 ^ clkbuf_3_0_0_clk_regs/X (sky130_fd_sc_hd__clkbuf_8)
                                                         clknet_3_0_0_clk_regs (net)
                      0.079206    0.000378    2.073171 ^ clkbuf_4_1__f_clk_regs/A (sky130_fd_sc_hd__clkbuf_16)
     9    0.033687    0.085517    0.257229    2.330400 ^ clkbuf_4_1__f_clk_regs/X (sky130_fd_sc_hd__clkbuf_16)
                                                         clknet_4_1__leaf_clk_regs (net)
                      0.085517    0.000097    2.330497 ^ _1487_/CLK (sky130_fd_sc_hd__dfxtp_2)
                                  0.100000    2.430497   clock uncertainty
                                 -0.221952    2.208545   clock reconvergence pessimism
                                 -0.063736    2.144809   library hold time
                                              2.144809   data required time
---------------------------------------------------------------------------------------------
                                              2.144809   data required time
                                             -3.285311   data arrival time
---------------------------------------------------------------------------------------------
                                              1.140502   slack (MET)


Startpoint: _1456_ (rising edge-triggered flip-flop clocked by clk)
Endpoint: _1456_ (rising edge-triggered flip-flop clocked by clk)
Path Group: clk
Path Type: min

Fanout         Cap        Slew       Delay        Time   Description
---------------------------------------------------------------------------------------------
                                  0.000000    0.000000   clock clk (rise edge)
                                  0.000000    0.000000   clock source latency
     2    0.157321    1.138872    0.793148    0.793148 ^ clk (in)
                                                         clk (net)
                      1.154477    0.000000    0.793148 ^ clkbuf_regs_0_clk/A (sky130_fd_sc_hd__clkbuf_16)
     1    0.008569    0.076270    0.545937    1.339084 ^ clkbuf_regs_0_clk/X (sky130_fd_sc_hd__clkbuf_16)
                                                         clk_regs (net)
                      0.076271    0.000255    1.339339 ^ clkbuf_0_clk_regs/A (sky130_fd_sc_hd__clkbuf_16)
     8    0.078792    0.146453    0.280000    1.619339 ^ clkbuf_0_clk_regs/X (sky130_fd_sc_hd__clkbuf_16)
                                                         clknet_0_clk_regs (net)
                      0.146472    0.001696    1.621035 ^ clkbuf_3_3_0_clk_regs/A (sky130_fd_sc_hd__clkbuf_8)
     2    0.019077    0.081268    0.255110    1.876146 ^ clkbuf_3_3_0_clk_regs/X (sky130_fd_sc_hd__clkbuf_8)
                                                         clknet_3_3_0_clk_regs (net)
                      0.081270    0.000532    1.876678 ^ clkbuf_4_6__f_clk_regs/A (sky130_fd_sc_hd__clkbuf_16)
     8    0.023967    0.072404    0.220675    2.097353 ^ clkbuf_4_6__f_clk_regs/X (sky130_fd_sc_hd__clkbuf_16)
                                                         clknet_4_6__leaf_clk_regs (net)
                      0.072407    0.000405    2.097757 ^ _1456_/CLK (sky130_fd_sc_hd__dfxtp_2)
     1    0.002105    0.048474    0.597866    2.695623 ^ _1456_/Q (sky130_fd_sc_hd__dfxtp_2)
                                                         u_top.instruction_mmu.u_tlb.vpn[0][9] (net)
                      0.048474    0.000056    2.695679 ^ _1770_/A (sky130_fd_sc_hd__buf_2)
     2    0.007603    0.078596    0.179405    2.875084 ^ _1770_/X (sky130_fd_sc_hd__buf_2)
                                                         _0723_ (net)
                      0.078596    0.000114    2.875198 ^ _1277_/B2 (sky130_fd_sc_hd__a22o_2)
     1    0.002621    0.060070    0.242003    3.117201 ^ _1277_/X (sky130_fd_sc_hd__a22o_2)
                                                         _0315_ (net)
                      0.060070    0.000056    3.117257 ^ _1877_/A (sky130_fd_sc_hd__buf_2)
     1    0.002860    0.046375    0.155598    3.272855 ^ _1877_/X (sky130_fd_sc_hd__buf_2)
                                                         _0914_ (net)
                      0.046388    0.000066    3.272921 ^ _1456_/D (sky130_fd_sc_hd__dfxtp_2)
                                              3.272921   data arrival time

                                  0.000000    0.000000   clock clk (rise edge)
                                  0.000000    0.000000   clock source latency
     2    0.157321    1.138872    0.876637    0.876637 ^ clk (in)
                                                         clk (net)
                      1.154477    0.000000    0.876637 ^ clkbuf_regs_0_clk/A (sky130_fd_sc_hd__clkbuf_16)
     1    0.008569    0.076270    0.603404    1.480040 ^ clkbuf_regs_0_clk/X (sky130_fd_sc_hd__clkbuf_16)
                                                         clk_regs (net)
                      0.076271    0.000282    1.480322 ^ clkbuf_0_clk_regs/A (sky130_fd_sc_hd__clkbuf_16)
     8    0.078792    0.146453    0.309474    1.789796 ^ clkbuf_0_clk_regs/X (sky130_fd_sc_hd__clkbuf_16)
                                                         clknet_0_clk_regs (net)
                      0.146472    0.001875    1.791671 ^ clkbuf_3_3_0_clk_regs/A (sky130_fd_sc_hd__clkbuf_8)
     2    0.019077    0.081268    0.281964    2.073635 ^ clkbuf_3_3_0_clk_regs/X (sky130_fd_sc_hd__clkbuf_8)
                                                         clknet_3_3_0_clk_regs (net)
                      0.081270    0.000588    2.074222 ^ clkbuf_4_6__f_clk_regs/A (sky130_fd_sc_hd__clkbuf_16)
     8    0.023967    0.072404    0.243904    2.318127 ^ clkbuf_4_6__f_clk_regs/X (sky130_fd_sc_hd__clkbuf_16)
                                                         clknet_4_6__leaf_clk_regs (net)
                      0.072407    0.000447    2.318574 ^ _1456_/CLK (sky130_fd_sc_hd__dfxtp_2)
                                  0.100000    2.418574   clock uncertainty
                                 -0.220816    2.197757   clock reconvergence pessimism
                                 -0.066091    2.131666   library hold time
                                              2.131666   data required time
---------------------------------------------------------------------------------------------
                                              2.131666   data required time
                                             -3.272921   data arrival time
---------------------------------------------------------------------------------------------
                                              1.141254   slack (MET)


Startpoint: _1460_ (rising edge-triggered flip-flop clocked by clk)
Endpoint: _1460_ (rising edge-triggered flip-flop clocked by clk)
Path Group: clk
Path Type: min

Fanout         Cap        Slew       Delay        Time   Description
---------------------------------------------------------------------------------------------
                                  0.000000    0.000000   clock clk (rise edge)
                                  0.000000    0.000000   clock source latency
     2    0.157321    1.138872    0.793148    0.793148 ^ clk (in)
                                                         clk (net)
                      1.154477    0.000000    0.793148 ^ clkbuf_regs_0_clk/A (sky130_fd_sc_hd__clkbuf_16)
     1    0.008569    0.076270    0.545937    1.339084 ^ clkbuf_regs_0_clk/X (sky130_fd_sc_hd__clkbuf_16)
                                                         clk_regs (net)
                      0.076271    0.000255    1.339339 ^ clkbuf_0_clk_regs/A (sky130_fd_sc_hd__clkbuf_16)
     8    0.078792    0.146453    0.280000    1.619339 ^ clkbuf_0_clk_regs/X (sky130_fd_sc_hd__clkbuf_16)
                                                         clknet_0_clk_regs (net)
                      0.146467    0.001514    1.620854 ^ clkbuf_3_1_0_clk_regs/A (sky130_fd_sc_hd__clkbuf_8)
     2    0.019673    0.082648    0.256397    1.877250 ^ clkbuf_3_1_0_clk_regs/X (sky130_fd_sc_hd__clkbuf_8)
                                                         clknet_3_1_0_clk_regs (net)
                      0.082650    0.000546    1.877796 ^ clkbuf_4_2__f_clk_regs/A (sky130_fd_sc_hd__clkbuf_16)
     8    0.024392    0.072924    0.221671    2.099467 ^ clkbuf_4_2__f_clk_regs/X (sky130_fd_sc_hd__clkbuf_16)
                                                         clknet_4_2__leaf_clk_regs (net)
                      0.072975    0.000962    2.100429 ^ _1460_/CLK (sky130_fd_sc_hd__dfxtp_2)
     1    0.002419    0.050447    0.600414    2.700843 ^ _1460_/Q (sky130_fd_sc_hd__dfxtp_2)
                                                         u_top.instruction_mmu.u_tlb.vpn[0][13] (net)
                      0.050447    0.000066    2.700909 ^ _1790_/A (sky130_fd_sc_hd__buf_2)
     2    0.008878    0.087531    0.187066    2.887975 ^ _1790_/X (sky130_fd_sc_hd__buf_2)
                                                         _0708_ (net)
                      0.087531    0.000115    2.888090 ^ _1281_/B2 (sky130_fd_sc_hd__a22o_2)
     1    0.002164    0.057272    0.241087    3.129177 ^ _1281_/X (sky130_fd_sc_hd__a22o_2)
                                                         _0319_ (net)
                      0.057272    0.000058    3.129234 ^ _1881_/A (sky130_fd_sc_hd__buf_2)
     1    0.001929    0.040443    0.148154    3.277388 ^ _1881_/X (sky130_fd_sc_hd__buf_2)
                                                         _0922_ (net)
                      0.040443    0.000036    3.277424 ^ _1460_/D (sky130_fd_sc_hd__dfxtp_2)
                                              3.277424   data arrival time

                                  0.000000    0.000000   clock clk (rise edge)
                                  0.000000    0.000000   clock source latency
     2    0.157321    1.138872    0.876637    0.876637 ^ clk (in)
                                                         clk (net)
                      1.154477    0.000000    0.876637 ^ clkbuf_regs_0_clk/A (sky130_fd_sc_hd__clkbuf_16)
     1    0.008569    0.076270    0.603404    1.480040 ^ clkbuf_regs_0_clk/X (sky130_fd_sc_hd__clkbuf_16)
                                                         clk_regs (net)
                      0.076271    0.000282    1.480322 ^ clkbuf_0_clk_regs/A (sky130_fd_sc_hd__clkbuf_16)
     8    0.078792    0.146453    0.309474    1.789796 ^ clkbuf_0_clk_regs/X (sky130_fd_sc_hd__clkbuf_16)
                                                         clknet_0_clk_regs (net)
                      0.146467    0.001674    1.791470 ^ clkbuf_3_1_0_clk_regs/A (sky130_fd_sc_hd__clkbuf_8)
     2    0.019673    0.082648    0.283386    2.074856 ^ clkbuf_3_1_0_clk_regs/X (sky130_fd_sc_hd__clkbuf_8)
                                                         clknet_3_1_0_clk_regs (net)
                      0.082650    0.000603    2.075459 ^ clkbuf_4_2__f_clk_regs/A (sky130_fd_sc_hd__clkbuf_16)
     8    0.024392    0.072924    0.245005    2.320463 ^ clkbuf_4_2__f_clk_regs/X (sky130_fd_sc_hd__clkbuf_16)
                                                         clknet_4_2__leaf_clk_regs (net)
                      0.072975    0.001063    2.321526 ^ _1460_/CLK (sky130_fd_sc_hd__dfxtp_2)
                                  0.100000    2.421526   clock uncertainty
                                 -0.221098    2.200428   clock reconvergence pessimism
                                 -0.064626    2.135802   library hold time
                                              2.135802   data required time
---------------------------------------------------------------------------------------------
                                              2.135802   data required time
                                             -3.277424   data arrival time
---------------------------------------------------------------------------------------------
                                              1.141622   slack (MET)


Startpoint: _1468_ (rising edge-triggered flip-flop clocked by clk)
Endpoint: _1468_ (rising edge-triggered flip-flop clocked by clk)
Path Group: clk
Path Type: min

Fanout         Cap        Slew       Delay        Time   Description
---------------------------------------------------------------------------------------------
                                  0.000000    0.000000   clock clk (rise edge)
                                  0.000000    0.000000   clock source latency
     2    0.157321    1.138872    0.793148    0.793148 ^ clk (in)
                                                         clk (net)
                      1.154477    0.000000    0.793148 ^ clkbuf_regs_0_clk/A (sky130_fd_sc_hd__clkbuf_16)
     1    0.008569    0.076270    0.545937    1.339084 ^ clkbuf_regs_0_clk/X (sky130_fd_sc_hd__clkbuf_16)
                                                         clk_regs (net)
                      0.076271    0.000255    1.339339 ^ clkbuf_0_clk_regs/A (sky130_fd_sc_hd__clkbuf_16)
     8    0.078792    0.146453    0.280000    1.619339 ^ clkbuf_0_clk_regs/X (sky130_fd_sc_hd__clkbuf_16)
                                                         clknet_0_clk_regs (net)
                      0.146467    0.001514    1.620854 ^ clkbuf_3_1_0_clk_regs/A (sky130_fd_sc_hd__clkbuf_8)
     2    0.019673    0.082648    0.256397    1.877250 ^ clkbuf_3_1_0_clk_regs/X (sky130_fd_sc_hd__clkbuf_8)
                                                         clknet_3_1_0_clk_regs (net)
                      0.082650    0.000546    1.877796 ^ clkbuf_4_2__f_clk_regs/A (sky130_fd_sc_hd__clkbuf_16)
     8    0.024392    0.072924    0.221671    2.099467 ^ clkbuf_4_2__f_clk_regs/X (sky130_fd_sc_hd__clkbuf_16)
                                                         clknet_4_2__leaf_clk_regs (net)
                      0.072965    0.000736    2.100203 ^ _1468_/CLK (sky130_fd_sc_hd__dfxtp_2)
     1    0.002100    0.048436    0.598070    2.698273 ^ _1468_/Q (sky130_fd_sc_hd__dfxtp_2)
                                                         u_top.instruction_mmu.u_tlb.vpn[1][1] (net)
                      0.048436    0.000039    2.698313 ^ _1734_/A (sky130_fd_sc_hd__buf_2)
     2    0.008122    0.082229    0.182105    2.880418 ^ _1734_/X (sky130_fd_sc_hd__buf_2)
                                                         _0735_ (net)
                      0.082229    0.000137    2.880555 ^ _1289_/A (sky130_fd_sc_hd__and2_2)
     1    0.002787    0.067167    0.240372    3.120928 ^ _1289_/X (sky130_fd_sc_hd__and2_2)
                                                         _0327_ (net)
                      0.067167    0.000077    3.121005 ^ _1889_/A (sky130_fd_sc_hd__buf_2)
     1    0.002460    0.043791    0.156095    3.277100 ^ _1889_/X (sky130_fd_sc_hd__buf_2)
                                                         _0938_ (net)
                      0.043791    0.000073    3.277173 ^ _1468_/D (sky130_fd_sc_hd__dfxtp_2)
                                              3.277173   data arrival time

                                  0.000000    0.000000   clock clk (rise edge)
                                  0.000000    0.000000   clock source latency
     2    0.157321    1.138872    0.876637    0.876637 ^ clk (in)
                                                         clk (net)
                      1.154477    0.000000    0.876637 ^ clkbuf_regs_0_clk/A (sky130_fd_sc_hd__clkbuf_16)
     1    0.008569    0.076270    0.603404    1.480040 ^ clkbuf_regs_0_clk/X (sky130_fd_sc_hd__clkbuf_16)
                                                         clk_regs (net)
                      0.076271    0.000282    1.480322 ^ clkbuf_0_clk_regs/A (sky130_fd_sc_hd__clkbuf_16)
     8    0.078792    0.146453    0.309474    1.789796 ^ clkbuf_0_clk_regs/X (sky130_fd_sc_hd__clkbuf_16)
                                                         clknet_0_clk_regs (net)
                      0.146467    0.001674    1.791470 ^ clkbuf_3_1_0_clk_regs/A (sky130_fd_sc_hd__clkbuf_8)
     2    0.019673    0.082648    0.283386    2.074856 ^ clkbuf_3_1_0_clk_regs/X (sky130_fd_sc_hd__clkbuf_8)
                                                         clknet_3_1_0_clk_regs (net)
                      0.082650    0.000603    2.075459 ^ clkbuf_4_2__f_clk_regs/A (sky130_fd_sc_hd__clkbuf_16)
     8    0.024392    0.072924    0.245005    2.320463 ^ clkbuf_4_2__f_clk_regs/X (sky130_fd_sc_hd__clkbuf_16)
                                                         clknet_4_2__leaf_clk_regs (net)
                      0.072965    0.000814    2.321277 ^ _1468_/CLK (sky130_fd_sc_hd__dfxtp_2)
                                  0.100000    2.421277   clock uncertainty
                                 -0.221074    2.200203   clock reconvergence pessimism
                                 -0.065402    2.134801   library hold time
                                              2.134801   data required time
---------------------------------------------------------------------------------------------
                                              2.134801   data required time
                                             -3.277173   data arrival time
---------------------------------------------------------------------------------------------
                                              1.142372   slack (MET)


Startpoint: _1451_ (rising edge-triggered flip-flop clocked by clk)
Endpoint: _1451_ (rising edge-triggered flip-flop clocked by clk)
Path Group: clk
Path Type: min

Fanout         Cap        Slew       Delay        Time   Description
---------------------------------------------------------------------------------------------
                                  0.000000    0.000000   clock clk (rise edge)
                                  0.000000    0.000000   clock source latency
     2    0.157321    1.138872    0.793148    0.793148 ^ clk (in)
                                                         clk (net)
                      1.154477    0.000000    0.793148 ^ clkbuf_regs_0_clk/A (sky130_fd_sc_hd__clkbuf_16)
     1    0.008569    0.076270    0.545937    1.339084 ^ clkbuf_regs_0_clk/X (sky130_fd_sc_hd__clkbuf_16)
                                                         clk_regs (net)
                      0.076271    0.000255    1.339339 ^ clkbuf_0_clk_regs/A (sky130_fd_sc_hd__clkbuf_16)
     8    0.078792    0.146453    0.280000    1.619339 ^ clkbuf_0_clk_regs/X (sky130_fd_sc_hd__clkbuf_16)
                                                         clknet_0_clk_regs (net)
                      0.146476    0.001799    1.621139 ^ clkbuf_3_6_0_clk_regs/A (sky130_fd_sc_hd__clkbuf_8)
     2    0.019776    0.082884    0.256635    1.877774 ^ clkbuf_3_6_0_clk_regs/X (sky130_fd_sc_hd__clkbuf_8)
                                                         clknet_3_6_0_clk_regs (net)
                      0.082887    0.000546    1.878320 ^ clkbuf_4_12__f_clk_regs/A (sky130_fd_sc_hd__clkbuf_16)
     8    0.023263    0.071524    0.220463    2.098783 ^ clkbuf_4_12__f_clk_regs/X (sky130_fd_sc_hd__clkbuf_16)
                                                         clknet_4_12__leaf_clk_regs (net)
                      0.071525    0.000352    2.099136 ^ _1451_/CLK (sky130_fd_sc_hd__dfxtp_2)
     1    0.002479    0.050824    0.600222    2.699357 ^ _1451_/Q (sky130_fd_sc_hd__dfxtp_2)
                                                         u_top.instruction_mmu.u_tlb.vpn[0][4] (net)
                      0.050824    0.000067    2.699425 ^ _1745_/A (sky130_fd_sc_hd__buf_2)
     2    0.007053    0.074788    0.177464    2.876889 ^ _1745_/X (sky130_fd_sc_hd__buf_2)
                                                         _0718_ (net)
                      0.074788    0.000147    2.877036 ^ _1272_/B2 (sky130_fd_sc_hd__a22o_2)
     1    0.003222    0.064137    0.246012    3.123048 ^ _1272_/X (sky130_fd_sc_hd__a22o_2)
                                                         _0310_ (net)
                      0.064137    0.000099    3.123147 ^ _1872_/A (sky130_fd_sc_hd__buf_2)
     1    0.002342    0.043052    0.153972    3.277119 ^ _1872_/X (sky130_fd_sc_hd__buf_2)
                                                         _0904_ (net)
                      0.043052    0.000045    3.277164 ^ _1451_/D (sky130_fd_sc_hd__dfxtp_2)
                                              3.277164   data arrival time

                                  0.000000    0.000000   clock clk (rise edge)
                                  0.000000    0.000000   clock source latency
     2    0.157321    1.138872    0.876637    0.876637 ^ clk (in)
                                                         clk (net)
                      1.154477    0.000000    0.876637 ^ clkbuf_regs_0_clk/A (sky130_fd_sc_hd__clkbuf_16)
     1    0.008569    0.076270    0.603404    1.480040 ^ clkbuf_regs_0_clk/X (sky130_fd_sc_hd__clkbuf_16)
                                                         clk_regs (net)
                      0.076271    0.000282    1.480322 ^ clkbuf_0_clk_regs/A (sky130_fd_sc_hd__clkbuf_16)
     8    0.078792    0.146453    0.309474    1.789796 ^ clkbuf_0_clk_regs/X (sky130_fd_sc_hd__clkbuf_16)
                                                         clknet_0_clk_regs (net)
                      0.146476    0.001989    1.791785 ^ clkbuf_3_6_0_clk_regs/A (sky130_fd_sc_hd__clkbuf_8)
     2    0.019776    0.082884    0.283649    2.075434 ^ clkbuf_3_6_0_clk_regs/X (sky130_fd_sc_hd__clkbuf_8)
                                                         clknet_3_6_0_clk_regs (net)
                      0.082887    0.000604    2.076038 ^ clkbuf_4_12__f_clk_regs/A (sky130_fd_sc_hd__clkbuf_16)
     8    0.023263    0.071524    0.243670    2.319708 ^ clkbuf_4_12__f_clk_regs/X (sky130_fd_sc_hd__clkbuf_16)
                                                         clknet_4_12__leaf_clk_regs (net)
                      0.071525    0.000389    2.320097 ^ _1451_/CLK (sky130_fd_sc_hd__dfxtp_2)
                                  0.100000    2.420097   clock uncertainty
                                 -0.220962    2.199136   clock reconvergence pessimism
                                 -0.065460    2.133676   library hold time
                                              2.133676   data required time
---------------------------------------------------------------------------------------------
                                              2.133676   data required time
                                             -3.277164   data arrival time
---------------------------------------------------------------------------------------------
                                              1.143488   slack (MET)


Startpoint: _1472_ (rising edge-triggered flip-flop clocked by clk)
Endpoint: _1472_ (rising edge-triggered flip-flop clocked by clk)
Path Group: clk
Path Type: min

Fanout         Cap        Slew       Delay        Time   Description
---------------------------------------------------------------------------------------------
                                  0.000000    0.000000   clock clk (rise edge)
                                  0.000000    0.000000   clock source latency
     2    0.157321    1.138872    0.793148    0.793148 ^ clk (in)
                                                         clk (net)
                      1.154477    0.000000    0.793148 ^ clkbuf_regs_0_clk/A (sky130_fd_sc_hd__clkbuf_16)
     1    0.008569    0.076270    0.545937    1.339084 ^ clkbuf_regs_0_clk/X (sky130_fd_sc_hd__clkbuf_16)
                                                         clk_regs (net)
                      0.076271    0.000255    1.339339 ^ clkbuf_0_clk_regs/A (sky130_fd_sc_hd__clkbuf_16)
     8    0.078792    0.146453    0.280000    1.619339 ^ clkbuf_0_clk_regs/X (sky130_fd_sc_hd__clkbuf_16)
                                                         clknet_0_clk_regs (net)
                      0.146472    0.001696    1.621035 ^ clkbuf_3_3_0_clk_regs/A (sky130_fd_sc_hd__clkbuf_8)
     2    0.019077    0.081268    0.255110    1.876146 ^ clkbuf_3_3_0_clk_regs/X (sky130_fd_sc_hd__clkbuf_8)
                                                         clknet_3_3_0_clk_regs (net)
                      0.081270    0.000532    1.876678 ^ clkbuf_4_6__f_clk_regs/A (sky130_fd_sc_hd__clkbuf_16)
     8    0.023967    0.072404    0.220675    2.097353 ^ clkbuf_4_6__f_clk_regs/X (sky130_fd_sc_hd__clkbuf_16)
                                                         clknet_4_6__leaf_clk_regs (net)
                      0.072409    0.000451    2.097804 ^ _1472_/CLK (sky130_fd_sc_hd__dfxtp_2)
     1    0.002359    0.050067    0.599725    2.697529 ^ _1472_/Q (sky130_fd_sc_hd__dfxtp_2)
                                                         u_top.instruction_mmu.u_tlb.vpn[1][5] (net)
                      0.050067    0.000063    2.697592 ^ _1751_/A (sky130_fd_sc_hd__buf_2)
     2    0.008732    0.086509    0.186091    2.883683 ^ _1751_/X (sky130_fd_sc_hd__buf_2)
                                                         _0739_ (net)
                      0.086509    0.000094    2.883777 ^ _1293_/A (sky130_fd_sc_hd__and2_2)
     1    0.001979    0.061729    0.235319    3.119096 ^ _1293_/X (sky130_fd_sc_hd__and2_2)
                                                         _0331_ (net)
                      0.061729    0.000036    3.119133 ^ _1893_/A (sky130_fd_sc_hd__buf_2)
     1    0.002875    0.046464    0.156430    3.275563 ^ _1893_/X (sky130_fd_sc_hd__buf_2)
                                                         _0946_ (net)
                      0.046477    0.000079    3.275643 ^ _1472_/D (sky130_fd_sc_hd__dfxtp_2)
                                              3.275643   data arrival time

                                  0.000000    0.000000   clock clk (rise edge)
                                  0.000000    0.000000   clock source latency
     2    0.157321    1.138872    0.876637    0.876637 ^ clk (in)
                                                         clk (net)
                      1.154477    0.000000    0.876637 ^ clkbuf_regs_0_clk/A (sky130_fd_sc_hd__clkbuf_16)
     1    0.008569    0.076270    0.603404    1.480040 ^ clkbuf_regs_0_clk/X (sky130_fd_sc_hd__clkbuf_16)
                                                         clk_regs (net)
                      0.076271    0.000282    1.480322 ^ clkbuf_0_clk_regs/A (sky130_fd_sc_hd__clkbuf_16)
     8    0.078792    0.146453    0.309474    1.789796 ^ clkbuf_0_clk_regs/X (sky130_fd_sc_hd__clkbuf_16)
                                                         clknet_0_clk_regs (net)
                      0.146472    0.001875    1.791671 ^ clkbuf_3_3_0_clk_regs/A (sky130_fd_sc_hd__clkbuf_8)
     2    0.019077    0.081268    0.281964    2.073635 ^ clkbuf_3_3_0_clk_regs/X (sky130_fd_sc_hd__clkbuf_8)
                                                         clknet_3_3_0_clk_regs (net)
                      0.081270    0.000588    2.074222 ^ clkbuf_4_6__f_clk_regs/A (sky130_fd_sc_hd__clkbuf_16)
     8    0.023967    0.072404    0.243904    2.318127 ^ clkbuf_4_6__f_clk_regs/X (sky130_fd_sc_hd__clkbuf_16)
                                                         clknet_4_6__leaf_clk_regs (net)
                      0.072409    0.000499    2.318625 ^ _1472_/CLK (sky130_fd_sc_hd__dfxtp_2)
                                  0.100000    2.418625   clock uncertainty
                                 -0.220821    2.197804   clock reconvergence pessimism
                                 -0.066112    2.131692   library hold time
                                              2.131692   data required time
---------------------------------------------------------------------------------------------
                                              2.131692   data required time
                                             -3.275643   data arrival time
---------------------------------------------------------------------------------------------
                                              1.143950   slack (MET)


Startpoint: _1529_ (rising edge-triggered flip-flop clocked by clk)
Endpoint: _1529_ (rising edge-triggered flip-flop clocked by clk)
Path Group: clk
Path Type: min

Fanout         Cap        Slew       Delay        Time   Description
---------------------------------------------------------------------------------------------
                                  0.000000    0.000000   clock clk (rise edge)
                                  0.000000    0.000000   clock source latency
     2    0.157321    1.138872    0.793148    0.793148 ^ clk (in)
                                                         clk (net)
                      1.154477    0.000000    0.793148 ^ clkbuf_regs_0_clk/A (sky130_fd_sc_hd__clkbuf_16)
     1    0.008569    0.076270    0.545937    1.339084 ^ clkbuf_regs_0_clk/X (sky130_fd_sc_hd__clkbuf_16)
                                                         clk_regs (net)
                      0.076271    0.000255    1.339339 ^ clkbuf_0_clk_regs/A (sky130_fd_sc_hd__clkbuf_16)
     8    0.078792    0.146453    0.280000    1.619339 ^ clkbuf_0_clk_regs/X (sky130_fd_sc_hd__clkbuf_16)
                                                         clknet_0_clk_regs (net)
                      0.146515    0.002672    1.622012 ^ clkbuf_3_5_0_clk_regs/A (sky130_fd_sc_hd__clkbuf_8)
     2    0.019206    0.081558    0.255471    1.877482 ^ clkbuf_3_5_0_clk_regs/X (sky130_fd_sc_hd__clkbuf_8)
                                                         clknet_3_5_0_clk_regs (net)
                      0.081560    0.000454    1.877936 ^ clkbuf_4_10__f_clk_regs/A (sky130_fd_sc_hd__clkbuf_16)
     8    0.023285    0.071546    0.219792    2.097728 ^ clkbuf_4_10__f_clk_regs/X (sky130_fd_sc_hd__clkbuf_16)
                                                         clknet_4_10__leaf_clk_regs (net)
                      0.071548    0.000631    2.098360 ^ _1529_/CLK (sky130_fd_sc_hd__dfxtp_2)
     1    0.002126    0.048608    0.597646    2.696005 ^ _1529_/Q (sky130_fd_sc_hd__dfxtp_2)
                                                         u_top.instruction_mmu.u_tlb.vpn[3][17] (net)
                      0.048608    0.000057    2.696062 ^ _1813_/A (sky130_fd_sc_hd__buf_2)
     2    0.009014    0.088498    0.186942    2.883004 ^ _1813_/X (sky130_fd_sc_hd__buf_2)
                                                         _0772_ (net)
                      0.088498    0.000158    2.883163 ^ _1350_/A (sky130_fd_sc_hd__and2_2)
     1    0.002523    0.065394    0.240729    3.123892 ^ _1350_/X (sky130_fd_sc_hd__and2_2)
                                                         _0388_ (net)
                      0.065394    0.000069    3.123961 ^ _1950_/A (sky130_fd_sc_hd__buf_2)
     1    0.002552    0.044386    0.155918    3.279878 ^ _1950_/X (sky130_fd_sc_hd__buf_2)
                                                         _1037_ (net)
                      0.044386    0.000071    3.279950 ^ _1529_/D (sky130_fd_sc_hd__dfxtp_2)
                                              3.279950   data arrival time

                                  0.000000    0.000000   clock clk (rise edge)
                                  0.000000    0.000000   clock source latency
     2    0.157321    1.138872    0.876637    0.876637 ^ clk (in)
                                                         clk (net)
                      1.154477    0.000000    0.876637 ^ clkbuf_regs_0_clk/A (sky130_fd_sc_hd__clkbuf_16)
     1    0.008569    0.076270    0.603404    1.480040 ^ clkbuf_regs_0_clk/X (sky130_fd_sc_hd__clkbuf_16)
                                                         clk_regs (net)
                      0.076271    0.000282    1.480322 ^ clkbuf_0_clk_regs/A (sky130_fd_sc_hd__clkbuf_16)
     8    0.078792    0.146453    0.309474    1.789796 ^ clkbuf_0_clk_regs/X (sky130_fd_sc_hd__clkbuf_16)
                                                         clknet_0_clk_regs (net)
                      0.146515    0.002954    1.792750 ^ clkbuf_3_5_0_clk_regs/A (sky130_fd_sc_hd__clkbuf_8)
     2    0.019206    0.081558    0.282362    2.075112 ^ clkbuf_3_5_0_clk_regs/X (sky130_fd_sc_hd__clkbuf_8)
                                                         clknet_3_5_0_clk_regs (net)
                      0.081560    0.000501    2.075613 ^ clkbuf_4_10__f_clk_regs/A (sky130_fd_sc_hd__clkbuf_16)
     8    0.023285    0.071546    0.242928    2.318541 ^ clkbuf_4_10__f_clk_regs/X (sky130_fd_sc_hd__clkbuf_16)
                                                         clknet_4_10__leaf_clk_regs (net)
                      0.071548    0.000698    2.319239 ^ _1529_/CLK (sky130_fd_sc_hd__dfxtp_2)
                                  0.100000    2.419239   clock uncertainty
                                 -0.220880    2.198359   clock reconvergence pessimism
                                 -0.065765    2.132595   library hold time
                                              2.132595   data required time
---------------------------------------------------------------------------------------------
                                              2.132595   data required time
                                             -3.279950   data arrival time
---------------------------------------------------------------------------------------------
                                              1.147355   slack (MET)


Startpoint: _1462_ (rising edge-triggered flip-flop clocked by clk)
Endpoint: _1462_ (rising edge-triggered flip-flop clocked by clk)
Path Group: clk
Path Type: min

Fanout         Cap        Slew       Delay        Time   Description
---------------------------------------------------------------------------------------------
                                  0.000000    0.000000   clock clk (rise edge)
                                  0.000000    0.000000   clock source latency
     2    0.157321    1.138872    0.793148    0.793148 ^ clk (in)
                                                         clk (net)
                      1.154477    0.000000    0.793148 ^ clkbuf_regs_0_clk/A (sky130_fd_sc_hd__clkbuf_16)
     1    0.008569    0.076270    0.545937    1.339084 ^ clkbuf_regs_0_clk/X (sky130_fd_sc_hd__clkbuf_16)
                                                         clk_regs (net)
                      0.076271    0.000255    1.339339 ^ clkbuf_0_clk_regs/A (sky130_fd_sc_hd__clkbuf_16)
     8    0.078792    0.146453    0.280000    1.619339 ^ clkbuf_0_clk_regs/X (sky130_fd_sc_hd__clkbuf_16)
                                                         clknet_0_clk_regs (net)
                      0.146489    0.002153    1.621492 ^ clkbuf_3_4_0_clk_regs/A (sky130_fd_sc_hd__clkbuf_8)
     2    0.018992    0.081069    0.254959    1.876451 ^ clkbuf_3_4_0_clk_regs/X (sky130_fd_sc_hd__clkbuf_8)
                                                         clknet_3_4_0_clk_regs (net)
                      0.081072    0.000521    1.876972 ^ clkbuf_4_9__f_clk_regs/A (sky130_fd_sc_hd__clkbuf_16)
     9    0.028405    0.078237    0.226543    2.103515 ^ clkbuf_4_9__f_clk_regs/X (sky130_fd_sc_hd__clkbuf_16)
                                                         clknet_4_9__leaf_clk_regs (net)
                      0.078243    0.000670    2.104185 ^ _1462_/CLK (sky130_fd_sc_hd__dfxtp_2)
     1    0.002382    0.050201    0.602430    2.706614 ^ _1462_/Q (sky130_fd_sc_hd__dfxtp_2)
                                                         u_top.instruction_mmu.u_tlb.vpn[0][15] (net)
                      0.050201    0.000064    2.706679 ^ _1800_/A (sky130_fd_sc_hd__buf_2)
     2    0.007909    0.080737    0.181750    2.888429 ^ _1800_/X (sky130_fd_sc_hd__buf_2)
                                                         _0710_ (net)
                      0.080737    0.000217    2.888646 ^ _1283_/B2 (sky130_fd_sc_hd__a22o_2)
     1    0.003081    0.062844    0.247054    3.135700 ^ _1283_/X (sky130_fd_sc_hd__a22o_2)
                                                         _0321_ (net)
                      0.062844    0.000071    3.135772 ^ _1883_/A (sky130_fd_sc_hd__buf_2)
     1    0.002373    0.043256    0.153594    3.289366 ^ _1883_/X (sky130_fd_sc_hd__buf_2)
                                                         _0926_ (net)
                      0.043256    0.000067    3.289433 ^ _1462_/D (sky130_fd_sc_hd__dfxtp_2)
                                              3.289433   data arrival time

                                  0.000000    0.000000   clock clk (rise edge)
                                  0.000000    0.000000   clock source latency
     2    0.157321    1.138872    0.876637    0.876637 ^ clk (in)
                                                         clk (net)
                      1.154477    0.000000    0.876637 ^ clkbuf_regs_0_clk/A (sky130_fd_sc_hd__clkbuf_16)
     1    0.008569    0.076270    0.603404    1.480040 ^ clkbuf_regs_0_clk/X (sky130_fd_sc_hd__clkbuf_16)
                                                         clk_regs (net)
                      0.076271    0.000282    1.480322 ^ clkbuf_0_clk_regs/A (sky130_fd_sc_hd__clkbuf_16)
     8    0.078792    0.146453    0.309474    1.789796 ^ clkbuf_0_clk_regs/X (sky130_fd_sc_hd__clkbuf_16)
                                                         clknet_0_clk_regs (net)
                      0.146489    0.002380    1.792176 ^ clkbuf_3_4_0_clk_regs/A (sky130_fd_sc_hd__clkbuf_8)
     2    0.018992    0.081069    0.281797    2.073972 ^ clkbuf_3_4_0_clk_regs/X (sky130_fd_sc_hd__clkbuf_8)
                                                         clknet_3_4_0_clk_regs (net)
                      0.081072    0.000576    2.074548 ^ clkbuf_4_9__f_clk_regs/A (sky130_fd_sc_hd__clkbuf_16)
     9    0.028405    0.078237    0.250389    2.324937 ^ clkbuf_4_9__f_clk_regs/X (sky130_fd_sc_hd__clkbuf_16)
                                                         clknet_4_9__leaf_clk_regs (net)
                      0.078243    0.000740    2.325677 ^ _1462_/CLK (sky130_fd_sc_hd__dfxtp_2)
                                  0.100000    2.425678   clock uncertainty
                                 -0.221493    2.204185   clock reconvergence pessimism
                                 -0.064440    2.139744   library hold time
                                              2.139744   data required time
---------------------------------------------------------------------------------------------
                                              2.139744   data required time
                                             -3.289433   data arrival time
---------------------------------------------------------------------------------------------
                                              1.149689   slack (MET)


Startpoint: _1504_ (rising edge-triggered flip-flop clocked by clk)
Endpoint: _1504_ (rising edge-triggered flip-flop clocked by clk)
Path Group: clk
Path Type: min

Fanout         Cap        Slew       Delay        Time   Description
---------------------------------------------------------------------------------------------
                                  0.000000    0.000000   clock clk (rise edge)
                                  0.000000    0.000000   clock source latency
     2    0.157321    1.138872    0.793148    0.793148 ^ clk (in)
                                                         clk (net)
                      1.154477    0.000000    0.793148 ^ clkbuf_regs_0_clk/A (sky130_fd_sc_hd__clkbuf_16)
     1    0.008569    0.076270    0.545937    1.339084 ^ clkbuf_regs_0_clk/X (sky130_fd_sc_hd__clkbuf_16)
                                                         clk_regs (net)
                      0.076271    0.000255    1.339339 ^ clkbuf_0_clk_regs/A (sky130_fd_sc_hd__clkbuf_16)
     8    0.078792    0.146453    0.280000    1.619339 ^ clkbuf_0_clk_regs/X (sky130_fd_sc_hd__clkbuf_16)
                                                         clknet_0_clk_regs (net)
                      0.146515    0.002672    1.622012 ^ clkbuf_3_5_0_clk_regs/A (sky130_fd_sc_hd__clkbuf_8)
     2    0.019206    0.081558    0.255471    1.877482 ^ clkbuf_3_5_0_clk_regs/X (sky130_fd_sc_hd__clkbuf_8)
                                                         clknet_3_5_0_clk_regs (net)
                      0.081559    0.000390    1.877873 ^ clkbuf_4_11__f_clk_regs/A (sky130_fd_sc_hd__clkbuf_16)
     8    0.027288    0.076763    0.225088    2.102961 ^ clkbuf_4_11__f_clk_regs/X (sky130_fd_sc_hd__clkbuf_16)
                                                         clknet_4_11__leaf_clk_regs (net)
                      0.076770    0.000743    2.103704 ^ _1504_/CLK (sky130_fd_sc_hd__dfxtp_2)
     1    0.002549    0.051253    0.603016    2.706719 ^ _1504_/Q (sky130_fd_sc_hd__dfxtp_2)
                                                         u_top.instruction_mmu.u_tlb.vpn[2][17] (net)
                      0.051253    0.000068    2.706787 ^ _1812_/A (sky130_fd_sc_hd__buf_2)
     2    0.009500    0.091932    0.190717    2.897505 ^ _1812_/X (sky130_fd_sc_hd__buf_2)
                                                         _0752_ (net)
                      0.091932    0.000197    2.897701 ^ _1325_/A (sky130_fd_sc_hd__and2_2)
     1    0.002392    0.064505    0.241031    3.138732 ^ _1325_/X (sky130_fd_sc_hd__and2_2)
                                                         _0363_ (net)
                      0.064505    0.000065    3.138797 ^ _1925_/A (sky130_fd_sc_hd__buf_2)
     1    0.001961    0.040610    0.151600    3.290397 ^ _1925_/X (sky130_fd_sc_hd__buf_2)
                                                         _1010_ (net)
                      0.040610    0.000053    3.290450 ^ _1504_/D (sky130_fd_sc_hd__dfxtp_2)
                                              3.290450   data arrival time

                                  0.000000    0.000000   clock clk (rise edge)
                                  0.000000    0.000000   clock source latency
     2    0.157321    1.138872    0.876637    0.876637 ^ clk (in)
                                                         clk (net)
                      1.154477    0.000000    0.876637 ^ clkbuf_regs_0_clk/A (sky130_fd_sc_hd__clkbuf_16)
     1    0.008569    0.076270    0.603404    1.480040 ^ clkbuf_regs_0_clk/X (sky130_fd_sc_hd__clkbuf_16)
                                                         clk_regs (net)
                      0.076271    0.000282    1.480322 ^ clkbuf_0_clk_regs/A (sky130_fd_sc_hd__clkbuf_16)
     8    0.078792    0.146453    0.309474    1.789796 ^ clkbuf_0_clk_regs/X (sky130_fd_sc_hd__clkbuf_16)
                                                         clknet_0_clk_regs (net)
                      0.146515    0.002954    1.792750 ^ clkbuf_3_5_0_clk_regs/A (sky130_fd_sc_hd__clkbuf_8)
     2    0.019206    0.081558    0.282362    2.075112 ^ clkbuf_3_5_0_clk_regs/X (sky130_fd_sc_hd__clkbuf_8)
                                                         clknet_3_5_0_clk_regs (net)
                      0.081559    0.000431    2.075543 ^ clkbuf_4_11__f_clk_regs/A (sky130_fd_sc_hd__clkbuf_16)
     8    0.027288    0.076763    0.248782    2.324325 ^ clkbuf_4_11__f_clk_regs/X (sky130_fd_sc_hd__clkbuf_16)
                                                         clknet_4_11__leaf_clk_regs (net)
                      0.076770    0.000821    2.325146 ^ _1504_/CLK (sky130_fd_sc_hd__dfxtp_2)
                                  0.100000    2.425146   clock uncertainty
                                 -0.221442    2.203704   clock reconvergence pessimism
                                 -0.064063    2.139641   library hold time
                                              2.139641   data required time
---------------------------------------------------------------------------------------------
                                              2.139641   data required time
                                             -3.290450   data arrival time
---------------------------------------------------------------------------------------------
                                              1.150809   slack (MET)


Startpoint: _1461_ (rising edge-triggered flip-flop clocked by clk)
Endpoint: _1461_ (rising edge-triggered flip-flop clocked by clk)
Path Group: clk
Path Type: min

Fanout         Cap        Slew       Delay        Time   Description
---------------------------------------------------------------------------------------------
                                  0.000000    0.000000   clock clk (rise edge)
                                  0.000000    0.000000   clock source latency
     2    0.157321    1.138872    0.793148    0.793148 ^ clk (in)
                                                         clk (net)
                      1.154477    0.000000    0.793148 ^ clkbuf_regs_0_clk/A (sky130_fd_sc_hd__clkbuf_16)
     1    0.008569    0.076270    0.545937    1.339084 ^ clkbuf_regs_0_clk/X (sky130_fd_sc_hd__clkbuf_16)
                                                         clk_regs (net)
                      0.076271    0.000255    1.339339 ^ clkbuf_0_clk_regs/A (sky130_fd_sc_hd__clkbuf_16)
     8    0.078792    0.146453    0.280000    1.619339 ^ clkbuf_0_clk_regs/X (sky130_fd_sc_hd__clkbuf_16)
                                                         clknet_0_clk_regs (net)
                      0.146467    0.001514    1.620854 ^ clkbuf_3_1_0_clk_regs/A (sky130_fd_sc_hd__clkbuf_8)
     2    0.019673    0.082648    0.256397    1.877250 ^ clkbuf_3_1_0_clk_regs/X (sky130_fd_sc_hd__clkbuf_8)
                                                         clknet_3_1_0_clk_regs (net)
                      0.082650    0.000546    1.877796 ^ clkbuf_4_2__f_clk_regs/A (sky130_fd_sc_hd__clkbuf_16)
     8    0.024392    0.072924    0.221671    2.099467 ^ clkbuf_4_2__f_clk_regs/X (sky130_fd_sc_hd__clkbuf_16)
                                                         clknet_4_2__leaf_clk_regs (net)
                      0.072972    0.000907    2.100374 ^ _1461_/CLK (sky130_fd_sc_hd__dfxtp_2)
     1    0.002455    0.050669    0.600672    2.701046 ^ _1461_/Q (sky130_fd_sc_hd__dfxtp_2)
                                                         u_top.instruction_mmu.u_tlb.vpn[0][14] (net)
                      0.050669    0.000069    2.701114 ^ _1795_/A (sky130_fd_sc_hd__buf_2)
     2    0.009506    0.091983    0.190467    2.891581 ^ _1795_/X (sky130_fd_sc_hd__buf_2)
                                                         _0709_ (net)
                      0.091983    0.000235    2.891816 ^ _1282_/B2 (sky130_fd_sc_hd__a22o_2)
     1    0.002442    0.058436    0.245277    3.137093 ^ _1282_/X (sky130_fd_sc_hd__a22o_2)
                                                         _0320_ (net)
                      0.058436    0.000068    3.137161 ^ _1882_/A (sky130_fd_sc_hd__buf_2)
     1    0.002081    0.041409    0.149683    3.286845 ^ _1882_/X (sky130_fd_sc_hd__buf_2)
                                                         _0924_ (net)
                      0.041409    0.000057    3.286901 ^ _1461_/D (sky130_fd_sc_hd__dfxtp_2)
                                              3.286901   data arrival time

                                  0.000000    0.000000   clock clk (rise edge)
                                  0.000000    0.000000   clock source latency
     2    0.157321    1.138872    0.876637    0.876637 ^ clk (in)
                                                         clk (net)
                      1.154477    0.000000    0.876637 ^ clkbuf_regs_0_clk/A (sky130_fd_sc_hd__clkbuf_16)
     1    0.008569    0.076270    0.603404    1.480040 ^ clkbuf_regs_0_clk/X (sky130_fd_sc_hd__clkbuf_16)
                                                         clk_regs (net)
                      0.076271    0.000282    1.480322 ^ clkbuf_0_clk_regs/A (sky130_fd_sc_hd__clkbuf_16)
     8    0.078792    0.146453    0.309474    1.789796 ^ clkbuf_0_clk_regs/X (sky130_fd_sc_hd__clkbuf_16)
                                                         clknet_0_clk_regs (net)
                      0.146467    0.001674    1.791470 ^ clkbuf_3_1_0_clk_regs/A (sky130_fd_sc_hd__clkbuf_8)
     2    0.019673    0.082648    0.283386    2.074856 ^ clkbuf_3_1_0_clk_regs/X (sky130_fd_sc_hd__clkbuf_8)
                                                         clknet_3_1_0_clk_regs (net)
                      0.082650    0.000603    2.075459 ^ clkbuf_4_2__f_clk_regs/A (sky130_fd_sc_hd__clkbuf_16)
     8    0.024392    0.072924    0.245005    2.320463 ^ clkbuf_4_2__f_clk_regs/X (sky130_fd_sc_hd__clkbuf_16)
                                                         clknet_4_2__leaf_clk_regs (net)
                      0.072972    0.001003    2.321466 ^ _1461_/CLK (sky130_fd_sc_hd__dfxtp_2)
                                  0.100000    2.421466   clock uncertainty
                                 -0.221092    2.200374   clock reconvergence pessimism
                                 -0.064850    2.135524   library hold time
                                              2.135524   data required time
---------------------------------------------------------------------------------------------
                                              2.135524   data required time
                                             -3.286901   data arrival time
---------------------------------------------------------------------------------------------
                                              1.151378   slack (MET)


Startpoint: _1523_ (rising edge-triggered flip-flop clocked by clk)
Endpoint: _1523_ (rising edge-triggered flip-flop clocked by clk)
Path Group: clk
Path Type: min

Fanout         Cap        Slew       Delay        Time   Description
---------------------------------------------------------------------------------------------
                                  0.000000    0.000000   clock clk (rise edge)
                                  0.000000    0.000000   clock source latency
     2    0.157321    1.138872    0.793148    0.793148 ^ clk (in)
                                                         clk (net)
                      1.154477    0.000000    0.793148 ^ clkbuf_regs_0_clk/A (sky130_fd_sc_hd__clkbuf_16)
     1    0.008569    0.076270    0.545937    1.339084 ^ clkbuf_regs_0_clk/X (sky130_fd_sc_hd__clkbuf_16)
                                                         clk_regs (net)
                      0.076271    0.000255    1.339339 ^ clkbuf_0_clk_regs/A (sky130_fd_sc_hd__clkbuf_16)
     8    0.078792    0.146453    0.280000    1.619339 ^ clkbuf_0_clk_regs/X (sky130_fd_sc_hd__clkbuf_16)
                                                         clknet_0_clk_regs (net)
                      0.146472    0.001696    1.621035 ^ clkbuf_3_3_0_clk_regs/A (sky130_fd_sc_hd__clkbuf_8)
     2    0.019077    0.081268    0.255110    1.876146 ^ clkbuf_3_3_0_clk_regs/X (sky130_fd_sc_hd__clkbuf_8)
                                                         clknet_3_3_0_clk_regs (net)
                      0.081270    0.000532    1.876678 ^ clkbuf_4_6__f_clk_regs/A (sky130_fd_sc_hd__clkbuf_16)
     8    0.023967    0.072404    0.220675    2.097353 ^ clkbuf_4_6__f_clk_regs/X (sky130_fd_sc_hd__clkbuf_16)
                                                         clknet_4_6__leaf_clk_regs (net)
                      0.072410    0.000497    2.097850 ^ _1523_/CLK (sky130_fd_sc_hd__dfxtp_2)
     1    0.001944    0.047457    0.596688    2.694537 ^ _1523_/Q (sky130_fd_sc_hd__dfxtp_2)
                                                         u_top.instruction_mmu.u_tlb.vpn[3][11] (net)
                      0.047457    0.000036    2.694573 ^ _1783_/A (sky130_fd_sc_hd__buf_2)
     2    0.009741    0.093649    0.190290    2.884863 ^ _1783_/X (sky130_fd_sc_hd__buf_2)
                                                         _0766_ (net)
                      0.093649    0.000225    2.885088 ^ _1344_/A (sky130_fd_sc_hd__and2_2)
     1    0.002982    0.068458    0.246713    3.131800 ^ _1344_/X (sky130_fd_sc_hd__and2_2)
                                                         _0382_ (net)
                      0.068458    0.000087    3.131887 ^ _1944_/A (sky130_fd_sc_hd__buf_2)
     1    0.002111    0.041552    0.154364    3.286251 ^ _1944_/X (sky130_fd_sc_hd__buf_2)
                                                         _1031_ (net)
                      0.041552    0.000055    3.286306 ^ _1523_/D (sky130_fd_sc_hd__dfxtp_2)
                                              3.286306   data arrival time

                                  0.000000    0.000000   clock clk (rise edge)
                                  0.000000    0.000000   clock source latency
     2    0.157321    1.138872    0.876637    0.876637 ^ clk (in)
                                                         clk (net)
                      1.154477    0.000000    0.876637 ^ clkbuf_regs_0_clk/A (sky130_fd_sc_hd__clkbuf_16)
     1    0.008569    0.076270    0.603404    1.480040 ^ clkbuf_regs_0_clk/X (sky130_fd_sc_hd__clkbuf_16)
                                                         clk_regs (net)
                      0.076271    0.000282    1.480322 ^ clkbuf_0_clk_regs/A (sky130_fd_sc_hd__clkbuf_16)
     8    0.078792    0.146453    0.309474    1.789796 ^ clkbuf_0_clk_regs/X (sky130_fd_sc_hd__clkbuf_16)
                                                         clknet_0_clk_regs (net)
                      0.146472    0.001875    1.791671 ^ clkbuf_3_3_0_clk_regs/A (sky130_fd_sc_hd__clkbuf_8)
     2    0.019077    0.081268    0.281964    2.073635 ^ clkbuf_3_3_0_clk_regs/X (sky130_fd_sc_hd__clkbuf_8)
                                                         clknet_3_3_0_clk_regs (net)
                      0.081270    0.000588    2.074222 ^ clkbuf_4_6__f_clk_regs/A (sky130_fd_sc_hd__clkbuf_16)
     8    0.023967    0.072404    0.243904    2.318127 ^ clkbuf_4_6__f_clk_regs/X (sky130_fd_sc_hd__clkbuf_16)
                                                         clknet_4_6__leaf_clk_regs (net)
                      0.072410    0.000549    2.318676 ^ _1523_/CLK (sky130_fd_sc_hd__dfxtp_2)
                                  0.100000    2.418676   clock uncertainty
                                 -0.220826    2.197850   clock reconvergence pessimism
                                 -0.064973    2.132877   library hold time
                                              2.132877   data required time
---------------------------------------------------------------------------------------------
                                              2.132877   data required time
                                             -3.286306   data arrival time
---------------------------------------------------------------------------------------------
                                              1.153429   slack (MET)


Startpoint: _1458_ (rising edge-triggered flip-flop clocked by clk)
Endpoint: _1458_ (rising edge-triggered flip-flop clocked by clk)
Path Group: clk
Path Type: min

Fanout         Cap        Slew       Delay        Time   Description
---------------------------------------------------------------------------------------------
                                  0.000000    0.000000   clock clk (rise edge)
                                  0.000000    0.000000   clock source latency
     2    0.157321    1.138872    0.793148    0.793148 ^ clk (in)
                                                         clk (net)
                      1.154477    0.000000    0.793148 ^ clkbuf_regs_0_clk/A (sky130_fd_sc_hd__clkbuf_16)
     1    0.008569    0.076270    0.545937    1.339084 ^ clkbuf_regs_0_clk/X (sky130_fd_sc_hd__clkbuf_16)
                                                         clk_regs (net)
                      0.076271    0.000255    1.339339 ^ clkbuf_0_clk_regs/A (sky130_fd_sc_hd__clkbuf_16)
     8    0.078792    0.146453    0.280000    1.619339 ^ clkbuf_0_clk_regs/X (sky130_fd_sc_hd__clkbuf_16)
                                                         clknet_0_clk_regs (net)
                      0.146472    0.001696    1.621035 ^ clkbuf_3_3_0_clk_regs/A (sky130_fd_sc_hd__clkbuf_8)
     2    0.019077    0.081268    0.255110    1.876146 ^ clkbuf_3_3_0_clk_regs/X (sky130_fd_sc_hd__clkbuf_8)
                                                         clknet_3_3_0_clk_regs (net)
                      0.081271    0.000591    1.876736 ^ clkbuf_4_7__f_clk_regs/A (sky130_fd_sc_hd__clkbuf_16)
     8    0.025070    0.073827    0.222174    2.098910 ^ clkbuf_4_7__f_clk_regs/X (sky130_fd_sc_hd__clkbuf_16)
                                                         clknet_4_7__leaf_clk_regs (net)
                      0.073827    0.000242    2.099152 ^ _1458_/CLK (sky130_fd_sc_hd__dfxtp_2)
     1    0.002336    0.049920    0.600172    2.699324 ^ _1458_/Q (sky130_fd_sc_hd__dfxtp_2)
                                                         u_top.instruction_mmu.u_tlb.vpn[0][11] (net)
                      0.049920    0.000064    2.699388 ^ _1780_/A (sky130_fd_sc_hd__buf_2)
     2    0.009979    0.095330    0.192682    2.892070 ^ _1780_/X (sky130_fd_sc_hd__buf_2)
                                                         _0706_ (net)
                      0.095330    0.000232    2.892301 ^ _1279_/B2 (sky130_fd_sc_hd__a22o_2)
     1    0.002395    0.058152    0.246074    3.138375 ^ _1279_/X (sky130_fd_sc_hd__a22o_2)
                                                         _0317_ (net)
                      0.058152    0.000066    3.138441 ^ _1879_/A (sky130_fd_sc_hd__buf_2)
     1    0.002198    0.042156    0.150332    3.288773 ^ _1879_/X (sky130_fd_sc_hd__buf_2)
                                                         _0918_ (net)
                      0.042156    0.000062    3.288835 ^ _1458_/D (sky130_fd_sc_hd__dfxtp_2)
                                              3.288835   data arrival time

                                  0.000000    0.000000   clock clk (rise edge)
                                  0.000000    0.000000   clock source latency
     2    0.157321    1.138872    0.876637    0.876637 ^ clk (in)
                                                         clk (net)
                      1.154477    0.000000    0.876637 ^ clkbuf_regs_0_clk/A (sky130_fd_sc_hd__clkbuf_16)
     1    0.008569    0.076270    0.603404    1.480040 ^ clkbuf_regs_0_clk/X (sky130_fd_sc_hd__clkbuf_16)
                                                         clk_regs (net)
                      0.076271    0.000282    1.480322 ^ clkbuf_0_clk_regs/A (sky130_fd_sc_hd__clkbuf_16)
     8    0.078792    0.146453    0.309474    1.789796 ^ clkbuf_0_clk_regs/X (sky130_fd_sc_hd__clkbuf_16)
                                                         clknet_0_clk_regs (net)
                      0.146472    0.001875    1.791671 ^ clkbuf_3_3_0_clk_regs/A (sky130_fd_sc_hd__clkbuf_8)
     2    0.019077    0.081268    0.281964    2.073635 ^ clkbuf_3_3_0_clk_regs/X (sky130_fd_sc_hd__clkbuf_8)
                                                         clknet_3_3_0_clk_regs (net)
                      0.081271    0.000653    2.074287 ^ clkbuf_4_7__f_clk_regs/A (sky130_fd_sc_hd__clkbuf_16)
     8    0.025070    0.073827    0.245560    2.319848 ^ clkbuf_4_7__f_clk_regs/X (sky130_fd_sc_hd__clkbuf_16)
                                                         clknet_4_7__leaf_clk_regs (net)
                      0.073827    0.000268    2.320116 ^ _1458_/CLK (sky130_fd_sc_hd__dfxtp_2)
                                  0.100000    2.420115   clock uncertainty
                                 -0.220963    2.199152   clock reconvergence pessimism
                                 -0.064887    2.134265   library hold time
                                              2.134265   data required time
---------------------------------------------------------------------------------------------
                                              2.134265   data required time
                                             -3.288835   data arrival time
---------------------------------------------------------------------------------------------
                                              1.154570   slack (MET)


Startpoint: _1454_ (rising edge-triggered flip-flop clocked by clk)
Endpoint: _1454_ (rising edge-triggered flip-flop clocked by clk)
Path Group: clk
Path Type: min

Fanout         Cap        Slew       Delay        Time   Description
---------------------------------------------------------------------------------------------
                                  0.000000    0.000000   clock clk (rise edge)
                                  0.000000    0.000000   clock source latency
     2    0.157321    1.138872    0.793148    0.793148 ^ clk (in)
                                                         clk (net)
                      1.154477    0.000000    0.793148 ^ clkbuf_regs_0_clk/A (sky130_fd_sc_hd__clkbuf_16)
     1    0.008569    0.076270    0.545937    1.339084 ^ clkbuf_regs_0_clk/X (sky130_fd_sc_hd__clkbuf_16)
                                                         clk_regs (net)
                      0.076271    0.000255    1.339339 ^ clkbuf_0_clk_regs/A (sky130_fd_sc_hd__clkbuf_16)
     8    0.078792    0.146453    0.280000    1.619339 ^ clkbuf_0_clk_regs/X (sky130_fd_sc_hd__clkbuf_16)
                                                         clknet_0_clk_regs (net)
                      0.146467    0.001514    1.620854 ^ clkbuf_3_1_0_clk_regs/A (sky130_fd_sc_hd__clkbuf_8)
     2    0.019673    0.082648    0.256397    1.877250 ^ clkbuf_3_1_0_clk_regs/X (sky130_fd_sc_hd__clkbuf_8)
                                                         clknet_3_1_0_clk_regs (net)
                      0.082651    0.000572    1.877822 ^ clkbuf_4_3__f_clk_regs/A (sky130_fd_sc_hd__clkbuf_16)
     8    0.024070    0.072529    0.221347    2.099169 ^ clkbuf_4_3__f_clk_regs/X (sky130_fd_sc_hd__clkbuf_16)
                                                         clknet_4_3__leaf_clk_regs (net)
                      0.072546    0.000556    2.099725 ^ _1454_/CLK (sky130_fd_sc_hd__dfxtp_2)
     1    0.002882    0.053040    0.603617    2.703343 ^ _1454_/Q (sky130_fd_sc_hd__dfxtp_2)
                                                         u_top.instruction_mmu.u_tlb.vpn[0][7] (net)
                      0.053040    0.000081    2.703423 ^ _1760_/A (sky130_fd_sc_hd__buf_2)
     2    0.008717    0.086401    0.187343    2.890766 ^ _1760_/X (sky130_fd_sc_hd__buf_2)
                                                         _0721_ (net)
                      0.086401    0.000171    2.890936 ^ _1275_/B2 (sky130_fd_sc_hd__a22o_2)
     1    0.003073    0.063131    0.249059    3.139996 ^ _1275_/X (sky130_fd_sc_hd__a22o_2)
                                                         _0313_ (net)
                      0.063131    0.000069    3.140065 ^ _1875_/A (sky130_fd_sc_hd__buf_2)
     1    0.002153    0.041849    0.152263    3.292328 ^ _1875_/X (sky130_fd_sc_hd__buf_2)
                                                         _0910_ (net)
                      0.041849    0.000058    3.292387 ^ _1454_/D (sky130_fd_sc_hd__dfxtp_2)
                                              3.292387   data arrival time

                                  0.000000    0.000000   clock clk (rise edge)
                                  0.000000    0.000000   clock source latency
     2    0.157321    1.138872    0.876637    0.876637 ^ clk (in)
                                                         clk (net)
                      1.154477    0.000000    0.876637 ^ clkbuf_regs_0_clk/A (sky130_fd_sc_hd__clkbuf_16)
     1    0.008569    0.076270    0.603404    1.480040 ^ clkbuf_regs_0_clk/X (sky130_fd_sc_hd__clkbuf_16)
                                                         clk_regs (net)
                      0.076271    0.000282    1.480322 ^ clkbuf_0_clk_regs/A (sky130_fd_sc_hd__clkbuf_16)
     8    0.078792    0.146453    0.309474    1.789796 ^ clkbuf_0_clk_regs/X (sky130_fd_sc_hd__clkbuf_16)
                                                         clknet_0_clk_regs (net)
                      0.146467    0.001674    1.791470 ^ clkbuf_3_1_0_clk_regs/A (sky130_fd_sc_hd__clkbuf_8)
     2    0.019673    0.082648    0.283386    2.074856 ^ clkbuf_3_1_0_clk_regs/X (sky130_fd_sc_hd__clkbuf_8)
                                                         clknet_3_1_0_clk_regs (net)
                      0.082651    0.000632    2.075488 ^ clkbuf_4_3__f_clk_regs/A (sky130_fd_sc_hd__clkbuf_16)
     8    0.024070    0.072529    0.244647    2.320134 ^ clkbuf_4_3__f_clk_regs/X (sky130_fd_sc_hd__clkbuf_16)
                                                         clknet_4_3__leaf_clk_regs (net)
                      0.072546    0.000614    2.320749 ^ _1454_/CLK (sky130_fd_sc_hd__dfxtp_2)
                                  0.100000    2.420749   clock uncertainty
                                 -0.221023    2.199725   clock reconvergence pessimism
                                 -0.065020    2.134706   library hold time
                                              2.134706   data required time
---------------------------------------------------------------------------------------------
                                              2.134706   data required time
                                             -3.292387   data arrival time
---------------------------------------------------------------------------------------------
                                              1.157681   slack (MET)


Startpoint: _1459_ (rising edge-triggered flip-flop clocked by clk)
Endpoint: _1459_ (rising edge-triggered flip-flop clocked by clk)
Path Group: clk
Path Type: min

Fanout         Cap        Slew       Delay        Time   Description
---------------------------------------------------------------------------------------------
                                  0.000000    0.000000   clock clk (rise edge)
                                  0.000000    0.000000   clock source latency
     2    0.157321    1.138872    0.793148    0.793148 ^ clk (in)
                                                         clk (net)
                      1.154477    0.000000    0.793148 ^ clkbuf_regs_0_clk/A (sky130_fd_sc_hd__clkbuf_16)
     1    0.008569    0.076270    0.545937    1.339084 ^ clkbuf_regs_0_clk/X (sky130_fd_sc_hd__clkbuf_16)
                                                         clk_regs (net)
                      0.076271    0.000255    1.339339 ^ clkbuf_0_clk_regs/A (sky130_fd_sc_hd__clkbuf_16)
     8    0.078792    0.146453    0.280000    1.619339 ^ clkbuf_0_clk_regs/X (sky130_fd_sc_hd__clkbuf_16)
                                                         clknet_0_clk_regs (net)
                      0.146472    0.001696    1.621035 ^ clkbuf_3_3_0_clk_regs/A (sky130_fd_sc_hd__clkbuf_8)
     2    0.019077    0.081268    0.255110    1.876146 ^ clkbuf_3_3_0_clk_regs/X (sky130_fd_sc_hd__clkbuf_8)
                                                         clknet_3_3_0_clk_regs (net)
                      0.081270    0.000532    1.876678 ^ clkbuf_4_6__f_clk_regs/A (sky130_fd_sc_hd__clkbuf_16)
     8    0.023967    0.072404    0.220675    2.097353 ^ clkbuf_4_6__f_clk_regs/X (sky130_fd_sc_hd__clkbuf_16)
                                                         clknet_4_6__leaf_clk_regs (net)
                      0.072404    0.000150    2.097503 ^ _1459_/CLK (sky130_fd_sc_hd__dfxtp_2)
     1    0.002752    0.052347    0.602606    2.700109 ^ _1459_/Q (sky130_fd_sc_hd__dfxtp_2)
                                                         u_top.instruction_mmu.u_tlb.vpn[0][12] (net)
                      0.052347    0.000075    2.700184 ^ _1785_/A (sky130_fd_sc_hd__buf_2)
     2    0.010187    0.096792    0.194916    2.895100 ^ _1785_/X (sky130_fd_sc_hd__buf_2)
                                                         _0707_ (net)
                      0.096792    0.000173    2.895273 ^ _1280_/B2 (sky130_fd_sc_hd__a22o_2)
     1    0.002393    0.058648    0.246597    3.141870 ^ _1280_/X (sky130_fd_sc_hd__a22o_2)
                                                         _0318_ (net)
                      0.058648    0.000047    3.141917 ^ _1880_/A (sky130_fd_sc_hd__buf_2)
     1    0.001900    0.040253    0.148580    3.290496 ^ _1880_/X (sky130_fd_sc_hd__buf_2)
                                                         _0920_ (net)
                      0.040253    0.000035    3.290532 ^ _1459_/D (sky130_fd_sc_hd__dfxtp_2)
                                              3.290532   data arrival time

                                  0.000000    0.000000   clock clk (rise edge)
                                  0.000000    0.000000   clock source latency
     2    0.157321    1.138872    0.876637    0.876637 ^ clk (in)
                                                         clk (net)
                      1.154477    0.000000    0.876637 ^ clkbuf_regs_0_clk/A (sky130_fd_sc_hd__clkbuf_16)
     1    0.008569    0.076270    0.603404    1.480040 ^ clkbuf_regs_0_clk/X (sky130_fd_sc_hd__clkbuf_16)
                                                         clk_regs (net)
                      0.076271    0.000282    1.480322 ^ clkbuf_0_clk_regs/A (sky130_fd_sc_hd__clkbuf_16)
     8    0.078792    0.146453    0.309474    1.789796 ^ clkbuf_0_clk_regs/X (sky130_fd_sc_hd__clkbuf_16)
                                                         clknet_0_clk_regs (net)
                      0.146472    0.001875    1.791671 ^ clkbuf_3_3_0_clk_regs/A (sky130_fd_sc_hd__clkbuf_8)
     2    0.019077    0.081268    0.281964    2.073635 ^ clkbuf_3_3_0_clk_regs/X (sky130_fd_sc_hd__clkbuf_8)
                                                         clknet_3_3_0_clk_regs (net)
                      0.081270    0.000588    2.074222 ^ clkbuf_4_6__f_clk_regs/A (sky130_fd_sc_hd__clkbuf_16)
     8    0.023967    0.072404    0.243904    2.318127 ^ clkbuf_4_6__f_clk_regs/X (sky130_fd_sc_hd__clkbuf_16)
                                                         clknet_4_6__leaf_clk_regs (net)
                      0.072404    0.000166    2.318293 ^ _1459_/CLK (sky130_fd_sc_hd__dfxtp_2)
                                  0.100000    2.418293   clock uncertainty
                                 -0.220790    2.197503   clock reconvergence pessimism
                                 -0.064673    2.132830   library hold time
                                              2.132830   data required time
---------------------------------------------------------------------------------------------
                                              2.132830   data required time
                                             -3.290532   data arrival time
---------------------------------------------------------------------------------------------
                                              1.157702   slack (MET)


Startpoint: _1452_ (rising edge-triggered flip-flop clocked by clk)
Endpoint: _1452_ (rising edge-triggered flip-flop clocked by clk)
Path Group: clk
Path Type: min

Fanout         Cap        Slew       Delay        Time   Description
---------------------------------------------------------------------------------------------
                                  0.000000    0.000000   clock clk (rise edge)
                                  0.000000    0.000000   clock source latency
     2    0.157321    1.138872    0.793148    0.793148 ^ clk (in)
                                                         clk (net)
                      1.154477    0.000000    0.793148 ^ clkbuf_regs_0_clk/A (sky130_fd_sc_hd__clkbuf_16)
     1    0.008569    0.076270    0.545937    1.339084 ^ clkbuf_regs_0_clk/X (sky130_fd_sc_hd__clkbuf_16)
                                                         clk_regs (net)
                      0.076271    0.000255    1.339339 ^ clkbuf_0_clk_regs/A (sky130_fd_sc_hd__clkbuf_16)
     8    0.078792    0.146453    0.280000    1.619339 ^ clkbuf_0_clk_regs/X (sky130_fd_sc_hd__clkbuf_16)
                                                         clknet_0_clk_regs (net)
                      0.146472    0.001696    1.621035 ^ clkbuf_3_3_0_clk_regs/A (sky130_fd_sc_hd__clkbuf_8)
     2    0.019077    0.081268    0.255110    1.876146 ^ clkbuf_3_3_0_clk_regs/X (sky130_fd_sc_hd__clkbuf_8)
                                                         clknet_3_3_0_clk_regs (net)
                      0.081270    0.000532    1.876678 ^ clkbuf_4_6__f_clk_regs/A (sky130_fd_sc_hd__clkbuf_16)
     8    0.023967    0.072404    0.220675    2.097353 ^ clkbuf_4_6__f_clk_regs/X (sky130_fd_sc_hd__clkbuf_16)
                                                         clknet_4_6__leaf_clk_regs (net)
                      0.072404    0.000119    2.097472 ^ _1452_/CLK (sky130_fd_sc_hd__dfxtp_2)
     1    0.002586    0.051493    0.601388    2.698860 ^ _1452_/Q (sky130_fd_sc_hd__dfxtp_2)
                                                         u_top.instruction_mmu.u_tlb.vpn[0][5] (net)
                      0.051493    0.000069    2.698929 ^ _1750_/A (sky130_fd_sc_hd__buf_2)
     2    0.010841    0.101465    0.198007    2.896936 ^ _1750_/X (sky130_fd_sc_hd__buf_2)
                                                         _0719_ (net)
                      0.101465    0.000268    2.897204 ^ _1273_/B2 (sky130_fd_sc_hd__a22o_2)
     1    0.002925    0.062115    0.253204    3.150408 ^ _1273_/X (sky130_fd_sc_hd__a22o_2)
                                                         _0311_ (net)
                      0.062115    0.000086    3.150494 ^ _1873_/A (sky130_fd_sc_hd__buf_2)
     1    0.002444    0.043713    0.153742    3.304236 ^ _1873_/X (sky130_fd_sc_hd__buf_2)
                                                         _0906_ (net)
                      0.043713    0.000068    3.304304 ^ _1452_/D (sky130_fd_sc_hd__dfxtp_2)
                                              3.304304   data arrival time

                                  0.000000    0.000000   clock clk (rise edge)
                                  0.000000    0.000000   clock source latency
     2    0.157321    1.138872    0.876637    0.876637 ^ clk (in)
                                                         clk (net)
                      1.154477    0.000000    0.876637 ^ clkbuf_regs_0_clk/A (sky130_fd_sc_hd__clkbuf_16)
     1    0.008569    0.076270    0.603404    1.480040 ^ clkbuf_regs_0_clk/X (sky130_fd_sc_hd__clkbuf_16)
                                                         clk_regs (net)
                      0.076271    0.000282    1.480322 ^ clkbuf_0_clk_regs/A (sky130_fd_sc_hd__clkbuf_16)
     8    0.078792    0.146453    0.309474    1.789796 ^ clkbuf_0_clk_regs/X (sky130_fd_sc_hd__clkbuf_16)
                                                         clknet_0_clk_regs (net)
                      0.146472    0.001875    1.791671 ^ clkbuf_3_3_0_clk_regs/A (sky130_fd_sc_hd__clkbuf_8)
     2    0.019077    0.081268    0.281964    2.073635 ^ clkbuf_3_3_0_clk_regs/X (sky130_fd_sc_hd__clkbuf_8)
                                                         clknet_3_3_0_clk_regs (net)
                      0.081270    0.000588    2.074222 ^ clkbuf_4_6__f_clk_regs/A (sky130_fd_sc_hd__clkbuf_16)
     8    0.023967    0.072404    0.243904    2.318127 ^ clkbuf_4_6__f_clk_regs/X (sky130_fd_sc_hd__clkbuf_16)
                                                         clknet_4_6__leaf_clk_regs (net)
                      0.072404    0.000132    2.318259 ^ _1452_/CLK (sky130_fd_sc_hd__dfxtp_2)
                                  0.100000    2.418259   clock uncertainty
                                 -0.220787    2.197472   clock reconvergence pessimism
                                 -0.065473    2.131999   library hold time
                                              2.131999   data required time
---------------------------------------------------------------------------------------------
                                              2.131999   data required time
                                             -3.304304   data arrival time
---------------------------------------------------------------------------------------------
                                              1.172306   slack (MET)


Startpoint: _1552_ (rising edge-triggered flip-flop clocked by clk)
Endpoint: _1552_ (rising edge-triggered flip-flop clocked by clk)
Path Group: clk
Path Type: min

Fanout         Cap        Slew       Delay        Time   Description
---------------------------------------------------------------------------------------------
                                  0.000000    0.000000   clock clk (rise edge)
                                  0.000000    0.000000   clock source latency
     2    0.157321    1.138872    0.793148    0.793148 ^ clk (in)
                                                         clk (net)
                      1.154477    0.000000    0.793148 ^ clkbuf_regs_0_clk/A (sky130_fd_sc_hd__clkbuf_16)
     1    0.008569    0.076270    0.545937    1.339084 ^ clkbuf_regs_0_clk/X (sky130_fd_sc_hd__clkbuf_16)
                                                         clk_regs (net)
                      0.076271    0.000255    1.339339 ^ clkbuf_0_clk_regs/A (sky130_fd_sc_hd__clkbuf_16)
     8    0.078792    0.146453    0.280000    1.619339 ^ clkbuf_0_clk_regs/X (sky130_fd_sc_hd__clkbuf_16)
                                                         clknet_0_clk_regs (net)
                      0.146472    0.001696    1.621035 ^ clkbuf_3_3_0_clk_regs/A (sky130_fd_sc_hd__clkbuf_8)
     2    0.019077    0.081268    0.255110    1.876146 ^ clkbuf_3_3_0_clk_regs/X (sky130_fd_sc_hd__clkbuf_8)
                                                         clknet_3_3_0_clk_regs (net)
                      0.081271    0.000591    1.876736 ^ clkbuf_4_7__f_clk_regs/A (sky130_fd_sc_hd__clkbuf_16)
     8    0.025070    0.073827    0.222174    2.098910 ^ clkbuf_4_7__f_clk_regs/X (sky130_fd_sc_hd__clkbuf_16)
                                                         clknet_4_7__leaf_clk_regs (net)
                      0.073828    0.000395    2.099305 ^ _1552_/CLK (sky130_fd_sc_hd__dfxtp_2)
     1    0.001880    0.036116    0.560617    2.659923 v _1552_/Q (sky130_fd_sc_hd__dfxtp_2)
                                                         u_top.RV32I_Logic.Single_Cycle_Datapath.pcREG.q[22] (net)
                      0.036116    0.000050    2.659973 v _1779_/A (sky130_fd_sc_hd__buf_2)
     7    0.029073    0.145638    0.296711    2.956684 v _1779_/X (sky130_fd_sc_hd__buf_2)
                                                         _0642_ (net)
                      0.145638    0.000588    2.957272 v _1407_/A1 (sky130_fd_sc_hd__a21oi_2)
     1    0.002500    0.107070    0.196140    3.153411 ^ _1407_/Y (sky130_fd_sc_hd__a21oi_2)
                                                         _0411_ (net)
                      0.107070    0.000072    3.153484 ^ _1973_/A (sky130_fd_sc_hd__buf_2)
     1    0.001951    0.040616    0.170509    3.323992 ^ _1973_/X (sky130_fd_sc_hd__buf_2)
                                                         _1060_ (net)
                      0.040616    0.000052    3.324044 ^ _1552_/D (sky130_fd_sc_hd__dfxtp_2)
                                              3.324044   data arrival time

                                  0.000000    0.000000   clock clk (rise edge)
                                  0.000000    0.000000   clock source latency
     2    0.157321    1.138872    0.876637    0.876637 ^ clk (in)
                                                         clk (net)
                      1.154477    0.000000    0.876637 ^ clkbuf_regs_0_clk/A (sky130_fd_sc_hd__clkbuf_16)
     1    0.008569    0.076270    0.603404    1.480040 ^ clkbuf_regs_0_clk/X (sky130_fd_sc_hd__clkbuf_16)
                                                         clk_regs (net)
                      0.076271    0.000282    1.480322 ^ clkbuf_0_clk_regs/A (sky130_fd_sc_hd__clkbuf_16)
     8    0.078792    0.146453    0.309474    1.789796 ^ clkbuf_0_clk_regs/X (sky130_fd_sc_hd__clkbuf_16)
                                                         clknet_0_clk_regs (net)
                      0.146472    0.001875    1.791671 ^ clkbuf_3_3_0_clk_regs/A (sky130_fd_sc_hd__clkbuf_8)
     2    0.019077    0.081268    0.281964    2.073635 ^ clkbuf_3_3_0_clk_regs/X (sky130_fd_sc_hd__clkbuf_8)
                                                         clknet_3_3_0_clk_regs (net)
                      0.081271    0.000653    2.074287 ^ clkbuf_4_7__f_clk_regs/A (sky130_fd_sc_hd__clkbuf_16)
     8    0.025070    0.073827    0.245560    2.319848 ^ clkbuf_4_7__f_clk_regs/X (sky130_fd_sc_hd__clkbuf_16)
                                                         clknet_4_7__leaf_clk_regs (net)
                      0.073828    0.000437    2.320285 ^ _1552_/CLK (sky130_fd_sc_hd__dfxtp_2)
                                  0.100000    2.420285   clock uncertainty
                                 -0.220979    2.199306   clock reconvergence pessimism
                                 -0.064531    2.134774   library hold time
                                              2.134774   data required time
---------------------------------------------------------------------------------------------
                                              2.134774   data required time
                                             -3.324044   data arrival time
---------------------------------------------------------------------------------------------
                                              1.189270   slack (MET)


Startpoint: _1546_ (rising edge-triggered flip-flop clocked by clk)
Endpoint: _1546_ (rising edge-triggered flip-flop clocked by clk)
Path Group: clk
Path Type: min

Fanout         Cap        Slew       Delay        Time   Description
---------------------------------------------------------------------------------------------
                                  0.000000    0.000000   clock clk (rise edge)
                                  0.000000    0.000000   clock source latency
     2    0.157321    1.138872    0.793148    0.793148 ^ clk (in)
                                                         clk (net)
                      1.154477    0.000000    0.793148 ^ clkbuf_regs_0_clk/A (sky130_fd_sc_hd__clkbuf_16)
     1    0.008569    0.076270    0.545937    1.339084 ^ clkbuf_regs_0_clk/X (sky130_fd_sc_hd__clkbuf_16)
                                                         clk_regs (net)
                      0.076271    0.000255    1.339339 ^ clkbuf_0_clk_regs/A (sky130_fd_sc_hd__clkbuf_16)
     8    0.078792    0.146453    0.280000    1.619339 ^ clkbuf_0_clk_regs/X (sky130_fd_sc_hd__clkbuf_16)
                                                         clknet_0_clk_regs (net)
                      0.146476    0.001799    1.621139 ^ clkbuf_3_6_0_clk_regs/A (sky130_fd_sc_hd__clkbuf_8)
     2    0.019776    0.082884    0.256635    1.877774 ^ clkbuf_3_6_0_clk_regs/X (sky130_fd_sc_hd__clkbuf_8)
                                                         clknet_3_6_0_clk_regs (net)
                      0.082887    0.000546    1.878320 ^ clkbuf_4_12__f_clk_regs/A (sky130_fd_sc_hd__clkbuf_16)
     8    0.023263    0.071524    0.220463    2.098783 ^ clkbuf_4_12__f_clk_regs/X (sky130_fd_sc_hd__clkbuf_16)
                                                         clknet_4_12__leaf_clk_regs (net)
                      0.071525    0.000219    2.099003 ^ _1546_/CLK (sky130_fd_sc_hd__dfxtp_2)
     1    0.002091    0.036942    0.560814    2.659817 v _1546_/Q (sky130_fd_sc_hd__dfxtp_2)
                                                         u_top.RV32I_Logic.Single_Cycle_Datapath.pcREG.q[16] (net)
                      0.036942    0.000055    2.659872 v _1749_/A (sky130_fd_sc_hd__buf_2)
     8    0.034464    0.166892    0.313434    2.973306 v _1749_/X (sky130_fd_sc_hd__buf_2)
                                                         _0636_ (net)
                      0.166892    0.000727    2.974033 v _1391_/A1 (sky130_fd_sc_hd__a21oi_2)
     1    0.002089    0.100436    0.199536    3.173569 ^ _1391_/Y (sky130_fd_sc_hd__a21oi_2)
                                                         _0405_ (net)
                      0.100436    0.000038    3.173606 ^ _1967_/A (sky130_fd_sc_hd__buf_2)
     1    0.002094    0.041498    0.168498    3.342104 ^ _1967_/X (sky130_fd_sc_hd__buf_2)
                                                         _1054_ (net)
                      0.041498    0.000058    3.342162 ^ _1546_/D (sky130_fd_sc_hd__dfxtp_2)
                                              3.342162   data arrival time

                                  0.000000    0.000000   clock clk (rise edge)
                                  0.000000    0.000000   clock source latency
     2    0.157321    1.138872    0.876637    0.876637 ^ clk (in)
                                                         clk (net)
                      1.154477    0.000000    0.876637 ^ clkbuf_regs_0_clk/A (sky130_fd_sc_hd__clkbuf_16)
     1    0.008569    0.076270    0.603404    1.480040 ^ clkbuf_regs_0_clk/X (sky130_fd_sc_hd__clkbuf_16)
                                                         clk_regs (net)
                      0.076271    0.000282    1.480322 ^ clkbuf_0_clk_regs/A (sky130_fd_sc_hd__clkbuf_16)
     8    0.078792    0.146453    0.309474    1.789796 ^ clkbuf_0_clk_regs/X (sky130_fd_sc_hd__clkbuf_16)
                                                         clknet_0_clk_regs (net)
                      0.146476    0.001989    1.791785 ^ clkbuf_3_6_0_clk_regs/A (sky130_fd_sc_hd__clkbuf_8)
     2    0.019776    0.082884    0.283649    2.075434 ^ clkbuf_3_6_0_clk_regs/X (sky130_fd_sc_hd__clkbuf_8)
                                                         clknet_3_6_0_clk_regs (net)
                      0.082887    0.000604    2.076038 ^ clkbuf_4_12__f_clk_regs/A (sky130_fd_sc_hd__clkbuf_16)
     8    0.023263    0.071524    0.243670    2.319708 ^ clkbuf_4_12__f_clk_regs/X (sky130_fd_sc_hd__clkbuf_16)
                                                         clknet_4_12__leaf_clk_regs (net)
                      0.071525    0.000242    2.319950 ^ _1546_/CLK (sky130_fd_sc_hd__dfxtp_2)
                                  0.100000    2.419950   clock uncertainty
                                 -0.220948    2.199003   clock reconvergence pessimism
                                 -0.065101    2.133902   library hold time
                                              2.133902   data required time
---------------------------------------------------------------------------------------------
                                              2.133902   data required time
                                             -3.342162   data arrival time
---------------------------------------------------------------------------------------------
                                              1.208260   slack (MET)


Startpoint: _1510_ (rising edge-triggered flip-flop clocked by clk)
Endpoint: _1510_ (rising edge-triggered flip-flop clocked by clk)
Path Group: clk
Path Type: min

Fanout         Cap        Slew       Delay        Time   Description
---------------------------------------------------------------------------------------------
                                  0.000000    0.000000   clock clk (rise edge)
                                  0.000000    0.000000   clock source latency
     2    0.157321    1.138872    0.793148    0.793148 ^ clk (in)
                                                         clk (net)
                      1.154477    0.000000    0.793148 ^ clkbuf_regs_0_clk/A (sky130_fd_sc_hd__clkbuf_16)
     1    0.008569    0.076270    0.545937    1.339084 ^ clkbuf_regs_0_clk/X (sky130_fd_sc_hd__clkbuf_16)
                                                         clk_regs (net)
                      0.076271    0.000255    1.339339 ^ clkbuf_0_clk_regs/A (sky130_fd_sc_hd__clkbuf_16)
     8    0.078792    0.146453    0.280000    1.619339 ^ clkbuf_0_clk_regs/X (sky130_fd_sc_hd__clkbuf_16)
                                                         clknet_0_clk_regs (net)
                      0.146515    0.002666    1.622005 ^ clkbuf_3_2_0_clk_regs/A (sky130_fd_sc_hd__clkbuf_8)
     2    0.018941    0.080956    0.254843    1.876848 ^ clkbuf_3_2_0_clk_regs/X (sky130_fd_sc_hd__clkbuf_8)
                                                         clknet_3_2_0_clk_regs (net)
                      0.080958    0.000526    1.877374 ^ clkbuf_4_4__f_clk_regs/A (sky130_fd_sc_hd__clkbuf_16)
     9    0.028472    0.078326    0.226584    2.103957 ^ clkbuf_4_4__f_clk_regs/X (sky130_fd_sc_hd__clkbuf_16)
                                                         clknet_4_4__leaf_clk_regs (net)
                      0.078326    0.000314    2.104272 ^ _1510_/CLK (sky130_fd_sc_hd__dfxtp_2)
     4    0.009006    0.095138    0.645262    2.749534 ^ _1510_/Q (sky130_fd_sc_hd__dfxtp_2)
                                                         u_top.instruction_mmu.u_tlb.flags[2][3] (net)
                      0.095138    0.000173    2.749707 ^ _1862_/A (sky130_fd_sc_hd__buf_2)
     2    0.008340    0.083804    0.203829    2.953536 ^ _1862_/X (sky130_fd_sc_hd__buf_2)
                                                         _0698_ (net)
                      0.083804    0.000111    2.953647 ^ _1331_/B (sky130_fd_sc_hd__and2_2)
     1    0.002418    0.064487    0.247509    3.201156 ^ _1331_/X (sky130_fd_sc_hd__and2_2)
                                                         _0369_ (net)
                      0.064487    0.000068    3.201224 ^ _1931_/A (sky130_fd_sc_hd__buf_2)
     1    0.002196    0.042116    0.153155    3.354379 ^ _1931_/X (sky130_fd_sc_hd__buf_2)
                                                         _1018_ (net)
                      0.042116    0.000059    3.354438 ^ _1510_/D (sky130_fd_sc_hd__dfxtp_2)
                                              3.354438   data arrival time

                                  0.000000    0.000000   clock clk (rise edge)
                                  0.000000    0.000000   clock source latency
     2    0.157321    1.138872    0.876637    0.876637 ^ clk (in)
                                                         clk (net)
                      1.154477    0.000000    0.876637 ^ clkbuf_regs_0_clk/A (sky130_fd_sc_hd__clkbuf_16)
     1    0.008569    0.076270    0.603404    1.480040 ^ clkbuf_regs_0_clk/X (sky130_fd_sc_hd__clkbuf_16)
                                                         clk_regs (net)
                      0.076271    0.000282    1.480322 ^ clkbuf_0_clk_regs/A (sky130_fd_sc_hd__clkbuf_16)
     8    0.078792    0.146453    0.309474    1.789796 ^ clkbuf_0_clk_regs/X (sky130_fd_sc_hd__clkbuf_16)
                                                         clknet_0_clk_regs (net)
                      0.146515    0.002947    1.792743 ^ clkbuf_3_2_0_clk_regs/A (sky130_fd_sc_hd__clkbuf_8)
     2    0.018941    0.080956    0.281668    2.074411 ^ clkbuf_3_2_0_clk_regs/X (sky130_fd_sc_hd__clkbuf_8)
                                                         clknet_3_2_0_clk_regs (net)
                      0.080958    0.000581    2.074992 ^ clkbuf_4_4__f_clk_regs/A (sky130_fd_sc_hd__clkbuf_16)
     9    0.028472    0.078326    0.250435    2.325426 ^ clkbuf_4_4__f_clk_regs/X (sky130_fd_sc_hd__clkbuf_16)
                                                         clknet_4_4__leaf_clk_regs (net)
                      0.078326    0.000347    2.325774 ^ _1510_/CLK (sky130_fd_sc_hd__dfxtp_2)
                                  0.100000    2.425774   clock uncertainty
                                 -0.221502    2.204272   clock reconvergence pessimism
                                 -0.064164    2.140108   library hold time
                                              2.140108   data required time
---------------------------------------------------------------------------------------------
                                              2.140108   data required time
                                             -3.354438   data arrival time
---------------------------------------------------------------------------------------------
                                              1.214329   slack (MET)


Startpoint: _1549_ (rising edge-triggered flip-flop clocked by clk)
Endpoint: _1549_ (rising edge-triggered flip-flop clocked by clk)
Path Group: clk
Path Type: min

Fanout         Cap        Slew       Delay        Time   Description
---------------------------------------------------------------------------------------------
                                  0.000000    0.000000   clock clk (rise edge)
                                  0.000000    0.000000   clock source latency
     2    0.157321    1.138872    0.793148    0.793148 ^ clk (in)
                                                         clk (net)
                      1.154477    0.000000    0.793148 ^ clkbuf_regs_0_clk/A (sky130_fd_sc_hd__clkbuf_16)
     1    0.008569    0.076270    0.545937    1.339084 ^ clkbuf_regs_0_clk/X (sky130_fd_sc_hd__clkbuf_16)
                                                         clk_regs (net)
                      0.076271    0.000255    1.339339 ^ clkbuf_0_clk_regs/A (sky130_fd_sc_hd__clkbuf_16)
     8    0.078792    0.146453    0.280000    1.619339 ^ clkbuf_0_clk_regs/X (sky130_fd_sc_hd__clkbuf_16)
                                                         clknet_0_clk_regs (net)
                      0.146476    0.001799    1.621139 ^ clkbuf_3_6_0_clk_regs/A (sky130_fd_sc_hd__clkbuf_8)
     2    0.019776    0.082884    0.256635    1.877774 ^ clkbuf_3_6_0_clk_regs/X (sky130_fd_sc_hd__clkbuf_8)
                                                         clknet_3_6_0_clk_regs (net)
                      0.082886    0.000512    1.878286 ^ clkbuf_4_13__f_clk_regs/A (sky130_fd_sc_hd__clkbuf_16)
     8    0.024105    0.072567    0.221410    2.099695 ^ clkbuf_4_13__f_clk_regs/X (sky130_fd_sc_hd__clkbuf_16)
                                                         clknet_4_13__leaf_clk_regs (net)
                      0.072600    0.000878    2.100574 ^ _1549_/CLK (sky130_fd_sc_hd__dfxtp_2)
     1    0.002150    0.037166    0.561613    2.662186 v _1549_/Q (sky130_fd_sc_hd__dfxtp_2)
                                                         u_top.RV32I_Logic.Single_Cycle_Datapath.pcREG.q[19] (net)
                      0.037166    0.000057    2.662243 v _1764_/A (sky130_fd_sc_hd__buf_2)
     8    0.034669    0.167814    0.313892    2.976135 v _1764_/X (sky130_fd_sc_hd__buf_2)
                                                         _0639_ (net)
                      0.167814    0.000711    2.976847 v _1399_/A1 (sky130_fd_sc_hd__a21oi_2)
     1    0.002630    0.109444    0.207216    3.184062 ^ _1399_/Y (sky130_fd_sc_hd__a21oi_2)
                                                         _0408_ (net)
                      0.109444    0.000075    3.184138 ^ _1970_/A (sky130_fd_sc_hd__buf_2)
     1    0.001983    0.040829    0.171771    3.355909 ^ _1970_/X (sky130_fd_sc_hd__buf_2)
                                                         _1057_ (net)
                      0.040829    0.000052    3.355961 ^ _1549_/D (sky130_fd_sc_hd__dfxtp_2)
                                              3.355961   data arrival time

                                  0.000000    0.000000   clock clk (rise edge)
                                  0.000000    0.000000   clock source latency
     2    0.157321    1.138872    0.876637    0.876637 ^ clk (in)
                                                         clk (net)
                      1.154477    0.000000    0.876637 ^ clkbuf_regs_0_clk/A (sky130_fd_sc_hd__clkbuf_16)
     1    0.008569    0.076270    0.603404    1.480040 ^ clkbuf_regs_0_clk/X (sky130_fd_sc_hd__clkbuf_16)
                                                         clk_regs (net)
                      0.076271    0.000282    1.480322 ^ clkbuf_0_clk_regs/A (sky130_fd_sc_hd__clkbuf_16)
     8    0.078792    0.146453    0.309474    1.789796 ^ clkbuf_0_clk_regs/X (sky130_fd_sc_hd__clkbuf_16)
                                                         clknet_0_clk_regs (net)
                      0.146476    0.001989    1.791785 ^ clkbuf_3_6_0_clk_regs/A (sky130_fd_sc_hd__clkbuf_8)
     2    0.019776    0.082884    0.283649    2.075434 ^ clkbuf_3_6_0_clk_regs/X (sky130_fd_sc_hd__clkbuf_8)
                                                         clknet_3_6_0_clk_regs (net)
                      0.082886    0.000566    2.076000 ^ clkbuf_4_13__f_clk_regs/A (sky130_fd_sc_hd__clkbuf_16)
     8    0.024105    0.072567    0.244716    2.320716 ^ clkbuf_4_13__f_clk_regs/X (sky130_fd_sc_hd__clkbuf_16)
                                                         clknet_4_13__leaf_clk_regs (net)
                      0.072600    0.000971    2.321687 ^ _1549_/CLK (sky130_fd_sc_hd__dfxtp_2)
                                  0.100000    2.421686   clock uncertainty
                                 -0.221113    2.200573   clock reconvergence pessimism
                                 -0.064775    2.135798   library hold time
                                              2.135798   data required time
---------------------------------------------------------------------------------------------
                                              2.135798   data required time
                                             -3.355961   data arrival time
---------------------------------------------------------------------------------------------
                                              1.220163   slack (MET)


Startpoint: _1507_ (rising edge-triggered flip-flop clocked by clk)
Endpoint: _1507_ (rising edge-triggered flip-flop clocked by clk)
Path Group: clk
Path Type: min

Fanout         Cap        Slew       Delay        Time   Description
---------------------------------------------------------------------------------------------
                                  0.000000    0.000000   clock clk (rise edge)
                                  0.000000    0.000000   clock source latency
     2    0.157321    1.138872    0.793148    0.793148 ^ clk (in)
                                                         clk (net)
                      1.154477    0.000000    0.793148 ^ clkbuf_regs_0_clk/A (sky130_fd_sc_hd__clkbuf_16)
     1    0.008569    0.076270    0.545937    1.339084 ^ clkbuf_regs_0_clk/X (sky130_fd_sc_hd__clkbuf_16)
                                                         clk_regs (net)
                      0.076271    0.000255    1.339339 ^ clkbuf_0_clk_regs/A (sky130_fd_sc_hd__clkbuf_16)
     8    0.078792    0.146453    0.280000    1.619339 ^ clkbuf_0_clk_regs/X (sky130_fd_sc_hd__clkbuf_16)
                                                         clknet_0_clk_regs (net)
                      0.146515    0.002666    1.622005 ^ clkbuf_3_2_0_clk_regs/A (sky130_fd_sc_hd__clkbuf_8)
     2    0.018941    0.080956    0.254843    1.876848 ^ clkbuf_3_2_0_clk_regs/X (sky130_fd_sc_hd__clkbuf_8)
                                                         clknet_3_2_0_clk_regs (net)
                      0.080959    0.000544    1.877393 ^ clkbuf_4_5__f_clk_regs/A (sky130_fd_sc_hd__clkbuf_16)
     8    0.026986    0.076362    0.224423    2.101815 ^ clkbuf_4_5__f_clk_regs/X (sky130_fd_sc_hd__clkbuf_16)
                                                         clknet_4_5__leaf_clk_regs (net)
                      0.076379    0.000980    2.102795 ^ _1507_/CLK (sky130_fd_sc_hd__dfxtp_2)
     4    0.009147    0.096145    0.645194    2.747988 ^ _1507_/Q (sky130_fd_sc_hd__dfxtp_2)
                                                         u_top.instruction_mmu.u_tlb.flags[3][3] (net)
                      0.096145    0.000237    2.748225 ^ _1863_/A (sky130_fd_sc_hd__buf_2)
     2    0.009870    0.094621    0.212381    2.960606 ^ _1863_/X (sky130_fd_sc_hd__buf_2)
                                                         _0699_ (net)
                      0.094621    0.000208    2.960815 ^ _1328_/B (sky130_fd_sc_hd__and2_2)
     1    0.002237    0.063256    0.249883    3.210698 ^ _1328_/X (sky130_fd_sc_hd__and2_2)
                                                         _0366_ (net)
                      0.063256    0.000061    3.210759 ^ _1928_/A (sky130_fd_sc_hd__buf_2)
     1    0.001797    0.039565    0.149952    3.360710 ^ _1928_/X (sky130_fd_sc_hd__buf_2)
                                                         _1015_ (net)
                      0.039565    0.000047    3.360758 ^ _1507_/D (sky130_fd_sc_hd__dfxtp_2)
                                              3.360758   data arrival time

                                  0.000000    0.000000   clock clk (rise edge)
                                  0.000000    0.000000   clock source latency
     2    0.157321    1.138872    0.876637    0.876637 ^ clk (in)
                                                         clk (net)
                      1.154477    0.000000    0.876637 ^ clkbuf_regs_0_clk/A (sky130_fd_sc_hd__clkbuf_16)
     1    0.008569    0.076270    0.603404    1.480040 ^ clkbuf_regs_0_clk/X (sky130_fd_sc_hd__clkbuf_16)
                                                         clk_regs (net)
                      0.076271    0.000282    1.480322 ^ clkbuf_0_clk_regs/A (sky130_fd_sc_hd__clkbuf_16)
     8    0.078792    0.146453    0.309474    1.789796 ^ clkbuf_0_clk_regs/X (sky130_fd_sc_hd__clkbuf_16)
                                                         clknet_0_clk_regs (net)
                      0.146515    0.002947    1.792743 ^ clkbuf_3_2_0_clk_regs/A (sky130_fd_sc_hd__clkbuf_8)
     2    0.018941    0.080956    0.281668    2.074411 ^ clkbuf_3_2_0_clk_regs/X (sky130_fd_sc_hd__clkbuf_8)
                                                         clknet_3_2_0_clk_regs (net)
                      0.080959    0.000602    2.075013 ^ clkbuf_4_5__f_clk_regs/A (sky130_fd_sc_hd__clkbuf_16)
     8    0.026986    0.076362    0.248046    2.323059 ^ clkbuf_4_5__f_clk_regs/X (sky130_fd_sc_hd__clkbuf_16)
                                                         clknet_4_5__leaf_clk_regs (net)
                      0.076379    0.001083    2.324142 ^ _1507_/CLK (sky130_fd_sc_hd__dfxtp_2)
                                  0.100000    2.424142   clock uncertainty
                                 -0.221347    2.202795   clock reconvergence pessimism
                                 -0.063883    2.138912   library hold time
                                              2.138912   data required time
---------------------------------------------------------------------------------------------
                                              2.138912   data required time
                                             -3.360758   data arrival time
---------------------------------------------------------------------------------------------
                                              1.221846   slack (MET)


Startpoint: _1508_ (rising edge-triggered flip-flop clocked by clk)
Endpoint: _1508_ (rising edge-triggered flip-flop clocked by clk)
Path Group: clk
Path Type: min

Fanout         Cap        Slew       Delay        Time   Description
---------------------------------------------------------------------------------------------
                                  0.000000    0.000000   clock clk (rise edge)
                                  0.000000    0.000000   clock source latency
     2    0.157321    1.138872    0.793148    0.793148 ^ clk (in)
                                                         clk (net)
                      1.154477    0.000000    0.793148 ^ clkbuf_regs_0_clk/A (sky130_fd_sc_hd__clkbuf_16)
     1    0.008569    0.076270    0.545937    1.339084 ^ clkbuf_regs_0_clk/X (sky130_fd_sc_hd__clkbuf_16)
                                                         clk_regs (net)
                      0.076271    0.000255    1.339339 ^ clkbuf_0_clk_regs/A (sky130_fd_sc_hd__clkbuf_16)
     8    0.078792    0.146453    0.280000    1.619339 ^ clkbuf_0_clk_regs/X (sky130_fd_sc_hd__clkbuf_16)
                                                         clknet_0_clk_regs (net)
                      0.146515    0.002666    1.622005 ^ clkbuf_3_2_0_clk_regs/A (sky130_fd_sc_hd__clkbuf_8)
     2    0.018941    0.080956    0.254843    1.876848 ^ clkbuf_3_2_0_clk_regs/X (sky130_fd_sc_hd__clkbuf_8)
                                                         clknet_3_2_0_clk_regs (net)
                      0.080959    0.000544    1.877393 ^ clkbuf_4_5__f_clk_regs/A (sky130_fd_sc_hd__clkbuf_16)
     8    0.026986    0.076362    0.224423    2.101815 ^ clkbuf_4_5__f_clk_regs/X (sky130_fd_sc_hd__clkbuf_16)
                                                         clknet_4_5__leaf_clk_regs (net)
                      0.076376    0.000912    2.102727 ^ _1508_/CLK (sky130_fd_sc_hd__dfxtp_2)
     4    0.009689    0.100001    0.648314    2.751041 ^ _1508_/Q (sky130_fd_sc_hd__dfxtp_2)
                                                         u_top.instruction_mmu.u_tlb.flags[0][3] (net)
                      0.100001    0.000188    2.751229 ^ _1860_/A (sky130_fd_sc_hd__buf_2)
     2    0.009195    0.089837    0.210536    2.961765 ^ _1860_/X (sky130_fd_sc_hd__buf_2)
                                                         _0696_ (net)
                      0.089837    0.000200    2.961965 ^ _1329_/A1 (sky130_fd_sc_hd__o21a_2)
     1    0.003469    0.058601    0.248515    3.210480 ^ _1329_/X (sky130_fd_sc_hd__o21a_2)
                                                         _0367_ (net)
                      0.058601    0.000101    3.210582 ^ _1929_/A (sky130_fd_sc_hd__buf_2)
     1    0.002505    0.044117    0.152578    3.363160 ^ _1929_/X (sky130_fd_sc_hd__buf_2)
                                                         _1016_ (net)
                      0.044117    0.000073    3.363234 ^ _1508_/D (sky130_fd_sc_hd__dfxtp_2)
                                              3.363234   data arrival time

                                  0.000000    0.000000   clock clk (rise edge)
                                  0.000000    0.000000   clock source latency
     2    0.157321    1.138872    0.876637    0.876637 ^ clk (in)
                                                         clk (net)
                      1.154477    0.000000    0.876637 ^ clkbuf_regs_0_clk/A (sky130_fd_sc_hd__clkbuf_16)
     1    0.008569    0.076270    0.603404    1.480040 ^ clkbuf_regs_0_clk/X (sky130_fd_sc_hd__clkbuf_16)
                                                         clk_regs (net)
                      0.076271    0.000282    1.480322 ^ clkbuf_0_clk_regs/A (sky130_fd_sc_hd__clkbuf_16)
     8    0.078792    0.146453    0.309474    1.789796 ^ clkbuf_0_clk_regs/X (sky130_fd_sc_hd__clkbuf_16)
                                                         clknet_0_clk_regs (net)
                      0.146515    0.002947    1.792743 ^ clkbuf_3_2_0_clk_regs/A (sky130_fd_sc_hd__clkbuf_8)
     2    0.018941    0.080956    0.281668    2.074411 ^ clkbuf_3_2_0_clk_regs/X (sky130_fd_sc_hd__clkbuf_8)
                                                         clknet_3_2_0_clk_regs (net)
                      0.080959    0.000602    2.075013 ^ clkbuf_4_5__f_clk_regs/A (sky130_fd_sc_hd__clkbuf_16)
     8    0.026986    0.076362    0.248046    2.323059 ^ clkbuf_4_5__f_clk_regs/X (sky130_fd_sc_hd__clkbuf_16)
                                                         clknet_4_5__leaf_clk_regs (net)
                      0.076376    0.001008    2.324067 ^ _1508_/CLK (sky130_fd_sc_hd__dfxtp_2)
                                  0.100000    2.424067   clock uncertainty
                                 -0.221340    2.202727   clock reconvergence pessimism
                                 -0.064936    2.137791   library hold time
                                              2.137791   data required time
---------------------------------------------------------------------------------------------
                                              2.137791   data required time
                                             -3.363234   data arrival time
---------------------------------------------------------------------------------------------
                                              1.225442   slack (MET)


Startpoint: _1509_ (rising edge-triggered flip-flop clocked by clk)
Endpoint: _1509_ (rising edge-triggered flip-flop clocked by clk)
Path Group: clk
Path Type: min

Fanout         Cap        Slew       Delay        Time   Description
---------------------------------------------------------------------------------------------
                                  0.000000    0.000000   clock clk (rise edge)
                                  0.000000    0.000000   clock source latency
     2    0.157321    1.138872    0.793148    0.793148 ^ clk (in)
                                                         clk (net)
                      1.154477    0.000000    0.793148 ^ clkbuf_regs_0_clk/A (sky130_fd_sc_hd__clkbuf_16)
     1    0.008569    0.076270    0.545937    1.339084 ^ clkbuf_regs_0_clk/X (sky130_fd_sc_hd__clkbuf_16)
                                                         clk_regs (net)
                      0.076271    0.000255    1.339339 ^ clkbuf_0_clk_regs/A (sky130_fd_sc_hd__clkbuf_16)
     8    0.078792    0.146453    0.280000    1.619339 ^ clkbuf_0_clk_regs/X (sky130_fd_sc_hd__clkbuf_16)
                                                         clknet_0_clk_regs (net)
                      0.146515    0.002666    1.622005 ^ clkbuf_3_2_0_clk_regs/A (sky130_fd_sc_hd__clkbuf_8)
     2    0.018941    0.080956    0.254843    1.876848 ^ clkbuf_3_2_0_clk_regs/X (sky130_fd_sc_hd__clkbuf_8)
                                                         clknet_3_2_0_clk_regs (net)
                      0.080958    0.000526    1.877374 ^ clkbuf_4_4__f_clk_regs/A (sky130_fd_sc_hd__clkbuf_16)
     9    0.028472    0.078326    0.226584    2.103957 ^ clkbuf_4_4__f_clk_regs/X (sky130_fd_sc_hd__clkbuf_16)
                                                         clknet_4_4__leaf_clk_regs (net)
                      0.078326    0.000283    2.104240 ^ _1509_/CLK (sky130_fd_sc_hd__dfxtp_2)
     4    0.009009    0.095159    0.645276    2.749516 ^ _1509_/Q (sky130_fd_sc_hd__dfxtp_2)
                                                         u_top.instruction_mmu.u_tlb.flags[1][3] (net)
                      0.095159    0.000182    2.749699 ^ _1861_/A (sky130_fd_sc_hd__buf_2)
     2    0.009892    0.094771    0.212093    2.961792 ^ _1861_/X (sky130_fd_sc_hd__buf_2)
                                                         _0697_ (net)
                      0.094771    0.000169    2.961960 ^ _1330_/B (sky130_fd_sc_hd__and2_2)
     1    0.002198    0.062986    0.249611    3.211571 ^ _1330_/X (sky130_fd_sc_hd__and2_2)
                                                         _0368_ (net)
                      0.062986    0.000042    3.211613 ^ _1930_/A (sky130_fd_sc_hd__buf_2)
     1    0.002819    0.046104    0.156624    3.368237 ^ _1930_/X (sky130_fd_sc_hd__buf_2)
                                                         _1017_ (net)
                      0.046104    0.000060    3.368298 ^ _1509_/D (sky130_fd_sc_hd__dfxtp_2)
                                              3.368298   data arrival time

                                  0.000000    0.000000   clock clk (rise edge)
                                  0.000000    0.000000   clock source latency
     2    0.157321    1.138872    0.876637    0.876637 ^ clk (in)
                                                         clk (net)
                      1.154477    0.000000    0.876637 ^ clkbuf_regs_0_clk/A (sky130_fd_sc_hd__clkbuf_16)
     1    0.008569    0.076270    0.603404    1.480040 ^ clkbuf_regs_0_clk/X (sky130_fd_sc_hd__clkbuf_16)
                                                         clk_regs (net)
                      0.076271    0.000282    1.480322 ^ clkbuf_0_clk_regs/A (sky130_fd_sc_hd__clkbuf_16)
     8    0.078792    0.146453    0.309474    1.789796 ^ clkbuf_0_clk_regs/X (sky130_fd_sc_hd__clkbuf_16)
                                                         clknet_0_clk_regs (net)
                      0.146515    0.002947    1.792743 ^ clkbuf_3_2_0_clk_regs/A (sky130_fd_sc_hd__clkbuf_8)
     2    0.018941    0.080956    0.281668    2.074411 ^ clkbuf_3_2_0_clk_regs/X (sky130_fd_sc_hd__clkbuf_8)
                                                         clknet_3_2_0_clk_regs (net)
                      0.080958    0.000581    2.074992 ^ clkbuf_4_4__f_clk_regs/A (sky130_fd_sc_hd__clkbuf_16)
     9    0.028472    0.078326    0.250435    2.325426 ^ clkbuf_4_4__f_clk_regs/X (sky130_fd_sc_hd__clkbuf_16)
                                                         clknet_4_4__leaf_clk_regs (net)
                      0.078326    0.000312    2.325739 ^ _1509_/CLK (sky130_fd_sc_hd__dfxtp_2)
                                  0.100000    2.425739   clock uncertainty
                                 -0.221499    2.204240   clock reconvergence pessimism
                                 -0.065086    2.139154   library hold time
                                              2.139154   data required time
---------------------------------------------------------------------------------------------
                                              2.139154   data required time
                                             -3.368298   data arrival time
---------------------------------------------------------------------------------------------
                                              1.229143   slack (MET)


Startpoint: _1559_ (rising edge-triggered flip-flop clocked by clk)
Endpoint: _1559_ (rising edge-triggered flip-flop clocked by clk)
Path Group: clk
Path Type: min

Fanout         Cap        Slew       Delay        Time   Description
---------------------------------------------------------------------------------------------
                                  0.000000    0.000000   clock clk (rise edge)
                                  0.000000    0.000000   clock source latency
     2    0.157321    1.138872    0.793148    0.793148 ^ clk (in)
                                                         clk (net)
                      1.154477    0.000000    0.793148 ^ clkbuf_regs_0_clk/A (sky130_fd_sc_hd__clkbuf_16)
     1    0.008569    0.076270    0.545937    1.339084 ^ clkbuf_regs_0_clk/X (sky130_fd_sc_hd__clkbuf_16)
                                                         clk_regs (net)
                      0.076271    0.000255    1.339339 ^ clkbuf_0_clk_regs/A (sky130_fd_sc_hd__clkbuf_16)
     8    0.078792    0.146453    0.280000    1.619339 ^ clkbuf_0_clk_regs/X (sky130_fd_sc_hd__clkbuf_16)
                                                         clknet_0_clk_regs (net)
                      0.146489    0.002153    1.621492 ^ clkbuf_3_4_0_clk_regs/A (sky130_fd_sc_hd__clkbuf_8)
     2    0.018992    0.081069    0.254959    1.876451 ^ clkbuf_3_4_0_clk_regs/X (sky130_fd_sc_hd__clkbuf_8)
                                                         clknet_3_4_0_clk_regs (net)
                      0.081072    0.000521    1.876972 ^ clkbuf_4_9__f_clk_regs/A (sky130_fd_sc_hd__clkbuf_16)
     9    0.028405    0.078237    0.226543    2.103515 ^ clkbuf_4_9__f_clk_regs/X (sky130_fd_sc_hd__clkbuf_16)
                                                         clknet_4_9__leaf_clk_regs (net)
                      0.078238    0.000439    2.103954 ^ _1559_/CLK (sky130_fd_sc_hd__dfxtp_2)
     1    0.002464    0.038373    0.565839    2.669793 v _1559_/Q (sky130_fd_sc_hd__dfxtp_2)
                                                         u_top.RV32I_Logic.Single_Cycle_Datapath.pcREG.q[29] (net)
                      0.038373    0.000067    2.669860 v _1814_/A (sky130_fd_sc_hd__buf_2)
     8    0.038082    0.181326    0.324814    2.994674 v _1814_/X (sky130_fd_sc_hd__buf_2)
                                                         _0649_ (net)
                      0.181329    0.000967    2.995642 v _1427_/A1 (sky130_fd_sc_hd__a21oi_2)
     1    0.002151    0.101622    0.206448    3.202089 ^ _1427_/Y (sky130_fd_sc_hd__a21oi_2)
                                                         _0418_ (net)
                      0.101622    0.000060    3.202149 ^ _1980_/A (sky130_fd_sc_hd__buf_2)
     1    0.002520    0.044238    0.171836    3.373985 ^ _1980_/X (sky130_fd_sc_hd__buf_2)
                                                         _1067_ (net)
                      0.044238    0.000069    3.374054 ^ _1559_/D (sky130_fd_sc_hd__dfxtp_2)
                                              3.374054   data arrival time

                                  0.000000    0.000000   clock clk (rise edge)
                                  0.000000    0.000000   clock source latency
     2    0.157321    1.138872    0.876637    0.876637 ^ clk (in)
                                                         clk (net)
                      1.154477    0.000000    0.876637 ^ clkbuf_regs_0_clk/A (sky130_fd_sc_hd__clkbuf_16)
     1    0.008569    0.076270    0.603404    1.480040 ^ clkbuf_regs_0_clk/X (sky130_fd_sc_hd__clkbuf_16)
                                                         clk_regs (net)
                      0.076271    0.000282    1.480322 ^ clkbuf_0_clk_regs/A (sky130_fd_sc_hd__clkbuf_16)
     8    0.078792    0.146453    0.309474    1.789796 ^ clkbuf_0_clk_regs/X (sky130_fd_sc_hd__clkbuf_16)
                                                         clknet_0_clk_regs (net)
                      0.146489    0.002380    1.792176 ^ clkbuf_3_4_0_clk_regs/A (sky130_fd_sc_hd__clkbuf_8)
     2    0.018992    0.081069    0.281797    2.073972 ^ clkbuf_3_4_0_clk_regs/X (sky130_fd_sc_hd__clkbuf_8)
                                                         clknet_3_4_0_clk_regs (net)
                      0.081072    0.000576    2.074548 ^ clkbuf_4_9__f_clk_regs/A (sky130_fd_sc_hd__clkbuf_16)
     9    0.028405    0.078237    0.250389    2.324937 ^ clkbuf_4_9__f_clk_regs/X (sky130_fd_sc_hd__clkbuf_16)
                                                         clknet_4_9__leaf_clk_regs (net)
                      0.078238    0.000485    2.325423 ^ _1559_/CLK (sky130_fd_sc_hd__dfxtp_2)
                                  0.100000    2.425423   clock uncertainty
                                 -0.221469    2.203954   clock reconvergence pessimism
                                 -0.064668    2.139286   library hold time
                                              2.139286   data required time
---------------------------------------------------------------------------------------------
                                              2.139286   data required time
                                             -3.374054   data arrival time
---------------------------------------------------------------------------------------------
                                              1.234768   slack (MET)


Startpoint: _1555_ (rising edge-triggered flip-flop clocked by clk)
Endpoint: _1555_ (rising edge-triggered flip-flop clocked by clk)
Path Group: clk
Path Type: min

Fanout         Cap        Slew       Delay        Time   Description
---------------------------------------------------------------------------------------------
                                  0.000000    0.000000   clock clk (rise edge)
                                  0.000000    0.000000   clock source latency
     2    0.157321    1.138872    0.793148    0.793148 ^ clk (in)
                                                         clk (net)
                      1.154477    0.000000    0.793148 ^ clkbuf_regs_0_clk/A (sky130_fd_sc_hd__clkbuf_16)
     1    0.008569    0.076270    0.545937    1.339084 ^ clkbuf_regs_0_clk/X (sky130_fd_sc_hd__clkbuf_16)
                                                         clk_regs (net)
                      0.076271    0.000255    1.339339 ^ clkbuf_0_clk_regs/A (sky130_fd_sc_hd__clkbuf_16)
     8    0.078792    0.146453    0.280000    1.619339 ^ clkbuf_0_clk_regs/X (sky130_fd_sc_hd__clkbuf_16)
                                                         clknet_0_clk_regs (net)
                      0.146489    0.002153    1.621492 ^ clkbuf_3_4_0_clk_regs/A (sky130_fd_sc_hd__clkbuf_8)
     2    0.018992    0.081069    0.254959    1.876451 ^ clkbuf_3_4_0_clk_regs/X (sky130_fd_sc_hd__clkbuf_8)
                                                         clknet_3_4_0_clk_regs (net)
                      0.081071    0.000493    1.876944 ^ clkbuf_4_8__f_clk_regs/A (sky130_fd_sc_hd__clkbuf_16)
     9    0.027849    0.077510    0.225685    2.102629 ^ clkbuf_4_8__f_clk_regs/X (sky130_fd_sc_hd__clkbuf_16)
                                                         clknet_4_8__leaf_clk_regs (net)
                      0.077519    0.000783    2.103412 ^ _1555_/CLK (sky130_fd_sc_hd__dfxtp_2)
     1    0.002248    0.037539    0.564305    2.667717 v _1555_/Q (sky130_fd_sc_hd__dfxtp_2)
                                                         u_top.RV32I_Logic.Single_Cycle_Datapath.pcREG.q[25] (net)
                      0.037539    0.000060    2.667778 v _1794_/A (sky130_fd_sc_hd__buf_2)
    10    0.038800    0.184154    0.326689    2.994467 v _1794_/X (sky130_fd_sc_hd__buf_2)
                                                         _0645_ (net)
                      0.184155    0.000746    2.995212 v _1415_/A1 (sky130_fd_sc_hd__a21oi_2)
     1    0.002750    0.111602    0.215704    3.210917 ^ _1415_/Y (sky130_fd_sc_hd__a21oi_2)
                                                         _0414_ (net)
                      0.111602    0.000080    3.210996 ^ _1976_/A (sky130_fd_sc_hd__buf_2)
     1    0.002029    0.041138    0.173036    3.384032 ^ _1976_/X (sky130_fd_sc_hd__buf_2)
                                                         _1063_ (net)
                      0.041138    0.000053    3.384085 ^ _1555_/D (sky130_fd_sc_hd__dfxtp_2)
                                              3.384085   data arrival time

                                  0.000000    0.000000   clock clk (rise edge)
                                  0.000000    0.000000   clock source latency
     2    0.157321    1.138872    0.876637    0.876637 ^ clk (in)
                                                         clk (net)
                      1.154477    0.000000    0.876637 ^ clkbuf_regs_0_clk/A (sky130_fd_sc_hd__clkbuf_16)
     1    0.008569    0.076270    0.603404    1.480040 ^ clkbuf_regs_0_clk/X (sky130_fd_sc_hd__clkbuf_16)
                                                         clk_regs (net)
                      0.076271    0.000282    1.480322 ^ clkbuf_0_clk_regs/A (sky130_fd_sc_hd__clkbuf_16)
     8    0.078792    0.146453    0.309474    1.789796 ^ clkbuf_0_clk_regs/X (sky130_fd_sc_hd__clkbuf_16)
                                                         clknet_0_clk_regs (net)
                      0.146489    0.002380    1.792176 ^ clkbuf_3_4_0_clk_regs/A (sky130_fd_sc_hd__clkbuf_8)
     2    0.018992    0.081069    0.281797    2.073972 ^ clkbuf_3_4_0_clk_regs/X (sky130_fd_sc_hd__clkbuf_8)
                                                         clknet_3_4_0_clk_regs (net)
                      0.081071    0.000545    2.074517 ^ clkbuf_4_8__f_clk_regs/A (sky130_fd_sc_hd__clkbuf_16)
     9    0.027849    0.077510    0.249441    2.323958 ^ clkbuf_4_8__f_clk_regs/X (sky130_fd_sc_hd__clkbuf_16)
                                                         clknet_4_8__leaf_clk_regs (net)
                      0.077519    0.000866    2.324824 ^ _1555_/CLK (sky130_fd_sc_hd__dfxtp_2)
                                  0.100000    2.424824   clock uncertainty
                                 -0.221412    2.203412   clock reconvergence pessimism
                                 -0.064066    2.139346   library hold time
                                              2.139346   data required time
---------------------------------------------------------------------------------------------
                                              2.139346   data required time
                                             -3.384085   data arrival time
---------------------------------------------------------------------------------------------
                                              1.244739   slack (MET)


Startpoint: _1573_ (rising edge-triggered flip-flop clocked by clk)
Endpoint: u_top.dataMemory.sram_odd_words
          (falling edge-triggered flip-flop clocked by clk)
Path Group: clk
Path Type: min

Fanout         Cap        Slew       Delay        Time   Description
---------------------------------------------------------------------------------------------
                                  0.000000    0.000000   clock clk (rise edge)
                                  0.000000    0.000000   clock source latency
     2    0.157321    1.138872    0.793148    0.793148 ^ clk (in)
                                                         clk (net)
                      1.154477    0.000000    0.793148 ^ clkbuf_regs_0_clk/A (sky130_fd_sc_hd__clkbuf_16)
     1    0.008569    0.076270    0.545937    1.339084 ^ clkbuf_regs_0_clk/X (sky130_fd_sc_hd__clkbuf_16)
                                                         clk_regs (net)
                      0.076271    0.000255    1.339339 ^ clkbuf_0_clk_regs/A (sky130_fd_sc_hd__clkbuf_16)
     8    0.078792    0.146453    0.280000    1.619339 ^ clkbuf_0_clk_regs/X (sky130_fd_sc_hd__clkbuf_16)
                                                         clknet_0_clk_regs (net)
                      0.146521    0.002778    1.622118 ^ clkbuf_3_0_0_clk_regs/A (sky130_fd_sc_hd__clkbuf_8)
     2    0.018181    0.079205    0.253267    1.875385 ^ clkbuf_3_0_0_clk_regs/X (sky130_fd_sc_hd__clkbuf_8)
                                                         clknet_3_0_0_clk_regs (net)
                      0.079206    0.000342    1.875726 ^ clkbuf_4_1__f_clk_regs/A (sky130_fd_sc_hd__clkbuf_16)
     9    0.033687    0.085517    0.232731    2.108458 ^ clkbuf_4_1__f_clk_regs/X (sky130_fd_sc_hd__clkbuf_16)
                                                         clknet_4_1__leaf_clk_regs (net)
                      0.085522    0.000738    2.109195 ^ _1573_/CLK (sky130_fd_sc_hd__dfstp_4)
    14    0.157922    0.337181    1.139027    3.248223 v _1573_/Q (sky130_fd_sc_hd__dfstp_4)
                                                         u_top.dataMemory.clear_active (net)
                      0.454593    0.025823    3.274046 v u_top.dataMemory.sram_odd_words/csb1 (sky130_sram_2kbyte_1rw1r_32x512_8)
                                              3.274046   data arrival time

                                  0.000000    0.000000   clock clk (rise edge)
                                  0.000000    0.000000   clock source latency
     2    0.157321    1.138872    0.880299    0.880299 ^ clk (in)
                                                         clk (net)
                      1.155563    0.000000    0.880299 ^ clkbuf_0_clk/A (sky130_fd_sc_hd__clkbuf_16)
     2    0.043276    0.117795    0.662947    1.543247 ^ clkbuf_0_clk/X (sky130_fd_sc_hd__clkbuf_16)
                                                         clknet_0_clk (net)
                      0.117830    0.006057    1.549304 ^ clkbuf_1_1__f_clk/A (sky130_fd_sc_hd__clkbuf_16)
     2    0.153688    0.253644    0.405156    1.954460 ^ clkbuf_1_1__f_clk/X (sky130_fd_sc_hd__clkbuf_16)
                                                         clknet_1_1__leaf_clk (net)
                      0.343097    0.025617    1.980077 ^ u_top.dataMemory.sram_odd_words/clk1 (sky130_sram_2kbyte_1rw1r_32x512_8)
                                  0.100000    2.080077   clock uncertainty
                                  0.000000    2.080077   clock reconvergence pessimism
                                 -0.056000    2.024077   library hold time
                                              2.024077   data required time
---------------------------------------------------------------------------------------------
                                              2.024077   data required time
                                             -3.274046   data arrival time
---------------------------------------------------------------------------------------------
                                              1.249969   slack (MET)


Startpoint: _1558_ (rising edge-triggered flip-flop clocked by clk)
Endpoint: _1558_ (rising edge-triggered flip-flop clocked by clk)
Path Group: clk
Path Type: min

Fanout         Cap        Slew       Delay        Time   Description
---------------------------------------------------------------------------------------------
                                  0.000000    0.000000   clock clk (rise edge)
                                  0.000000    0.000000   clock source latency
     2    0.157321    1.138872    0.793148    0.793148 ^ clk (in)
                                                         clk (net)
                      1.154477    0.000000    0.793148 ^ clkbuf_regs_0_clk/A (sky130_fd_sc_hd__clkbuf_16)
     1    0.008569    0.076270    0.545937    1.339084 ^ clkbuf_regs_0_clk/X (sky130_fd_sc_hd__clkbuf_16)
                                                         clk_regs (net)
                      0.076271    0.000255    1.339339 ^ clkbuf_0_clk_regs/A (sky130_fd_sc_hd__clkbuf_16)
     8    0.078792    0.146453    0.280000    1.619339 ^ clkbuf_0_clk_regs/X (sky130_fd_sc_hd__clkbuf_16)
                                                         clknet_0_clk_regs (net)
                      0.146489    0.002153    1.621492 ^ clkbuf_3_4_0_clk_regs/A (sky130_fd_sc_hd__clkbuf_8)
     2    0.018992    0.081069    0.254959    1.876451 ^ clkbuf_3_4_0_clk_regs/X (sky130_fd_sc_hd__clkbuf_8)
                                                         clknet_3_4_0_clk_regs (net)
                      0.081072    0.000521    1.876972 ^ clkbuf_4_9__f_clk_regs/A (sky130_fd_sc_hd__clkbuf_16)
     9    0.028405    0.078237    0.226543    2.103515 ^ clkbuf_4_9__f_clk_regs/X (sky130_fd_sc_hd__clkbuf_16)
                                                         clknet_4_9__leaf_clk_regs (net)
                      0.078238    0.000425    2.103940 ^ _1558_/CLK (sky130_fd_sc_hd__dfxtp_2)
     1    0.002114    0.048515    0.600460    2.704400 ^ _1558_/Q (sky130_fd_sc_hd__dfxtp_2)
                                                         u_top.RV32I_Logic.Single_Cycle_Datapath.pcREG.q[28] (net)
                      0.048515    0.000057    2.704457 ^ _1809_/A (sky130_fd_sc_hd__buf_2)
     5    0.019955    0.166003    0.245035    2.949492 ^ _1809_/X (sky130_fd_sc_hd__buf_2)
                                                         _0648_ (net)
                      0.166003    0.000522    2.950014 ^ _1424_/A1 (sky130_fd_sc_hd__o21ai_2)
     1    0.004731    0.061892    0.150665    3.100680 v _1424_/Y (sky130_fd_sc_hd__o21ai_2)
                                                         _0624_ (net)
                      0.061892    0.000094    3.100774 v _1425_/B (sky130_fd_sc_hd__nor2_2)
     1    0.003621    0.112907    0.120198    3.220971 ^ _1425_/Y (sky130_fd_sc_hd__nor2_2)
                                                         _0417_ (net)
                      0.112907    0.000089    3.221061 ^ _1979_/A (sky130_fd_sc_hd__buf_2)
     1    0.002143    0.041873    0.174364    3.395425 ^ _1979_/X (sky130_fd_sc_hd__buf_2)
                                                         _1066_ (net)
                      0.041873    0.000058    3.395483 ^ _1558_/D (sky130_fd_sc_hd__dfxtp_2)
                                              3.395483   data arrival time

                                  0.000000    0.000000   clock clk (rise edge)
                                  0.000000    0.000000   clock source latency
     2    0.157321    1.138872    0.876637    0.876637 ^ clk (in)
                                                         clk (net)
                      1.154477    0.000000    0.876637 ^ clkbuf_regs_0_clk/A (sky130_fd_sc_hd__clkbuf_16)
     1    0.008569    0.076270    0.603404    1.480040 ^ clkbuf_regs_0_clk/X (sky130_fd_sc_hd__clkbuf_16)
                                                         clk_regs (net)
                      0.076271    0.000282    1.480322 ^ clkbuf_0_clk_regs/A (sky130_fd_sc_hd__clkbuf_16)
     8    0.078792    0.146453    0.309474    1.789796 ^ clkbuf_0_clk_regs/X (sky130_fd_sc_hd__clkbuf_16)
                                                         clknet_0_clk_regs (net)
                      0.146489    0.002380    1.792176 ^ clkbuf_3_4_0_clk_regs/A (sky130_fd_sc_hd__clkbuf_8)
     2    0.018992    0.081069    0.281797    2.073972 ^ clkbuf_3_4_0_clk_regs/X (sky130_fd_sc_hd__clkbuf_8)
                                                         clknet_3_4_0_clk_regs (net)
                      0.081072    0.000576    2.074548 ^ clkbuf_4_9__f_clk_regs/A (sky130_fd_sc_hd__clkbuf_16)
     9    0.028405    0.078237    0.250389    2.324937 ^ clkbuf_4_9__f_clk_regs/X (sky130_fd_sc_hd__clkbuf_16)
                                                         clknet_4_9__leaf_clk_regs (net)
                      0.078238    0.000470    2.325407 ^ _1558_/CLK (sky130_fd_sc_hd__dfxtp_2)
                                  0.100000    2.425407   clock uncertainty
                                 -0.221467    2.203940   clock reconvergence pessimism
                                 -0.064121    2.139819   library hold time
                                              2.139819   data required time
---------------------------------------------------------------------------------------------
                                              2.139819   data required time
                                             -3.395483   data arrival time
---------------------------------------------------------------------------------------------
                                              1.255664   slack (MET)


Startpoint: _1569_ (rising edge-triggered flip-flop clocked by clk)
Endpoint: _1569_ (rising edge-triggered flip-flop clocked by clk)
Path Group: clk
Path Type: min

Fanout         Cap        Slew       Delay        Time   Description
---------------------------------------------------------------------------------------------
                                  0.000000    0.000000   clock clk (rise edge)
                                  0.000000    0.000000   clock source latency
     2    0.157321    1.138872    0.793148    0.793148 ^ clk (in)
                                                         clk (net)
                      1.154477    0.000000    0.793148 ^ clkbuf_regs_0_clk/A (sky130_fd_sc_hd__clkbuf_16)
     1    0.008569    0.076270    0.545937    1.339084 ^ clkbuf_regs_0_clk/X (sky130_fd_sc_hd__clkbuf_16)
                                                         clk_regs (net)
                      0.076271    0.000255    1.339339 ^ clkbuf_0_clk_regs/A (sky130_fd_sc_hd__clkbuf_16)
     8    0.078792    0.146453    0.280000    1.619339 ^ clkbuf_0_clk_regs/X (sky130_fd_sc_hd__clkbuf_16)
                                                         clknet_0_clk_regs (net)
                      0.146515    0.002666    1.622005 ^ clkbuf_3_2_0_clk_regs/A (sky130_fd_sc_hd__clkbuf_8)
     2    0.018941    0.080956    0.254843    1.876848 ^ clkbuf_3_2_0_clk_regs/X (sky130_fd_sc_hd__clkbuf_8)
                                                         clknet_3_2_0_clk_regs (net)
                      0.080958    0.000526    1.877374 ^ clkbuf_4_4__f_clk_regs/A (sky130_fd_sc_hd__clkbuf_16)
     9    0.028472    0.078326    0.226584    2.103957 ^ clkbuf_4_4__f_clk_regs/X (sky130_fd_sc_hd__clkbuf_16)
                                                         clknet_4_4__leaf_clk_regs (net)
                      0.078333    0.000697    2.104654 ^ _1569_/CLK (sky130_fd_sc_hd__dfrtp_2)
     1    0.002956    0.070297    0.644177    2.748832 ^ _1569_/Q (sky130_fd_sc_hd__dfrtp_2)
                                                         u_top.dataMemory.clear_word[7] (net)
                      0.070297    0.000081    2.748912 ^ _1705_/A (sky130_fd_sc_hd__buf_2)
     5    0.015981    0.138460    0.233754    2.982666 ^ _1705_/X (sky130_fd_sc_hd__buf_2)
                                                         _0669_ (net)
                      0.138460    0.000338    2.983003 ^ _1110_/B2 (sky130_fd_sc_hd__a32o_2)
     1    0.003511    0.078797    0.244575    3.227579 ^ _1110_/X (sky130_fd_sc_hd__a32o_2)
                                                         _0428_ (net)
                      0.078797    0.000114    3.227693 ^ _1706_/A (sky130_fd_sc_hd__buf_2)
     1    0.002819    0.046051    0.163651    3.391344 ^ _1706_/X (sky130_fd_sc_hd__buf_2)
                                                         _1077_ (net)
                      0.046051    0.000077    3.391421 ^ _1569_/D (sky130_fd_sc_hd__dfrtp_2)
                                              3.391421   data arrival time

                                  0.000000    0.000000   clock clk (rise edge)
                                  0.000000    0.000000   clock source latency
     2    0.157321    1.138872    0.876637    0.876637 ^ clk (in)
                                                         clk (net)
                      1.154477    0.000000    0.876637 ^ clkbuf_regs_0_clk/A (sky130_fd_sc_hd__clkbuf_16)
     1    0.008569    0.076270    0.603404    1.480040 ^ clkbuf_regs_0_clk/X (sky130_fd_sc_hd__clkbuf_16)
                                                         clk_regs (net)
                      0.076271    0.000282    1.480322 ^ clkbuf_0_clk_regs/A (sky130_fd_sc_hd__clkbuf_16)
     8    0.078792    0.146453    0.309474    1.789796 ^ clkbuf_0_clk_regs/X (sky130_fd_sc_hd__clkbuf_16)
                                                         clknet_0_clk_regs (net)
                      0.146515    0.002947    1.792743 ^ clkbuf_3_2_0_clk_regs/A (sky130_fd_sc_hd__clkbuf_8)
     2    0.018941    0.080956    0.281668    2.074411 ^ clkbuf_3_2_0_clk_regs/X (sky130_fd_sc_hd__clkbuf_8)
                                                         clknet_3_2_0_clk_regs (net)
                      0.080958    0.000581    2.074992 ^ clkbuf_4_4__f_clk_regs/A (sky130_fd_sc_hd__clkbuf_16)
     9    0.028472    0.078326    0.250435    2.325426 ^ clkbuf_4_4__f_clk_regs/X (sky130_fd_sc_hd__clkbuf_16)
                                                         clknet_4_4__leaf_clk_regs (net)
                      0.078333    0.000770    2.326197 ^ _1569_/CLK (sky130_fd_sc_hd__dfrtp_2)
                                  0.100000    2.426197   clock uncertainty
                                 -0.221542    2.204654   clock reconvergence pessimism
                                 -0.070081    2.134573   library hold time
                                              2.134573   data required time
---------------------------------------------------------------------------------------------
                                              2.134573   data required time
                                             -3.391421   data arrival time
---------------------------------------------------------------------------------------------
                                              1.256848   slack (MET)


Startpoint: _1567_ (rising edge-triggered flip-flop clocked by clk)
Endpoint: _1567_ (rising edge-triggered flip-flop clocked by clk)
Path Group: clk
Path Type: min

Fanout         Cap        Slew       Delay        Time   Description
---------------------------------------------------------------------------------------------
                                  0.000000    0.000000   clock clk (rise edge)
                                  0.000000    0.000000   clock source latency
     2    0.157321    1.138872    0.793148    0.793148 ^ clk (in)
                                                         clk (net)
                      1.154477    0.000000    0.793148 ^ clkbuf_regs_0_clk/A (sky130_fd_sc_hd__clkbuf_16)
     1    0.008569    0.076270    0.545937    1.339084 ^ clkbuf_regs_0_clk/X (sky130_fd_sc_hd__clkbuf_16)
                                                         clk_regs (net)
                      0.076271    0.000255    1.339339 ^ clkbuf_0_clk_regs/A (sky130_fd_sc_hd__clkbuf_16)
     8    0.078792    0.146453    0.280000    1.619339 ^ clkbuf_0_clk_regs/X (sky130_fd_sc_hd__clkbuf_16)
                                                         clknet_0_clk_regs (net)
                      0.146521    0.002778    1.622118 ^ clkbuf_3_0_0_clk_regs/A (sky130_fd_sc_hd__clkbuf_8)
     2    0.018181    0.079205    0.253267    1.875385 ^ clkbuf_3_0_0_clk_regs/X (sky130_fd_sc_hd__clkbuf_8)
                                                         clknet_3_0_0_clk_regs (net)
                      0.079206    0.000342    1.875726 ^ clkbuf_4_1__f_clk_regs/A (sky130_fd_sc_hd__clkbuf_16)
     9    0.033687    0.085517    0.232731    2.108458 ^ clkbuf_4_1__f_clk_regs/X (sky130_fd_sc_hd__clkbuf_16)
                                                         clknet_4_1__leaf_clk_regs (net)
                      0.085545    0.001375    2.109833 ^ _1567_/CLK (sky130_fd_sc_hd__dfrtp_2)
     1    0.002250    0.066092    0.640697    2.750530 ^ _1567_/Q (sky130_fd_sc_hd__dfrtp_2)
                                                         u_top.dataMemory.clear_word[5] (net)
                      0.066092    0.000061    2.750591 ^ _1709_/A (sky130_fd_sc_hd__buf_2)
     5    0.020161    0.167559    0.253668    3.004259 ^ _1709_/X (sky130_fd_sc_hd__buf_2)
                                                         _0667_ (net)
                      0.167559    0.000453    3.004712 ^ _1114_/B2 (sky130_fd_sc_hd__a32o_2)
     1    0.002611    0.071902    0.245965    3.250677 ^ _1114_/X (sky130_fd_sc_hd__a32o_2)
                                                         _0426_ (net)
                      0.071902    0.000075    3.250752 ^ _1710_/A (sky130_fd_sc_hd__buf_2)
     1    0.002254    0.042450    0.156845    3.407597 ^ _1710_/X (sky130_fd_sc_hd__buf_2)
                                                         _1075_ (net)
                      0.042450    0.000060    3.407656 ^ _1567_/D (sky130_fd_sc_hd__dfrtp_2)
                                              3.407656   data arrival time

                                  0.000000    0.000000   clock clk (rise edge)
                                  0.000000    0.000000   clock source latency
     2    0.157321    1.138872    0.876637    0.876637 ^ clk (in)
                                                         clk (net)
                      1.154477    0.000000    0.876637 ^ clkbuf_regs_0_clk/A (sky130_fd_sc_hd__clkbuf_16)
     1    0.008569    0.076270    0.603404    1.480040 ^ clkbuf_regs_0_clk/X (sky130_fd_sc_hd__clkbuf_16)
                                                         clk_regs (net)
                      0.076271    0.000282    1.480322 ^ clkbuf_0_clk_regs/A (sky130_fd_sc_hd__clkbuf_16)
     8    0.078792    0.146453    0.309474    1.789796 ^ clkbuf_0_clk_regs/X (sky130_fd_sc_hd__clkbuf_16)
                                                         clknet_0_clk_regs (net)
                      0.146521    0.003071    1.792867 ^ clkbuf_3_0_0_clk_regs/A (sky130_fd_sc_hd__clkbuf_8)
     2    0.018181    0.079205    0.279927    2.072793 ^ clkbuf_3_0_0_clk_regs/X (sky130_fd_sc_hd__clkbuf_8)
                                                         clknet_3_0_0_clk_regs (net)
                      0.079206    0.000378    2.073171 ^ clkbuf_4_1__f_clk_regs/A (sky130_fd_sc_hd__clkbuf_16)
     9    0.033687    0.085517    0.257229    2.330400 ^ clkbuf_4_1__f_clk_regs/X (sky130_fd_sc_hd__clkbuf_16)
                                                         clknet_4_1__leaf_clk_regs (net)
                      0.085545    0.001520    2.331920 ^ _1567_/CLK (sky130_fd_sc_hd__dfrtp_2)
                                  0.100000    2.431921   clock uncertainty
                                 -0.222087    2.209833   clock reconvergence pessimism
                                 -0.068079    2.141754   library hold time
                                              2.141754   data required time
---------------------------------------------------------------------------------------------
                                              2.141754   data required time
                                             -3.407656   data arrival time
---------------------------------------------------------------------------------------------
                                              1.265903   slack (MET)


Startpoint: _1563_ (rising edge-triggered flip-flop clocked by clk)
Endpoint: _1563_ (rising edge-triggered flip-flop clocked by clk)
Path Group: clk
Path Type: min

Fanout         Cap        Slew       Delay        Time   Description
---------------------------------------------------------------------------------------------
                                  0.000000    0.000000   clock clk (rise edge)
                                  0.000000    0.000000   clock source latency
     2    0.157321    1.138872    0.793148    0.793148 ^ clk (in)
                                                         clk (net)
                      1.154477    0.000000    0.793148 ^ clkbuf_regs_0_clk/A (sky130_fd_sc_hd__clkbuf_16)
     1    0.008569    0.076270    0.545937    1.339084 ^ clkbuf_regs_0_clk/X (sky130_fd_sc_hd__clkbuf_16)
                                                         clk_regs (net)
                      0.076271    0.000255    1.339339 ^ clkbuf_0_clk_regs/A (sky130_fd_sc_hd__clkbuf_16)
     8    0.078792    0.146453    0.280000    1.619339 ^ clkbuf_0_clk_regs/X (sky130_fd_sc_hd__clkbuf_16)
                                                         clknet_0_clk_regs (net)
                      0.146521    0.002778    1.622118 ^ clkbuf_3_0_0_clk_regs/A (sky130_fd_sc_hd__clkbuf_8)
     2    0.018181    0.079205    0.253267    1.875385 ^ clkbuf_3_0_0_clk_regs/X (sky130_fd_sc_hd__clkbuf_8)
                                                         clknet_3_0_0_clk_regs (net)
                      0.079207    0.000451    1.875836 ^ clkbuf_4_0__f_clk_regs/A (sky130_fd_sc_hd__clkbuf_16)
     9    0.032494    0.083908    0.231210    2.107046 ^ clkbuf_4_0__f_clk_regs/X (sky130_fd_sc_hd__clkbuf_16)
                                                         clknet_4_0__leaf_clk_regs (net)
                      0.083916    0.000836    2.107882 ^ _1563_/CLK (sky130_fd_sc_hd__dfrtp_2)
     1    0.002178    0.065619    0.639293    2.747175 ^ _1563_/Q (sky130_fd_sc_hd__dfrtp_2)
                                                         u_top.dataMemory.clear_word[1] (net)
                      0.065619    0.000059    2.747234 ^ _1717_/A (sky130_fd_sc_hd__buf_2)
     6    0.021029    0.174003    0.257733    3.004967 ^ _1717_/X (sky130_fd_sc_hd__buf_2)
                                                         _0663_ (net)
                      0.174003    0.000694    3.005661 ^ _1122_/B2 (sky130_fd_sc_hd__a32o_2)
     1    0.002357    0.069960    0.245743    3.251405 ^ _1122_/X (sky130_fd_sc_hd__a32o_2)
                                                         _0422_ (net)
                      0.069960    0.000064    3.251468 ^ _1718_/A (sky130_fd_sc_hd__buf_2)
     1    0.002424    0.043552    0.157109    3.408577 ^ _1718_/X (sky130_fd_sc_hd__buf_2)
                                                         _1071_ (net)
                      0.043552    0.000066    3.408643 ^ _1563_/D (sky130_fd_sc_hd__dfrtp_2)
                                              3.408643   data arrival time

                                  0.000000    0.000000   clock clk (rise edge)
                                  0.000000    0.000000   clock source latency
     2    0.157321    1.138872    0.876637    0.876637 ^ clk (in)
                                                         clk (net)
                      1.154477    0.000000    0.876637 ^ clkbuf_regs_0_clk/A (sky130_fd_sc_hd__clkbuf_16)
     1    0.008569    0.076270    0.603404    1.480040 ^ clkbuf_regs_0_clk/X (sky130_fd_sc_hd__clkbuf_16)
                                                         clk_regs (net)
                      0.076271    0.000282    1.480322 ^ clkbuf_0_clk_regs/A (sky130_fd_sc_hd__clkbuf_16)
     8    0.078792    0.146453    0.309474    1.789796 ^ clkbuf_0_clk_regs/X (sky130_fd_sc_hd__clkbuf_16)
                                                         clknet_0_clk_regs (net)
                      0.146521    0.003071    1.792867 ^ clkbuf_3_0_0_clk_regs/A (sky130_fd_sc_hd__clkbuf_8)
     2    0.018181    0.079205    0.279927    2.072793 ^ clkbuf_3_0_0_clk_regs/X (sky130_fd_sc_hd__clkbuf_8)
                                                         clknet_3_0_0_clk_regs (net)
                      0.079207    0.000499    2.073292 ^ clkbuf_4_0__f_clk_regs/A (sky130_fd_sc_hd__clkbuf_16)
     9    0.032494    0.083908    0.255548    2.328840 ^ clkbuf_4_0__f_clk_regs/X (sky130_fd_sc_hd__clkbuf_16)
                                                         clknet_4_0__leaf_clk_regs (net)
                      0.083916    0.000924    2.329764 ^ _1563_/CLK (sky130_fd_sc_hd__dfrtp_2)
                                  0.100000    2.429764   clock uncertainty
                                 -0.221883    2.207882   clock reconvergence pessimism
                                 -0.068597    2.139285   library hold time
                                              2.139285   data required time
---------------------------------------------------------------------------------------------
                                              2.139285   data required time
                                             -3.408643   data arrival time
---------------------------------------------------------------------------------------------
                                              1.269358   slack (MET)


Startpoint: _1565_ (rising edge-triggered flip-flop clocked by clk)
Endpoint: _1565_ (rising edge-triggered flip-flop clocked by clk)
Path Group: clk
Path Type: min

Fanout         Cap        Slew       Delay        Time   Description
---------------------------------------------------------------------------------------------
                                  0.000000    0.000000   clock clk (rise edge)
                                  0.000000    0.000000   clock source latency
     2    0.157321    1.138872    0.793148    0.793148 ^ clk (in)
                                                         clk (net)
                      1.154477    0.000000    0.793148 ^ clkbuf_regs_0_clk/A (sky130_fd_sc_hd__clkbuf_16)
     1    0.008569    0.076270    0.545937    1.339084 ^ clkbuf_regs_0_clk/X (sky130_fd_sc_hd__clkbuf_16)
                                                         clk_regs (net)
                      0.076271    0.000255    1.339339 ^ clkbuf_0_clk_regs/A (sky130_fd_sc_hd__clkbuf_16)
     8    0.078792    0.146453    0.280000    1.619339 ^ clkbuf_0_clk_regs/X (sky130_fd_sc_hd__clkbuf_16)
                                                         clknet_0_clk_regs (net)
                      0.146521    0.002778    1.622118 ^ clkbuf_3_0_0_clk_regs/A (sky130_fd_sc_hd__clkbuf_8)
     2    0.018181    0.079205    0.253267    1.875385 ^ clkbuf_3_0_0_clk_regs/X (sky130_fd_sc_hd__clkbuf_8)
                                                         clknet_3_0_0_clk_regs (net)
                      0.079207    0.000451    1.875836 ^ clkbuf_4_0__f_clk_regs/A (sky130_fd_sc_hd__clkbuf_16)
     9    0.032494    0.083908    0.231210    2.107046 ^ clkbuf_4_0__f_clk_regs/X (sky130_fd_sc_hd__clkbuf_16)
                                                         clknet_4_0__leaf_clk_regs (net)
                      0.083918    0.000904    2.107950 ^ _1565_/CLK (sky130_fd_sc_hd__dfrtp_2)
     1    0.002655    0.068737    0.643810    2.751760 ^ _1565_/Q (sky130_fd_sc_hd__dfrtp_2)
                                                         u_top.dataMemory.clear_word[3] (net)
                      0.068737    0.000074    2.751834 ^ _1713_/A (sky130_fd_sc_hd__buf_2)
     5    0.020367    0.169100    0.255791    3.007625 ^ _1713_/X (sky130_fd_sc_hd__buf_2)
                                                         _0665_ (net)
                      0.169100    0.000539    3.008164 ^ _1118_/B2 (sky130_fd_sc_hd__a32o_2)
     1    0.002211    0.068844    0.242621    3.250785 ^ _1118_/X (sky130_fd_sc_hd__a32o_2)
                                                         _0424_ (net)
                      0.068844    0.000059    3.250844 ^ _1714_/A (sky130_fd_sc_hd__buf_2)
     1    0.002859    0.046337    0.159485    3.410329 ^ _1714_/X (sky130_fd_sc_hd__buf_2)
                                                         _1073_ (net)
                      0.046337    0.000082    3.410411 ^ _1565_/D (sky130_fd_sc_hd__dfrtp_2)
                                              3.410411   data arrival time

                                  0.000000    0.000000   clock clk (rise edge)
                                  0.000000    0.000000   clock source latency
     2    0.157321    1.138872    0.876637    0.876637 ^ clk (in)
                                                         clk (net)
                      1.154477    0.000000    0.876637 ^ clkbuf_regs_0_clk/A (sky130_fd_sc_hd__clkbuf_16)
     1    0.008569    0.076270    0.603404    1.480040 ^ clkbuf_regs_0_clk/X (sky130_fd_sc_hd__clkbuf_16)
                                                         clk_regs (net)
                      0.076271    0.000282    1.480322 ^ clkbuf_0_clk_regs/A (sky130_fd_sc_hd__clkbuf_16)
     8    0.078792    0.146453    0.309474    1.789796 ^ clkbuf_0_clk_regs/X (sky130_fd_sc_hd__clkbuf_16)
                                                         clknet_0_clk_regs (net)
                      0.146521    0.003071    1.792867 ^ clkbuf_3_0_0_clk_regs/A (sky130_fd_sc_hd__clkbuf_8)
     2    0.018181    0.079205    0.279927    2.072793 ^ clkbuf_3_0_0_clk_regs/X (sky130_fd_sc_hd__clkbuf_8)
                                                         clknet_3_0_0_clk_regs (net)
                      0.079207    0.000499    2.073292 ^ clkbuf_4_0__f_clk_regs/A (sky130_fd_sc_hd__clkbuf_16)
     9    0.032494    0.083908    0.255548    2.328840 ^ clkbuf_4_0__f_clk_regs/X (sky130_fd_sc_hd__clkbuf_16)
                                                         clknet_4_0__leaf_clk_regs (net)
                      0.083918    0.000999    2.329839 ^ _1565_/CLK (sky130_fd_sc_hd__dfrtp_2)
                                  0.100000    2.429839   clock uncertainty
                                 -0.221890    2.207950   clock reconvergence pessimism
                                 -0.069230    2.138719   library hold time
                                              2.138719   data required time
---------------------------------------------------------------------------------------------
                                              2.138719   data required time
                                             -3.410411   data arrival time
---------------------------------------------------------------------------------------------
                                              1.271691   slack (MET)


Startpoint: _1572_ (rising edge-triggered flip-flop clocked by clk)
Endpoint: _1572_ (rising edge-triggered flip-flop clocked by clk)
Path Group: clk
Path Type: min

Fanout         Cap        Slew       Delay        Time   Description
---------------------------------------------------------------------------------------------
                                  0.000000    0.000000   clock clk (rise edge)
                                  0.000000    0.000000   clock source latency
     2    0.157321    1.138872    0.793148    0.793148 ^ clk (in)
                                                         clk (net)
                      1.154477    0.000000    0.793148 ^ clkbuf_regs_0_clk/A (sky130_fd_sc_hd__clkbuf_16)
     1    0.008569    0.076270    0.545937    1.339084 ^ clkbuf_regs_0_clk/X (sky130_fd_sc_hd__clkbuf_16)
                                                         clk_regs (net)
                      0.076271    0.000255    1.339339 ^ clkbuf_0_clk_regs/A (sky130_fd_sc_hd__clkbuf_16)
     8    0.078792    0.146453    0.280000    1.619339 ^ clkbuf_0_clk_regs/X (sky130_fd_sc_hd__clkbuf_16)
                                                         clknet_0_clk_regs (net)
                      0.146515    0.002666    1.622005 ^ clkbuf_3_2_0_clk_regs/A (sky130_fd_sc_hd__clkbuf_8)
     2    0.018941    0.080956    0.254843    1.876848 ^ clkbuf_3_2_0_clk_regs/X (sky130_fd_sc_hd__clkbuf_8)
                                                         clknet_3_2_0_clk_regs (net)
                      0.080958    0.000526    1.877374 ^ clkbuf_4_4__f_clk_regs/A (sky130_fd_sc_hd__clkbuf_16)
     9    0.028472    0.078326    0.226584    2.103957 ^ clkbuf_4_4__f_clk_regs/X (sky130_fd_sc_hd__clkbuf_16)
                                                         clknet_4_4__leaf_clk_regs (net)
                      0.078329    0.000502    2.104460 ^ _1572_/CLK (sky130_fd_sc_hd__dfrtp_2)
     1    0.002565    0.068140    0.640485    2.744945 ^ _1572_/Q (sky130_fd_sc_hd__dfrtp_2)
                                                         u_top.dataMemory.clear_last_pending (net)
                      0.068140    0.000069    2.745014 ^ _1698_/A (sky130_fd_sc_hd__buf_2)
     4    0.019807    0.164968    0.252678    2.997692 ^ _1698_/X (sky130_fd_sc_hd__buf_2)
                                                         _0661_ (net)
                      0.164968    0.000492    2.998184 ^ _1102_/A1 (sky130_fd_sc_hd__o21a_2)
     1    0.002159    0.052550    0.265597    3.263780 ^ _1102_/X (sky130_fd_sc_hd__o21a_2)
                                                         _0431_ (net)
                      0.052550    0.000058    3.263838 ^ _1700_/A (sky130_fd_sc_hd__buf_2)
     1    0.002537    0.044341    0.150091    3.413929 ^ _1700_/X (sky130_fd_sc_hd__buf_2)
                                                         _1080_ (net)
                      0.044341    0.000072    3.414001 ^ _1572_/D (sky130_fd_sc_hd__dfrtp_2)
                                              3.414001   data arrival time

                                  0.000000    0.000000   clock clk (rise edge)
                                  0.000000    0.000000   clock source latency
     2    0.157321    1.138872    0.876637    0.876637 ^ clk (in)
                                                         clk (net)
                      1.154477    0.000000    0.876637 ^ clkbuf_regs_0_clk/A (sky130_fd_sc_hd__clkbuf_16)
     1    0.008569    0.076270    0.603404    1.480040 ^ clkbuf_regs_0_clk/X (sky130_fd_sc_hd__clkbuf_16)
                                                         clk_regs (net)
                      0.076271    0.000282    1.480322 ^ clkbuf_0_clk_regs/A (sky130_fd_sc_hd__clkbuf_16)
     8    0.078792    0.146453    0.309474    1.789796 ^ clkbuf_0_clk_regs/X (sky130_fd_sc_hd__clkbuf_16)
                                                         clknet_0_clk_regs (net)
                      0.146515    0.002947    1.792743 ^ clkbuf_3_2_0_clk_regs/A (sky130_fd_sc_hd__clkbuf_8)
     2    0.018941    0.080956    0.281668    2.074411 ^ clkbuf_3_2_0_clk_regs/X (sky130_fd_sc_hd__clkbuf_8)
                                                         clknet_3_2_0_clk_regs (net)
                      0.080958    0.000581    2.074992 ^ clkbuf_4_4__f_clk_regs/A (sky130_fd_sc_hd__clkbuf_16)
     9    0.028472    0.078326    0.250435    2.325426 ^ clkbuf_4_4__f_clk_regs/X (sky130_fd_sc_hd__clkbuf_16)
                                                         clknet_4_4__leaf_clk_regs (net)
                      0.078329    0.000555    2.325982 ^ _1572_/CLK (sky130_fd_sc_hd__dfrtp_2)
                                  0.100000    2.425982   clock uncertainty
                                 -0.221522    2.204460   clock reconvergence pessimism
                                 -0.069693    2.134767   library hold time
                                              2.134767   data required time
---------------------------------------------------------------------------------------------
                                              2.134767   data required time
                                             -3.414001   data arrival time
---------------------------------------------------------------------------------------------
                                              1.279234   slack (MET)


Startpoint: _1570_ (rising edge-triggered flip-flop clocked by clk)
Endpoint: _1570_ (rising edge-triggered flip-flop clocked by clk)
Path Group: clk
Path Type: min

Fanout         Cap        Slew       Delay        Time   Description
---------------------------------------------------------------------------------------------
                                  0.000000    0.000000   clock clk (rise edge)
                                  0.000000    0.000000   clock source latency
     2    0.157321    1.138872    0.793148    0.793148 ^ clk (in)
                                                         clk (net)
                      1.154477    0.000000    0.793148 ^ clkbuf_regs_0_clk/A (sky130_fd_sc_hd__clkbuf_16)
     1    0.008569    0.076270    0.545937    1.339084 ^ clkbuf_regs_0_clk/X (sky130_fd_sc_hd__clkbuf_16)
                                                         clk_regs (net)
                      0.076271    0.000255    1.339339 ^ clkbuf_0_clk_regs/A (sky130_fd_sc_hd__clkbuf_16)
     8    0.078792    0.146453    0.280000    1.619339 ^ clkbuf_0_clk_regs/X (sky130_fd_sc_hd__clkbuf_16)
                                                         clknet_0_clk_regs (net)
                      0.146515    0.002666    1.622005 ^ clkbuf_3_2_0_clk_regs/A (sky130_fd_sc_hd__clkbuf_8)
     2    0.018941    0.080956    0.254843    1.876848 ^ clkbuf_3_2_0_clk_regs/X (sky130_fd_sc_hd__clkbuf_8)
                                                         clknet_3_2_0_clk_regs (net)
                      0.080958    0.000526    1.877374 ^ clkbuf_4_4__f_clk_regs/A (sky130_fd_sc_hd__clkbuf_16)
     9    0.028472    0.078326    0.226584    2.103957 ^ clkbuf_4_4__f_clk_regs/X (sky130_fd_sc_hd__clkbuf_16)
                                                         clknet_4_4__leaf_clk_regs (net)
                      0.078332    0.000672    2.104629 ^ _1570_/CLK (sky130_fd_sc_hd__dfrtp_2)
     1    0.002274    0.066237    0.637731    2.742360 ^ _1570_/Q (sky130_fd_sc_hd__dfrtp_2)
                                                         u_top.dataMemory.clear_word[8] (net)
                      0.066237    0.000061    2.742421 ^ _1703_/A (sky130_fd_sc_hd__buf_2)
     6    0.023496    0.192256    0.270460    3.012881 ^ _1703_/X (sky130_fd_sc_hd__buf_2)
                                                         _0670_ (net)
                      0.192256    0.000566    3.013447 ^ _1107_/B2 (sky130_fd_sc_hd__a32o_2)
     1    0.002067    0.067746    0.249291    3.262738 ^ _1107_/X (sky130_fd_sc_hd__a32o_2)
                                                         _0429_ (net)
                      0.067746    0.000057    3.262795 ^ _1704_/A (sky130_fd_sc_hd__buf_2)
     1    0.002454    0.043750    0.156314    3.419108 ^ _1704_/X (sky130_fd_sc_hd__buf_2)
                                                         _1078_ (net)
                      0.043750    0.000070    3.419178 ^ _1570_/D (sky130_fd_sc_hd__dfrtp_2)
                                              3.419178   data arrival time

                                  0.000000    0.000000   clock clk (rise edge)
                                  0.000000    0.000000   clock source latency
     2    0.157321    1.138872    0.876637    0.876637 ^ clk (in)
                                                         clk (net)
                      1.154477    0.000000    0.876637 ^ clkbuf_regs_0_clk/A (sky130_fd_sc_hd__clkbuf_16)
     1    0.008569    0.076270    0.603404    1.480040 ^ clkbuf_regs_0_clk/X (sky130_fd_sc_hd__clkbuf_16)
                                                         clk_regs (net)
                      0.076271    0.000282    1.480322 ^ clkbuf_0_clk_regs/A (sky130_fd_sc_hd__clkbuf_16)
     8    0.078792    0.146453    0.309474    1.789796 ^ clkbuf_0_clk_regs/X (sky130_fd_sc_hd__clkbuf_16)
                                                         clknet_0_clk_regs (net)
                      0.146515    0.002947    1.792743 ^ clkbuf_3_2_0_clk_regs/A (sky130_fd_sc_hd__clkbuf_8)
     2    0.018941    0.080956    0.281668    2.074411 ^ clkbuf_3_2_0_clk_regs/X (sky130_fd_sc_hd__clkbuf_8)
                                                         clknet_3_2_0_clk_regs (net)
                      0.080958    0.000581    2.074992 ^ clkbuf_4_4__f_clk_regs/A (sky130_fd_sc_hd__clkbuf_16)
     9    0.028472    0.078326    0.250435    2.325426 ^ clkbuf_4_4__f_clk_regs/X (sky130_fd_sc_hd__clkbuf_16)
                                                         clknet_4_4__leaf_clk_regs (net)
                      0.078332    0.000743    2.326169 ^ _1570_/CLK (sky130_fd_sc_hd__dfrtp_2)
                                  0.100000    2.426169   clock uncertainty
                                 -0.221540    2.204629   clock reconvergence pessimism
                                 -0.069558    2.135072   library hold time
                                              2.135072   data required time
---------------------------------------------------------------------------------------------
                                              2.135072   data required time
                                             -3.419178   data arrival time
---------------------------------------------------------------------------------------------
                                              1.284107   slack (MET)


Startpoint: _1571_ (rising edge-triggered flip-flop clocked by clk)
Endpoint: _1571_ (rising edge-triggered flip-flop clocked by clk)
Path Group: clk
Path Type: min

Fanout         Cap        Slew       Delay        Time   Description
---------------------------------------------------------------------------------------------
                                  0.000000    0.000000   clock clk (rise edge)
                                  0.000000    0.000000   clock source latency
     2    0.157321    1.138872    0.793148    0.793148 ^ clk (in)
                                                         clk (net)
                      1.154477    0.000000    0.793148 ^ clkbuf_regs_0_clk/A (sky130_fd_sc_hd__clkbuf_16)
     1    0.008569    0.076270    0.545937    1.339084 ^ clkbuf_regs_0_clk/X (sky130_fd_sc_hd__clkbuf_16)
                                                         clk_regs (net)
                      0.076271    0.000255    1.339339 ^ clkbuf_0_clk_regs/A (sky130_fd_sc_hd__clkbuf_16)
     8    0.078792    0.146453    0.280000    1.619339 ^ clkbuf_0_clk_regs/X (sky130_fd_sc_hd__clkbuf_16)
                                                         clknet_0_clk_regs (net)
                      0.146515    0.002666    1.622005 ^ clkbuf_3_2_0_clk_regs/A (sky130_fd_sc_hd__clkbuf_8)
     2    0.018941    0.080956    0.254843    1.876848 ^ clkbuf_3_2_0_clk_regs/X (sky130_fd_sc_hd__clkbuf_8)
                                                         clknet_3_2_0_clk_regs (net)
                      0.080958    0.000526    1.877374 ^ clkbuf_4_4__f_clk_regs/A (sky130_fd_sc_hd__clkbuf_16)
     9    0.028472    0.078326    0.226584    2.103957 ^ clkbuf_4_4__f_clk_regs/X (sky130_fd_sc_hd__clkbuf_16)
                                                         clknet_4_4__leaf_clk_regs (net)
                      0.078332    0.000649    2.104607 ^ _1571_/CLK (sky130_fd_sc_hd__dfrtp_2)
     1    0.002802    0.069497    0.642720    2.747327 ^ _1571_/Q (sky130_fd_sc_hd__dfrtp_2)
                                                         u_top.dataMemory.clear_word[9] (net)
                      0.069497    0.000075    2.747402 ^ _1701_/A (sky130_fd_sc_hd__buf_2)
     4    0.018372    0.154339    0.246158    2.993561 ^ _1701_/X (sky130_fd_sc_hd__buf_2)
                                                         _0671_ (net)
                      0.154339    0.000400    2.993961 ^ _1104_/B1 (sky130_fd_sc_hd__o22a_2)
     1    0.002393    0.053526    0.278888    3.272849 ^ _1104_/X (sky130_fd_sc_hd__o22a_2)
                                                         _0430_ (net)
                      0.053526    0.000066    3.272915 ^ _1702_/A (sky130_fd_sc_hd__buf_2)
     1    0.002500    0.044099    0.150278    3.423193 ^ _1702_/X (sky130_fd_sc_hd__buf_2)
                                                         _1079_ (net)
                      0.044099    0.000070    3.423263 ^ _1571_/D (sky130_fd_sc_hd__dfrtp_2)
                                              3.423263   data arrival time

                                  0.000000    0.000000   clock clk (rise edge)
                                  0.000000    0.000000   clock source latency
     2    0.157321    1.138872    0.876637    0.876637 ^ clk (in)
                                                         clk (net)
                      1.154477    0.000000    0.876637 ^ clkbuf_regs_0_clk/A (sky130_fd_sc_hd__clkbuf_16)
     1    0.008569    0.076270    0.603404    1.480040 ^ clkbuf_regs_0_clk/X (sky130_fd_sc_hd__clkbuf_16)
                                                         clk_regs (net)
                      0.076271    0.000282    1.480322 ^ clkbuf_0_clk_regs/A (sky130_fd_sc_hd__clkbuf_16)
     8    0.078792    0.146453    0.309474    1.789796 ^ clkbuf_0_clk_regs/X (sky130_fd_sc_hd__clkbuf_16)
                                                         clknet_0_clk_regs (net)
                      0.146515    0.002947    1.792743 ^ clkbuf_3_2_0_clk_regs/A (sky130_fd_sc_hd__clkbuf_8)
     2    0.018941    0.080956    0.281668    2.074411 ^ clkbuf_3_2_0_clk_regs/X (sky130_fd_sc_hd__clkbuf_8)
                                                         clknet_3_2_0_clk_regs (net)
                      0.080958    0.000581    2.074992 ^ clkbuf_4_4__f_clk_regs/A (sky130_fd_sc_hd__clkbuf_16)
     9    0.028472    0.078326    0.250435    2.325426 ^ clkbuf_4_4__f_clk_regs/X (sky130_fd_sc_hd__clkbuf_16)
                                                         clknet_4_4__leaf_clk_regs (net)
                      0.078332    0.000718    2.326144 ^ _1571_/CLK (sky130_fd_sc_hd__dfrtp_2)
                                  0.100000    2.426144   clock uncertainty
                                 -0.221537    2.204607   clock reconvergence pessimism
                                 -0.069637    2.134970   library hold time
                                              2.134970   data required time
---------------------------------------------------------------------------------------------
                                              2.134970   data required time
                                             -3.423263   data arrival time
---------------------------------------------------------------------------------------------
                                              1.288293   slack (MET)


Startpoint: _1568_ (rising edge-triggered flip-flop clocked by clk)
Endpoint: _1568_ (rising edge-triggered flip-flop clocked by clk)
Path Group: clk
Path Type: min

Fanout         Cap        Slew       Delay        Time   Description
---------------------------------------------------------------------------------------------
                                  0.000000    0.000000   clock clk (rise edge)
                                  0.000000    0.000000   clock source latency
     2    0.157321    1.138872    0.793148    0.793148 ^ clk (in)
                                                         clk (net)
                      1.154477    0.000000    0.793148 ^ clkbuf_regs_0_clk/A (sky130_fd_sc_hd__clkbuf_16)
     1    0.008569    0.076270    0.545937    1.339084 ^ clkbuf_regs_0_clk/X (sky130_fd_sc_hd__clkbuf_16)
                                                         clk_regs (net)
                      0.076271    0.000255    1.339339 ^ clkbuf_0_clk_regs/A (sky130_fd_sc_hd__clkbuf_16)
     8    0.078792    0.146453    0.280000    1.619339 ^ clkbuf_0_clk_regs/X (sky130_fd_sc_hd__clkbuf_16)
                                                         clknet_0_clk_regs (net)
                      0.146515    0.002666    1.622005 ^ clkbuf_3_2_0_clk_regs/A (sky130_fd_sc_hd__clkbuf_8)
     2    0.018941    0.080956    0.254843    1.876848 ^ clkbuf_3_2_0_clk_regs/X (sky130_fd_sc_hd__clkbuf_8)
                                                         clknet_3_2_0_clk_regs (net)
                      0.080958    0.000526    1.877374 ^ clkbuf_4_4__f_clk_regs/A (sky130_fd_sc_hd__clkbuf_16)
     9    0.028472    0.078326    0.226584    2.103957 ^ clkbuf_4_4__f_clk_regs/X (sky130_fd_sc_hd__clkbuf_16)
                                                         clknet_4_4__leaf_clk_regs (net)
                      0.078333    0.000721    2.104678 ^ _1568_/CLK (sky130_fd_sc_hd__dfrtp_2)
     1    0.002227    0.065929    0.637287    2.741965 ^ _1568_/Q (sky130_fd_sc_hd__dfrtp_2)
                                                         u_top.dataMemory.clear_word[6] (net)
                      0.065929    0.000060    2.742024 ^ _1707_/A (sky130_fd_sc_hd__buf_2)
     7    0.024944    0.203028    0.277459    3.019483 ^ _1707_/X (sky130_fd_sc_hd__buf_2)
                                                         _0668_ (net)
                      0.203028    0.000724    3.020208 ^ _1112_/B2 (sky130_fd_sc_hd__a32o_2)
     1    0.002398    0.070286    0.256257    3.276465 ^ _1112_/X (sky130_fd_sc_hd__a32o_2)
                                                         _0427_ (net)
                      0.070286    0.000066    3.276531 ^ _1708_/A (sky130_fd_sc_hd__buf_2)
     1    0.002303    0.042772    0.156449    3.432980 ^ _1708_/X (sky130_fd_sc_hd__buf_2)
                                                         _1076_ (net)
                      0.042772    0.000062    3.433041 ^ _1568_/D (sky130_fd_sc_hd__dfrtp_2)
                                              3.433041   data arrival time

                                  0.000000    0.000000   clock clk (rise edge)
                                  0.000000    0.000000   clock source latency
     2    0.157321    1.138872    0.876637    0.876637 ^ clk (in)
                                                         clk (net)
                      1.154477    0.000000    0.876637 ^ clkbuf_regs_0_clk/A (sky130_fd_sc_hd__clkbuf_16)
     1    0.008569    0.076270    0.603404    1.480040 ^ clkbuf_regs_0_clk/X (sky130_fd_sc_hd__clkbuf_16)
                                                         clk_regs (net)
                      0.076271    0.000282    1.480322 ^ clkbuf_0_clk_regs/A (sky130_fd_sc_hd__clkbuf_16)
     8    0.078792    0.146453    0.309474    1.789796 ^ clkbuf_0_clk_regs/X (sky130_fd_sc_hd__clkbuf_16)
                                                         clknet_0_clk_regs (net)
                      0.146515    0.002947    1.792743 ^ clkbuf_3_2_0_clk_regs/A (sky130_fd_sc_hd__clkbuf_8)
     2    0.018941    0.080956    0.281668    2.074411 ^ clkbuf_3_2_0_clk_regs/X (sky130_fd_sc_hd__clkbuf_8)
                                                         clknet_3_2_0_clk_regs (net)
                      0.080958    0.000581    2.074992 ^ clkbuf_4_4__f_clk_regs/A (sky130_fd_sc_hd__clkbuf_16)
     9    0.028472    0.078326    0.250435    2.325426 ^ clkbuf_4_4__f_clk_regs/X (sky130_fd_sc_hd__clkbuf_16)
                                                         clknet_4_4__leaf_clk_regs (net)
                      0.078333    0.000796    2.326223 ^ _1568_/CLK (sky130_fd_sc_hd__dfrtp_2)
                                  0.100000    2.426223   clock uncertainty
                                 -0.221545    2.204678   clock reconvergence pessimism
                                 -0.069335    2.135343   library hold time
                                              2.135343   data required time
---------------------------------------------------------------------------------------------
                                              2.135343   data required time
                                             -3.433041   data arrival time
---------------------------------------------------------------------------------------------
                                              1.297698   slack (MET)


Startpoint: _1573_ (rising edge-triggered flip-flop clocked by clk)
Endpoint: u_top.dataMemory.sram_even_words
          (falling edge-triggered flip-flop clocked by clk)
Path Group: clk
Path Type: min

Fanout         Cap        Slew       Delay        Time   Description
---------------------------------------------------------------------------------------------
                                  0.000000    0.000000   clock clk (rise edge)
                                  0.000000    0.000000   clock source latency
     2    0.157321    1.138872    0.793148    0.793148 ^ clk (in)
                                                         clk (net)
                      1.154477    0.000000    0.793148 ^ clkbuf_regs_0_clk/A (sky130_fd_sc_hd__clkbuf_16)
     1    0.008569    0.076270    0.545937    1.339084 ^ clkbuf_regs_0_clk/X (sky130_fd_sc_hd__clkbuf_16)
                                                         clk_regs (net)
                      0.076271    0.000255    1.339339 ^ clkbuf_0_clk_regs/A (sky130_fd_sc_hd__clkbuf_16)
     8    0.078792    0.146453    0.280000    1.619339 ^ clkbuf_0_clk_regs/X (sky130_fd_sc_hd__clkbuf_16)
                                                         clknet_0_clk_regs (net)
                      0.146521    0.002778    1.622118 ^ clkbuf_3_0_0_clk_regs/A (sky130_fd_sc_hd__clkbuf_8)
     2    0.018181    0.079205    0.253267    1.875385 ^ clkbuf_3_0_0_clk_regs/X (sky130_fd_sc_hd__clkbuf_8)
                                                         clknet_3_0_0_clk_regs (net)
                      0.079206    0.000342    1.875726 ^ clkbuf_4_1__f_clk_regs/A (sky130_fd_sc_hd__clkbuf_16)
     9    0.033687    0.085517    0.232731    2.108458 ^ clkbuf_4_1__f_clk_regs/X (sky130_fd_sc_hd__clkbuf_16)
                                                         clknet_4_1__leaf_clk_regs (net)
                      0.085522    0.000738    2.109195 ^ _1573_/CLK (sky130_fd_sc_hd__dfstp_4)
    14    0.157922    0.337181    1.139027    3.248223 v _1573_/Q (sky130_fd_sc_hd__dfstp_4)
                                                         u_top.dataMemory.clear_active (net)
                      0.450998    0.016076    3.264299 v u_top.dataMemory.sram_even_words/csb1 (sky130_sram_2kbyte_1rw1r_32x512_8)
                                              3.264299   data arrival time

                                  0.000000    0.000000   clock clk (rise edge)
                                  0.000000    0.000000   clock source latency
     2    0.157321    1.138872    0.880299    0.880299 ^ clk (in)
                                                         clk (net)
                      1.155563    0.000000    0.880299 ^ clkbuf_0_clk/A (sky130_fd_sc_hd__clkbuf_16)
     2    0.043276    0.117795    0.662947    1.543247 ^ clkbuf_0_clk/X (sky130_fd_sc_hd__clkbuf_16)
                                                         clknet_0_clk (net)
                      0.117832    0.006140    1.549387 ^ clkbuf_1_0__f_clk/A (sky130_fd_sc_hd__clkbuf_16)
     2    0.125447    0.213494    0.363119    1.912506 ^ clkbuf_1_0__f_clk/X (sky130_fd_sc_hd__clkbuf_16)
                                                         clknet_1_0__leaf_clk (net)
                      0.284884    0.005477    1.917983 ^ u_top.dataMemory.sram_even_words/clk1 (sky130_sram_2kbyte_1rw1r_32x512_8)
                                  0.100000    2.017983   clock uncertainty
                                  0.000000    2.017983   clock reconvergence pessimism
                                 -0.056000    1.961983   library hold time
                                              1.961983   data required time
---------------------------------------------------------------------------------------------
                                              1.961983   data required time
                                             -3.264299   data arrival time
---------------------------------------------------------------------------------------------
                                              1.302315   slack (MET)


Startpoint: reset (input port clocked by clk)
Endpoint: _1562_ (removal check against rising-edge clock clk)
Path Group: asynchronous
Path Type: min

Fanout         Cap        Slew       Delay        Time   Description
---------------------------------------------------------------------------------------------
                                  0.000000    0.000000   clock clk (rise edge)
                                  0.000000    0.000000   clock network delay (propagated)
                                  2.000000    2.000000 v input external delay
     3    0.122426    0.525852    0.381563    2.381563 v reset (in)
                                                         reset (net)
                      0.541020    0.000000    2.381563 v _1826_/A (sky130_fd_sc_hd__buf_2)
     5    0.036259    0.175794    0.545332    2.926895 v _1826_/X (sky130_fd_sc_hd__buf_2)
                                                         _0629_ (net)
                      0.175826    0.002219    2.929114 v _1090_/A (sky130_fd_sc_hd__inv_2)
     4    0.049921    0.364726    0.333653    3.262767 ^ _1090_/Y (sky130_fd_sc_hd__inv_2)
                                                         _0291_ (net)
                      0.364733    0.001283    3.264050 ^ fanout64/A (sky130_fd_sc_hd__clkdlybuf4s25_1)
     9    0.027917    0.455486    0.817048    4.081097 ^ fanout64/X (sky130_fd_sc_hd__clkdlybuf4s25_1)
                                                         net64 (net)
                      0.455486    0.000884    4.081982 ^ _1983_/A (sky130_fd_sc_hd__buf_2)
     1    0.004316    0.061642    0.321748    4.403729 ^ _1983_/X (sky130_fd_sc_hd__buf_2)
                                                         _0877_ (net)
                      0.061642    0.000095    4.403824 ^ _1562_/RESET_B (sky130_fd_sc_hd__dfrtp_2)
                                              4.403824   data arrival time

                                  0.000000    0.000000   clock clk (rise edge)
                                  0.000000    0.000000   clock source latency
     2    0.157321    1.138872    0.876637    0.876637 ^ clk (in)
                                                         clk (net)
                      1.154477    0.000000    0.876637 ^ clkbuf_regs_0_clk/A (sky130_fd_sc_hd__clkbuf_16)
     1    0.008569    0.076270    0.603404    1.480040 ^ clkbuf_regs_0_clk/X (sky130_fd_sc_hd__clkbuf_16)
                                                         clk_regs (net)
                      0.076271    0.000282    1.480322 ^ clkbuf_0_clk_regs/A (sky130_fd_sc_hd__clkbuf_16)
     8    0.078792    0.146453    0.309474    1.789796 ^ clkbuf_0_clk_regs/X (sky130_fd_sc_hd__clkbuf_16)
                                                         clknet_0_clk_regs (net)
                      0.146515    0.002947    1.792743 ^ clkbuf_3_2_0_clk_regs/A (sky130_fd_sc_hd__clkbuf_8)
     2    0.018941    0.080956    0.281668    2.074411 ^ clkbuf_3_2_0_clk_regs/X (sky130_fd_sc_hd__clkbuf_8)
                                                         clknet_3_2_0_clk_regs (net)
                      0.080958    0.000581    2.074992 ^ clkbuf_4_4__f_clk_regs/A (sky130_fd_sc_hd__clkbuf_16)
     9    0.028472    0.078326    0.250435    2.325426 ^ clkbuf_4_4__f_clk_regs/X (sky130_fd_sc_hd__clkbuf_16)
                                                         clknet_4_4__leaf_clk_regs (net)
                      0.078327    0.000430    2.325857 ^ _1562_/CLK (sky130_fd_sc_hd__dfrtp_2)
                                  0.100000    2.425857   clock uncertainty
                                  0.000000    2.425857   clock reconvergence pessimism
                                  0.657365    3.083221   library removal time
                                              3.083221   data required time
---------------------------------------------------------------------------------------------
                                              3.083221   data required time
                                             -4.403824   data arrival time
---------------------------------------------------------------------------------------------
                                              1.320603   slack (MET)


Startpoint: _1532_ (rising edge-triggered flip-flop clocked by clk)
Endpoint: _1532_ (rising edge-triggered flip-flop clocked by clk)
Path Group: clk
Path Type: min

Fanout         Cap        Slew       Delay        Time   Description
---------------------------------------------------------------------------------------------
                                  0.000000    0.000000   clock clk (rise edge)
                                  0.000000    0.000000   clock source latency
     2    0.157321    1.138872    0.793148    0.793148 ^ clk (in)
                                                         clk (net)
                      1.154477    0.000000    0.793148 ^ clkbuf_regs_0_clk/A (sky130_fd_sc_hd__clkbuf_16)
     1    0.008569    0.076270    0.545937    1.339084 ^ clkbuf_regs_0_clk/X (sky130_fd_sc_hd__clkbuf_16)
                                                         clk_regs (net)
                      0.076271    0.000255    1.339339 ^ clkbuf_0_clk_regs/A (sky130_fd_sc_hd__clkbuf_16)
     8    0.078792    0.146453    0.280000    1.619339 ^ clkbuf_0_clk_regs/X (sky130_fd_sc_hd__clkbuf_16)
                                                         clknet_0_clk_regs (net)
                      0.146520    0.002753    1.622092 ^ clkbuf_3_7_0_clk_regs/A (sky130_fd_sc_hd__clkbuf_8)
     2    0.018154    0.079145    0.253176    1.875268 ^ clkbuf_3_7_0_clk_regs/X (sky130_fd_sc_hd__clkbuf_8)
                                                         clknet_3_7_0_clk_regs (net)
                      0.079148    0.000488    1.875756 ^ clkbuf_4_15__f_clk_regs/A (sky130_fd_sc_hd__clkbuf_16)
     8    0.022377    0.070410    0.217420    2.093176 ^ clkbuf_4_15__f_clk_regs/X (sky130_fd_sc_hd__clkbuf_16)
                                                         clknet_4_15__leaf_clk_regs (net)
                      0.070410    0.000242    2.093417 ^ _1532_/CLK (sky130_fd_sc_hd__dfxtp_2)
     1    0.002024    0.036681    0.559953    2.653370 v _1532_/Q (sky130_fd_sc_hd__dfxtp_2)
                                                         u_top.RV32I_Logic.Single_Cycle_Datapath.pcREG.q[2] (net)
                      0.036681    0.000038    2.653409 v _1830_/A (sky130_fd_sc_hd__buf_2)
     6    0.019111    0.106831    0.266981    2.920389 v _1830_/X (sky130_fd_sc_hd__buf_2)
                                                         _0650_ (net)
                      0.106831    0.000356    2.920745 v _1354_/A_N (sky130_fd_sc_hd__and2b_2)
     1    0.002023    0.058006    0.391662    3.312407 ^ _1354_/X (sky130_fd_sc_hd__and2b_2)
                                                         _0391_ (net)
                      0.058006    0.000054    3.312461 ^ _1953_/A (sky130_fd_sc_hd__buf_2)
     1    0.001968    0.040690    0.148740    3.461201 ^ _1953_/X (sky130_fd_sc_hd__buf_2)
                                                         _1040_ (net)
                      0.040690    0.000052    3.461253 ^ _1532_/D (sky130_fd_sc_hd__dfxtp_2)
                                              3.461253   data arrival time

                                  0.000000    0.000000   clock clk (rise edge)
                                  0.000000    0.000000   clock source latency
     2    0.157321    1.138872    0.876637    0.876637 ^ clk (in)
                                                         clk (net)
                      1.154477    0.000000    0.876637 ^ clkbuf_regs_0_clk/A (sky130_fd_sc_hd__clkbuf_16)
     1    0.008569    0.076270    0.603404    1.480040 ^ clkbuf_regs_0_clk/X (sky130_fd_sc_hd__clkbuf_16)
                                                         clk_regs (net)
                      0.076271    0.000282    1.480322 ^ clkbuf_0_clk_regs/A (sky130_fd_sc_hd__clkbuf_16)
     8    0.078792    0.146453    0.309474    1.789796 ^ clkbuf_0_clk_regs/X (sky130_fd_sc_hd__clkbuf_16)
                                                         clknet_0_clk_regs (net)
                      0.146520    0.003043    1.792839 ^ clkbuf_3_7_0_clk_regs/A (sky130_fd_sc_hd__clkbuf_8)
     2    0.018154    0.079145    0.279826    2.072665 ^ clkbuf_3_7_0_clk_regs/X (sky130_fd_sc_hd__clkbuf_8)
                                                         clknet_3_7_0_clk_regs (net)
                      0.079148    0.000539    2.073204 ^ clkbuf_4_15__f_clk_regs/A (sky130_fd_sc_hd__clkbuf_16)
     8    0.022377    0.070410    0.240306    2.313510 ^ clkbuf_4_15__f_clk_regs/X (sky130_fd_sc_hd__clkbuf_16)
                                                         clknet_4_15__leaf_clk_regs (net)
                      0.070410    0.000267    2.313777 ^ _1532_/CLK (sky130_fd_sc_hd__dfxtp_2)
                                  0.100000    2.413777   clock uncertainty
                                 -0.220360    2.193418   clock reconvergence pessimism
                                 -0.065091    2.128327   library hold time
                                              2.128327   data required time
---------------------------------------------------------------------------------------------
                                              2.128327   data required time
                                             -3.461253   data arrival time
---------------------------------------------------------------------------------------------
                                              1.332926   slack (MET)


Startpoint: _1548_ (rising edge-triggered flip-flop clocked by clk)
Endpoint: _1548_ (rising edge-triggered flip-flop clocked by clk)
Path Group: clk
Path Type: min

Fanout         Cap        Slew       Delay        Time   Description
---------------------------------------------------------------------------------------------
                                  0.000000    0.000000   clock clk (rise edge)
                                  0.000000    0.000000   clock source latency
     2    0.157321    1.138872    0.793148    0.793148 ^ clk (in)
                                                         clk (net)
                      1.154477    0.000000    0.793148 ^ clkbuf_regs_0_clk/A (sky130_fd_sc_hd__clkbuf_16)
     1    0.008569    0.076270    0.545937    1.339084 ^ clkbuf_regs_0_clk/X (sky130_fd_sc_hd__clkbuf_16)
                                                         clk_regs (net)
                      0.076271    0.000255    1.339339 ^ clkbuf_0_clk_regs/A (sky130_fd_sc_hd__clkbuf_16)
     8    0.078792    0.146453    0.280000    1.619339 ^ clkbuf_0_clk_regs/X (sky130_fd_sc_hd__clkbuf_16)
                                                         clknet_0_clk_regs (net)
                      0.146476    0.001799    1.621139 ^ clkbuf_3_6_0_clk_regs/A (sky130_fd_sc_hd__clkbuf_8)
     2    0.019776    0.082884    0.256635    1.877774 ^ clkbuf_3_6_0_clk_regs/X (sky130_fd_sc_hd__clkbuf_8)
                                                         clknet_3_6_0_clk_regs (net)
                      0.082886    0.000512    1.878286 ^ clkbuf_4_13__f_clk_regs/A (sky130_fd_sc_hd__clkbuf_16)
     8    0.024105    0.072567    0.221410    2.099695 ^ clkbuf_4_13__f_clk_regs/X (sky130_fd_sc_hd__clkbuf_16)
                                                         clknet_4_13__leaf_clk_regs (net)
                      0.072583    0.000520    2.100215 ^ _1548_/CLK (sky130_fd_sc_hd__dfxtp_2)
     1    0.002405    0.050360    0.600144    2.700359 ^ _1548_/Q (sky130_fd_sc_hd__dfxtp_2)
                                                         u_top.RV32I_Logic.Single_Cycle_Datapath.pcREG.q[18] (net)
                      0.050360    0.000065    2.700424 ^ _1759_/A (sky130_fd_sc_hd__buf_2)
     6    0.034944    0.277236    0.320839    3.021263 ^ _1759_/X (sky130_fd_sc_hd__buf_2)
                                                         _0638_ (net)
                      0.277236    0.000468    3.021731 ^ _1396_/A1 (sky130_fd_sc_hd__o21ai_2)
     1    0.005439    0.066011    0.190525    3.212256 v _1396_/Y (sky130_fd_sc_hd__o21ai_2)
                                                         _0606_ (net)
                      0.066011    0.000168    3.212424 v _1397_/B (sky130_fd_sc_hd__nor2_2)
     1    0.002020    0.087768    0.101838    3.314263 ^ _1397_/Y (sky130_fd_sc_hd__nor2_2)
                                                         _0407_ (net)
                      0.087768    0.000054    3.314317 ^ _1969_/A (sky130_fd_sc_hd__buf_2)
     1    0.002057    0.041193    0.162617    3.476934 ^ _1969_/X (sky130_fd_sc_hd__buf_2)
                                                         _1056_ (net)
                      0.041193    0.000056    3.476990 ^ _1548_/D (sky130_fd_sc_hd__dfxtp_2)
                                              3.476990   data arrival time

                                  0.000000    0.000000   clock clk (rise edge)
                                  0.000000    0.000000   clock source latency
     2    0.157321    1.138872    0.876637    0.876637 ^ clk (in)
                                                         clk (net)
                      1.154477    0.000000    0.876637 ^ clkbuf_regs_0_clk/A (sky130_fd_sc_hd__clkbuf_16)
     1    0.008569    0.076270    0.603404    1.480040 ^ clkbuf_regs_0_clk/X (sky130_fd_sc_hd__clkbuf_16)
                                                         clk_regs (net)
                      0.076271    0.000282    1.480322 ^ clkbuf_0_clk_regs/A (sky130_fd_sc_hd__clkbuf_16)
     8    0.078792    0.146453    0.309474    1.789796 ^ clkbuf_0_clk_regs/X (sky130_fd_sc_hd__clkbuf_16)
                                                         clknet_0_clk_regs (net)
                      0.146476    0.001989    1.791785 ^ clkbuf_3_6_0_clk_regs/A (sky130_fd_sc_hd__clkbuf_8)
     2    0.019776    0.082884    0.283649    2.075434 ^ clkbuf_3_6_0_clk_regs/X (sky130_fd_sc_hd__clkbuf_8)
                                                         clknet_3_6_0_clk_regs (net)
                      0.082886    0.000566    2.076000 ^ clkbuf_4_13__f_clk_regs/A (sky130_fd_sc_hd__clkbuf_16)
     8    0.024105    0.072567    0.244716    2.320716 ^ clkbuf_4_13__f_clk_regs/X (sky130_fd_sc_hd__clkbuf_16)
                                                         clknet_4_13__leaf_clk_regs (net)
                      0.072583    0.000574    2.321290 ^ _1548_/CLK (sky130_fd_sc_hd__dfxtp_2)
                                  0.100000    2.421290   clock uncertainty
                                 -0.221075    2.200215   clock reconvergence pessimism
                                 -0.064862    2.135353   library hold time
                                              2.135353   data required time
---------------------------------------------------------------------------------------------
                                              2.135353   data required time
                                             -3.476990   data arrival time
---------------------------------------------------------------------------------------------
                                              1.341637   slack (MET)


Startpoint: _1566_ (rising edge-triggered flip-flop clocked by clk)
Endpoint: _1566_ (rising edge-triggered flip-flop clocked by clk)
Path Group: clk
Path Type: min

Fanout         Cap        Slew       Delay        Time   Description
---------------------------------------------------------------------------------------------
                                  0.000000    0.000000   clock clk (rise edge)
                                  0.000000    0.000000   clock source latency
     2    0.157321    1.138872    0.793148    0.793148 ^ clk (in)
                                                         clk (net)
                      1.154477    0.000000    0.793148 ^ clkbuf_regs_0_clk/A (sky130_fd_sc_hd__clkbuf_16)
     1    0.008569    0.076270    0.545937    1.339084 ^ clkbuf_regs_0_clk/X (sky130_fd_sc_hd__clkbuf_16)
                                                         clk_regs (net)
                      0.076271    0.000255    1.339339 ^ clkbuf_0_clk_regs/A (sky130_fd_sc_hd__clkbuf_16)
     8    0.078792    0.146453    0.280000    1.619339 ^ clkbuf_0_clk_regs/X (sky130_fd_sc_hd__clkbuf_16)
                                                         clknet_0_clk_regs (net)
                      0.146521    0.002778    1.622118 ^ clkbuf_3_0_0_clk_regs/A (sky130_fd_sc_hd__clkbuf_8)
     2    0.018181    0.079205    0.253267    1.875385 ^ clkbuf_3_0_0_clk_regs/X (sky130_fd_sc_hd__clkbuf_8)
                                                         clknet_3_0_0_clk_regs (net)
                      0.079207    0.000451    1.875836 ^ clkbuf_4_0__f_clk_regs/A (sky130_fd_sc_hd__clkbuf_16)
     9    0.032494    0.083908    0.231210    2.107046 ^ clkbuf_4_0__f_clk_regs/X (sky130_fd_sc_hd__clkbuf_16)
                                                         clknet_4_0__leaf_clk_regs (net)
                      0.083920    0.000982    2.108028 ^ _1566_/CLK (sky130_fd_sc_hd__dfrtp_2)
     1    0.002426    0.067244    0.641646    2.749674 ^ _1566_/Q (sky130_fd_sc_hd__dfrtp_2)
                                                         u_top.dataMemory.clear_word[4] (net)
                      0.067244    0.000066    2.749740 ^ _1711_/A (sky130_fd_sc_hd__buf_2)
     7    0.031240    0.249819    0.309366    3.059106 ^ _1711_/X (sky130_fd_sc_hd__buf_2)
                                                         _0666_ (net)
                      0.249821    0.001199    3.060305 ^ _1116_/B2 (sky130_fd_sc_hd__a32o_2)
     1    0.002591    0.072361    0.273032    3.333338 ^ _1116_/X (sky130_fd_sc_hd__a32o_2)
                                                         _0425_ (net)
                      0.072361    0.000074    3.333412 ^ _1712_/A (sky130_fd_sc_hd__buf_2)
     1    0.002198    0.042088    0.156679    3.490091 ^ _1712_/X (sky130_fd_sc_hd__buf_2)
                                                         _1074_ (net)
                      0.042088    0.000059    3.490150 ^ _1566_/D (sky130_fd_sc_hd__dfrtp_2)
                                              3.490150   data arrival time

                                  0.000000    0.000000   clock clk (rise edge)
                                  0.000000    0.000000   clock source latency
     2    0.157321    1.138872    0.876637    0.876637 ^ clk (in)
                                                         clk (net)
                      1.154477    0.000000    0.876637 ^ clkbuf_regs_0_clk/A (sky130_fd_sc_hd__clkbuf_16)
     1    0.008569    0.076270    0.603404    1.480040 ^ clkbuf_regs_0_clk/X (sky130_fd_sc_hd__clkbuf_16)
                                                         clk_regs (net)
                      0.076271    0.000282    1.480322 ^ clkbuf_0_clk_regs/A (sky130_fd_sc_hd__clkbuf_16)
     8    0.078792    0.146453    0.309474    1.789796 ^ clkbuf_0_clk_regs/X (sky130_fd_sc_hd__clkbuf_16)
                                                         clknet_0_clk_regs (net)
                      0.146521    0.003071    1.792867 ^ clkbuf_3_0_0_clk_regs/A (sky130_fd_sc_hd__clkbuf_8)
     2    0.018181    0.079205    0.279927    2.072793 ^ clkbuf_3_0_0_clk_regs/X (sky130_fd_sc_hd__clkbuf_8)
                                                         clknet_3_0_0_clk_regs (net)
                      0.079207    0.000499    2.073292 ^ clkbuf_4_0__f_clk_regs/A (sky130_fd_sc_hd__clkbuf_16)
     9    0.032494    0.083908    0.255548    2.328840 ^ clkbuf_4_0__f_clk_regs/X (sky130_fd_sc_hd__clkbuf_16)
                                                         clknet_4_0__leaf_clk_regs (net)
                      0.083920    0.001086    2.329926 ^ _1566_/CLK (sky130_fd_sc_hd__dfrtp_2)
                                  0.100000    2.429926   clock uncertainty
                                 -0.221898    2.208028   clock reconvergence pessimism
                                 -0.068263    2.139765   library hold time
                                              2.139765   data required time
---------------------------------------------------------------------------------------------
                                              2.139765   data required time
                                             -3.490150   data arrival time
---------------------------------------------------------------------------------------------
                                              1.350386   slack (MET)


Startpoint: _1551_ (rising edge-triggered flip-flop clocked by clk)
Endpoint: _1551_ (rising edge-triggered flip-flop clocked by clk)
Path Group: clk
Path Type: min

Fanout         Cap        Slew       Delay        Time   Description
---------------------------------------------------------------------------------------------
                                  0.000000    0.000000   clock clk (rise edge)
                                  0.000000    0.000000   clock source latency
     2    0.157321    1.138872    0.793148    0.793148 ^ clk (in)
                                                         clk (net)
                      1.154477    0.000000    0.793148 ^ clkbuf_regs_0_clk/A (sky130_fd_sc_hd__clkbuf_16)
     1    0.008569    0.076270    0.545937    1.339084 ^ clkbuf_regs_0_clk/X (sky130_fd_sc_hd__clkbuf_16)
                                                         clk_regs (net)
                      0.076271    0.000255    1.339339 ^ clkbuf_0_clk_regs/A (sky130_fd_sc_hd__clkbuf_16)
     8    0.078792    0.146453    0.280000    1.619339 ^ clkbuf_0_clk_regs/X (sky130_fd_sc_hd__clkbuf_16)
                                                         clknet_0_clk_regs (net)
                      0.146476    0.001799    1.621139 ^ clkbuf_3_6_0_clk_regs/A (sky130_fd_sc_hd__clkbuf_8)
     2    0.019776    0.082884    0.256635    1.877774 ^ clkbuf_3_6_0_clk_regs/X (sky130_fd_sc_hd__clkbuf_8)
                                                         clknet_3_6_0_clk_regs (net)
                      0.082886    0.000512    1.878286 ^ clkbuf_4_13__f_clk_regs/A (sky130_fd_sc_hd__clkbuf_16)
     8    0.024105    0.072567    0.221410    2.099695 ^ clkbuf_4_13__f_clk_regs/X (sky130_fd_sc_hd__clkbuf_16)
                                                         clknet_4_13__leaf_clk_regs (net)
                      0.072604    0.000976    2.100672 ^ _1551_/CLK (sky130_fd_sc_hd__dfxtp_2)
     1    0.002373    0.050158    0.599915    2.700587 ^ _1551_/Q (sky130_fd_sc_hd__dfxtp_2)
                                                         u_top.RV32I_Logic.Single_Cycle_Datapath.pcREG.q[21] (net)
                      0.050158    0.000064    2.700651 ^ _1774_/A (sky130_fd_sc_hd__buf_2)
     6    0.035667    0.282683    0.324097    3.024748 ^ _1774_/X (sky130_fd_sc_hd__buf_2)
                                                         _0641_ (net)
                      0.282683    0.000822    3.025570 ^ _1404_/A1 (sky130_fd_sc_hd__o21ai_2)
     1    0.005253    0.065214    0.190913    3.216483 v _1404_/Y (sky130_fd_sc_hd__o21ai_2)
                                                         _0611_ (net)
                      0.065214    0.000161    3.216644 v _1405_/B (sky130_fd_sc_hd__nor2_2)
     1    0.002412    0.093919    0.106395    3.323039 ^ _1405_/Y (sky130_fd_sc_hd__nor2_2)
                                                         _0410_ (net)
                      0.093919    0.000066    3.323105 ^ _1972_/A (sky130_fd_sc_hd__buf_2)
     1    0.001962    0.040614    0.164727    3.487833 ^ _1972_/X (sky130_fd_sc_hd__buf_2)
                                                         _1059_ (net)
                      0.040614    0.000053    3.487885 ^ _1551_/D (sky130_fd_sc_hd__dfxtp_2)
                                              3.487885   data arrival time

                                  0.000000    0.000000   clock clk (rise edge)
                                  0.000000    0.000000   clock source latency
     2    0.157321    1.138872    0.876637    0.876637 ^ clk (in)
                                                         clk (net)
                      1.154477    0.000000    0.876637 ^ clkbuf_regs_0_clk/A (sky130_fd_sc_hd__clkbuf_16)
     1    0.008569    0.076270    0.603404    1.480040 ^ clkbuf_regs_0_clk/X (sky130_fd_sc_hd__clkbuf_16)
                                                         clk_regs (net)
                      0.076271    0.000282    1.480322 ^ clkbuf_0_clk_regs/A (sky130_fd_sc_hd__clkbuf_16)
     8    0.078792    0.146453    0.309474    1.789796 ^ clkbuf_0_clk_regs/X (sky130_fd_sc_hd__clkbuf_16)
                                                         clknet_0_clk_regs (net)
                      0.146476    0.001989    1.791785 ^ clkbuf_3_6_0_clk_regs/A (sky130_fd_sc_hd__clkbuf_8)
     2    0.019776    0.082884    0.283649    2.075434 ^ clkbuf_3_6_0_clk_regs/X (sky130_fd_sc_hd__clkbuf_8)
                                                         clknet_3_6_0_clk_regs (net)
                      0.082886    0.000566    2.076000 ^ clkbuf_4_13__f_clk_regs/A (sky130_fd_sc_hd__clkbuf_16)
     8    0.024105    0.072567    0.244716    2.320716 ^ clkbuf_4_13__f_clk_regs/X (sky130_fd_sc_hd__clkbuf_16)
                                                         clknet_4_13__leaf_clk_regs (net)
                      0.072604    0.001079    2.321795 ^ _1551_/CLK (sky130_fd_sc_hd__dfxtp_2)
                                  0.100000    2.421795   clock uncertainty
                                 -0.221123    2.200671   clock reconvergence pessimism
                                 -0.064725    2.135947   library hold time
                                              2.135947   data required time
---------------------------------------------------------------------------------------------
                                              2.135947   data required time
                                             -3.487885   data arrival time
---------------------------------------------------------------------------------------------
                                              1.351939   slack (MET)


Startpoint: _1544_ (rising edge-triggered flip-flop clocked by clk)
Endpoint: _1544_ (rising edge-triggered flip-flop clocked by clk)
Path Group: clk
Path Type: min

Fanout         Cap        Slew       Delay        Time   Description
---------------------------------------------------------------------------------------------
                                  0.000000    0.000000   clock clk (rise edge)
                                  0.000000    0.000000   clock source latency
     2    0.157321    1.138872    0.793148    0.793148 ^ clk (in)
                                                         clk (net)
                      1.154477    0.000000    0.793148 ^ clkbuf_regs_0_clk/A (sky130_fd_sc_hd__clkbuf_16)
     1    0.008569    0.076270    0.545937    1.339084 ^ clkbuf_regs_0_clk/X (sky130_fd_sc_hd__clkbuf_16)
                                                         clk_regs (net)
                      0.076271    0.000255    1.339339 ^ clkbuf_0_clk_regs/A (sky130_fd_sc_hd__clkbuf_16)
     8    0.078792    0.146453    0.280000    1.619339 ^ clkbuf_0_clk_regs/X (sky130_fd_sc_hd__clkbuf_16)
                                                         clknet_0_clk_regs (net)
                      0.146476    0.001799    1.621139 ^ clkbuf_3_6_0_clk_regs/A (sky130_fd_sc_hd__clkbuf_8)
     2    0.019776    0.082884    0.256635    1.877774 ^ clkbuf_3_6_0_clk_regs/X (sky130_fd_sc_hd__clkbuf_8)
                                                         clknet_3_6_0_clk_regs (net)
                      0.082887    0.000546    1.878320 ^ clkbuf_4_12__f_clk_regs/A (sky130_fd_sc_hd__clkbuf_16)
     8    0.023263    0.071524    0.220463    2.098783 ^ clkbuf_4_12__f_clk_regs/X (sky130_fd_sc_hd__clkbuf_16)
                                                         clknet_4_12__leaf_clk_regs (net)
                      0.071525    0.000252    2.099036 ^ _1544_/CLK (sky130_fd_sc_hd__dfxtp_2)
     1    0.002195    0.049038    0.598137    2.697173 ^ _1544_/Q (sky130_fd_sc_hd__dfxtp_2)
                                                         u_top.RV32I_Logic.Single_Cycle_Datapath.pcREG.q[14] (net)
                      0.049038    0.000059    2.697232 ^ _1724_/A (sky130_fd_sc_hd__buf_2)
     6    0.035764    0.283350    0.324264    3.021496 ^ _1724_/X (sky130_fd_sc_hd__buf_2)
                                                         _0634_ (net)
                      0.283350    0.000457    3.021953 ^ _1385_/A1 (sky130_fd_sc_hd__o21ai_2)
     1    0.004994    0.062728    0.189525    3.211477 v _1385_/Y (sky130_fd_sc_hd__o21ai_2)
                                                         _0599_ (net)
                      0.062728    0.000147    3.211624 v _1386_/B (sky130_fd_sc_hd__nor2_2)
     1    0.002722    0.098779    0.109396    3.321020 ^ _1386_/Y (sky130_fd_sc_hd__nor2_2)
                                                         _0403_ (net)
                      0.098779    0.000077    3.321097 ^ _1965_/A (sky130_fd_sc_hd__buf_2)
     1    0.002725    0.045535    0.171914    3.493011 ^ _1965_/X (sky130_fd_sc_hd__buf_2)
                                                         _1052_ (net)
                      0.045535    0.000082    3.493093 ^ _1544_/D (sky130_fd_sc_hd__dfxtp_2)
                                              3.493093   data arrival time

                                  0.000000    0.000000   clock clk (rise edge)
                                  0.000000    0.000000   clock source latency
     2    0.157321    1.138872    0.876637    0.876637 ^ clk (in)
                                                         clk (net)
                      1.154477    0.000000    0.876637 ^ clkbuf_regs_0_clk/A (sky130_fd_sc_hd__clkbuf_16)
     1    0.008569    0.076270    0.603404    1.480040 ^ clkbuf_regs_0_clk/X (sky130_fd_sc_hd__clkbuf_16)
                                                         clk_regs (net)
                      0.076271    0.000282    1.480322 ^ clkbuf_0_clk_regs/A (sky130_fd_sc_hd__clkbuf_16)
     8    0.078792    0.146453    0.309474    1.789796 ^ clkbuf_0_clk_regs/X (sky130_fd_sc_hd__clkbuf_16)
                                                         clknet_0_clk_regs (net)
                      0.146476    0.001989    1.791785 ^ clkbuf_3_6_0_clk_regs/A (sky130_fd_sc_hd__clkbuf_8)
     2    0.019776    0.082884    0.283649    2.075434 ^ clkbuf_3_6_0_clk_regs/X (sky130_fd_sc_hd__clkbuf_8)
                                                         clknet_3_6_0_clk_regs (net)
                      0.082887    0.000604    2.076038 ^ clkbuf_4_12__f_clk_regs/A (sky130_fd_sc_hd__clkbuf_16)
     8    0.023263    0.071524    0.243670    2.319708 ^ clkbuf_4_12__f_clk_regs/X (sky130_fd_sc_hd__clkbuf_16)
                                                         clknet_4_12__leaf_clk_regs (net)
                      0.071525    0.000279    2.319987 ^ _1544_/CLK (sky130_fd_sc_hd__dfxtp_2)
                                  0.100000    2.419987   clock uncertainty
                                 -0.220951    2.199036   clock reconvergence pessimism
                                 -0.066034    2.133002   library hold time
                                              2.133002   data required time
---------------------------------------------------------------------------------------------
                                              2.133002   data required time
                                             -3.493093   data arrival time
---------------------------------------------------------------------------------------------
                                              1.360091   slack (MET)


Startpoint: _1554_ (rising edge-triggered flip-flop clocked by clk)
Endpoint: _1554_ (rising edge-triggered flip-flop clocked by clk)
Path Group: clk
Path Type: min

Fanout         Cap        Slew       Delay        Time   Description
---------------------------------------------------------------------------------------------
                                  0.000000    0.000000   clock clk (rise edge)
                                  0.000000    0.000000   clock source latency
     2    0.157321    1.138872    0.793148    0.793148 ^ clk (in)
                                                         clk (net)
                      1.154477    0.000000    0.793148 ^ clkbuf_regs_0_clk/A (sky130_fd_sc_hd__clkbuf_16)
     1    0.008569    0.076270    0.545937    1.339084 ^ clkbuf_regs_0_clk/X (sky130_fd_sc_hd__clkbuf_16)
                                                         clk_regs (net)
                      0.076271    0.000255    1.339339 ^ clkbuf_0_clk_regs/A (sky130_fd_sc_hd__clkbuf_16)
     8    0.078792    0.146453    0.280000    1.619339 ^ clkbuf_0_clk_regs/X (sky130_fd_sc_hd__clkbuf_16)
                                                         clknet_0_clk_regs (net)
                      0.146476    0.001799    1.621139 ^ clkbuf_3_6_0_clk_regs/A (sky130_fd_sc_hd__clkbuf_8)
     2    0.019776    0.082884    0.256635    1.877774 ^ clkbuf_3_6_0_clk_regs/X (sky130_fd_sc_hd__clkbuf_8)
                                                         clknet_3_6_0_clk_regs (net)
                      0.082886    0.000512    1.878286 ^ clkbuf_4_13__f_clk_regs/A (sky130_fd_sc_hd__clkbuf_16)
     8    0.024105    0.072567    0.221410    2.099695 ^ clkbuf_4_13__f_clk_regs/X (sky130_fd_sc_hd__clkbuf_16)
                                                         clknet_4_13__leaf_clk_regs (net)
                      0.072607    0.001033    2.100728 ^ _1554_/CLK (sky130_fd_sc_hd__dfxtp_2)
     1    0.002307    0.049741    0.599431    2.700159 ^ _1554_/Q (sky130_fd_sc_hd__dfxtp_2)
                                                         u_top.RV32I_Logic.Single_Cycle_Datapath.pcREG.q[24] (net)
                      0.049741    0.000062    2.700220 ^ _1789_/A (sky130_fd_sc_hd__buf_2)
     6    0.037635    0.297148    0.334316    3.034537 ^ _1789_/X (sky130_fd_sc_hd__buf_2)
                                                         _0644_ (net)
                      0.297148    0.000994    3.035531 ^ _1412_/A1 (sky130_fd_sc_hd__o21ai_2)
     1    0.005325    0.065483    0.195349    3.230880 v _1412_/Y (sky130_fd_sc_hd__o21ai_2)
                                                         _0616_ (net)
                      0.065483    0.000165    3.231045 v _1413_/B (sky130_fd_sc_hd__nor2_2)
     1    0.002383    0.093458    0.106123    3.337168 ^ _1413_/Y (sky130_fd_sc_hd__nor2_2)
                                                         _0413_ (net)
                      0.093458    0.000066    3.337234 ^ _1975_/A (sky130_fd_sc_hd__buf_2)
     1    0.002269    0.042587    0.166549    3.503784 ^ _1975_/X (sky130_fd_sc_hd__buf_2)
                                                         _1062_ (net)
                      0.042587    0.000063    3.503846 ^ _1554_/D (sky130_fd_sc_hd__dfxtp_2)
                                              3.503846   data arrival time

                                  0.000000    0.000000   clock clk (rise edge)
                                  0.000000    0.000000   clock source latency
     2    0.157321    1.138872    0.876637    0.876637 ^ clk (in)
                                                         clk (net)
                      1.154477    0.000000    0.876637 ^ clkbuf_regs_0_clk/A (sky130_fd_sc_hd__clkbuf_16)
     1    0.008569    0.076270    0.603404    1.480040 ^ clkbuf_regs_0_clk/X (sky130_fd_sc_hd__clkbuf_16)
                                                         clk_regs (net)
                      0.076271    0.000282    1.480322 ^ clkbuf_0_clk_regs/A (sky130_fd_sc_hd__clkbuf_16)
     8    0.078792    0.146453    0.309474    1.789796 ^ clkbuf_0_clk_regs/X (sky130_fd_sc_hd__clkbuf_16)
                                                         clknet_0_clk_regs (net)
                      0.146476    0.001989    1.791785 ^ clkbuf_3_6_0_clk_regs/A (sky130_fd_sc_hd__clkbuf_8)
     2    0.019776    0.082884    0.283649    2.075434 ^ clkbuf_3_6_0_clk_regs/X (sky130_fd_sc_hd__clkbuf_8)
                                                         clknet_3_6_0_clk_regs (net)
                      0.082886    0.000566    2.076000 ^ clkbuf_4_13__f_clk_regs/A (sky130_fd_sc_hd__clkbuf_16)
     8    0.024105    0.072567    0.244716    2.320716 ^ clkbuf_4_13__f_clk_regs/X (sky130_fd_sc_hd__clkbuf_16)
                                                         clknet_4_13__leaf_clk_regs (net)
                      0.072607    0.001141    2.321857 ^ _1554_/CLK (sky130_fd_sc_hd__dfxtp_2)
                                  0.100000    2.421857   clock uncertainty
                                 -0.221129    2.200728   clock reconvergence pessimism
                                 -0.065181    2.135547   library hold time
                                              2.135547   data required time
---------------------------------------------------------------------------------------------
                                              2.135547   data required time
                                             -3.503846   data arrival time
---------------------------------------------------------------------------------------------
                                              1.368299   slack (MET)


Startpoint: _1534_ (rising edge-triggered flip-flop clocked by clk)
Endpoint: _1534_ (rising edge-triggered flip-flop clocked by clk)
Path Group: clk
Path Type: min

Fanout         Cap        Slew       Delay        Time   Description
---------------------------------------------------------------------------------------------
                                  0.000000    0.000000   clock clk (rise edge)
                                  0.000000    0.000000   clock source latency
     2    0.157321    1.138872    0.793148    0.793148 ^ clk (in)
                                                         clk (net)
                      1.154477    0.000000    0.793148 ^ clkbuf_regs_0_clk/A (sky130_fd_sc_hd__clkbuf_16)
     1    0.008569    0.076270    0.545937    1.339084 ^ clkbuf_regs_0_clk/X (sky130_fd_sc_hd__clkbuf_16)
                                                         clk_regs (net)
                      0.076271    0.000255    1.339339 ^ clkbuf_0_clk_regs/A (sky130_fd_sc_hd__clkbuf_16)
     8    0.078792    0.146453    0.280000    1.619339 ^ clkbuf_0_clk_regs/X (sky130_fd_sc_hd__clkbuf_16)
                                                         clknet_0_clk_regs (net)
                      0.146520    0.002753    1.622092 ^ clkbuf_3_7_0_clk_regs/A (sky130_fd_sc_hd__clkbuf_8)
     2    0.018154    0.079145    0.253176    1.875268 ^ clkbuf_3_7_0_clk_regs/X (sky130_fd_sc_hd__clkbuf_8)
                                                         clknet_3_7_0_clk_regs (net)
                      0.079148    0.000488    1.875756 ^ clkbuf_4_15__f_clk_regs/A (sky130_fd_sc_hd__clkbuf_16)
     8    0.022377    0.070410    0.217420    2.093176 ^ clkbuf_4_15__f_clk_regs/X (sky130_fd_sc_hd__clkbuf_16)
                                                         clknet_4_15__leaf_clk_regs (net)
                      0.070411    0.000490    2.093666 ^ _1534_/CLK (sky130_fd_sc_hd__dfxtp_2)
     1    0.002194    0.049040    0.597654    2.691319 ^ _1534_/Q (sky130_fd_sc_hd__dfxtp_2)
                                                         u_top.RV32I_Logic.Single_Cycle_Datapath.pcREG.q[4] (net)
                      0.049040    0.000059    2.691378 ^ _1832_/A (sky130_fd_sc_hd__buf_2)
     3    0.008224    0.082935    0.182954    2.874332 ^ _1832_/X (sky130_fd_sc_hd__buf_2)
                                                         _0654_ (net)
                      0.082935    0.000170    2.874502 ^ _1357_/B1 (sky130_fd_sc_hd__a21o_2)
     1    0.001938    0.039506    0.138257    3.012760 ^ _1357_/X (sky130_fd_sc_hd__a21o_2)
                                                         _0581_ (net)
                      0.039506    0.000036    3.012796 ^ _1359_/C (sky130_fd_sc_hd__and3b_2)
     1    0.002301    0.076510    0.327837    3.340632 ^ _1359_/X (sky130_fd_sc_hd__and3b_2)
                                                         _0393_ (net)
                      0.076510    0.000062    3.340695 ^ _1955_/A (sky130_fd_sc_hd__buf_2)
     1    0.001909    0.040214    0.156630    3.497325 ^ _1955_/X (sky130_fd_sc_hd__buf_2)
                                                         _1042_ (net)
                      0.040214    0.000050    3.497375 ^ _1534_/D (sky130_fd_sc_hd__dfxtp_2)
                                              3.497375   data arrival time

                                  0.000000    0.000000   clock clk (rise edge)
                                  0.000000    0.000000   clock source latency
     2    0.157321    1.138872    0.876637    0.876637 ^ clk (in)
                                                         clk (net)
                      1.154477    0.000000    0.876637 ^ clkbuf_regs_0_clk/A (sky130_fd_sc_hd__clkbuf_16)
     1    0.008569    0.076270    0.603404    1.480040 ^ clkbuf_regs_0_clk/X (sky130_fd_sc_hd__clkbuf_16)
                                                         clk_regs (net)
                      0.076271    0.000282    1.480322 ^ clkbuf_0_clk_regs/A (sky130_fd_sc_hd__clkbuf_16)
     8    0.078792    0.146453    0.309474    1.789796 ^ clkbuf_0_clk_regs/X (sky130_fd_sc_hd__clkbuf_16)
                                                         clknet_0_clk_regs (net)
                      0.146520    0.003043    1.792839 ^ clkbuf_3_7_0_clk_regs/A (sky130_fd_sc_hd__clkbuf_8)
     2    0.018154    0.079145    0.279826    2.072665 ^ clkbuf_3_7_0_clk_regs/X (sky130_fd_sc_hd__clkbuf_8)
                                                         clknet_3_7_0_clk_regs (net)
                      0.079148    0.000539    2.073204 ^ clkbuf_4_15__f_clk_regs/A (sky130_fd_sc_hd__clkbuf_16)
     8    0.022377    0.070410    0.240306    2.313510 ^ clkbuf_4_15__f_clk_regs/X (sky130_fd_sc_hd__clkbuf_16)
                                                         clknet_4_15__leaf_clk_regs (net)
                      0.070411    0.000542    2.314052 ^ _1534_/CLK (sky130_fd_sc_hd__dfxtp_2)
                                  0.100000    2.414052   clock uncertainty
                                 -0.220386    2.193666   clock reconvergence pessimism
                                 -0.064981    2.128685   library hold time
                                              2.128685   data required time
---------------------------------------------------------------------------------------------
                                              2.128685   data required time
                                             -3.497375   data arrival time
---------------------------------------------------------------------------------------------
                                              1.368689   slack (MET)


Startpoint: _1540_ (rising edge-triggered flip-flop clocked by clk)
Endpoint: _1540_ (rising edge-triggered flip-flop clocked by clk)
Path Group: clk
Path Type: min

Fanout         Cap        Slew       Delay        Time   Description
---------------------------------------------------------------------------------------------
                                  0.000000    0.000000   clock clk (rise edge)
                                  0.000000    0.000000   clock source latency
     2    0.157321    1.138872    0.793148    0.793148 ^ clk (in)
                                                         clk (net)
                      1.154477    0.000000    0.793148 ^ clkbuf_regs_0_clk/A (sky130_fd_sc_hd__clkbuf_16)
     1    0.008569    0.076270    0.545937    1.339084 ^ clkbuf_regs_0_clk/X (sky130_fd_sc_hd__clkbuf_16)
                                                         clk_regs (net)
                      0.076271    0.000255    1.339339 ^ clkbuf_0_clk_regs/A (sky130_fd_sc_hd__clkbuf_16)
     8    0.078792    0.146453    0.280000    1.619339 ^ clkbuf_0_clk_regs/X (sky130_fd_sc_hd__clkbuf_16)
                                                         clknet_0_clk_regs (net)
                      0.146515    0.002672    1.622012 ^ clkbuf_3_5_0_clk_regs/A (sky130_fd_sc_hd__clkbuf_8)
     2    0.019206    0.081558    0.255471    1.877482 ^ clkbuf_3_5_0_clk_regs/X (sky130_fd_sc_hd__clkbuf_8)
                                                         clknet_3_5_0_clk_regs (net)
                      0.081560    0.000454    1.877936 ^ clkbuf_4_10__f_clk_regs/A (sky130_fd_sc_hd__clkbuf_16)
     8    0.023285    0.071546    0.219792    2.097728 ^ clkbuf_4_10__f_clk_regs/X (sky130_fd_sc_hd__clkbuf_16)
                                                         clknet_4_10__leaf_clk_regs (net)
                      0.071547    0.000428    2.098156 ^ _1540_/CLK (sky130_fd_sc_hd__dfxtp_2)
     1    0.002572    0.051406    0.600912    2.699068 ^ _1540_/Q (sky130_fd_sc_hd__dfxtp_2)
                                                         u_top.RV32I_Logic.Single_Cycle_Datapath.pcREG.q[10] (net)
                      0.051406    0.000070    2.699138 ^ _1838_/A (sky130_fd_sc_hd__buf_2)
     3    0.007746    0.079599    0.181393    2.880531 ^ _1838_/X (sky130_fd_sc_hd__buf_2)
                                                         _0630_ (net)
                      0.079599    0.000205    2.880735 ^ _1373_/B1 (sky130_fd_sc_hd__a21o_2)
     1    0.001995    0.039826    0.137236    3.017971 ^ _1373_/X (sky130_fd_sc_hd__a21o_2)
                                                         _0591_ (net)
                      0.039826    0.000053    3.018024 ^ _1375_/C (sky130_fd_sc_hd__and3b_2)
     1    0.002513    0.078078    0.330166    3.348190 ^ _1375_/X (sky130_fd_sc_hd__and3b_2)
                                                         _0399_ (net)
                      0.078078    0.000069    3.348259 ^ _1961_/A (sky130_fd_sc_hd__buf_2)
     1    0.001933    0.040360    0.157489    3.505748 ^ _1961_/X (sky130_fd_sc_hd__buf_2)
                                                         _1048_ (net)
                      0.040360    0.000051    3.505799 ^ _1540_/D (sky130_fd_sc_hd__dfxtp_2)
                                              3.505799   data arrival time

                                  0.000000    0.000000   clock clk (rise edge)
                                  0.000000    0.000000   clock source latency
     2    0.157321    1.138872    0.876637    0.876637 ^ clk (in)
                                                         clk (net)
                      1.154477    0.000000    0.876637 ^ clkbuf_regs_0_clk/A (sky130_fd_sc_hd__clkbuf_16)
     1    0.008569    0.076270    0.603404    1.480040 ^ clkbuf_regs_0_clk/X (sky130_fd_sc_hd__clkbuf_16)
                                                         clk_regs (net)
                      0.076271    0.000282    1.480322 ^ clkbuf_0_clk_regs/A (sky130_fd_sc_hd__clkbuf_16)
     8    0.078792    0.146453    0.309474    1.789796 ^ clkbuf_0_clk_regs/X (sky130_fd_sc_hd__clkbuf_16)
                                                         clknet_0_clk_regs (net)
                      0.146515    0.002954    1.792750 ^ clkbuf_3_5_0_clk_regs/A (sky130_fd_sc_hd__clkbuf_8)
     2    0.019206    0.081558    0.282362    2.075112 ^ clkbuf_3_5_0_clk_regs/X (sky130_fd_sc_hd__clkbuf_8)
                                                         clknet_3_5_0_clk_regs (net)
                      0.081560    0.000501    2.075613 ^ clkbuf_4_10__f_clk_regs/A (sky130_fd_sc_hd__clkbuf_16)
     8    0.023285    0.071546    0.242928    2.318541 ^ clkbuf_4_10__f_clk_regs/X (sky130_fd_sc_hd__clkbuf_16)
                                                         clknet_4_10__leaf_clk_regs (net)
                      0.071547    0.000473    2.319014 ^ _1540_/CLK (sky130_fd_sc_hd__dfxtp_2)
                                  0.100000    2.419014   clock uncertainty
                                 -0.220858    2.198156   clock reconvergence pessimism
                                 -0.064834    2.133322   library hold time
                                              2.133322   data required time
---------------------------------------------------------------------------------------------
                                              2.133322   data required time
                                             -3.505799   data arrival time
---------------------------------------------------------------------------------------------
                                              1.372478   slack (MET)


Startpoint: _1535_ (rising edge-triggered flip-flop clocked by clk)
Endpoint: _1535_ (rising edge-triggered flip-flop clocked by clk)
Path Group: clk
Path Type: min

Fanout         Cap        Slew       Delay        Time   Description
---------------------------------------------------------------------------------------------
                                  0.000000    0.000000   clock clk (rise edge)
                                  0.000000    0.000000   clock source latency
     2    0.157321    1.138872    0.793148    0.793148 ^ clk (in)
                                                         clk (net)
                      1.154477    0.000000    0.793148 ^ clkbuf_regs_0_clk/A (sky130_fd_sc_hd__clkbuf_16)
     1    0.008569    0.076270    0.545937    1.339084 ^ clkbuf_regs_0_clk/X (sky130_fd_sc_hd__clkbuf_16)
                                                         clk_regs (net)
                      0.076271    0.000255    1.339339 ^ clkbuf_0_clk_regs/A (sky130_fd_sc_hd__clkbuf_16)
     8    0.078792    0.146453    0.280000    1.619339 ^ clkbuf_0_clk_regs/X (sky130_fd_sc_hd__clkbuf_16)
                                                         clknet_0_clk_regs (net)
                      0.146520    0.002753    1.622092 ^ clkbuf_3_7_0_clk_regs/A (sky130_fd_sc_hd__clkbuf_8)
     2    0.018154    0.079145    0.253176    1.875268 ^ clkbuf_3_7_0_clk_regs/X (sky130_fd_sc_hd__clkbuf_8)
                                                         clknet_3_7_0_clk_regs (net)
                      0.079147    0.000440    1.875708 ^ clkbuf_4_14__f_clk_regs/A (sky130_fd_sc_hd__clkbuf_16)
     8    0.025541    0.074447    0.221774    2.097482 ^ clkbuf_4_14__f_clk_regs/X (sky130_fd_sc_hd__clkbuf_16)
                                                         clknet_4_14__leaf_clk_regs (net)
                      0.074452    0.000592    2.098074 ^ _1535_/CLK (sky130_fd_sc_hd__dfxtp_2)
     1    0.003059    0.054017    0.605751    2.703825 ^ _1535_/Q (sky130_fd_sc_hd__dfxtp_2)
                                                         u_top.RV32I_Logic.Single_Cycle_Datapath.pcREG.q[5] (net)
                      0.054017    0.000062    2.703887 ^ _1833_/A (sky130_fd_sc_hd__buf_2)
     2    0.004474    0.057178    0.163665    2.867552 ^ _1833_/X (sky130_fd_sc_hd__buf_2)
                                                         _0655_ (net)
                      0.057178    0.000095    2.867647 ^ _1360_/A (sky130_fd_sc_hd__or2_2)
     1    0.002230    0.045060    0.155105    3.022752 ^ _1360_/X (sky130_fd_sc_hd__or2_2)
                                                         _0583_ (net)
                      0.045060    0.000062    3.022814 ^ _1362_/C (sky130_fd_sc_hd__and3b_2)
     1    0.002421    0.077383    0.331172    3.353986 ^ _1362_/X (sky130_fd_sc_hd__and3b_2)
                                                         _0394_ (net)
                      0.077383    0.000067    3.354053 ^ _1956_/A (sky130_fd_sc_hd__buf_2)
     1    0.002454    0.043714    0.160623    3.514675 ^ _1956_/X (sky130_fd_sc_hd__buf_2)
                                                         _1043_ (net)
                      0.043714    0.000048    3.514723 ^ _1535_/D (sky130_fd_sc_hd__dfxtp_2)
                                              3.514723   data arrival time

                                  0.000000    0.000000   clock clk (rise edge)
                                  0.000000    0.000000   clock source latency
     2    0.157321    1.138872    0.876637    0.876637 ^ clk (in)
                                                         clk (net)
                      1.154477    0.000000    0.876637 ^ clkbuf_regs_0_clk/A (sky130_fd_sc_hd__clkbuf_16)
     1    0.008569    0.076270    0.603404    1.480040 ^ clkbuf_regs_0_clk/X (sky130_fd_sc_hd__clkbuf_16)
                                                         clk_regs (net)
                      0.076271    0.000282    1.480322 ^ clkbuf_0_clk_regs/A (sky130_fd_sc_hd__clkbuf_16)
     8    0.078792    0.146453    0.309474    1.789796 ^ clkbuf_0_clk_regs/X (sky130_fd_sc_hd__clkbuf_16)
                                                         clknet_0_clk_regs (net)
                      0.146520    0.003043    1.792839 ^ clkbuf_3_7_0_clk_regs/A (sky130_fd_sc_hd__clkbuf_8)
     2    0.018154    0.079145    0.279826    2.072665 ^ clkbuf_3_7_0_clk_regs/X (sky130_fd_sc_hd__clkbuf_8)
                                                         clknet_3_7_0_clk_regs (net)
                      0.079147    0.000486    2.073151 ^ clkbuf_4_14__f_clk_regs/A (sky130_fd_sc_hd__clkbuf_16)
     8    0.025541    0.074447    0.245118    2.318269 ^ clkbuf_4_14__f_clk_regs/X (sky130_fd_sc_hd__clkbuf_16)
                                                         clknet_4_14__leaf_clk_regs (net)
                      0.074452    0.000655    2.318923 ^ _1535_/CLK (sky130_fd_sc_hd__dfxtp_2)
                                  0.100000    2.418924   clock uncertainty
                                 -0.220849    2.198074   clock reconvergence pessimism
                                 -0.065148    2.132926   library hold time
                                              2.132926   data required time
---------------------------------------------------------------------------------------------
                                              2.132926   data required time
                                             -3.514723   data arrival time
---------------------------------------------------------------------------------------------
                                              1.381797   slack (MET)


Startpoint: _1537_ (rising edge-triggered flip-flop clocked by clk)
Endpoint: _1537_ (rising edge-triggered flip-flop clocked by clk)
Path Group: clk
Path Type: min

Fanout         Cap        Slew       Delay        Time   Description
---------------------------------------------------------------------------------------------
                                  0.000000    0.000000   clock clk (rise edge)
                                  0.000000    0.000000   clock source latency
     2    0.157321    1.138872    0.793148    0.793148 ^ clk (in)
                                                         clk (net)
                      1.154477    0.000000    0.793148 ^ clkbuf_regs_0_clk/A (sky130_fd_sc_hd__clkbuf_16)
     1    0.008569    0.076270    0.545937    1.339084 ^ clkbuf_regs_0_clk/X (sky130_fd_sc_hd__clkbuf_16)
                                                         clk_regs (net)
                      0.076271    0.000255    1.339339 ^ clkbuf_0_clk_regs/A (sky130_fd_sc_hd__clkbuf_16)
     8    0.078792    0.146453    0.280000    1.619339 ^ clkbuf_0_clk_regs/X (sky130_fd_sc_hd__clkbuf_16)
                                                         clknet_0_clk_regs (net)
                      0.146515    0.002672    1.622012 ^ clkbuf_3_5_0_clk_regs/A (sky130_fd_sc_hd__clkbuf_8)
     2    0.019206    0.081558    0.255471    1.877482 ^ clkbuf_3_5_0_clk_regs/X (sky130_fd_sc_hd__clkbuf_8)
                                                         clknet_3_5_0_clk_regs (net)
                      0.081559    0.000390    1.877873 ^ clkbuf_4_11__f_clk_regs/A (sky130_fd_sc_hd__clkbuf_16)
     8    0.027288    0.076763    0.225088    2.102961 ^ clkbuf_4_11__f_clk_regs/X (sky130_fd_sc_hd__clkbuf_16)
                                                         clknet_4_11__leaf_clk_regs (net)
                      0.076766    0.000579    2.103540 ^ _1537_/CLK (sky130_fd_sc_hd__dfxtp_2)
     1    0.002570    0.051383    0.603167    2.706707 ^ _1537_/Q (sky130_fd_sc_hd__dfxtp_2)
                                                         u_top.RV32I_Logic.Single_Cycle_Datapath.pcREG.q[7] (net)
                      0.051383    0.000068    2.706775 ^ _1835_/A (sky130_fd_sc_hd__buf_2)
     3    0.009440    0.091507    0.190461    2.897236 ^ _1835_/X (sky130_fd_sc_hd__buf_2)
                                                         _0657_ (net)
                      0.091507    0.000316    2.897552 ^ _1365_/B1 (sky130_fd_sc_hd__a21o_2)
     1    0.001837    0.038982    0.141182    3.038734 ^ _1365_/X (sky130_fd_sc_hd__a21o_2)
                                                         _0586_ (net)
                      0.038982    0.000048    3.038782 ^ _1367_/C (sky130_fd_sc_hd__and3b_2)
     1    0.002254    0.076164    0.327151    3.365933 ^ _1367_/X (sky130_fd_sc_hd__and3b_2)
                                                         _0396_ (net)
                      0.076164    0.000060    3.365993 ^ _1958_/A (sky130_fd_sc_hd__buf_2)
     1    0.001993    0.040755    0.157028    3.523021 ^ _1958_/X (sky130_fd_sc_hd__buf_2)
                                                         _1045_ (net)
                      0.040755    0.000053    3.523074 ^ _1537_/D (sky130_fd_sc_hd__dfxtp_2)
                                              3.523074   data arrival time

                                  0.000000    0.000000   clock clk (rise edge)
                                  0.000000    0.000000   clock source latency
     2    0.157321    1.138872    0.876637    0.876637 ^ clk (in)
                                                         clk (net)
                      1.154477    0.000000    0.876637 ^ clkbuf_regs_0_clk/A (sky130_fd_sc_hd__clkbuf_16)
     1    0.008569    0.076270    0.603404    1.480040 ^ clkbuf_regs_0_clk/X (sky130_fd_sc_hd__clkbuf_16)
                                                         clk_regs (net)
                      0.076271    0.000282    1.480322 ^ clkbuf_0_clk_regs/A (sky130_fd_sc_hd__clkbuf_16)
     8    0.078792    0.146453    0.309474    1.789796 ^ clkbuf_0_clk_regs/X (sky130_fd_sc_hd__clkbuf_16)
                                                         clknet_0_clk_regs (net)
                      0.146515    0.002954    1.792750 ^ clkbuf_3_5_0_clk_regs/A (sky130_fd_sc_hd__clkbuf_8)
     2    0.019206    0.081558    0.282362    2.075112 ^ clkbuf_3_5_0_clk_regs/X (sky130_fd_sc_hd__clkbuf_8)
                                                         clknet_3_5_0_clk_regs (net)
                      0.081559    0.000431    2.075543 ^ clkbuf_4_11__f_clk_regs/A (sky130_fd_sc_hd__clkbuf_16)
     8    0.027288    0.076763    0.248782    2.324325 ^ clkbuf_4_11__f_clk_regs/X (sky130_fd_sc_hd__clkbuf_16)
                                                         clknet_4_11__leaf_clk_regs (net)
                      0.076766    0.000640    2.324965 ^ _1537_/CLK (sky130_fd_sc_hd__dfxtp_2)
                                  0.100000    2.424965   clock uncertainty
                                 -0.221425    2.203540   clock reconvergence pessimism
                                 -0.064097    2.139443   library hold time
                                              2.139443   data required time
---------------------------------------------------------------------------------------------
                                              2.139443   data required time
                                             -3.523074   data arrival time
---------------------------------------------------------------------------------------------
                                              1.383631   slack (MET)


Startpoint: _1564_ (rising edge-triggered flip-flop clocked by clk)
Endpoint: _1564_ (rising edge-triggered flip-flop clocked by clk)
Path Group: clk
Path Type: min

Fanout         Cap        Slew       Delay        Time   Description
---------------------------------------------------------------------------------------------
                                  0.000000    0.000000   clock clk (rise edge)
                                  0.000000    0.000000   clock source latency
     2    0.157321    1.138872    0.793148    0.793148 ^ clk (in)
                                                         clk (net)
                      1.154477    0.000000    0.793148 ^ clkbuf_regs_0_clk/A (sky130_fd_sc_hd__clkbuf_16)
     1    0.008569    0.076270    0.545937    1.339084 ^ clkbuf_regs_0_clk/X (sky130_fd_sc_hd__clkbuf_16)
                                                         clk_regs (net)
                      0.076271    0.000255    1.339339 ^ clkbuf_0_clk_regs/A (sky130_fd_sc_hd__clkbuf_16)
     8    0.078792    0.146453    0.280000    1.619339 ^ clkbuf_0_clk_regs/X (sky130_fd_sc_hd__clkbuf_16)
                                                         clknet_0_clk_regs (net)
                      0.146521    0.002778    1.622118 ^ clkbuf_3_0_0_clk_regs/A (sky130_fd_sc_hd__clkbuf_8)
     2    0.018181    0.079205    0.253267    1.875385 ^ clkbuf_3_0_0_clk_regs/X (sky130_fd_sc_hd__clkbuf_8)
                                                         clknet_3_0_0_clk_regs (net)
                      0.079206    0.000342    1.875726 ^ clkbuf_4_1__f_clk_regs/A (sky130_fd_sc_hd__clkbuf_16)
     9    0.033687    0.085517    0.232731    2.108458 ^ clkbuf_4_1__f_clk_regs/X (sky130_fd_sc_hd__clkbuf_16)
                                                         clknet_4_1__leaf_clk_regs (net)
                      0.085533    0.001112    2.109570 ^ _1564_/CLK (sky130_fd_sc_hd__dfrtp_2)
     1    0.002444    0.067363    0.642531    2.752100 ^ _1564_/Q (sky130_fd_sc_hd__dfrtp_2)
                                                         u_top.dataMemory.clear_word[2] (net)
                      0.067363    0.000068    2.752168 ^ _1715_/A (sky130_fd_sc_hd__buf_2)
     6    0.029093    0.233786    0.298991    3.051159 ^ _1715_/X (sky130_fd_sc_hd__buf_2)
                                                         _0664_ (net)
                      0.233787    0.000941    3.052100 ^ _1120_/A1 (sky130_fd_sc_hd__a22o_2)
     1    0.003019    0.062382    0.326738    3.378838 ^ _1120_/X (sky130_fd_sc_hd__a22o_2)
                                                         _0423_ (net)
                      0.062382    0.000083    3.378921 ^ _1716_/A (sky130_fd_sc_hd__buf_2)
     1    0.002569    0.044507    0.154689    3.533610 ^ _1716_/X (sky130_fd_sc_hd__buf_2)
                                                         _1072_ (net)
                      0.044507    0.000068    3.533677 ^ _1564_/D (sky130_fd_sc_hd__dfrtp_2)
                                              3.533677   data arrival time

                                  0.000000    0.000000   clock clk (rise edge)
                                  0.000000    0.000000   clock source latency
     2    0.157321    1.138872    0.876637    0.876637 ^ clk (in)
                                                         clk (net)
                      1.154477    0.000000    0.876637 ^ clkbuf_regs_0_clk/A (sky130_fd_sc_hd__clkbuf_16)
     1    0.008569    0.076270    0.603404    1.480040 ^ clkbuf_regs_0_clk/X (sky130_fd_sc_hd__clkbuf_16)
                                                         clk_regs (net)
                      0.076271    0.000282    1.480322 ^ clkbuf_0_clk_regs/A (sky130_fd_sc_hd__clkbuf_16)
     8    0.078792    0.146453    0.309474    1.789796 ^ clkbuf_0_clk_regs/X (sky130_fd_sc_hd__clkbuf_16)
                                                         clknet_0_clk_regs (net)
                      0.146521    0.003071    1.792867 ^ clkbuf_3_0_0_clk_regs/A (sky130_fd_sc_hd__clkbuf_8)
     2    0.018181    0.079205    0.279927    2.072793 ^ clkbuf_3_0_0_clk_regs/X (sky130_fd_sc_hd__clkbuf_8)
                                                         clknet_3_0_0_clk_regs (net)
                      0.079206    0.000378    2.073171 ^ clkbuf_4_1__f_clk_regs/A (sky130_fd_sc_hd__clkbuf_16)
     9    0.033687    0.085517    0.257229    2.330400 ^ clkbuf_4_1__f_clk_regs/X (sky130_fd_sc_hd__clkbuf_16)
                                                         clknet_4_1__leaf_clk_regs (net)
                      0.085533    0.001229    2.331629 ^ _1564_/CLK (sky130_fd_sc_hd__dfrtp_2)
                                  0.100000    2.431629   clock uncertainty
                                 -0.222060    2.209569   clock reconvergence pessimism
                                 -0.068549    2.141020   library hold time
                                              2.141020   data required time
---------------------------------------------------------------------------------------------
                                              2.141020   data required time
                                             -3.533677   data arrival time
---------------------------------------------------------------------------------------------
                                              1.392657   slack (MET)


Startpoint: _1560_ (rising edge-triggered flip-flop clocked by clk)
Endpoint: _1560_ (rising edge-triggered flip-flop clocked by clk)
Path Group: clk
Path Type: min

Fanout         Cap        Slew       Delay        Time   Description
---------------------------------------------------------------------------------------------
                                  0.000000    0.000000   clock clk (rise edge)
                                  0.000000    0.000000   clock source latency
     2    0.157321    1.138872    0.793148    0.793148 ^ clk (in)
                                                         clk (net)
                      1.154477    0.000000    0.793148 ^ clkbuf_regs_0_clk/A (sky130_fd_sc_hd__clkbuf_16)
     1    0.008569    0.076270    0.545937    1.339084 ^ clkbuf_regs_0_clk/X (sky130_fd_sc_hd__clkbuf_16)
                                                         clk_regs (net)
                      0.076271    0.000255    1.339339 ^ clkbuf_0_clk_regs/A (sky130_fd_sc_hd__clkbuf_16)
     8    0.078792    0.146453    0.280000    1.619339 ^ clkbuf_0_clk_regs/X (sky130_fd_sc_hd__clkbuf_16)
                                                         clknet_0_clk_regs (net)
                      0.146489    0.002153    1.621492 ^ clkbuf_3_4_0_clk_regs/A (sky130_fd_sc_hd__clkbuf_8)
     2    0.018992    0.081069    0.254959    1.876451 ^ clkbuf_3_4_0_clk_regs/X (sky130_fd_sc_hd__clkbuf_8)
                                                         clknet_3_4_0_clk_regs (net)
                      0.081072    0.000521    1.876972 ^ clkbuf_4_9__f_clk_regs/A (sky130_fd_sc_hd__clkbuf_16)
     9    0.028405    0.078237    0.226543    2.103515 ^ clkbuf_4_9__f_clk_regs/X (sky130_fd_sc_hd__clkbuf_16)
                                                         clknet_4_9__leaf_clk_regs (net)
                      0.078238    0.000414    2.103929 ^ _1560_/CLK (sky130_fd_sc_hd__dfxtp_2)
     1    0.002150    0.037156    0.564061    2.667990 v _1560_/Q (sky130_fd_sc_hd__dfxtp_2)
                                                         u_top.RV32I_Logic.Single_Cycle_Datapath.pcREG.q[30] (net)
                      0.037156    0.000059    2.668049 v _1819_/A (sky130_fd_sc_hd__buf_2)
     6    0.022762    0.120932    0.278144    2.946193 v _1819_/X (sky130_fd_sc_hd__buf_2)
                                                         _0651_ (net)
                      0.120934    0.000665    2.946857 v _1429_/B (sky130_fd_sc_hd__nand3_2)
     2    0.007047    0.094679    0.141277    3.088135 ^ _1429_/Y (sky130_fd_sc_hd__nand3_2)
                                                         _0627_ (net)
                      0.094679    0.000154    3.088289 ^ _1430_/C (sky130_fd_sc_hd__and3_2)
     1    0.001828    0.071945    0.334758    3.423047 ^ _1430_/X (sky130_fd_sc_hd__and3_2)
                                                         _0419_ (net)
                      0.071945    0.000033    3.423079 ^ _1981_/A (sky130_fd_sc_hd__buf_2)
     1    0.002538    0.044273    0.158746    3.581826 ^ _1981_/X (sky130_fd_sc_hd__buf_2)
                                                         _1068_ (net)
                      0.044273    0.000069    3.581895 ^ _1560_/D (sky130_fd_sc_hd__dfxtp_2)
                                              3.581895   data arrival time

                                  0.000000    0.000000   clock clk (rise edge)
                                  0.000000    0.000000   clock source latency
     2    0.157321    1.138872    0.876637    0.876637 ^ clk (in)
                                                         clk (net)
                      1.154477    0.000000    0.876637 ^ clkbuf_regs_0_clk/A (sky130_fd_sc_hd__clkbuf_16)
     1    0.008569    0.076270    0.603404    1.480040 ^ clkbuf_regs_0_clk/X (sky130_fd_sc_hd__clkbuf_16)
                                                         clk_regs (net)
                      0.076271    0.000282    1.480322 ^ clkbuf_0_clk_regs/A (sky130_fd_sc_hd__clkbuf_16)
     8    0.078792    0.146453    0.309474    1.789796 ^ clkbuf_0_clk_regs/X (sky130_fd_sc_hd__clkbuf_16)
                                                         clknet_0_clk_regs (net)
                      0.146489    0.002380    1.792176 ^ clkbuf_3_4_0_clk_regs/A (sky130_fd_sc_hd__clkbuf_8)
     2    0.018992    0.081069    0.281797    2.073972 ^ clkbuf_3_4_0_clk_regs/X (sky130_fd_sc_hd__clkbuf_8)
                                                         clknet_3_4_0_clk_regs (net)
                      0.081072    0.000576    2.074548 ^ clkbuf_4_9__f_clk_regs/A (sky130_fd_sc_hd__clkbuf_16)
     9    0.028405    0.078237    0.250389    2.324937 ^ clkbuf_4_9__f_clk_regs/X (sky130_fd_sc_hd__clkbuf_16)
                                                         clknet_4_9__leaf_clk_regs (net)
                      0.078238    0.000458    2.325395 ^ _1560_/CLK (sky130_fd_sc_hd__dfxtp_2)
                                  0.100000    2.425395   clock uncertainty
                                 -0.221466    2.203929   clock reconvergence pessimism
                                 -0.064676    2.139253   library hold time
                                              2.139253   data required time
---------------------------------------------------------------------------------------------
                                              2.139253   data required time
                                             -3.581895   data arrival time
---------------------------------------------------------------------------------------------
                                              1.442642   slack (MET)


Startpoint: _1545_ (rising edge-triggered flip-flop clocked by clk)
Endpoint: _1545_ (rising edge-triggered flip-flop clocked by clk)
Path Group: clk
Path Type: min

Fanout         Cap        Slew       Delay        Time   Description
---------------------------------------------------------------------------------------------
                                  0.000000    0.000000   clock clk (rise edge)
                                  0.000000    0.000000   clock source latency
     2    0.157321    1.138872    0.793148    0.793148 ^ clk (in)
                                                         clk (net)
                      1.154477    0.000000    0.793148 ^ clkbuf_regs_0_clk/A (sky130_fd_sc_hd__clkbuf_16)
     1    0.008569    0.076270    0.545937    1.339084 ^ clkbuf_regs_0_clk/X (sky130_fd_sc_hd__clkbuf_16)
                                                         clk_regs (net)
                      0.076271    0.000255    1.339339 ^ clkbuf_0_clk_regs/A (sky130_fd_sc_hd__clkbuf_16)
     8    0.078792    0.146453    0.280000    1.619339 ^ clkbuf_0_clk_regs/X (sky130_fd_sc_hd__clkbuf_16)
                                                         clknet_0_clk_regs (net)
                      0.146476    0.001799    1.621139 ^ clkbuf_3_6_0_clk_regs/A (sky130_fd_sc_hd__clkbuf_8)
     2    0.019776    0.082884    0.256635    1.877774 ^ clkbuf_3_6_0_clk_regs/X (sky130_fd_sc_hd__clkbuf_8)
                                                         clknet_3_6_0_clk_regs (net)
                      0.082886    0.000512    1.878286 ^ clkbuf_4_13__f_clk_regs/A (sky130_fd_sc_hd__clkbuf_16)
     8    0.024105    0.072567    0.221410    2.099695 ^ clkbuf_4_13__f_clk_regs/X (sky130_fd_sc_hd__clkbuf_16)
                                                         clknet_4_13__leaf_clk_regs (net)
                      0.072589    0.000633    2.100328 ^ _1545_/CLK (sky130_fd_sc_hd__dfxtp_2)
     1    0.002695    0.052046    0.602267    2.702595 ^ _1545_/Q (sky130_fd_sc_hd__dfxtp_2)
                                                         u_top.RV32I_Logic.Single_Cycle_Datapath.pcREG.q[15] (net)
                      0.052046    0.000074    2.702669 ^ _1723_/A (sky130_fd_sc_hd__buf_2)
     6    0.047028    0.367151    0.381479    3.084148 ^ _1723_/X (sky130_fd_sc_hd__buf_2)
                                                         _0635_ (net)
                      0.367159    0.001428    3.085576 ^ _1388_/A1 (sky130_fd_sc_hd__o21ai_2)
     1    0.005180    0.066514    0.213775    3.299352 v _1388_/Y (sky130_fd_sc_hd__o21ai_2)
                                                         _0601_ (net)
                      0.066514    0.000156    3.299508 v _1389_/B (sky130_fd_sc_hd__nor2_2)
     1    0.002806    0.100064    0.111650    3.411158 ^ _1389_/Y (sky130_fd_sc_hd__nor2_2)
                                                         _0404_ (net)
                      0.100064    0.000081    3.411239 ^ _1966_/A (sky130_fd_sc_hd__buf_2)
     1    0.001991    0.040836    0.167659    3.578898 ^ _1966_/X (sky130_fd_sc_hd__buf_2)
                                                         _1053_ (net)
                      0.040836    0.000038    3.578936 ^ _1545_/D (sky130_fd_sc_hd__dfxtp_2)
                                              3.578936   data arrival time

                                  0.000000    0.000000   clock clk (rise edge)
                                  0.000000    0.000000   clock source latency
     2    0.157321    1.138872    0.876637    0.876637 ^ clk (in)
                                                         clk (net)
                      1.154477    0.000000    0.876637 ^ clkbuf_regs_0_clk/A (sky130_fd_sc_hd__clkbuf_16)
     1    0.008569    0.076270    0.603404    1.480040 ^ clkbuf_regs_0_clk/X (sky130_fd_sc_hd__clkbuf_16)
                                                         clk_regs (net)
                      0.076271    0.000282    1.480322 ^ clkbuf_0_clk_regs/A (sky130_fd_sc_hd__clkbuf_16)
     8    0.078792    0.146453    0.309474    1.789796 ^ clkbuf_0_clk_regs/X (sky130_fd_sc_hd__clkbuf_16)
                                                         clknet_0_clk_regs (net)
                      0.146476    0.001989    1.791785 ^ clkbuf_3_6_0_clk_regs/A (sky130_fd_sc_hd__clkbuf_8)
     2    0.019776    0.082884    0.283649    2.075434 ^ clkbuf_3_6_0_clk_regs/X (sky130_fd_sc_hd__clkbuf_8)
                                                         clknet_3_6_0_clk_regs (net)
                      0.082886    0.000566    2.076000 ^ clkbuf_4_13__f_clk_regs/A (sky130_fd_sc_hd__clkbuf_16)
     8    0.024105    0.072567    0.244716    2.320716 ^ clkbuf_4_13__f_clk_regs/X (sky130_fd_sc_hd__clkbuf_16)
                                                         clknet_4_13__leaf_clk_regs (net)
                      0.072589    0.000699    2.321415 ^ _1545_/CLK (sky130_fd_sc_hd__dfxtp_2)
                                  0.100000    2.421415   clock uncertainty
                                 -0.221087    2.200328   clock reconvergence pessimism
                                 -0.064779    2.135550   library hold time
                                              2.135550   data required time
---------------------------------------------------------------------------------------------
                                              2.135550   data required time
                                             -3.578936   data arrival time
---------------------------------------------------------------------------------------------
                                              1.443386   slack (MET)


Startpoint: _1543_ (rising edge-triggered flip-flop clocked by clk)
Endpoint: _1543_ (rising edge-triggered flip-flop clocked by clk)
Path Group: clk
Path Type: min

Fanout         Cap        Slew       Delay        Time   Description
---------------------------------------------------------------------------------------------
                                  0.000000    0.000000   clock clk (rise edge)
                                  0.000000    0.000000   clock source latency
     2    0.157321    1.138872    0.793148    0.793148 ^ clk (in)
                                                         clk (net)
                      1.154477    0.000000    0.793148 ^ clkbuf_regs_0_clk/A (sky130_fd_sc_hd__clkbuf_16)
     1    0.008569    0.076270    0.545937    1.339084 ^ clkbuf_regs_0_clk/X (sky130_fd_sc_hd__clkbuf_16)
                                                         clk_regs (net)
                      0.076271    0.000255    1.339339 ^ clkbuf_0_clk_regs/A (sky130_fd_sc_hd__clkbuf_16)
     8    0.078792    0.146453    0.280000    1.619339 ^ clkbuf_0_clk_regs/X (sky130_fd_sc_hd__clkbuf_16)
                                                         clknet_0_clk_regs (net)
                      0.146489    0.002153    1.621492 ^ clkbuf_3_4_0_clk_regs/A (sky130_fd_sc_hd__clkbuf_8)
     2    0.018992    0.081069    0.254959    1.876451 ^ clkbuf_3_4_0_clk_regs/X (sky130_fd_sc_hd__clkbuf_8)
                                                         clknet_3_4_0_clk_regs (net)
                      0.081072    0.000521    1.876972 ^ clkbuf_4_9__f_clk_regs/A (sky130_fd_sc_hd__clkbuf_16)
     9    0.028405    0.078237    0.226543    2.103515 ^ clkbuf_4_9__f_clk_regs/X (sky130_fd_sc_hd__clkbuf_16)
                                                         clknet_4_9__leaf_clk_regs (net)
                      0.078242    0.000618    2.104132 ^ _1543_/CLK (sky130_fd_sc_hd__dfxtp_4)
     2    0.011637    0.088673    0.677964    2.782096 ^ _1543_/Q (sky130_fd_sc_hd__dfxtp_4)
                                                         u_top.RV32I_Logic.Single_Cycle_Datapath.pcREG.q[13] (net)
                      0.088673    0.000292    2.782389 ^ fanout57/A (sky130_fd_sc_hd__buf_8)
     5    0.031405    0.097859    0.197274    2.979663 ^ fanout57/X (sky130_fd_sc_hd__buf_8)
                                                         net57 (net)
                      0.097859    0.000190    2.979854 ^ _1381_/B1 (sky130_fd_sc_hd__a21o_2)
     1    0.002116    0.040776    0.145654    3.125508 ^ _1381_/X (sky130_fd_sc_hd__a21o_2)
                                                         _0596_ (net)
                      0.040776    0.000056    3.125564 ^ _1383_/C (sky130_fd_sc_hd__and3b_2)
     1    0.001927    0.073728    0.324423    3.449987 ^ _1383_/X (sky130_fd_sc_hd__and3b_2)
                                                         _0402_ (net)
                      0.073728    0.000035    3.450022 ^ _1964_/A (sky130_fd_sc_hd__buf_2)
     1    0.002049    0.041129    0.156314    3.606336 ^ _1964_/X (sky130_fd_sc_hd__buf_2)
                                                         _1051_ (net)
                      0.041129    0.000040    3.606375 ^ _1543_/D (sky130_fd_sc_hd__dfxtp_4)
                                              3.606375   data arrival time

                                  0.000000    0.000000   clock clk (rise edge)
                                  0.000000    0.000000   clock source latency
     2    0.157321    1.138872    0.876637    0.876637 ^ clk (in)
                                                         clk (net)
                      1.154477    0.000000    0.876637 ^ clkbuf_regs_0_clk/A (sky130_fd_sc_hd__clkbuf_16)
     1    0.008569    0.076270    0.603404    1.480040 ^ clkbuf_regs_0_clk/X (sky130_fd_sc_hd__clkbuf_16)
                                                         clk_regs (net)
                      0.076271    0.000282    1.480322 ^ clkbuf_0_clk_regs/A (sky130_fd_sc_hd__clkbuf_16)
     8    0.078792    0.146453    0.309474    1.789796 ^ clkbuf_0_clk_regs/X (sky130_fd_sc_hd__clkbuf_16)
                                                         clknet_0_clk_regs (net)
                      0.146489    0.002380    1.792176 ^ clkbuf_3_4_0_clk_regs/A (sky130_fd_sc_hd__clkbuf_8)
     2    0.018992    0.081069    0.281797    2.073972 ^ clkbuf_3_4_0_clk_regs/X (sky130_fd_sc_hd__clkbuf_8)
                                                         clknet_3_4_0_clk_regs (net)
                      0.081072    0.000576    2.074548 ^ clkbuf_4_9__f_clk_regs/A (sky130_fd_sc_hd__clkbuf_16)
     9    0.028405    0.078237    0.250389    2.324937 ^ clkbuf_4_9__f_clk_regs/X (sky130_fd_sc_hd__clkbuf_16)
                                                         clknet_4_9__leaf_clk_regs (net)
                      0.078242    0.000683    2.325620 ^ _1543_/CLK (sky130_fd_sc_hd__dfxtp_4)
                                  0.100000    2.425620   clock uncertainty
                                 -0.221487    2.204133   clock reconvergence pessimism
                                 -0.062264    2.141869   library hold time
                                              2.141869   data required time
---------------------------------------------------------------------------------------------
                                              2.141869   data required time
                                             -3.606375   data arrival time
---------------------------------------------------------------------------------------------
                                              1.464507   slack (MET)


Startpoint: _1560_ (rising edge-triggered flip-flop clocked by clk)
Endpoint: _1561_ (rising edge-triggered flip-flop clocked by clk)
Path Group: clk
Path Type: min

Fanout         Cap        Slew       Delay        Time   Description
---------------------------------------------------------------------------------------------
                                  0.000000    0.000000   clock clk (rise edge)
                                  0.000000    0.000000   clock source latency
     2    0.157321    1.138872    0.793148    0.793148 ^ clk (in)
                                                         clk (net)
                      1.154477    0.000000    0.793148 ^ clkbuf_regs_0_clk/A (sky130_fd_sc_hd__clkbuf_16)
     1    0.008569    0.076270    0.545937    1.339084 ^ clkbuf_regs_0_clk/X (sky130_fd_sc_hd__clkbuf_16)
                                                         clk_regs (net)
                      0.076271    0.000255    1.339339 ^ clkbuf_0_clk_regs/A (sky130_fd_sc_hd__clkbuf_16)
     8    0.078792    0.146453    0.280000    1.619339 ^ clkbuf_0_clk_regs/X (sky130_fd_sc_hd__clkbuf_16)
                                                         clknet_0_clk_regs (net)
                      0.146489    0.002153    1.621492 ^ clkbuf_3_4_0_clk_regs/A (sky130_fd_sc_hd__clkbuf_8)
     2    0.018992    0.081069    0.254959    1.876451 ^ clkbuf_3_4_0_clk_regs/X (sky130_fd_sc_hd__clkbuf_8)
                                                         clknet_3_4_0_clk_regs (net)
                      0.081072    0.000521    1.876972 ^ clkbuf_4_9__f_clk_regs/A (sky130_fd_sc_hd__clkbuf_16)
     9    0.028405    0.078237    0.226543    2.103515 ^ clkbuf_4_9__f_clk_regs/X (sky130_fd_sc_hd__clkbuf_16)
                                                         clknet_4_9__leaf_clk_regs (net)
                      0.078238    0.000414    2.103929 ^ _1560_/CLK (sky130_fd_sc_hd__dfxtp_2)
     1    0.002150    0.037156    0.564061    2.667990 v _1560_/Q (sky130_fd_sc_hd__dfxtp_2)
                                                         u_top.RV32I_Logic.Single_Cycle_Datapath.pcREG.q[30] (net)
                      0.037156    0.000059    2.668049 v _1819_/A (sky130_fd_sc_hd__buf_2)
     6    0.022762    0.120932    0.278144    2.946193 v _1819_/X (sky130_fd_sc_hd__buf_2)
                                                         _0651_ (net)
                      0.120934    0.000665    2.946857 v _1429_/B (sky130_fd_sc_hd__nand3_2)
     2    0.007047    0.094679    0.141277    3.088135 ^ _1429_/Y (sky130_fd_sc_hd__nand3_2)
                                                         _0627_ (net)
                      0.094679    0.000193    3.088327 ^ _1432_/A2 (sky130_fd_sc_hd__o2111a_2)
     1    0.002628    0.079352    0.379951    3.468278 ^ _1432_/X (sky130_fd_sc_hd__o2111a_2)
                                                         _0420_ (net)
                      0.079352    0.000074    3.468351 ^ _1982_/A (sky130_fd_sc_hd__buf_2)
     1    0.002143    0.041707    0.159446    3.627798 ^ _1982_/X (sky130_fd_sc_hd__buf_2)
                                                         _1069_ (net)
                      0.041707    0.000057    3.627854 ^ _1561_/D (sky130_fd_sc_hd__dfxtp_2)
                                              3.627854   data arrival time

                                  0.000000    0.000000   clock clk (rise edge)
                                  0.000000    0.000000   clock source latency
     2    0.157321    1.138872    0.876637    0.876637 ^ clk (in)
                                                         clk (net)
                      1.154477    0.000000    0.876637 ^ clkbuf_regs_0_clk/A (sky130_fd_sc_hd__clkbuf_16)
     1    0.008569    0.076270    0.603404    1.480040 ^ clkbuf_regs_0_clk/X (sky130_fd_sc_hd__clkbuf_16)
                                                         clk_regs (net)
                      0.076271    0.000282    1.480322 ^ clkbuf_0_clk_regs/A (sky130_fd_sc_hd__clkbuf_16)
     8    0.078792    0.146453    0.309474    1.789796 ^ clkbuf_0_clk_regs/X (sky130_fd_sc_hd__clkbuf_16)
                                                         clknet_0_clk_regs (net)
                      0.146489    0.002380    1.792176 ^ clkbuf_3_4_0_clk_regs/A (sky130_fd_sc_hd__clkbuf_8)
     2    0.018992    0.081069    0.281797    2.073972 ^ clkbuf_3_4_0_clk_regs/X (sky130_fd_sc_hd__clkbuf_8)
                                                         clknet_3_4_0_clk_regs (net)
                      0.081071    0.000545    2.074517 ^ clkbuf_4_8__f_clk_regs/A (sky130_fd_sc_hd__clkbuf_16)
     9    0.027849    0.077510    0.249441    2.323958 ^ clkbuf_4_8__f_clk_regs/X (sky130_fd_sc_hd__clkbuf_16)
                                                         clknet_4_8__leaf_clk_regs (net)
                      0.077518    0.000830    2.324788 ^ _1561_/CLK (sky130_fd_sc_hd__dfxtp_2)
                                  0.100000    2.424788   clock uncertainty
                                 -0.197521    2.227267   clock reconvergence pessimism
                                 -0.064197    2.163069   library hold time
                                              2.163069   data required time
---------------------------------------------------------------------------------------------
                                              2.163069   data required time
                                             -3.627854   data arrival time
---------------------------------------------------------------------------------------------
                                              1.464785   slack (MET)


Startpoint: _1557_ (rising edge-triggered flip-flop clocked by clk)
Endpoint: _1557_ (rising edge-triggered flip-flop clocked by clk)
Path Group: clk
Path Type: min

Fanout         Cap        Slew       Delay        Time   Description
---------------------------------------------------------------------------------------------
                                  0.000000    0.000000   clock clk (rise edge)
                                  0.000000    0.000000   clock source latency
     2    0.157321    1.138872    0.793148    0.793148 ^ clk (in)
                                                         clk (net)
                      1.154477    0.000000    0.793148 ^ clkbuf_regs_0_clk/A (sky130_fd_sc_hd__clkbuf_16)
     1    0.008569    0.076270    0.545937    1.339084 ^ clkbuf_regs_0_clk/X (sky130_fd_sc_hd__clkbuf_16)
                                                         clk_regs (net)
                      0.076271    0.000255    1.339339 ^ clkbuf_0_clk_regs/A (sky130_fd_sc_hd__clkbuf_16)
     8    0.078792    0.146453    0.280000    1.619339 ^ clkbuf_0_clk_regs/X (sky130_fd_sc_hd__clkbuf_16)
                                                         clknet_0_clk_regs (net)
                      0.146489    0.002153    1.621492 ^ clkbuf_3_4_0_clk_regs/A (sky130_fd_sc_hd__clkbuf_8)
     2    0.018992    0.081069    0.254959    1.876451 ^ clkbuf_3_4_0_clk_regs/X (sky130_fd_sc_hd__clkbuf_8)
                                                         clknet_3_4_0_clk_regs (net)
                      0.081071    0.000493    1.876944 ^ clkbuf_4_8__f_clk_regs/A (sky130_fd_sc_hd__clkbuf_16)
     9    0.027849    0.077510    0.225685    2.102629 ^ clkbuf_4_8__f_clk_regs/X (sky130_fd_sc_hd__clkbuf_16)
                                                         clknet_4_8__leaf_clk_regs (net)
                      0.077511    0.000441    2.103070 ^ _1557_/CLK (sky130_fd_sc_hd__dfxtp_2)
     1    0.002148    0.048729    0.600392    2.703462 ^ _1557_/Q (sky130_fd_sc_hd__dfxtp_2)
                                                         u_top.RV32I_Logic.Single_Cycle_Datapath.pcREG.q[27] (net)
                      0.048729    0.000058    2.703520 ^ _1804_/A (sky130_fd_sc_hd__buf_2)
     5    0.019417    0.162042    0.242344    2.945863 ^ _1804_/X (sky130_fd_sc_hd__buf_2)
                                                         _0647_ (net)
                      0.162042    0.000305    2.946168 ^ _1419_/A (sky130_fd_sc_hd__or2_2)
     1    0.003406    0.052874    0.209794    3.155963 ^ _1419_/X (sky130_fd_sc_hd__or2_2)
                                                         _0620_ (net)
                      0.052875    0.000109    3.156072 ^ _1422_/C (sky130_fd_sc_hd__and3b_2)
     1    0.002177    0.075561    0.331571    3.487643 ^ _1422_/X (sky130_fd_sc_hd__and3b_2)
                                                         _0416_ (net)
                      0.075561    0.000042    3.487685 ^ _1978_/A (sky130_fd_sc_hd__buf_2)
     1    0.001934    0.040378    0.156372    3.644057 ^ _1978_/X (sky130_fd_sc_hd__buf_2)
                                                         _1065_ (net)
                      0.040378    0.000037    3.644094 ^ _1557_/D (sky130_fd_sc_hd__dfxtp_2)
                                              3.644094   data arrival time

                                  0.000000    0.000000   clock clk (rise edge)
                                  0.000000    0.000000   clock source latency
     2    0.157321    1.138872    0.876637    0.876637 ^ clk (in)
                                                         clk (net)
                      1.154477    0.000000    0.876637 ^ clkbuf_regs_0_clk/A (sky130_fd_sc_hd__clkbuf_16)
     1    0.008569    0.076270    0.603404    1.480040 ^ clkbuf_regs_0_clk/X (sky130_fd_sc_hd__clkbuf_16)
                                                         clk_regs (net)
                      0.076271    0.000282    1.480322 ^ clkbuf_0_clk_regs/A (sky130_fd_sc_hd__clkbuf_16)
     8    0.078792    0.146453    0.309474    1.789796 ^ clkbuf_0_clk_regs/X (sky130_fd_sc_hd__clkbuf_16)
                                                         clknet_0_clk_regs (net)
                      0.146489    0.002380    1.792176 ^ clkbuf_3_4_0_clk_regs/A (sky130_fd_sc_hd__clkbuf_8)
     2    0.018992    0.081069    0.281797    2.073972 ^ clkbuf_3_4_0_clk_regs/X (sky130_fd_sc_hd__clkbuf_8)
                                                         clknet_3_4_0_clk_regs (net)
                      0.081071    0.000545    2.074517 ^ clkbuf_4_8__f_clk_regs/A (sky130_fd_sc_hd__clkbuf_16)
     9    0.027849    0.077510    0.249441    2.323958 ^ clkbuf_4_8__f_clk_regs/X (sky130_fd_sc_hd__clkbuf_16)
                                                         clknet_4_8__leaf_clk_regs (net)
                      0.077511    0.000487    2.324445 ^ _1557_/CLK (sky130_fd_sc_hd__dfxtp_2)
                                  0.100000    2.424445   clock uncertainty
                                 -0.221376    2.203069   clock reconvergence pessimism
                                 -0.063891    2.139179   library hold time
                                              2.139179   data required time
---------------------------------------------------------------------------------------------
                                              2.139179   data required time
                                             -3.644094   data arrival time
---------------------------------------------------------------------------------------------
                                              1.504916   slack (MET)


Startpoint: _1556_ (rising edge-triggered flip-flop clocked by clk)
Endpoint: _1556_ (rising edge-triggered flip-flop clocked by clk)
Path Group: clk
Path Type: min

Fanout         Cap        Slew       Delay        Time   Description
---------------------------------------------------------------------------------------------
                                  0.000000    0.000000   clock clk (rise edge)
                                  0.000000    0.000000   clock source latency
     2    0.157321    1.138872    0.793148    0.793148 ^ clk (in)
                                                         clk (net)
                      1.154477    0.000000    0.793148 ^ clkbuf_regs_0_clk/A (sky130_fd_sc_hd__clkbuf_16)
     1    0.008569    0.076270    0.545937    1.339084 ^ clkbuf_regs_0_clk/X (sky130_fd_sc_hd__clkbuf_16)
                                                         clk_regs (net)
                      0.076271    0.000255    1.339339 ^ clkbuf_0_clk_regs/A (sky130_fd_sc_hd__clkbuf_16)
     8    0.078792    0.146453    0.280000    1.619339 ^ clkbuf_0_clk_regs/X (sky130_fd_sc_hd__clkbuf_16)
                                                         clknet_0_clk_regs (net)
                      0.146489    0.002153    1.621492 ^ clkbuf_3_4_0_clk_regs/A (sky130_fd_sc_hd__clkbuf_8)
     2    0.018992    0.081069    0.254959    1.876451 ^ clkbuf_3_4_0_clk_regs/X (sky130_fd_sc_hd__clkbuf_8)
                                                         clknet_3_4_0_clk_regs (net)
                      0.081071    0.000493    1.876944 ^ clkbuf_4_8__f_clk_regs/A (sky130_fd_sc_hd__clkbuf_16)
     9    0.027849    0.077510    0.225685    2.102629 ^ clkbuf_4_8__f_clk_regs/X (sky130_fd_sc_hd__clkbuf_16)
                                                         clknet_4_8__leaf_clk_regs (net)
                      0.077521    0.000840    2.103469 ^ _1556_/CLK (sky130_fd_sc_hd__dfxtp_2)
     1    0.002280    0.049559    0.601365    2.704834 ^ _1556_/Q (sky130_fd_sc_hd__dfxtp_2)
                                                         u_top.RV32I_Logic.Single_Cycle_Datapath.pcREG.q[26] (net)
                      0.049559    0.000061    2.704895 ^ _1799_/A (sky130_fd_sc_hd__buf_2)
     5    0.025229    0.205077    0.271902    2.976797 ^ _1799_/X (sky130_fd_sc_hd__buf_2)
                                                         _0646_ (net)
                      0.205077    0.000273    2.977070 ^ _1416_/B1 (sky130_fd_sc_hd__a21o_2)
     1    0.002512    0.044364    0.193091    3.170161 ^ _1416_/X (sky130_fd_sc_hd__a21o_2)
                                                         _0618_ (net)
                      0.044364    0.000073    3.170234 ^ _1418_/C (sky130_fd_sc_hd__and3b_2)
     1    0.001885    0.073405    0.325328    3.495562 ^ _1418_/X (sky130_fd_sc_hd__and3b_2)
                                                         _0415_ (net)
                      0.073405    0.000034    3.495596 ^ _1977_/A (sky130_fd_sc_hd__buf_2)
     1    0.002380    0.043254    0.158351    3.653948 ^ _1977_/X (sky130_fd_sc_hd__buf_2)
                                                         _1064_ (net)
                      0.043254    0.000066    3.654014 ^ _1556_/D (sky130_fd_sc_hd__dfxtp_2)
                                              3.654014   data arrival time

                                  0.000000    0.000000   clock clk (rise edge)
                                  0.000000    0.000000   clock source latency
     2    0.157321    1.138872    0.876637    0.876637 ^ clk (in)
                                                         clk (net)
                      1.154477    0.000000    0.876637 ^ clkbuf_regs_0_clk/A (sky130_fd_sc_hd__clkbuf_16)
     1    0.008569    0.076270    0.603404    1.480040 ^ clkbuf_regs_0_clk/X (sky130_fd_sc_hd__clkbuf_16)
                                                         clk_regs (net)
                      0.076271    0.000282    1.480322 ^ clkbuf_0_clk_regs/A (sky130_fd_sc_hd__clkbuf_16)
     8    0.078792    0.146453    0.309474    1.789796 ^ clkbuf_0_clk_regs/X (sky130_fd_sc_hd__clkbuf_16)
                                                         clknet_0_clk_regs (net)
                      0.146489    0.002380    1.792176 ^ clkbuf_3_4_0_clk_regs/A (sky130_fd_sc_hd__clkbuf_8)
     2    0.018992    0.081069    0.281797    2.073972 ^ clkbuf_3_4_0_clk_regs/X (sky130_fd_sc_hd__clkbuf_8)
                                                         clknet_3_4_0_clk_regs (net)
                      0.081071    0.000545    2.074517 ^ clkbuf_4_8__f_clk_regs/A (sky130_fd_sc_hd__clkbuf_16)
     9    0.027849    0.077510    0.249441    2.323958 ^ clkbuf_4_8__f_clk_regs/X (sky130_fd_sc_hd__clkbuf_16)
                                                         clknet_4_8__leaf_clk_regs (net)
                      0.077521    0.000929    2.324887 ^ _1556_/CLK (sky130_fd_sc_hd__dfxtp_2)
                                  0.100000    2.424887   clock uncertainty
                                 -0.221418    2.203469   clock reconvergence pessimism
                                 -0.064555    2.138914   library hold time
                                              2.138914   data required time
---------------------------------------------------------------------------------------------
                                              2.138914   data required time
                                             -3.654014   data arrival time
---------------------------------------------------------------------------------------------
                                              1.515099   slack (MET)


Startpoint: _1550_ (rising edge-triggered flip-flop clocked by clk)
Endpoint: _1550_ (rising edge-triggered flip-flop clocked by clk)
Path Group: clk
Path Type: min

Fanout         Cap        Slew       Delay        Time   Description
---------------------------------------------------------------------------------------------
                                  0.000000    0.000000   clock clk (rise edge)
                                  0.000000    0.000000   clock source latency
     2    0.157321    1.138872    0.793148    0.793148 ^ clk (in)
                                                         clk (net)
                      1.154477    0.000000    0.793148 ^ clkbuf_regs_0_clk/A (sky130_fd_sc_hd__clkbuf_16)
     1    0.008569    0.076270    0.545937    1.339084 ^ clkbuf_regs_0_clk/X (sky130_fd_sc_hd__clkbuf_16)
                                                         clk_regs (net)
                      0.076271    0.000255    1.339339 ^ clkbuf_0_clk_regs/A (sky130_fd_sc_hd__clkbuf_16)
     8    0.078792    0.146453    0.280000    1.619339 ^ clkbuf_0_clk_regs/X (sky130_fd_sc_hd__clkbuf_16)
                                                         clknet_0_clk_regs (net)
                      0.146476    0.001799    1.621139 ^ clkbuf_3_6_0_clk_regs/A (sky130_fd_sc_hd__clkbuf_8)
     2    0.019776    0.082884    0.256635    1.877774 ^ clkbuf_3_6_0_clk_regs/X (sky130_fd_sc_hd__clkbuf_8)
                                                         clknet_3_6_0_clk_regs (net)
                      0.082886    0.000512    1.878286 ^ clkbuf_4_13__f_clk_regs/A (sky130_fd_sc_hd__clkbuf_16)
     8    0.024105    0.072567    0.221410    2.099695 ^ clkbuf_4_13__f_clk_regs/X (sky130_fd_sc_hd__clkbuf_16)
                                                         clknet_4_13__leaf_clk_regs (net)
                      0.072590    0.000666    2.100362 ^ _1550_/CLK (sky130_fd_sc_hd__dfxtp_2)
     1    0.002017    0.047919    0.597304    2.697665 ^ _1550_/Q (sky130_fd_sc_hd__dfxtp_2)
                                                         u_top.RV32I_Logic.Single_Cycle_Datapath.pcREG.q[20] (net)
                      0.047919    0.000037    2.697703 ^ _1769_/A (sky130_fd_sc_hd__buf_2)
     6    0.028841    0.231922    0.289135    2.986837 ^ _1769_/X (sky130_fd_sc_hd__buf_2)
                                                         _0640_ (net)
                      0.231922    0.000876    2.987713 ^ _1400_/B1 (sky130_fd_sc_hd__a21o_2)
     1    0.002440    0.044417    0.202844    3.190558 ^ _1400_/X (sky130_fd_sc_hd__a21o_2)
                                                         _0608_ (net)
                      0.044417    0.000066    3.190624 ^ _1402_/C (sky130_fd_sc_hd__and3b_2)
     1    0.002214    0.075855    0.328775    3.519399 ^ _1402_/X (sky130_fd_sc_hd__and3b_2)
                                                         _0409_ (net)
                      0.075855    0.000060    3.519459 ^ _1971_/A (sky130_fd_sc_hd__buf_2)
     1    0.001869    0.039962    0.156074    3.675534 ^ _1971_/X (sky130_fd_sc_hd__buf_2)
                                                         _1058_ (net)
                      0.039962    0.000050    3.675583 ^ _1550_/D (sky130_fd_sc_hd__dfxtp_2)
                                              3.675583   data arrival time

                                  0.000000    0.000000   clock clk (rise edge)
                                  0.000000    0.000000   clock source latency
     2    0.157321    1.138872    0.876637    0.876637 ^ clk (in)
                                                         clk (net)
                      1.154477    0.000000    0.876637 ^ clkbuf_regs_0_clk/A (sky130_fd_sc_hd__clkbuf_16)
     1    0.008569    0.076270    0.603404    1.480040 ^ clkbuf_regs_0_clk/X (sky130_fd_sc_hd__clkbuf_16)
                                                         clk_regs (net)
                      0.076271    0.000282    1.480322 ^ clkbuf_0_clk_regs/A (sky130_fd_sc_hd__clkbuf_16)
     8    0.078792    0.146453    0.309474    1.789796 ^ clkbuf_0_clk_regs/X (sky130_fd_sc_hd__clkbuf_16)
                                                         clknet_0_clk_regs (net)
                      0.146476    0.001989    1.791785 ^ clkbuf_3_6_0_clk_regs/A (sky130_fd_sc_hd__clkbuf_8)
     2    0.019776    0.082884    0.283649    2.075434 ^ clkbuf_3_6_0_clk_regs/X (sky130_fd_sc_hd__clkbuf_8)
                                                         clknet_3_6_0_clk_regs (net)
                      0.082886    0.000566    2.076000 ^ clkbuf_4_13__f_clk_regs/A (sky130_fd_sc_hd__clkbuf_16)
     8    0.024105    0.072567    0.244716    2.320716 ^ clkbuf_4_13__f_clk_regs/X (sky130_fd_sc_hd__clkbuf_16)
                                                         clknet_4_13__leaf_clk_regs (net)
                      0.072590    0.000736    2.321452 ^ _1550_/CLK (sky130_fd_sc_hd__dfxtp_2)
                                  0.100000    2.421452   clock uncertainty
                                 -0.221091    2.200361   clock reconvergence pessimism
                                 -0.064577    2.135785   library hold time
                                              2.135785   data required time
---------------------------------------------------------------------------------------------
                                              2.135785   data required time
                                             -3.675583   data arrival time
---------------------------------------------------------------------------------------------
                                              1.539798   slack (MET)


Startpoint: _1553_ (rising edge-triggered flip-flop clocked by clk)
Endpoint: _1553_ (rising edge-triggered flip-flop clocked by clk)
Path Group: clk
Path Type: min

Fanout         Cap        Slew       Delay        Time   Description
---------------------------------------------------------------------------------------------
                                  0.000000    0.000000   clock clk (rise edge)
                                  0.000000    0.000000   clock source latency
     2    0.157321    1.138872    0.793148    0.793148 ^ clk (in)
                                                         clk (net)
                      1.154477    0.000000    0.793148 ^ clkbuf_regs_0_clk/A (sky130_fd_sc_hd__clkbuf_16)
     1    0.008569    0.076270    0.545937    1.339084 ^ clkbuf_regs_0_clk/X (sky130_fd_sc_hd__clkbuf_16)
                                                         clk_regs (net)
                      0.076271    0.000255    1.339339 ^ clkbuf_0_clk_regs/A (sky130_fd_sc_hd__clkbuf_16)
     8    0.078792    0.146453    0.280000    1.619339 ^ clkbuf_0_clk_regs/X (sky130_fd_sc_hd__clkbuf_16)
                                                         clknet_0_clk_regs (net)
                      0.146472    0.001696    1.621035 ^ clkbuf_3_3_0_clk_regs/A (sky130_fd_sc_hd__clkbuf_8)
     2    0.019077    0.081268    0.255110    1.876146 ^ clkbuf_3_3_0_clk_regs/X (sky130_fd_sc_hd__clkbuf_8)
                                                         clknet_3_3_0_clk_regs (net)
                      0.081271    0.000591    1.876736 ^ clkbuf_4_7__f_clk_regs/A (sky130_fd_sc_hd__clkbuf_16)
     8    0.025070    0.073827    0.222174    2.098910 ^ clkbuf_4_7__f_clk_regs/X (sky130_fd_sc_hd__clkbuf_16)
                                                         clknet_4_7__leaf_clk_regs (net)
                      0.073827    0.000345    2.099255 ^ _1553_/CLK (sky130_fd_sc_hd__dfxtp_2)
     1    0.002086    0.048347    0.598338    2.697593 ^ _1553_/Q (sky130_fd_sc_hd__dfxtp_2)
                                                         u_top.RV32I_Logic.Single_Cycle_Datapath.pcREG.q[23] (net)
                      0.048347    0.000056    2.697649 ^ _1784_/A (sky130_fd_sc_hd__buf_2)
     7    0.028964    0.232816    0.290002    2.987651 ^ _1784_/X (sky130_fd_sc_hd__buf_2)
                                                         _0643_ (net)
                      0.232816    0.000664    2.988315 ^ _1408_/B1 (sky130_fd_sc_hd__a21o_2)
     1    0.002040    0.042053    0.200462    3.188777 ^ _1408_/X (sky130_fd_sc_hd__a21o_2)
                                                         _0613_ (net)
                      0.042053    0.000040    3.188817 ^ _1410_/C (sky130_fd_sc_hd__and3b_2)
     1    0.003263    0.083601    0.338809    3.527626 ^ _1410_/X (sky130_fd_sc_hd__and3b_2)
                                                         _0412_ (net)
                      0.083601    0.000099    3.527725 ^ _1974_/A (sky130_fd_sc_hd__buf_2)
     1    0.002186    0.042003    0.161616    3.689341 ^ _1974_/X (sky130_fd_sc_hd__buf_2)
                                                         _1061_ (net)
                      0.042003    0.000060    3.689401 ^ _1553_/D (sky130_fd_sc_hd__dfxtp_2)
                                              3.689401   data arrival time

                                  0.000000    0.000000   clock clk (rise edge)
                                  0.000000    0.000000   clock source latency
     2    0.157321    1.138872    0.876637    0.876637 ^ clk (in)
                                                         clk (net)
                      1.154477    0.000000    0.876637 ^ clkbuf_regs_0_clk/A (sky130_fd_sc_hd__clkbuf_16)
     1    0.008569    0.076270    0.603404    1.480040 ^ clkbuf_regs_0_clk/X (sky130_fd_sc_hd__clkbuf_16)
                                                         clk_regs (net)
                      0.076271    0.000282    1.480322 ^ clkbuf_0_clk_regs/A (sky130_fd_sc_hd__clkbuf_16)
     8    0.078792    0.146453    0.309474    1.789796 ^ clkbuf_0_clk_regs/X (sky130_fd_sc_hd__clkbuf_16)
                                                         clknet_0_clk_regs (net)
                      0.146472    0.001875    1.791671 ^ clkbuf_3_3_0_clk_regs/A (sky130_fd_sc_hd__clkbuf_8)
     2    0.019077    0.081268    0.281964    2.073635 ^ clkbuf_3_3_0_clk_regs/X (sky130_fd_sc_hd__clkbuf_8)
                                                         clknet_3_3_0_clk_regs (net)
                      0.081271    0.000653    2.074287 ^ clkbuf_4_7__f_clk_regs/A (sky130_fd_sc_hd__clkbuf_16)
     8    0.025070    0.073827    0.245560    2.319848 ^ clkbuf_4_7__f_clk_regs/X (sky130_fd_sc_hd__clkbuf_16)
                                                         clknet_4_7__leaf_clk_regs (net)
                      0.073827    0.000382    2.320229 ^ _1553_/CLK (sky130_fd_sc_hd__dfxtp_2)
                                  0.100000    2.420229   clock uncertainty
                                 -0.220974    2.199255   clock reconvergence pessimism
                                 -0.064852    2.134403   library hold time
                                              2.134403   data required time
---------------------------------------------------------------------------------------------
                                              2.134403   data required time
                                             -3.689401   data arrival time
---------------------------------------------------------------------------------------------
                                              1.554997   slack (MET)


Startpoint: _1542_ (rising edge-triggered flip-flop clocked by clk)
Endpoint: _1542_ (rising edge-triggered flip-flop clocked by clk)
Path Group: clk
Path Type: min

Fanout         Cap        Slew       Delay        Time   Description
---------------------------------------------------------------------------------------------
                                  0.000000    0.000000   clock clk (rise edge)
                                  0.000000    0.000000   clock source latency
     2    0.157321    1.138872    0.793148    0.793148 ^ clk (in)
                                                         clk (net)
                      1.154477    0.000000    0.793148 ^ clkbuf_regs_0_clk/A (sky130_fd_sc_hd__clkbuf_16)
     1    0.008569    0.076270    0.545937    1.339084 ^ clkbuf_regs_0_clk/X (sky130_fd_sc_hd__clkbuf_16)
                                                         clk_regs (net)
                      0.076271    0.000255    1.339339 ^ clkbuf_0_clk_regs/A (sky130_fd_sc_hd__clkbuf_16)
     8    0.078792    0.146453    0.280000    1.619339 ^ clkbuf_0_clk_regs/X (sky130_fd_sc_hd__clkbuf_16)
                                                         clknet_0_clk_regs (net)
                      0.146515    0.002672    1.622012 ^ clkbuf_3_5_0_clk_regs/A (sky130_fd_sc_hd__clkbuf_8)
     2    0.019206    0.081558    0.255471    1.877482 ^ clkbuf_3_5_0_clk_regs/X (sky130_fd_sc_hd__clkbuf_8)
                                                         clknet_3_5_0_clk_regs (net)
                      0.081559    0.000390    1.877873 ^ clkbuf_4_11__f_clk_regs/A (sky130_fd_sc_hd__clkbuf_16)
     8    0.027288    0.076763    0.225088    2.102961 ^ clkbuf_4_11__f_clk_regs/X (sky130_fd_sc_hd__clkbuf_16)
                                                         clknet_4_11__leaf_clk_regs (net)
                      0.076764    0.000487    2.103448 ^ _1542_/CLK (sky130_fd_sc_hd__dfxtp_4)
     3    0.025297    0.140030    0.725271    2.828720 ^ _1542_/Q (sky130_fd_sc_hd__dfxtp_4)
                                                         u_top.RV32I_Logic.Single_Cycle_Datapath.pcREG.q[12] (net)
                      0.140146    0.000395    2.829114 ^ fanout53/A (sky130_fd_sc_hd__buf_8)
     3    0.019040    0.070112    0.197518    3.026633 ^ fanout53/X (sky130_fd_sc_hd__buf_8)
                                                         net53 (net)
                      0.070113    0.000386    3.027019 ^ fanout51/A (sky130_fd_sc_hd__buf_8)
     6    0.028648    0.091511    0.184496    3.211515 ^ fanout51/X (sky130_fd_sc_hd__buf_8)
                                                         net51 (net)
                      0.091511    0.000368    3.211883 ^ rebuffer171/A (sky130_fd_sc_hd__buf_6)
     5    0.022817    0.090752    0.196045    3.407928 ^ rebuffer171/X (sky130_fd_sc_hd__buf_6)
                                                         net170 (net)
                      0.090752    0.000340    3.408268 ^ _1380_/A1 (sky130_fd_sc_hd__a21oi_2)
     1    0.003909    0.047907    0.100919    3.509187 v _1380_/Y (sky130_fd_sc_hd__a21oi_2)
                                                         _0401_ (net)
                      0.047907    0.000087    3.509274 v _1963_/A (sky130_fd_sc_hd__buf_2)
     1    0.002697    0.043135    0.201963    3.711237 v _1963_/X (sky130_fd_sc_hd__buf_2)
                                                         _1050_ (net)
                      0.043135    0.000072    3.711310 v _1542_/D (sky130_fd_sc_hd__dfxtp_4)
                                              3.711310   data arrival time

                                  0.000000    0.000000   clock clk (rise edge)
                                  0.000000    0.000000   clock source latency
     2    0.157321    1.138872    0.876637    0.876637 ^ clk (in)
                                                         clk (net)
                      1.154477    0.000000    0.876637 ^ clkbuf_regs_0_clk/A (sky130_fd_sc_hd__clkbuf_16)
     1    0.008569    0.076270    0.603404    1.480040 ^ clkbuf_regs_0_clk/X (sky130_fd_sc_hd__clkbuf_16)
                                                         clk_regs (net)
                      0.076271    0.000282    1.480322 ^ clkbuf_0_clk_regs/A (sky130_fd_sc_hd__clkbuf_16)
     8    0.078792    0.146453    0.309474    1.789796 ^ clkbuf_0_clk_regs/X (sky130_fd_sc_hd__clkbuf_16)
                                                         clknet_0_clk_regs (net)
                      0.146515    0.002954    1.792750 ^ clkbuf_3_5_0_clk_regs/A (sky130_fd_sc_hd__clkbuf_8)
     2    0.019206    0.081558    0.282362    2.075112 ^ clkbuf_3_5_0_clk_regs/X (sky130_fd_sc_hd__clkbuf_8)
                                                         clknet_3_5_0_clk_regs (net)
                      0.081559    0.000431    2.075543 ^ clkbuf_4_11__f_clk_regs/A (sky130_fd_sc_hd__clkbuf_16)
     8    0.027288    0.076763    0.248782    2.324325 ^ clkbuf_4_11__f_clk_regs/X (sky130_fd_sc_hd__clkbuf_16)
                                                         clknet_4_11__leaf_clk_regs (net)
                      0.076764    0.000539    2.324863 ^ _1542_/CLK (sky130_fd_sc_hd__dfxtp_4)
                                  0.100000    2.424864   clock uncertainty
                                 -0.221415    2.203448   clock reconvergence pessimism
                                 -0.079013    2.124435   library hold time
                                              2.124435   data required time
---------------------------------------------------------------------------------------------
                                              2.124435   data required time
                                             -3.711310   data arrival time
---------------------------------------------------------------------------------------------
                                              1.586874   slack (MET)


Startpoint: _1547_ (rising edge-triggered flip-flop clocked by clk)
Endpoint: _1547_ (rising edge-triggered flip-flop clocked by clk)
Path Group: clk
Path Type: min

Fanout         Cap        Slew       Delay        Time   Description
---------------------------------------------------------------------------------------------
                                  0.000000    0.000000   clock clk (rise edge)
                                  0.000000    0.000000   clock source latency
     2    0.157321    1.138872    0.793148    0.793148 ^ clk (in)
                                                         clk (net)
                      1.154477    0.000000    0.793148 ^ clkbuf_regs_0_clk/A (sky130_fd_sc_hd__clkbuf_16)
     1    0.008569    0.076270    0.545937    1.339084 ^ clkbuf_regs_0_clk/X (sky130_fd_sc_hd__clkbuf_16)
                                                         clk_regs (net)
                      0.076271    0.000255    1.339339 ^ clkbuf_0_clk_regs/A (sky130_fd_sc_hd__clkbuf_16)
     8    0.078792    0.146453    0.280000    1.619339 ^ clkbuf_0_clk_regs/X (sky130_fd_sc_hd__clkbuf_16)
                                                         clknet_0_clk_regs (net)
                      0.146476    0.001799    1.621139 ^ clkbuf_3_6_0_clk_regs/A (sky130_fd_sc_hd__clkbuf_8)
     2    0.019776    0.082884    0.256635    1.877774 ^ clkbuf_3_6_0_clk_regs/X (sky130_fd_sc_hd__clkbuf_8)
                                                         clknet_3_6_0_clk_regs (net)
                      0.082886    0.000512    1.878286 ^ clkbuf_4_13__f_clk_regs/A (sky130_fd_sc_hd__clkbuf_16)
     8    0.024105    0.072567    0.221410    2.099695 ^ clkbuf_4_13__f_clk_regs/X (sky130_fd_sc_hd__clkbuf_16)
                                                         clknet_4_13__leaf_clk_regs (net)
                      0.072585    0.000562    2.100257 ^ _1547_/CLK (sky130_fd_sc_hd__dfxtp_2)
     1    0.002314    0.049786    0.599474    2.699731 ^ _1547_/Q (sky130_fd_sc_hd__dfxtp_2)
                                                         u_top.RV32I_Logic.Single_Cycle_Datapath.pcREG.q[17] (net)
                      0.049786    0.000062    2.699793 ^ _1754_/A (sky130_fd_sc_hd__buf_2)
     7    0.035559    0.281937    0.323183    3.022976 ^ _1754_/X (sky130_fd_sc_hd__buf_2)
                                                         _0637_ (net)
                      0.281937    0.000902    3.023878 ^ _1392_/B1 (sky130_fd_sc_hd__a21o_2)
     1    0.001864    0.042779    0.213831    3.237710 ^ _1392_/X (sky130_fd_sc_hd__a21o_2)
                                                         _0603_ (net)
                      0.042779    0.000050    3.237759 ^ _1394_/C (sky130_fd_sc_hd__and3b_2)
     1    0.002238    0.076036    0.328410    3.566169 ^ _1394_/X (sky130_fd_sc_hd__and3b_2)
                                                         _0406_ (net)
                      0.076036    0.000061    3.566229 ^ _1968_/A (sky130_fd_sc_hd__buf_2)
     1    0.001997    0.040780    0.156996    3.723225 ^ _1968_/X (sky130_fd_sc_hd__buf_2)
                                                         _1055_ (net)
                      0.040780    0.000053    3.723278 ^ _1547_/D (sky130_fd_sc_hd__dfxtp_2)
                                              3.723278   data arrival time

                                  0.000000    0.000000   clock clk (rise edge)
                                  0.000000    0.000000   clock source latency
     2    0.157321    1.138872    0.876637    0.876637 ^ clk (in)
                                                         clk (net)
                      1.154477    0.000000    0.876637 ^ clkbuf_regs_0_clk/A (sky130_fd_sc_hd__clkbuf_16)
     1    0.008569    0.076270    0.603404    1.480040 ^ clkbuf_regs_0_clk/X (sky130_fd_sc_hd__clkbuf_16)
                                                         clk_regs (net)
                      0.076271    0.000282    1.480322 ^ clkbuf_0_clk_regs/A (sky130_fd_sc_hd__clkbuf_16)
     8    0.078792    0.146453    0.309474    1.789796 ^ clkbuf_0_clk_regs/X (sky130_fd_sc_hd__clkbuf_16)
                                                         clknet_0_clk_regs (net)
                      0.146476    0.001989    1.791785 ^ clkbuf_3_6_0_clk_regs/A (sky130_fd_sc_hd__clkbuf_8)
     2    0.019776    0.082884    0.283649    2.075434 ^ clkbuf_3_6_0_clk_regs/X (sky130_fd_sc_hd__clkbuf_8)
                                                         clknet_3_6_0_clk_regs (net)
                      0.082886    0.000566    2.076000 ^ clkbuf_4_13__f_clk_regs/A (sky130_fd_sc_hd__clkbuf_16)
     8    0.024105    0.072567    0.244716    2.320716 ^ clkbuf_4_13__f_clk_regs/X (sky130_fd_sc_hd__clkbuf_16)
                                                         clknet_4_13__leaf_clk_regs (net)
                      0.072585    0.000621    2.321337 ^ _1547_/CLK (sky130_fd_sc_hd__dfxtp_2)
                                  0.100000    2.421337   clock uncertainty
                                 -0.221080    2.200257   clock reconvergence pessimism
                                 -0.064766    2.135490   library hold time
                                              2.135490   data required time
---------------------------------------------------------------------------------------------
                                              2.135490   data required time
                                             -3.723278   data arrival time
---------------------------------------------------------------------------------------------
                                              1.587788   slack (MET)


Startpoint: _1571_ (rising edge-triggered flip-flop clocked by clk)
Endpoint: _1562_ (rising edge-triggered flip-flop clocked by clk)
Path Group: clk
Path Type: min

Fanout         Cap        Slew       Delay        Time   Description
---------------------------------------------------------------------------------------------
                                  0.000000    0.000000   clock clk (rise edge)
                                  0.000000    0.000000   clock source latency
     2    0.157321    1.138872    0.793148    0.793148 ^ clk (in)
                                                         clk (net)
                      1.154477    0.000000    0.793148 ^ clkbuf_regs_0_clk/A (sky130_fd_sc_hd__clkbuf_16)
     1    0.008569    0.076270    0.545937    1.339084 ^ clkbuf_regs_0_clk/X (sky130_fd_sc_hd__clkbuf_16)
                                                         clk_regs (net)
                      0.076271    0.000255    1.339339 ^ clkbuf_0_clk_regs/A (sky130_fd_sc_hd__clkbuf_16)
     8    0.078792    0.146453    0.280000    1.619339 ^ clkbuf_0_clk_regs/X (sky130_fd_sc_hd__clkbuf_16)
                                                         clknet_0_clk_regs (net)
                      0.146515    0.002666    1.622005 ^ clkbuf_3_2_0_clk_regs/A (sky130_fd_sc_hd__clkbuf_8)
     2    0.018941    0.080956    0.254843    1.876848 ^ clkbuf_3_2_0_clk_regs/X (sky130_fd_sc_hd__clkbuf_8)
                                                         clknet_3_2_0_clk_regs (net)
                      0.080958    0.000526    1.877374 ^ clkbuf_4_4__f_clk_regs/A (sky130_fd_sc_hd__clkbuf_16)
     9    0.028472    0.078326    0.226584    2.103957 ^ clkbuf_4_4__f_clk_regs/X (sky130_fd_sc_hd__clkbuf_16)
                                                         clknet_4_4__leaf_clk_regs (net)
                      0.078332    0.000649    2.104607 ^ _1571_/CLK (sky130_fd_sc_hd__dfrtp_2)
     1    0.002802    0.069497    0.642720    2.747327 ^ _1571_/Q (sky130_fd_sc_hd__dfrtp_2)
                                                         u_top.dataMemory.clear_word[9] (net)
                      0.069497    0.000075    2.747402 ^ _1701_/A (sky130_fd_sc_hd__buf_2)
     4    0.018372    0.154339    0.246158    2.993561 ^ _1701_/X (sky130_fd_sc_hd__buf_2)
                                                         _0671_ (net)
                      0.154339    0.000516    2.994076 ^ _1101_/A2 (sky130_fd_sc_hd__a41o_2)
     2    0.006523    0.085579    0.442572    3.436648 ^ _1101_/X (sky130_fd_sc_hd__a41o_2)
                                                         _0451_ (net)
                      0.085579    0.000186    3.436834 ^ _1125_/A1 (sky130_fd_sc_hd__mux2_1)
     1    0.002156    0.064658    0.216195    3.653029 ^ _1125_/X (sky130_fd_sc_hd__mux2_1)
                                                         _0421_ (net)
                      0.064658    0.000042    3.653071 ^ _1720_/A (sky130_fd_sc_hd__buf_2)
     1    0.002972    0.047091    0.158378    3.811449 ^ _1720_/X (sky130_fd_sc_hd__buf_2)
                                                         _1070_ (net)
                      0.047091    0.000080    3.811529 ^ _1562_/D (sky130_fd_sc_hd__dfrtp_2)
                                              3.811529   data arrival time

                                  0.000000    0.000000   clock clk (rise edge)
                                  0.000000    0.000000   clock source latency
     2    0.157321    1.138872    0.876637    0.876637 ^ clk (in)
                                                         clk (net)
                      1.154477    0.000000    0.876637 ^ clkbuf_regs_0_clk/A (sky130_fd_sc_hd__clkbuf_16)
     1    0.008569    0.076270    0.603404    1.480040 ^ clkbuf_regs_0_clk/X (sky130_fd_sc_hd__clkbuf_16)
                                                         clk_regs (net)
                      0.076271    0.000282    1.480322 ^ clkbuf_0_clk_regs/A (sky130_fd_sc_hd__clkbuf_16)
     8    0.078792    0.146453    0.309474    1.789796 ^ clkbuf_0_clk_regs/X (sky130_fd_sc_hd__clkbuf_16)
                                                         clknet_0_clk_regs (net)
                      0.146515    0.002947    1.792743 ^ clkbuf_3_2_0_clk_regs/A (sky130_fd_sc_hd__clkbuf_8)
     2    0.018941    0.080956    0.281668    2.074411 ^ clkbuf_3_2_0_clk_regs/X (sky130_fd_sc_hd__clkbuf_8)
                                                         clknet_3_2_0_clk_regs (net)
                      0.080958    0.000581    2.074992 ^ clkbuf_4_4__f_clk_regs/A (sky130_fd_sc_hd__clkbuf_16)
     9    0.028472    0.078326    0.250435    2.325426 ^ clkbuf_4_4__f_clk_regs/X (sky130_fd_sc_hd__clkbuf_16)
                                                         clknet_4_4__leaf_clk_regs (net)
                      0.078327    0.000430    2.325857 ^ _1562_/CLK (sky130_fd_sc_hd__dfrtp_2)
                                  0.100000    2.425857   clock uncertainty
                                 -0.221469    2.204388   clock reconvergence pessimism
                                 -0.070319    2.134069   library hold time
                                              2.134069   data required time
---------------------------------------------------------------------------------------------
                                              2.134069   data required time
                                             -3.811529   data arrival time
---------------------------------------------------------------------------------------------
                                              1.677460   slack (MET)


Startpoint: _1562_ (rising edge-triggered flip-flop clocked by clk)
Endpoint: u_top.dataMemory.sram_odd_words
          (falling edge-triggered flip-flop clocked by clk)
Path Group: clk
Path Type: min

Fanout         Cap        Slew       Delay        Time   Description
---------------------------------------------------------------------------------------------
                                  0.000000    0.000000   clock clk (rise edge)
                                  0.000000    0.000000   clock source latency
     2    0.157321    1.138872    0.793148    0.793148 ^ clk (in)
                                                         clk (net)
                      1.154477    0.000000    0.793148 ^ clkbuf_regs_0_clk/A (sky130_fd_sc_hd__clkbuf_16)
     1    0.008569    0.076270    0.545937    1.339084 ^ clkbuf_regs_0_clk/X (sky130_fd_sc_hd__clkbuf_16)
                                                         clk_regs (net)
                      0.076271    0.000255    1.339339 ^ clkbuf_0_clk_regs/A (sky130_fd_sc_hd__clkbuf_16)
     8    0.078792    0.146453    0.280000    1.619339 ^ clkbuf_0_clk_regs/X (sky130_fd_sc_hd__clkbuf_16)
                                                         clknet_0_clk_regs (net)
                      0.146515    0.002666    1.622005 ^ clkbuf_3_2_0_clk_regs/A (sky130_fd_sc_hd__clkbuf_8)
     2    0.018941    0.080956    0.254843    1.876848 ^ clkbuf_3_2_0_clk_regs/X (sky130_fd_sc_hd__clkbuf_8)
                                                         clknet_3_2_0_clk_regs (net)
                      0.080958    0.000526    1.877374 ^ clkbuf_4_4__f_clk_regs/A (sky130_fd_sc_hd__clkbuf_16)
     9    0.028472    0.078326    0.226584    2.103957 ^ clkbuf_4_4__f_clk_regs/X (sky130_fd_sc_hd__clkbuf_16)
                                                         clknet_4_4__leaf_clk_regs (net)
                      0.078327    0.000389    2.104347 ^ _1562_/CLK (sky130_fd_sc_hd__dfrtp_2)
     1    0.002528    0.072573    0.752366    2.856712 v _1562_/Q (sky130_fd_sc_hd__dfrtp_2)
                                                         u_top.dataMemory.clear_word[0] (net)
                      0.072573    0.000068    2.856780 v _1719_/A (sky130_fd_sc_hd__buf_2)
     2    0.008050    0.064662    0.239462    3.096241 v _1719_/X (sky130_fd_sc_hd__buf_2)
                                                         _0662_ (net)
                      0.064662    0.000166    3.096407 v fanout59/A (sky130_fd_sc_hd__buf_1)
    10    0.036383    0.410575    0.405948    3.502355 v fanout59/X (sky130_fd_sc_hd__buf_1)
                                                         net59 (net)
                      0.410684    0.001916    3.504270 v _1123_/B (sky130_fd_sc_hd__nand2_2)
     2    0.017091    0.195686    0.315995    3.820265 ^ _1123_/Y (sky130_fd_sc_hd__nand2_2)
                                                         _0692_ (net)
                      0.195686    0.000556    3.820822 ^ _1849_/A (sky130_fd_sc_hd__buf_2)
     2    0.020405    0.169542    0.312204    4.133026 ^ _1849_/X (sky130_fd_sc_hd__buf_2)
                                                         u_top.dataMemory.s1_csb0 (net)
                      0.226057    0.000751    4.133777 ^ u_top.dataMemory.sram_odd_words/csb0 (sky130_sram_2kbyte_1rw1r_32x512_8)
                                              4.133777   data arrival time

                                  0.000000    0.000000   clock clk (rise edge)
                                  0.000000    0.000000   clock source latency
     2    0.157321    1.138872    0.880299    0.880299 ^ clk (in)
                                                         clk (net)
                      1.155563    0.000000    0.880299 ^ clkbuf_0_clk/A (sky130_fd_sc_hd__clkbuf_16)
     2    0.043276    0.117795    0.662947    1.543247 ^ clkbuf_0_clk/X (sky130_fd_sc_hd__clkbuf_16)
                                                         clknet_0_clk (net)
                      0.117830    0.006057    1.549304 ^ clkbuf_1_1__f_clk/A (sky130_fd_sc_hd__clkbuf_16)
     2    0.153688    0.253644    0.405156    1.954460 ^ clkbuf_1_1__f_clk/X (sky130_fd_sc_hd__clkbuf_16)
                                                         clknet_1_1__leaf_clk (net)
                      0.342540    0.024168    1.978628 ^ u_top.dataMemory.sram_odd_words/clk0 (sky130_sram_2kbyte_1rw1r_32x512_8)
                                  0.100000    2.078628   clock uncertainty
                                  0.000000    2.078628   clock reconvergence pessimism
                                 -0.056000    2.022628   library hold time
                                              2.022628   data required time
---------------------------------------------------------------------------------------------
                                              2.022628   data required time
                                             -4.133777   data arrival time
---------------------------------------------------------------------------------------------
                                              2.111149   slack (MET)


Startpoint: _1562_ (rising edge-triggered flip-flop clocked by clk)
Endpoint: u_top.dataMemory.sram_odd_words
          (falling edge-triggered flip-flop clocked by clk)
Path Group: clk
Path Type: min

Fanout         Cap        Slew       Delay        Time   Description
---------------------------------------------------------------------------------------------
                                  0.000000    0.000000   clock clk (rise edge)
                                  0.000000    0.000000   clock source latency
     2    0.157321    1.138872    0.793148    0.793148 ^ clk (in)
                                                         clk (net)
                      1.154477    0.000000    0.793148 ^ clkbuf_regs_0_clk/A (sky130_fd_sc_hd__clkbuf_16)
     1    0.008569    0.076270    0.545937    1.339084 ^ clkbuf_regs_0_clk/X (sky130_fd_sc_hd__clkbuf_16)
                                                         clk_regs (net)
                      0.076271    0.000255    1.339339 ^ clkbuf_0_clk_regs/A (sky130_fd_sc_hd__clkbuf_16)
     8    0.078792    0.146453    0.280000    1.619339 ^ clkbuf_0_clk_regs/X (sky130_fd_sc_hd__clkbuf_16)
                                                         clknet_0_clk_regs (net)
                      0.146515    0.002666    1.622005 ^ clkbuf_3_2_0_clk_regs/A (sky130_fd_sc_hd__clkbuf_8)
     2    0.018941    0.080956    0.254843    1.876848 ^ clkbuf_3_2_0_clk_regs/X (sky130_fd_sc_hd__clkbuf_8)
                                                         clknet_3_2_0_clk_regs (net)
                      0.080958    0.000526    1.877374 ^ clkbuf_4_4__f_clk_regs/A (sky130_fd_sc_hd__clkbuf_16)
     9    0.028472    0.078326    0.226584    2.103957 ^ clkbuf_4_4__f_clk_regs/X (sky130_fd_sc_hd__clkbuf_16)
                                                         clknet_4_4__leaf_clk_regs (net)
                      0.078327    0.000389    2.104347 ^ _1562_/CLK (sky130_fd_sc_hd__dfrtp_2)
     1    0.002528    0.072573    0.752366    2.856712 v _1562_/Q (sky130_fd_sc_hd__dfrtp_2)
                                                         u_top.dataMemory.clear_word[0] (net)
                      0.072573    0.000068    2.856780 v _1719_/A (sky130_fd_sc_hd__buf_2)
     2    0.008050    0.064662    0.239462    3.096241 v _1719_/X (sky130_fd_sc_hd__buf_2)
                                                         _0662_ (net)
                      0.064662    0.000166    3.096407 v fanout59/A (sky130_fd_sc_hd__buf_1)
    10    0.036383    0.410575    0.405948    3.502355 v fanout59/X (sky130_fd_sc_hd__buf_1)
                                                         net59 (net)
                      0.410684    0.001916    3.504270 v _1123_/B (sky130_fd_sc_hd__nand2_2)
     2    0.017091    0.195686    0.315995    3.820265 ^ _1123_/Y (sky130_fd_sc_hd__nand2_2)
                                                         _0692_ (net)
                      0.195686    0.000556    3.820822 ^ _1849_/A (sky130_fd_sc_hd__buf_2)
     2    0.020405    0.169542    0.312204    4.133026 ^ _1849_/X (sky130_fd_sc_hd__buf_2)
                                                         u_top.dataMemory.s1_csb0 (net)
                      0.226058    0.000868    4.133894 ^ u_top.dataMemory.sram_odd_words/web0 (sky130_sram_2kbyte_1rw1r_32x512_8)
                                              4.133894   data arrival time

                                  0.000000    0.000000   clock clk (rise edge)
                                  0.000000    0.000000   clock source latency
     2    0.157321    1.138872    0.880299    0.880299 ^ clk (in)
                                                         clk (net)
                      1.155563    0.000000    0.880299 ^ clkbuf_0_clk/A (sky130_fd_sc_hd__clkbuf_16)
     2    0.043276    0.117795    0.662947    1.543247 ^ clkbuf_0_clk/X (sky130_fd_sc_hd__clkbuf_16)
                                                         clknet_0_clk (net)
                      0.117830    0.006057    1.549304 ^ clkbuf_1_1__f_clk/A (sky130_fd_sc_hd__clkbuf_16)
     2    0.153688    0.253644    0.405156    1.954460 ^ clkbuf_1_1__f_clk/X (sky130_fd_sc_hd__clkbuf_16)
                                                         clknet_1_1__leaf_clk (net)
                      0.342540    0.024168    1.978628 ^ u_top.dataMemory.sram_odd_words/clk0 (sky130_sram_2kbyte_1rw1r_32x512_8)
                                  0.100000    2.078628   clock uncertainty
                                  0.000000    2.078628   clock reconvergence pessimism
                                 -0.056000    2.022628   library hold time
                                              2.022628   data required time
---------------------------------------------------------------------------------------------
                                              2.022628   data required time
                                             -4.133894   data arrival time
---------------------------------------------------------------------------------------------
                                              2.111267   slack (MET)


Startpoint: _1567_ (rising edge-triggered flip-flop clocked by clk)
Endpoint: u_top.dataMemory.sram_odd_words
          (falling edge-triggered flip-flop clocked by clk)
Path Group: clk
Path Type: min

Fanout         Cap        Slew       Delay        Time   Description
---------------------------------------------------------------------------------------------
                                  0.000000    0.000000   clock clk (rise edge)
                                  0.000000    0.000000   clock source latency
     2    0.157321    1.138872    0.793148    0.793148 ^ clk (in)
                                                         clk (net)
                      1.154477    0.000000    0.793148 ^ clkbuf_regs_0_clk/A (sky130_fd_sc_hd__clkbuf_16)
     1    0.008569    0.076270    0.545937    1.339084 ^ clkbuf_regs_0_clk/X (sky130_fd_sc_hd__clkbuf_16)
                                                         clk_regs (net)
                      0.076271    0.000255    1.339339 ^ clkbuf_0_clk_regs/A (sky130_fd_sc_hd__clkbuf_16)
     8    0.078792    0.146453    0.280000    1.619339 ^ clkbuf_0_clk_regs/X (sky130_fd_sc_hd__clkbuf_16)
                                                         clknet_0_clk_regs (net)
                      0.146521    0.002778    1.622118 ^ clkbuf_3_0_0_clk_regs/A (sky130_fd_sc_hd__clkbuf_8)
     2    0.018181    0.079205    0.253267    1.875385 ^ clkbuf_3_0_0_clk_regs/X (sky130_fd_sc_hd__clkbuf_8)
                                                         clknet_3_0_0_clk_regs (net)
                      0.079206    0.000342    1.875726 ^ clkbuf_4_1__f_clk_regs/A (sky130_fd_sc_hd__clkbuf_16)
     9    0.033687    0.085517    0.232731    2.108458 ^ clkbuf_4_1__f_clk_regs/X (sky130_fd_sc_hd__clkbuf_16)
                                                         clknet_4_1__leaf_clk_regs (net)
                      0.085545    0.001375    2.109833 ^ _1567_/CLK (sky130_fd_sc_hd__dfrtp_2)
     1    0.002250    0.066092    0.640697    2.750530 ^ _1567_/Q (sky130_fd_sc_hd__dfrtp_2)
                                                         u_top.dataMemory.clear_word[5] (net)
                      0.066092    0.000061    2.750591 ^ _1709_/A (sky130_fd_sc_hd__buf_2)
     5    0.020161    0.167559    0.253668    3.004259 ^ _1709_/X (sky130_fd_sc_hd__buf_2)
                                                         _0667_ (net)
                      0.167559    0.000655    3.004915 ^ _1226_/B (sky130_fd_sc_hd__and3_2)
     1    0.003830    0.086660    0.367399    3.372313 ^ _1226_/X (sky130_fd_sc_hd__and3_2)
                                                         _0687_ (net)
                      0.086660    0.000132    3.372445 ^ _1844_/A (sky130_fd_sc_hd__buf_2)
     1    0.022181    0.182707    0.271976    3.644421 ^ _1844_/X (sky130_fd_sc_hd__buf_2)
                                                         u_top.dataMemory.s1_addr0[4] (net)
                      0.182845    0.002597    3.647017 ^ wire37/A (sky130_fd_sc_hd__buf_1)
     1    0.002442    0.067313    0.182867    3.829884 ^ wire37/X (sky130_fd_sc_hd__buf_1)
                                                         net37 (net)
                      0.067313    0.000045    3.829929 ^ wire206/A (sky130_fd_sc_hd__clkdlybuf4s25_1)
     1    0.008318    0.154478    0.496781    4.326710 ^ wire206/X (sky130_fd_sc_hd__clkdlybuf4s25_1)
                                                         net205 (net)
                      0.205970    0.000199    4.326909 ^ u_top.dataMemory.sram_odd_words/addr0[4] (sky130_sram_2kbyte_1rw1r_32x512_8)
                                              4.326909   data arrival time

                                  0.000000    0.000000   clock clk (rise edge)
                                  0.000000    0.000000   clock source latency
     2    0.157321    1.138872    0.880299    0.880299 ^ clk (in)
                                                         clk (net)
                      1.155563    0.000000    0.880299 ^ clkbuf_0_clk/A (sky130_fd_sc_hd__clkbuf_16)
     2    0.043276    0.117795    0.662947    1.543247 ^ clkbuf_0_clk/X (sky130_fd_sc_hd__clkbuf_16)
                                                         clknet_0_clk (net)
                      0.117830    0.006057    1.549304 ^ clkbuf_1_1__f_clk/A (sky130_fd_sc_hd__clkbuf_16)
     2    0.153688    0.253644    0.405156    1.954460 ^ clkbuf_1_1__f_clk/X (sky130_fd_sc_hd__clkbuf_16)
                                                         clknet_1_1__leaf_clk (net)
                      0.342540    0.024168    1.978628 ^ u_top.dataMemory.sram_odd_words/clk0 (sky130_sram_2kbyte_1rw1r_32x512_8)
                                  0.100000    2.078628   clock uncertainty
                                  0.000000    2.078628   clock reconvergence pessimism
                                 -0.056000    2.022628   library hold time
                                              2.022628   data required time
---------------------------------------------------------------------------------------------
                                              2.022628   data required time
                                             -4.326909   data arrival time
---------------------------------------------------------------------------------------------
                                              2.304281   slack (MET)


Startpoint: _1569_ (rising edge-triggered flip-flop clocked by clk)
Endpoint: u_top.dataMemory.sram_even_words
          (falling edge-triggered flip-flop clocked by clk)
Path Group: clk
Path Type: min

Fanout         Cap        Slew       Delay        Time   Description
---------------------------------------------------------------------------------------------
                                  0.000000    0.000000   clock clk (rise edge)
                                  0.000000    0.000000   clock source latency
     2    0.157321    1.138872    0.793148    0.793148 ^ clk (in)
                                                         clk (net)
                      1.154477    0.000000    0.793148 ^ clkbuf_regs_0_clk/A (sky130_fd_sc_hd__clkbuf_16)
     1    0.008569    0.076270    0.545937    1.339084 ^ clkbuf_regs_0_clk/X (sky130_fd_sc_hd__clkbuf_16)
                                                         clk_regs (net)
                      0.076271    0.000255    1.339339 ^ clkbuf_0_clk_regs/A (sky130_fd_sc_hd__clkbuf_16)
     8    0.078792    0.146453    0.280000    1.619339 ^ clkbuf_0_clk_regs/X (sky130_fd_sc_hd__clkbuf_16)
                                                         clknet_0_clk_regs (net)
                      0.146515    0.002666    1.622005 ^ clkbuf_3_2_0_clk_regs/A (sky130_fd_sc_hd__clkbuf_8)
     2    0.018941    0.080956    0.254843    1.876848 ^ clkbuf_3_2_0_clk_regs/X (sky130_fd_sc_hd__clkbuf_8)
                                                         clknet_3_2_0_clk_regs (net)
                      0.080958    0.000526    1.877374 ^ clkbuf_4_4__f_clk_regs/A (sky130_fd_sc_hd__clkbuf_16)
     9    0.028472    0.078326    0.226584    2.103957 ^ clkbuf_4_4__f_clk_regs/X (sky130_fd_sc_hd__clkbuf_16)
                                                         clknet_4_4__leaf_clk_regs (net)
                      0.078333    0.000697    2.104654 ^ _1569_/CLK (sky130_fd_sc_hd__dfrtp_2)
     1    0.002956    0.070297    0.644177    2.748832 ^ _1569_/Q (sky130_fd_sc_hd__dfrtp_2)
                                                         u_top.dataMemory.clear_word[7] (net)
                      0.070297    0.000081    2.748912 ^ _1705_/A (sky130_fd_sc_hd__buf_2)
     5    0.015981    0.138460    0.233754    2.982666 ^ _1705_/X (sky130_fd_sc_hd__buf_2)
                                                         _0669_ (net)
                      0.138460    0.000391    2.983057 ^ _1237_/A (sky130_fd_sc_hd__and2_2)
     1    0.005123    0.083795    0.283118    3.266175 ^ _1237_/X (sky130_fd_sc_hd__and2_2)
                                                         _0678_ (net)
                      0.083795    0.000183    3.266357 ^ _1856_/A (sky130_fd_sc_hd__buf_2)
     1    0.032808    0.260877    0.321828    3.588186 ^ _1856_/X (sky130_fd_sc_hd__buf_2)
                                                         u_top.dataMemory.s0_addr0[6] (net)
                      0.261115    0.006181    3.594366 ^ wire15/A (sky130_fd_sc_hd__buf_1)
     1    0.003251    0.081647    0.219147    3.813514 ^ wire15/X (sky130_fd_sc_hd__buf_1)
                                                         net15 (net)
                      0.081647    0.000095    3.813608 ^ wire191/A (sky130_fd_sc_hd__clkdlybuf4s25_1)
     1    0.008637    0.159313    0.506070    4.319678 ^ wire191/X (sky130_fd_sc_hd__clkdlybuf4s25_1)
                                                         net190 (net)
                      0.212418    0.000221    4.319899 ^ u_top.dataMemory.sram_even_words/addr0[6] (sky130_sram_2kbyte_1rw1r_32x512_8)
                                              4.319899   data arrival time

                                  0.000000    0.000000   clock clk (rise edge)
                                  0.000000    0.000000   clock source latency
     2    0.157321    1.138872    0.880299    0.880299 ^ clk (in)
                                                         clk (net)
                      1.155563    0.000000    0.880299 ^ clkbuf_0_clk/A (sky130_fd_sc_hd__clkbuf_16)
     2    0.043276    0.117795    0.662947    1.543247 ^ clkbuf_0_clk/X (sky130_fd_sc_hd__clkbuf_16)
                                                         clknet_0_clk (net)
                      0.117832    0.006140    1.549387 ^ clkbuf_1_0__f_clk/A (sky130_fd_sc_hd__clkbuf_16)
     2    0.125447    0.213494    0.363119    1.912506 ^ clkbuf_1_0__f_clk/X (sky130_fd_sc_hd__clkbuf_16)
                                                         clknet_1_0__leaf_clk (net)
                      0.311569    0.052852    1.965358 ^ u_top.dataMemory.sram_even_words/clk0 (sky130_sram_2kbyte_1rw1r_32x512_8)
                                  0.100000    2.065358   clock uncertainty
                                  0.000000    2.065358   clock reconvergence pessimism
                                 -0.056000    2.009358   library hold time
                                              2.009358   data required time
---------------------------------------------------------------------------------------------
                                              2.009358   data required time
                                             -4.319899   data arrival time
---------------------------------------------------------------------------------------------
                                              2.310541   slack (MET)


Startpoint: _1569_ (rising edge-triggered flip-flop clocked by clk)
Endpoint: u_top.dataMemory.sram_odd_words
          (falling edge-triggered flip-flop clocked by clk)
Path Group: clk
Path Type: min

Fanout         Cap        Slew       Delay        Time   Description
---------------------------------------------------------------------------------------------
                                  0.000000    0.000000   clock clk (rise edge)
                                  0.000000    0.000000   clock source latency
     2    0.157321    1.138872    0.793148    0.793148 ^ clk (in)
                                                         clk (net)
                      1.154477    0.000000    0.793148 ^ clkbuf_regs_0_clk/A (sky130_fd_sc_hd__clkbuf_16)
     1    0.008569    0.076270    0.545937    1.339084 ^ clkbuf_regs_0_clk/X (sky130_fd_sc_hd__clkbuf_16)
                                                         clk_regs (net)
                      0.076271    0.000255    1.339339 ^ clkbuf_0_clk_regs/A (sky130_fd_sc_hd__clkbuf_16)
     8    0.078792    0.146453    0.280000    1.619339 ^ clkbuf_0_clk_regs/X (sky130_fd_sc_hd__clkbuf_16)
                                                         clknet_0_clk_regs (net)
                      0.146515    0.002666    1.622005 ^ clkbuf_3_2_0_clk_regs/A (sky130_fd_sc_hd__clkbuf_8)
     2    0.018941    0.080956    0.254843    1.876848 ^ clkbuf_3_2_0_clk_regs/X (sky130_fd_sc_hd__clkbuf_8)
                                                         clknet_3_2_0_clk_regs (net)
                      0.080958    0.000526    1.877374 ^ clkbuf_4_4__f_clk_regs/A (sky130_fd_sc_hd__clkbuf_16)
     9    0.028472    0.078326    0.226584    2.103957 ^ clkbuf_4_4__f_clk_regs/X (sky130_fd_sc_hd__clkbuf_16)
                                                         clknet_4_4__leaf_clk_regs (net)
                      0.078333    0.000697    2.104654 ^ _1569_/CLK (sky130_fd_sc_hd__dfrtp_2)
     1    0.002956    0.070297    0.644177    2.748832 ^ _1569_/Q (sky130_fd_sc_hd__dfrtp_2)
                                                         u_top.dataMemory.clear_word[7] (net)
                      0.070297    0.000081    2.748912 ^ _1705_/A (sky130_fd_sc_hd__buf_2)
     5    0.015981    0.138460    0.233754    2.982666 ^ _1705_/X (sky130_fd_sc_hd__buf_2)
                                                         _0669_ (net)
                      0.138460    0.000279    2.982945 ^ _1228_/B (sky130_fd_sc_hd__and3_2)
     1    0.004044    0.088395    0.359435    3.342380 ^ _1228_/X (sky130_fd_sc_hd__and3_2)
                                                         _0689_ (net)
                      0.088395    0.000147    3.342527 ^ _1846_/A (sky130_fd_sc_hd__buf_2)
     1    0.027145    0.218900    0.297102    3.639629 ^ _1846_/X (sky130_fd_sc_hd__buf_2)
                                                         u_top.dataMemory.s1_addr0[6] (net)
                      0.219092    0.003762    3.643391 ^ wire35/A (sky130_fd_sc_hd__buf_1)
     1    0.002923    0.075629    0.203285    3.846676 ^ wire35/X (sky130_fd_sc_hd__buf_1)
                                                         net35 (net)
                      0.075629    0.000082    3.846758 ^ wire208/A (sky130_fd_sc_hd__clkdlybuf4s25_1)
     1    0.008420    0.156025    0.501257    4.348015 ^ wire208/X (sky130_fd_sc_hd__clkdlybuf4s25_1)
                                                         net207 (net)
                      0.208033    0.000205    4.348220 ^ u_top.dataMemory.sram_odd_words/addr0[6] (sky130_sram_2kbyte_1rw1r_32x512_8)
                                              4.348220   data arrival time

                                  0.000000    0.000000   clock clk (rise edge)
                                  0.000000    0.000000   clock source latency
     2    0.157321    1.138872    0.880299    0.880299 ^ clk (in)
                                                         clk (net)
                      1.155563    0.000000    0.880299 ^ clkbuf_0_clk/A (sky130_fd_sc_hd__clkbuf_16)
     2    0.043276    0.117795    0.662947    1.543247 ^ clkbuf_0_clk/X (sky130_fd_sc_hd__clkbuf_16)
                                                         clknet_0_clk (net)
                      0.117830    0.006057    1.549304 ^ clkbuf_1_1__f_clk/A (sky130_fd_sc_hd__clkbuf_16)
     2    0.153688    0.253644    0.405156    1.954460 ^ clkbuf_1_1__f_clk/X (sky130_fd_sc_hd__clkbuf_16)
                                                         clknet_1_1__leaf_clk (net)
                      0.342540    0.024168    1.978628 ^ u_top.dataMemory.sram_odd_words/clk0 (sky130_sram_2kbyte_1rw1r_32x512_8)
                                  0.100000    2.078628   clock uncertainty
                                  0.000000    2.078628   clock reconvergence pessimism
                                 -0.056000    2.022628   library hold time
                                              2.022628   data required time
---------------------------------------------------------------------------------------------
                                              2.022628   data required time
                                             -4.348220   data arrival time
---------------------------------------------------------------------------------------------
                                              2.325593   slack (MET)


Startpoint: _1565_ (rising edge-triggered flip-flop clocked by clk)
Endpoint: u_top.dataMemory.sram_odd_words
          (falling edge-triggered flip-flop clocked by clk)
Path Group: clk
Path Type: min

Fanout         Cap        Slew       Delay        Time   Description
---------------------------------------------------------------------------------------------
                                  0.000000    0.000000   clock clk (rise edge)
                                  0.000000    0.000000   clock source latency
     2    0.157321    1.138872    0.793148    0.793148 ^ clk (in)
                                                         clk (net)
                      1.154477    0.000000    0.793148 ^ clkbuf_regs_0_clk/A (sky130_fd_sc_hd__clkbuf_16)
     1    0.008569    0.076270    0.545937    1.339084 ^ clkbuf_regs_0_clk/X (sky130_fd_sc_hd__clkbuf_16)
                                                         clk_regs (net)
                      0.076271    0.000255    1.339339 ^ clkbuf_0_clk_regs/A (sky130_fd_sc_hd__clkbuf_16)
     8    0.078792    0.146453    0.280000    1.619339 ^ clkbuf_0_clk_regs/X (sky130_fd_sc_hd__clkbuf_16)
                                                         clknet_0_clk_regs (net)
                      0.146521    0.002778    1.622118 ^ clkbuf_3_0_0_clk_regs/A (sky130_fd_sc_hd__clkbuf_8)
     2    0.018181    0.079205    0.253267    1.875385 ^ clkbuf_3_0_0_clk_regs/X (sky130_fd_sc_hd__clkbuf_8)
                                                         clknet_3_0_0_clk_regs (net)
                      0.079207    0.000451    1.875836 ^ clkbuf_4_0__f_clk_regs/A (sky130_fd_sc_hd__clkbuf_16)
     9    0.032494    0.083908    0.231210    2.107046 ^ clkbuf_4_0__f_clk_regs/X (sky130_fd_sc_hd__clkbuf_16)
                                                         clknet_4_0__leaf_clk_regs (net)
                      0.083918    0.000904    2.107950 ^ _1565_/CLK (sky130_fd_sc_hd__dfrtp_2)
     1    0.002655    0.068737    0.643810    2.751760 ^ _1565_/Q (sky130_fd_sc_hd__dfrtp_2)
                                                         u_top.dataMemory.clear_word[3] (net)
                      0.068737    0.000074    2.751834 ^ _1713_/A (sky130_fd_sc_hd__buf_2)
     5    0.020367    0.169100    0.255791    3.007625 ^ _1713_/X (sky130_fd_sc_hd__buf_2)
                                                         _0665_ (net)
                      0.169101    0.000737    3.008362 ^ _1224_/B (sky130_fd_sc_hd__and3_2)
     1    0.004259    0.090099    0.372389    3.380751 ^ _1224_/X (sky130_fd_sc_hd__and3_2)
                                                         _0685_ (net)
                      0.090099    0.000141    3.380892 ^ _1842_/A (sky130_fd_sc_hd__buf_2)
     1    0.025453    0.206381    0.289456    3.670348 ^ _1842_/X (sky130_fd_sc_hd__buf_2)
                                                         u_top.dataMemory.s1_addr0[2] (net)
                      0.206554    0.003405    3.673753 ^ wire39/A (sky130_fd_sc_hd__buf_1)
     1    0.002759    0.072799    0.196253    3.870006 ^ wire39/X (sky130_fd_sc_hd__buf_1)
                                                         net39 (net)
                      0.072799    0.000076    3.870083 ^ wire204/A (sky130_fd_sc_hd__clkdlybuf4s25_1)
     1    0.008263    0.153657    0.498431    4.368513 ^ wire204/X (sky130_fd_sc_hd__clkdlybuf4s25_1)
                                                         net203 (net)
                      0.204876    0.000196    4.368709 ^ u_top.dataMemory.sram_odd_words/addr0[2] (sky130_sram_2kbyte_1rw1r_32x512_8)
                                              4.368709   data arrival time

                                  0.000000    0.000000   clock clk (rise edge)
                                  0.000000    0.000000   clock source latency
     2    0.157321    1.138872    0.880299    0.880299 ^ clk (in)
                                                         clk (net)
                      1.155563    0.000000    0.880299 ^ clkbuf_0_clk/A (sky130_fd_sc_hd__clkbuf_16)
     2    0.043276    0.117795    0.662947    1.543247 ^ clkbuf_0_clk/X (sky130_fd_sc_hd__clkbuf_16)
                                                         clknet_0_clk (net)
                      0.117830    0.006057    1.549304 ^ clkbuf_1_1__f_clk/A (sky130_fd_sc_hd__clkbuf_16)
     2    0.153688    0.253644    0.405156    1.954460 ^ clkbuf_1_1__f_clk/X (sky130_fd_sc_hd__clkbuf_16)
                                                         clknet_1_1__leaf_clk (net)
                      0.342540    0.024168    1.978628 ^ u_top.dataMemory.sram_odd_words/clk0 (sky130_sram_2kbyte_1rw1r_32x512_8)
                                  0.100000    2.078628   clock uncertainty
                                  0.000000    2.078628   clock reconvergence pessimism
                                 -0.056000    2.022628   library hold time
                                              2.022628   data required time
---------------------------------------------------------------------------------------------
                                              2.022628   data required time
                                             -4.368709   data arrival time
---------------------------------------------------------------------------------------------
                                              2.346081   slack (MET)


Startpoint: _1570_ (rising edge-triggered flip-flop clocked by clk)
Endpoint: u_top.dataMemory.sram_even_words
          (falling edge-triggered flip-flop clocked by clk)
Path Group: clk
Path Type: min

Fanout         Cap        Slew       Delay        Time   Description
---------------------------------------------------------------------------------------------
                                  0.000000    0.000000   clock clk (rise edge)
                                  0.000000    0.000000   clock source latency
     2    0.157321    1.138872    0.793148    0.793148 ^ clk (in)
                                                         clk (net)
                      1.154477    0.000000    0.793148 ^ clkbuf_regs_0_clk/A (sky130_fd_sc_hd__clkbuf_16)
     1    0.008569    0.076270    0.545937    1.339084 ^ clkbuf_regs_0_clk/X (sky130_fd_sc_hd__clkbuf_16)
                                                         clk_regs (net)
                      0.076271    0.000255    1.339339 ^ clkbuf_0_clk_regs/A (sky130_fd_sc_hd__clkbuf_16)
     8    0.078792    0.146453    0.280000    1.619339 ^ clkbuf_0_clk_regs/X (sky130_fd_sc_hd__clkbuf_16)
                                                         clknet_0_clk_regs (net)
                      0.146515    0.002666    1.622005 ^ clkbuf_3_2_0_clk_regs/A (sky130_fd_sc_hd__clkbuf_8)
     2    0.018941    0.080956    0.254843    1.876848 ^ clkbuf_3_2_0_clk_regs/X (sky130_fd_sc_hd__clkbuf_8)
                                                         clknet_3_2_0_clk_regs (net)
                      0.080958    0.000526    1.877374 ^ clkbuf_4_4__f_clk_regs/A (sky130_fd_sc_hd__clkbuf_16)
     9    0.028472    0.078326    0.226584    2.103957 ^ clkbuf_4_4__f_clk_regs/X (sky130_fd_sc_hd__clkbuf_16)
                                                         clknet_4_4__leaf_clk_regs (net)
                      0.078332    0.000672    2.104629 ^ _1570_/CLK (sky130_fd_sc_hd__dfrtp_2)
     1    0.002274    0.066237    0.637731    2.742360 ^ _1570_/Q (sky130_fd_sc_hd__dfrtp_2)
                                                         u_top.dataMemory.clear_word[8] (net)
                      0.066237    0.000061    2.742421 ^ _1703_/A (sky130_fd_sc_hd__buf_2)
     6    0.023496    0.192256    0.270460    3.012881 ^ _1703_/X (sky130_fd_sc_hd__buf_2)
                                                         _0670_ (net)
                      0.192256    0.000687    3.013569 ^ _1238_/A (sky130_fd_sc_hd__and2_2)
     1    0.008047    0.103764    0.324042    3.337610 ^ _1238_/X (sky130_fd_sc_hd__and2_2)
                                                         _0679_ (net)
                      0.103764    0.000370    3.337980 ^ _1857_/A (sky130_fd_sc_hd__buf_2)
     1    0.029404    0.235702    0.314296    3.652276 ^ _1857_/X (sky130_fd_sc_hd__buf_2)
                                                         u_top.dataMemory.s0_addr0[7] (net)
                      0.235877    0.005032    3.657308 ^ wire14/A (sky130_fd_sc_hd__buf_1)
     1    0.002880    0.075105    0.207714    3.865022 ^ wire14/X (sky130_fd_sc_hd__buf_1)
                                                         net14 (net)
                      0.075105    0.000079    3.865101 ^ wire192/A (sky130_fd_sc_hd__clkdlybuf4s25_1)
     1    0.008450    0.156486    0.501370    4.366471 ^ wire192/X (sky130_fd_sc_hd__clkdlybuf4s25_1)
                                                         net191 (net)
                      0.208648    0.000207    4.366677 ^ u_top.dataMemory.sram_even_words/addr0[7] (sky130_sram_2kbyte_1rw1r_32x512_8)
                                              4.366677   data arrival time

                                  0.000000    0.000000   clock clk (rise edge)
                                  0.000000    0.000000   clock source latency
     2    0.157321    1.138872    0.880299    0.880299 ^ clk (in)
                                                         clk (net)
                      1.155563    0.000000    0.880299 ^ clkbuf_0_clk/A (sky130_fd_sc_hd__clkbuf_16)
     2    0.043276    0.117795    0.662947    1.543247 ^ clkbuf_0_clk/X (sky130_fd_sc_hd__clkbuf_16)
                                                         clknet_0_clk (net)
                      0.117832    0.006140    1.549387 ^ clkbuf_1_0__f_clk/A (sky130_fd_sc_hd__clkbuf_16)
     2    0.125447    0.213494    0.363119    1.912506 ^ clkbuf_1_0__f_clk/X (sky130_fd_sc_hd__clkbuf_16)
                                                         clknet_1_0__leaf_clk (net)
                      0.311569    0.052852    1.965358 ^ u_top.dataMemory.sram_even_words/clk0 (sky130_sram_2kbyte_1rw1r_32x512_8)
                                  0.100000    2.065358   clock uncertainty
                                  0.000000    2.065358   clock reconvergence pessimism
                                 -0.056000    2.009358   library hold time
                                              2.009358   data required time
---------------------------------------------------------------------------------------------
                                              2.009358   data required time
                                             -4.366677   data arrival time
---------------------------------------------------------------------------------------------
                                              2.357320   slack (MET)


Startpoint: _1566_ (rising edge-triggered flip-flop clocked by clk)
Endpoint: u_top.dataMemory.sram_odd_words
          (falling edge-triggered flip-flop clocked by clk)
Path Group: clk
Path Type: min

Fanout         Cap        Slew       Delay        Time   Description
---------------------------------------------------------------------------------------------
                                  0.000000    0.000000   clock clk (rise edge)
                                  0.000000    0.000000   clock source latency
     2    0.157321    1.138872    0.793148    0.793148 ^ clk (in)
                                                         clk (net)
                      1.154477    0.000000    0.793148 ^ clkbuf_regs_0_clk/A (sky130_fd_sc_hd__clkbuf_16)
     1    0.008569    0.076270    0.545937    1.339084 ^ clkbuf_regs_0_clk/X (sky130_fd_sc_hd__clkbuf_16)
                                                         clk_regs (net)
                      0.076271    0.000255    1.339339 ^ clkbuf_0_clk_regs/A (sky130_fd_sc_hd__clkbuf_16)
     8    0.078792    0.146453    0.280000    1.619339 ^ clkbuf_0_clk_regs/X (sky130_fd_sc_hd__clkbuf_16)
                                                         clknet_0_clk_regs (net)
                      0.146521    0.002778    1.622118 ^ clkbuf_3_0_0_clk_regs/A (sky130_fd_sc_hd__clkbuf_8)
     2    0.018181    0.079205    0.253267    1.875385 ^ clkbuf_3_0_0_clk_regs/X (sky130_fd_sc_hd__clkbuf_8)
                                                         clknet_3_0_0_clk_regs (net)
                      0.079207    0.000451    1.875836 ^ clkbuf_4_0__f_clk_regs/A (sky130_fd_sc_hd__clkbuf_16)
     9    0.032494    0.083908    0.231210    2.107046 ^ clkbuf_4_0__f_clk_regs/X (sky130_fd_sc_hd__clkbuf_16)
                                                         clknet_4_0__leaf_clk_regs (net)
                      0.083920    0.000982    2.108028 ^ _1566_/CLK (sky130_fd_sc_hd__dfrtp_2)
     1    0.002426    0.067244    0.641646    2.749674 ^ _1566_/Q (sky130_fd_sc_hd__dfrtp_2)
                                                         u_top.dataMemory.clear_word[4] (net)
                      0.067244    0.000066    2.749740 ^ _1711_/A (sky130_fd_sc_hd__buf_2)
     7    0.031240    0.249819    0.309366    3.059106 ^ _1711_/X (sky130_fd_sc_hd__buf_2)
                                                         _0666_ (net)
                      0.249824    0.001475    3.060581 ^ _1225_/B (sky130_fd_sc_hd__and3_2)
     1    0.003430    0.083846    0.391720    3.452301 ^ _1225_/X (sky130_fd_sc_hd__and3_2)
                                                         _0686_ (net)
                      0.083846    0.000103    3.452404 ^ _1843_/A (sky130_fd_sc_hd__buf_2)
     1    0.031832    0.253616    0.318433    3.770838 ^ _1843_/X (sky130_fd_sc_hd__buf_2)
                                                         u_top.dataMemory.s1_addr0[3] (net)
                      0.253813    0.004115    3.774952 ^ wire38/A (sky130_fd_sc_hd__buf_1)
     1    0.002574    0.070270    0.208447    3.983399 ^ wire38/X (sky130_fd_sc_hd__buf_1)
                                                         net38 (net)
                      0.070270    0.000070    3.983470 ^ wire205/A (sky130_fd_sc_hd__clkdlybuf4s25_1)
     1    0.009006    0.164882    0.505344    4.488814 ^ wire205/X (sky130_fd_sc_hd__clkdlybuf4s25_1)
                                                         net204 (net)
                      0.219843    0.000234    4.489048 ^ u_top.dataMemory.sram_odd_words/addr0[3] (sky130_sram_2kbyte_1rw1r_32x512_8)
                                              4.489048   data arrival time

                                  0.000000    0.000000   clock clk (rise edge)
                                  0.000000    0.000000   clock source latency
     2    0.157321    1.138872    0.880299    0.880299 ^ clk (in)
                                                         clk (net)
                      1.155563    0.000000    0.880299 ^ clkbuf_0_clk/A (sky130_fd_sc_hd__clkbuf_16)
     2    0.043276    0.117795    0.662947    1.543247 ^ clkbuf_0_clk/X (sky130_fd_sc_hd__clkbuf_16)
                                                         clknet_0_clk (net)
                      0.117830    0.006057    1.549304 ^ clkbuf_1_1__f_clk/A (sky130_fd_sc_hd__clkbuf_16)
     2    0.153688    0.253644    0.405156    1.954460 ^ clkbuf_1_1__f_clk/X (sky130_fd_sc_hd__clkbuf_16)
                                                         clknet_1_1__leaf_clk (net)
                      0.342540    0.024168    1.978628 ^ u_top.dataMemory.sram_odd_words/clk0 (sky130_sram_2kbyte_1rw1r_32x512_8)
                                  0.100000    2.078628   clock uncertainty
                                  0.000000    2.078628   clock reconvergence pessimism
                                 -0.056000    2.022628   library hold time
                                              2.022628   data required time
---------------------------------------------------------------------------------------------
                                              2.022628   data required time
                                             -4.489048   data arrival time
---------------------------------------------------------------------------------------------
                                              2.466421   slack (MET)


Startpoint: _1563_ (rising edge-triggered flip-flop clocked by clk)
Endpoint: u_top.dataMemory.sram_odd_words
          (falling edge-triggered flip-flop clocked by clk)
Path Group: clk
Path Type: min

Fanout         Cap        Slew       Delay        Time   Description
---------------------------------------------------------------------------------------------
                                  0.000000    0.000000   clock clk (rise edge)
                                  0.000000    0.000000   clock source latency
     2    0.157321    1.138872    0.793148    0.793148 ^ clk (in)
                                                         clk (net)
                      1.154477    0.000000    0.793148 ^ clkbuf_regs_0_clk/A (sky130_fd_sc_hd__clkbuf_16)
     1    0.008569    0.076270    0.545937    1.339084 ^ clkbuf_regs_0_clk/X (sky130_fd_sc_hd__clkbuf_16)
                                                         clk_regs (net)
                      0.076271    0.000255    1.339339 ^ clkbuf_0_clk_regs/A (sky130_fd_sc_hd__clkbuf_16)
     8    0.078792    0.146453    0.280000    1.619339 ^ clkbuf_0_clk_regs/X (sky130_fd_sc_hd__clkbuf_16)
                                                         clknet_0_clk_regs (net)
                      0.146521    0.002778    1.622118 ^ clkbuf_3_0_0_clk_regs/A (sky130_fd_sc_hd__clkbuf_8)
     2    0.018181    0.079205    0.253267    1.875385 ^ clkbuf_3_0_0_clk_regs/X (sky130_fd_sc_hd__clkbuf_8)
                                                         clknet_3_0_0_clk_regs (net)
                      0.079207    0.000451    1.875836 ^ clkbuf_4_0__f_clk_regs/A (sky130_fd_sc_hd__clkbuf_16)
     9    0.032494    0.083908    0.231210    2.107046 ^ clkbuf_4_0__f_clk_regs/X (sky130_fd_sc_hd__clkbuf_16)
                                                         clknet_4_0__leaf_clk_regs (net)
                      0.083916    0.000836    2.107882 ^ _1563_/CLK (sky130_fd_sc_hd__dfrtp_2)
     1    0.002178    0.065619    0.639293    2.747175 ^ _1563_/Q (sky130_fd_sc_hd__dfrtp_2)
                                                         u_top.dataMemory.clear_word[1] (net)
                      0.065619    0.000059    2.747234 ^ _1717_/A (sky130_fd_sc_hd__buf_2)
     6    0.021029    0.174003    0.257733    3.004967 ^ _1717_/X (sky130_fd_sc_hd__buf_2)
                                                         _0663_ (net)
                      0.174004    0.000750    3.005717 ^ _1091_/A (sky130_fd_sc_hd__nand2_2)
     3    0.019741    0.180757    0.211720    3.217437 v _1091_/Y (sky130_fd_sc_hd__nand2_2)
                                                         _0441_ (net)
                      0.180757    0.000522    3.217959 v _1222_/B (sky130_fd_sc_hd__nor2_2)
     1    0.005811    0.151548    0.191656    3.409615 ^ _1222_/Y (sky130_fd_sc_hd__nor2_2)
                                                         _0683_ (net)
                      0.151548    0.000217    3.409832 ^ _1840_/A (sky130_fd_sc_hd__buf_2)
     1    0.004920    0.060381    0.209824    3.619656 ^ _1840_/X (sky130_fd_sc_hd__buf_2)
                                                         u_top.dataMemory.s1_addr0[0] (net)
                      0.060381    0.000189    3.619845 ^ wire23/A (sky130_fd_sc_hd__clkdlybuf4s25_1)
     1    0.003026    0.076661    0.436222    4.056067 ^ wire23/X (sky130_fd_sc_hd__clkdlybuf4s25_1)
                                                         net23 (net)
                      0.076661    0.000083    4.056150 ^ wire195/A (sky130_fd_sc_hd__clkdlybuf4s25_1)
     1    0.009067    0.165823    0.508583    4.564734 ^ wire195/X (sky130_fd_sc_hd__clkdlybuf4s25_1)
                                                         net194 (net)
                      0.221098    0.000262    4.564996 ^ u_top.dataMemory.sram_odd_words/addr0[0] (sky130_sram_2kbyte_1rw1r_32x512_8)
                                              4.564996   data arrival time

                                  0.000000    0.000000   clock clk (rise edge)
                                  0.000000    0.000000   clock source latency
     2    0.157321    1.138872    0.880299    0.880299 ^ clk (in)
                                                         clk (net)
                      1.155563    0.000000    0.880299 ^ clkbuf_0_clk/A (sky130_fd_sc_hd__clkbuf_16)
     2    0.043276    0.117795    0.662947    1.543247 ^ clkbuf_0_clk/X (sky130_fd_sc_hd__clkbuf_16)
                                                         clknet_0_clk (net)
                      0.117830    0.006057    1.549304 ^ clkbuf_1_1__f_clk/A (sky130_fd_sc_hd__clkbuf_16)
     2    0.153688    0.253644    0.405156    1.954460 ^ clkbuf_1_1__f_clk/X (sky130_fd_sc_hd__clkbuf_16)
                                                         clknet_1_1__leaf_clk (net)
                      0.342540    0.024168    1.978628 ^ u_top.dataMemory.sram_odd_words/clk0 (sky130_sram_2kbyte_1rw1r_32x512_8)
                                  0.100000    2.078628   clock uncertainty
                                  0.000000    2.078628   clock reconvergence pessimism
                                 -0.056000    2.022628   library hold time
                                              2.022628   data required time
---------------------------------------------------------------------------------------------
                                              2.022628   data required time
                                             -4.564996   data arrival time
---------------------------------------------------------------------------------------------
                                              2.542368   slack (MET)


Startpoint: _1564_ (rising edge-triggered flip-flop clocked by clk)
Endpoint: u_top.dataMemory.sram_odd_words
          (falling edge-triggered flip-flop clocked by clk)
Path Group: clk
Path Type: min

Fanout         Cap        Slew       Delay        Time   Description
---------------------------------------------------------------------------------------------
                                  0.000000    0.000000   clock clk (rise edge)
                                  0.000000    0.000000   clock source latency
     2    0.157321    1.138872    0.793148    0.793148 ^ clk (in)
                                                         clk (net)
                      1.154477    0.000000    0.793148 ^ clkbuf_regs_0_clk/A (sky130_fd_sc_hd__clkbuf_16)
     1    0.008569    0.076270    0.545937    1.339084 ^ clkbuf_regs_0_clk/X (sky130_fd_sc_hd__clkbuf_16)
                                                         clk_regs (net)
                      0.076271    0.000255    1.339339 ^ clkbuf_0_clk_regs/A (sky130_fd_sc_hd__clkbuf_16)
     8    0.078792    0.146453    0.280000    1.619339 ^ clkbuf_0_clk_regs/X (sky130_fd_sc_hd__clkbuf_16)
                                                         clknet_0_clk_regs (net)
                      0.146521    0.002778    1.622118 ^ clkbuf_3_0_0_clk_regs/A (sky130_fd_sc_hd__clkbuf_8)
     2    0.018181    0.079205    0.253267    1.875385 ^ clkbuf_3_0_0_clk_regs/X (sky130_fd_sc_hd__clkbuf_8)
                                                         clknet_3_0_0_clk_regs (net)
                      0.079206    0.000342    1.875726 ^ clkbuf_4_1__f_clk_regs/A (sky130_fd_sc_hd__clkbuf_16)
     9    0.033687    0.085517    0.232731    2.108458 ^ clkbuf_4_1__f_clk_regs/X (sky130_fd_sc_hd__clkbuf_16)
                                                         clknet_4_1__leaf_clk_regs (net)
                      0.085533    0.001112    2.109570 ^ _1564_/CLK (sky130_fd_sc_hd__dfrtp_2)
     1    0.002444    0.067363    0.642531    2.752100 ^ _1564_/Q (sky130_fd_sc_hd__dfrtp_2)
                                                         u_top.dataMemory.clear_word[2] (net)
                      0.067363    0.000068    2.752168 ^ _1715_/A (sky130_fd_sc_hd__buf_2)
     6    0.029093    0.233786    0.298991    3.051159 ^ _1715_/X (sky130_fd_sc_hd__buf_2)
                                                         _0664_ (net)
                      0.233786    0.000646    3.051805 ^ _1223_/B (sky130_fd_sc_hd__and3_2)
     1    0.006571    0.107994    0.415227    3.467032 ^ _1223_/X (sky130_fd_sc_hd__and3_2)
                                                         _0684_ (net)
                      0.107994    0.000238    3.467269 ^ _1841_/A (sky130_fd_sc_hd__buf_2)
     1    0.005780    0.066158    0.195806    3.663075 ^ _1841_/X (sky130_fd_sc_hd__buf_2)
                                                         u_top.dataMemory.s1_addr0[1] (net)
                      0.066158    0.000207    3.663282 ^ wire40/A (sky130_fd_sc_hd__clkdlybuf4s25_1)
     1    0.002675    0.071907    0.434523    4.097805 ^ wire40/X (sky130_fd_sc_hd__clkdlybuf4s25_1)
                                                         net40 (net)
                      0.071907    0.000072    4.097877 ^ wire203/A (sky130_fd_sc_hd__clkdlybuf4s25_1)
     1    0.008519    0.157521    0.500782    4.598659 ^ wire203/X (sky130_fd_sc_hd__clkdlybuf4s25_1)
                                                         net202 (net)
                      0.210028    0.000242    4.598900 ^ u_top.dataMemory.sram_odd_words/addr0[1] (sky130_sram_2kbyte_1rw1r_32x512_8)
                                              4.598900   data arrival time

                                  0.000000    0.000000   clock clk (rise edge)
                                  0.000000    0.000000   clock source latency
     2    0.157321    1.138872    0.880299    0.880299 ^ clk (in)
                                                         clk (net)
                      1.155563    0.000000    0.880299 ^ clkbuf_0_clk/A (sky130_fd_sc_hd__clkbuf_16)
     2    0.043276    0.117795    0.662947    1.543247 ^ clkbuf_0_clk/X (sky130_fd_sc_hd__clkbuf_16)
                                                         clknet_0_clk (net)
                      0.117830    0.006057    1.549304 ^ clkbuf_1_1__f_clk/A (sky130_fd_sc_hd__clkbuf_16)
     2    0.153688    0.253644    0.405156    1.954460 ^ clkbuf_1_1__f_clk/X (sky130_fd_sc_hd__clkbuf_16)
                                                         clknet_1_1__leaf_clk (net)
                      0.342540    0.024168    1.978628 ^ u_top.dataMemory.sram_odd_words/clk0 (sky130_sram_2kbyte_1rw1r_32x512_8)
                                  0.100000    2.078628   clock uncertainty
                                  0.000000    2.078628   clock reconvergence pessimism
                                 -0.056000    2.022628   library hold time
                                              2.022628   data required time
---------------------------------------------------------------------------------------------
                                              2.022628   data required time
                                             -4.598900   data arrival time
---------------------------------------------------------------------------------------------
                                              2.576272   slack (MET)


Startpoint: _1571_ (rising edge-triggered flip-flop clocked by clk)
Endpoint: u_top.dataMemory.sram_even_words
          (falling edge-triggered flip-flop clocked by clk)
Path Group: clk
Path Type: min

Fanout         Cap        Slew       Delay        Time   Description
---------------------------------------------------------------------------------------------
                                  0.000000    0.000000   clock clk (rise edge)
                                  0.000000    0.000000   clock source latency
     2    0.157321    1.138872    0.793148    0.793148 ^ clk (in)
                                                         clk (net)
                      1.154477    0.000000    0.793148 ^ clkbuf_regs_0_clk/A (sky130_fd_sc_hd__clkbuf_16)
     1    0.008569    0.076270    0.545937    1.339084 ^ clkbuf_regs_0_clk/X (sky130_fd_sc_hd__clkbuf_16)
                                                         clk_regs (net)
                      0.076271    0.000255    1.339339 ^ clkbuf_0_clk_regs/A (sky130_fd_sc_hd__clkbuf_16)
     8    0.078792    0.146453    0.280000    1.619339 ^ clkbuf_0_clk_regs/X (sky130_fd_sc_hd__clkbuf_16)
                                                         clknet_0_clk_regs (net)
                      0.146515    0.002666    1.622005 ^ clkbuf_3_2_0_clk_regs/A (sky130_fd_sc_hd__clkbuf_8)
     2    0.018941    0.080956    0.254843    1.876848 ^ clkbuf_3_2_0_clk_regs/X (sky130_fd_sc_hd__clkbuf_8)
                                                         clknet_3_2_0_clk_regs (net)
                      0.080958    0.000526    1.877374 ^ clkbuf_4_4__f_clk_regs/A (sky130_fd_sc_hd__clkbuf_16)
     9    0.028472    0.078326    0.226584    2.103957 ^ clkbuf_4_4__f_clk_regs/X (sky130_fd_sc_hd__clkbuf_16)
                                                         clknet_4_4__leaf_clk_regs (net)
                      0.078332    0.000649    2.104607 ^ _1571_/CLK (sky130_fd_sc_hd__dfrtp_2)
     1    0.002802    0.069497    0.642720    2.747327 ^ _1571_/Q (sky130_fd_sc_hd__dfrtp_2)
                                                         u_top.dataMemory.clear_word[9] (net)
                      0.069497    0.000075    2.747402 ^ _1701_/A (sky130_fd_sc_hd__buf_2)
     4    0.018372    0.154339    0.246158    2.993561 ^ _1701_/X (sky130_fd_sc_hd__buf_2)
                                                         _0671_ (net)
                      0.154340    0.000686    2.994247 ^ _1239_/A (sky130_fd_sc_hd__and2_2)
     1    0.025637    0.230355    0.409686    3.403933 ^ _1239_/X (sky130_fd_sc_hd__and2_2)
                                                         _0680_ (net)
                      0.230440    0.004036    3.407969 ^ _1858_/A (sky130_fd_sc_hd__buf_2)
     1    0.006646    0.072444    0.254299    3.662268 ^ _1858_/X (sky130_fd_sc_hd__buf_2)
                                                         u_top.dataMemory.s0_addr0[8] (net)
                      0.072445    0.000293    3.662560 ^ wire13/A (sky130_fd_sc_hd__clkdlybuf4s25_1)
     1    0.002596    0.070834    0.436161    4.098722 ^ wire13/X (sky130_fd_sc_hd__clkdlybuf4s25_1)
                                                         net13 (net)
                      0.070834    0.000071    4.098793 ^ wire196/A (sky130_fd_sc_hd__clkdlybuf4s25_1)
     1    0.008552    0.158018    0.500720    4.599514 ^ wire196/X (sky130_fd_sc_hd__clkdlybuf4s25_1)
                                                         net195 (net)
                      0.210691    0.000210    4.599723 ^ u_top.dataMemory.sram_even_words/addr0[8] (sky130_sram_2kbyte_1rw1r_32x512_8)
                                              4.599723   data arrival time

                                  0.000000    0.000000   clock clk (rise edge)
                                  0.000000    0.000000   clock source latency
     2    0.157321    1.138872    0.880299    0.880299 ^ clk (in)
                                                         clk (net)
                      1.155563    0.000000    0.880299 ^ clkbuf_0_clk/A (sky130_fd_sc_hd__clkbuf_16)
     2    0.043276    0.117795    0.662947    1.543247 ^ clkbuf_0_clk/X (sky130_fd_sc_hd__clkbuf_16)
                                                         clknet_0_clk (net)
                      0.117832    0.006140    1.549387 ^ clkbuf_1_0__f_clk/A (sky130_fd_sc_hd__clkbuf_16)
     2    0.125447    0.213494    0.363119    1.912506 ^ clkbuf_1_0__f_clk/X (sky130_fd_sc_hd__clkbuf_16)
                                                         clknet_1_0__leaf_clk (net)
                      0.311569    0.052852    1.965358 ^ u_top.dataMemory.sram_even_words/clk0 (sky130_sram_2kbyte_1rw1r_32x512_8)
                                  0.100000    2.065358   clock uncertainty
                                  0.000000    2.065358   clock reconvergence pessimism
                                 -0.056000    2.009358   library hold time
                                              2.009358   data required time
---------------------------------------------------------------------------------------------
                                              2.009358   data required time
                                             -4.599723   data arrival time
---------------------------------------------------------------------------------------------
                                              2.590366   slack (MET)


Startpoint: _1568_ (rising edge-triggered flip-flop clocked by clk)
Endpoint: u_top.dataMemory.sram_even_words
          (falling edge-triggered flip-flop clocked by clk)
Path Group: clk
Path Type: min

Fanout         Cap        Slew       Delay        Time   Description
---------------------------------------------------------------------------------------------
                                  0.000000    0.000000   clock clk (rise edge)
                                  0.000000    0.000000   clock source latency
     2    0.157321    1.138872    0.793148    0.793148 ^ clk (in)
                                                         clk (net)
                      1.154477    0.000000    0.793148 ^ clkbuf_regs_0_clk/A (sky130_fd_sc_hd__clkbuf_16)
     1    0.008569    0.076270    0.545937    1.339084 ^ clkbuf_regs_0_clk/X (sky130_fd_sc_hd__clkbuf_16)
                                                         clk_regs (net)
                      0.076271    0.000255    1.339339 ^ clkbuf_0_clk_regs/A (sky130_fd_sc_hd__clkbuf_16)
     8    0.078792    0.146453    0.280000    1.619339 ^ clkbuf_0_clk_regs/X (sky130_fd_sc_hd__clkbuf_16)
                                                         clknet_0_clk_regs (net)
                      0.146515    0.002666    1.622005 ^ clkbuf_3_2_0_clk_regs/A (sky130_fd_sc_hd__clkbuf_8)
     2    0.018941    0.080956    0.254843    1.876848 ^ clkbuf_3_2_0_clk_regs/X (sky130_fd_sc_hd__clkbuf_8)
                                                         clknet_3_2_0_clk_regs (net)
                      0.080958    0.000526    1.877374 ^ clkbuf_4_4__f_clk_regs/A (sky130_fd_sc_hd__clkbuf_16)
     9    0.028472    0.078326    0.226584    2.103957 ^ clkbuf_4_4__f_clk_regs/X (sky130_fd_sc_hd__clkbuf_16)
                                                         clknet_4_4__leaf_clk_regs (net)
                      0.078333    0.000721    2.104678 ^ _1568_/CLK (sky130_fd_sc_hd__dfrtp_2)
     1    0.002227    0.065929    0.637287    2.741965 ^ _1568_/Q (sky130_fd_sc_hd__dfrtp_2)
                                                         u_top.dataMemory.clear_word[6] (net)
                      0.065929    0.000060    2.742024 ^ _1707_/A (sky130_fd_sc_hd__buf_2)
     7    0.024944    0.203028    0.277459    3.019483 ^ _1707_/X (sky130_fd_sc_hd__buf_2)
                                                         _0668_ (net)
                      0.203031    0.001039    3.020522 ^ _1236_/A (sky130_fd_sc_hd__and2_2)
     1    0.024323    0.220893    0.423277    3.443799 ^ _1236_/X (sky130_fd_sc_hd__and2_2)
                                                         _0677_ (net)
                      0.220937    0.003069    3.446868 ^ _1855_/A (sky130_fd_sc_hd__buf_2)
     1    0.006363    0.070372    0.249127    3.695995 ^ _1855_/X (sky130_fd_sc_hd__buf_2)
                                                         u_top.dataMemory.s0_addr0[5] (net)
                      0.070372    0.000259    3.696253 ^ wire16/A (sky130_fd_sc_hd__clkdlybuf4s25_1)
     1    0.002587    0.070719    0.435220    4.131473 ^ wire16/X (sky130_fd_sc_hd__clkdlybuf4s25_1)
                                                         net16 (net)
                      0.070719    0.000071    4.131544 ^ wire190/A (sky130_fd_sc_hd__clkdlybuf4s25_1)
     1    0.008344    0.154879    0.498448    4.629992 ^ wire190/X (sky130_fd_sc_hd__clkdlybuf4s25_1)
                                                         net189 (net)
                      0.206505    0.000203    4.630195 ^ u_top.dataMemory.sram_even_words/addr0[5] (sky130_sram_2kbyte_1rw1r_32x512_8)
                                              4.630195   data arrival time

                                  0.000000    0.000000   clock clk (rise edge)
                                  0.000000    0.000000   clock source latency
     2    0.157321    1.138872    0.880299    0.880299 ^ clk (in)
                                                         clk (net)
                      1.155563    0.000000    0.880299 ^ clkbuf_0_clk/A (sky130_fd_sc_hd__clkbuf_16)
     2    0.043276    0.117795    0.662947    1.543247 ^ clkbuf_0_clk/X (sky130_fd_sc_hd__clkbuf_16)
                                                         clknet_0_clk (net)
                      0.117832    0.006140    1.549387 ^ clkbuf_1_0__f_clk/A (sky130_fd_sc_hd__clkbuf_16)
     2    0.125447    0.213494    0.363119    1.912506 ^ clkbuf_1_0__f_clk/X (sky130_fd_sc_hd__clkbuf_16)
                                                         clknet_1_0__leaf_clk (net)
                      0.311569    0.052852    1.965358 ^ u_top.dataMemory.sram_even_words/clk0 (sky130_sram_2kbyte_1rw1r_32x512_8)
                                  0.100000    2.065358   clock uncertainty
                                  0.000000    2.065358   clock reconvergence pessimism
                                 -0.056000    2.009358   library hold time
                                              2.009358   data required time
---------------------------------------------------------------------------------------------
                                              2.009358   data required time
                                             -4.630195   data arrival time
---------------------------------------------------------------------------------------------
                                              2.620837   slack (MET)


Startpoint: _1565_ (rising edge-triggered flip-flop clocked by clk)
Endpoint: u_top.dataMemory.sram_even_words
          (falling edge-triggered flip-flop clocked by clk)
Path Group: clk
Path Type: min

Fanout         Cap        Slew       Delay        Time   Description
---------------------------------------------------------------------------------------------
                                  0.000000    0.000000   clock clk (rise edge)
                                  0.000000    0.000000   clock source latency
     2    0.157321    1.138872    0.793148    0.793148 ^ clk (in)
                                                         clk (net)
                      1.154477    0.000000    0.793148 ^ clkbuf_regs_0_clk/A (sky130_fd_sc_hd__clkbuf_16)
     1    0.008569    0.076270    0.545937    1.339084 ^ clkbuf_regs_0_clk/X (sky130_fd_sc_hd__clkbuf_16)
                                                         clk_regs (net)
                      0.076271    0.000255    1.339339 ^ clkbuf_0_clk_regs/A (sky130_fd_sc_hd__clkbuf_16)
     8    0.078792    0.146453    0.280000    1.619339 ^ clkbuf_0_clk_regs/X (sky130_fd_sc_hd__clkbuf_16)
                                                         clknet_0_clk_regs (net)
                      0.146521    0.002778    1.622118 ^ clkbuf_3_0_0_clk_regs/A (sky130_fd_sc_hd__clkbuf_8)
     2    0.018181    0.079205    0.253267    1.875385 ^ clkbuf_3_0_0_clk_regs/X (sky130_fd_sc_hd__clkbuf_8)
                                                         clknet_3_0_0_clk_regs (net)
                      0.079207    0.000451    1.875836 ^ clkbuf_4_0__f_clk_regs/A (sky130_fd_sc_hd__clkbuf_16)
     9    0.032494    0.083908    0.231210    2.107046 ^ clkbuf_4_0__f_clk_regs/X (sky130_fd_sc_hd__clkbuf_16)
                                                         clknet_4_0__leaf_clk_regs (net)
                      0.083918    0.000904    2.107950 ^ _1565_/CLK (sky130_fd_sc_hd__dfrtp_2)
     1    0.002655    0.068737    0.643810    2.751760 ^ _1565_/Q (sky130_fd_sc_hd__dfrtp_2)
                                                         u_top.dataMemory.clear_word[3] (net)
                      0.068737    0.000074    2.751834 ^ _1713_/A (sky130_fd_sc_hd__buf_2)
     5    0.020367    0.169100    0.255791    3.007625 ^ _1713_/X (sky130_fd_sc_hd__buf_2)
                                                         _0665_ (net)
                      0.169101    0.000680    3.008305 ^ _1233_/A (sky130_fd_sc_hd__and2_2)
     1    0.032275    0.281017    0.451267    3.459572 ^ _1233_/X (sky130_fd_sc_hd__and2_2)
                                                         _0674_ (net)
                      0.281268    0.004488    3.464061 ^ _1852_/A (sky130_fd_sc_hd__buf_2)
     1    0.004239    0.057266    0.258227    3.722288 ^ _1852_/X (sky130_fd_sc_hd__buf_2)
                                                         u_top.dataMemory.s0_addr0[2] (net)
                      0.057266    0.000141    3.722429 ^ wire19/A (sky130_fd_sc_hd__clkdlybuf4s25_1)
     1    0.002757    0.073016    0.431853    4.154282 ^ wire19/X (sky130_fd_sc_hd__clkdlybuf4s25_1)
                                                         net19 (net)
                      0.073016    0.000076    4.154358 ^ wire187/A (sky130_fd_sc_hd__clkdlybuf4s25_1)
     1    0.008736    0.160801    0.503569    4.657927 ^ wire187/X (sky130_fd_sc_hd__clkdlybuf4s25_1)
                                                         net186 (net)
                      0.214401    0.000227    4.658154 ^ u_top.dataMemory.sram_even_words/addr0[2] (sky130_sram_2kbyte_1rw1r_32x512_8)
                                              4.658154   data arrival time

                                  0.000000    0.000000   clock clk (rise edge)
                                  0.000000    0.000000   clock source latency
     2    0.157321    1.138872    0.880299    0.880299 ^ clk (in)
                                                         clk (net)
                      1.155563    0.000000    0.880299 ^ clkbuf_0_clk/A (sky130_fd_sc_hd__clkbuf_16)
     2    0.043276    0.117795    0.662947    1.543247 ^ clkbuf_0_clk/X (sky130_fd_sc_hd__clkbuf_16)
                                                         clknet_0_clk (net)
                      0.117832    0.006140    1.549387 ^ clkbuf_1_0__f_clk/A (sky130_fd_sc_hd__clkbuf_16)
     2    0.125447    0.213494    0.363119    1.912506 ^ clkbuf_1_0__f_clk/X (sky130_fd_sc_hd__clkbuf_16)
                                                         clknet_1_0__leaf_clk (net)
                      0.311569    0.052852    1.965358 ^ u_top.dataMemory.sram_even_words/clk0 (sky130_sram_2kbyte_1rw1r_32x512_8)
                                  0.100000    2.065358   clock uncertainty
                                  0.000000    2.065358   clock reconvergence pessimism
                                 -0.056000    2.009358   library hold time
                                              2.009358   data required time
---------------------------------------------------------------------------------------------
                                              2.009358   data required time
                                             -4.658154   data arrival time
---------------------------------------------------------------------------------------------
                                              2.648796   slack (MET)


Startpoint: _1568_ (rising edge-triggered flip-flop clocked by clk)
Endpoint: u_top.dataMemory.sram_odd_words
          (falling edge-triggered flip-flop clocked by clk)
Path Group: clk
Path Type: min

Fanout         Cap        Slew       Delay        Time   Description
---------------------------------------------------------------------------------------------
                                  0.000000    0.000000   clock clk (rise edge)
                                  0.000000    0.000000   clock source latency
     2    0.157321    1.138872    0.793148    0.793148 ^ clk (in)
                                                         clk (net)
                      1.154477    0.000000    0.793148 ^ clkbuf_regs_0_clk/A (sky130_fd_sc_hd__clkbuf_16)
     1    0.008569    0.076270    0.545937    1.339084 ^ clkbuf_regs_0_clk/X (sky130_fd_sc_hd__clkbuf_16)
                                                         clk_regs (net)
                      0.076271    0.000255    1.339339 ^ clkbuf_0_clk_regs/A (sky130_fd_sc_hd__clkbuf_16)
     8    0.078792    0.146453    0.280000    1.619339 ^ clkbuf_0_clk_regs/X (sky130_fd_sc_hd__clkbuf_16)
                                                         clknet_0_clk_regs (net)
                      0.146515    0.002666    1.622005 ^ clkbuf_3_2_0_clk_regs/A (sky130_fd_sc_hd__clkbuf_8)
     2    0.018941    0.080956    0.254843    1.876848 ^ clkbuf_3_2_0_clk_regs/X (sky130_fd_sc_hd__clkbuf_8)
                                                         clknet_3_2_0_clk_regs (net)
                      0.080958    0.000526    1.877374 ^ clkbuf_4_4__f_clk_regs/A (sky130_fd_sc_hd__clkbuf_16)
     9    0.028472    0.078326    0.226584    2.103957 ^ clkbuf_4_4__f_clk_regs/X (sky130_fd_sc_hd__clkbuf_16)
                                                         clknet_4_4__leaf_clk_regs (net)
                      0.078333    0.000721    2.104678 ^ _1568_/CLK (sky130_fd_sc_hd__dfrtp_2)
     1    0.002227    0.065929    0.637287    2.741965 ^ _1568_/Q (sky130_fd_sc_hd__dfrtp_2)
                                                         u_top.dataMemory.clear_word[6] (net)
                      0.065929    0.000060    2.742024 ^ _1707_/A (sky130_fd_sc_hd__buf_2)
     7    0.024944    0.203028    0.277459    3.019483 ^ _1707_/X (sky130_fd_sc_hd__buf_2)
                                                         _0668_ (net)
                      0.203028    0.000516    3.019999 ^ _1227_/B (sky130_fd_sc_hd__and3_2)
     1    0.018927    0.192054    0.490020    3.510020 ^ _1227_/X (sky130_fd_sc_hd__and3_2)
                                                         _0688_ (net)
                      0.192070    0.001777    3.511797 ^ _1845_/A (sky130_fd_sc_hd__buf_2)
     1    0.005593    0.065115    0.232191    3.743988 ^ _1845_/X (sky130_fd_sc_hd__buf_2)
                                                         u_top.dataMemory.s1_addr0[5] (net)
                      0.065115    0.000210    3.744197 ^ wire36/A (sky130_fd_sc_hd__clkdlybuf4s25_1)
     1    0.002976    0.075973    0.437568    4.181765 ^ wire36/X (sky130_fd_sc_hd__clkdlybuf4s25_1)
                                                         net36 (net)
                      0.075973    0.000085    4.181849 ^ wire207/A (sky130_fd_sc_hd__clkdlybuf4s25_1)
     1    0.008355    0.155039    0.500697    4.682547 ^ wire207/X (sky130_fd_sc_hd__clkdlybuf4s25_1)
                                                         net206 (net)
                      0.206719    0.000205    4.682752 ^ u_top.dataMemory.sram_odd_words/addr0[5] (sky130_sram_2kbyte_1rw1r_32x512_8)
                                              4.682752   data arrival time

                                  0.000000    0.000000   clock clk (rise edge)
                                  0.000000    0.000000   clock source latency
     2    0.157321    1.138872    0.880299    0.880299 ^ clk (in)
                                                         clk (net)
                      1.155563    0.000000    0.880299 ^ clkbuf_0_clk/A (sky130_fd_sc_hd__clkbuf_16)
     2    0.043276    0.117795    0.662947    1.543247 ^ clkbuf_0_clk/X (sky130_fd_sc_hd__clkbuf_16)
                                                         clknet_0_clk (net)
                      0.117830    0.006057    1.549304 ^ clkbuf_1_1__f_clk/A (sky130_fd_sc_hd__clkbuf_16)
     2    0.153688    0.253644    0.405156    1.954460 ^ clkbuf_1_1__f_clk/X (sky130_fd_sc_hd__clkbuf_16)
                                                         clknet_1_1__leaf_clk (net)
                      0.342540    0.024168    1.978628 ^ u_top.dataMemory.sram_odd_words/clk0 (sky130_sram_2kbyte_1rw1r_32x512_8)
                                  0.100000    2.078628   clock uncertainty
                                  0.000000    2.078628   clock reconvergence pessimism
                                 -0.056000    2.022628   library hold time
                                              2.022628   data required time
---------------------------------------------------------------------------------------------
                                              2.022628   data required time
                                             -4.682752   data arrival time
---------------------------------------------------------------------------------------------
                                              2.660124   slack (MET)


Startpoint: _1571_ (rising edge-triggered flip-flop clocked by clk)
Endpoint: u_top.dataMemory.sram_odd_words
          (falling edge-triggered flip-flop clocked by clk)
Path Group: clk
Path Type: min

Fanout         Cap        Slew       Delay        Time   Description
---------------------------------------------------------------------------------------------
                                  0.000000    0.000000   clock clk (rise edge)
                                  0.000000    0.000000   clock source latency
     2    0.157321    1.138872    0.793148    0.793148 ^ clk (in)
                                                         clk (net)
                      1.154477    0.000000    0.793148 ^ clkbuf_regs_0_clk/A (sky130_fd_sc_hd__clkbuf_16)
     1    0.008569    0.076270    0.545937    1.339084 ^ clkbuf_regs_0_clk/X (sky130_fd_sc_hd__clkbuf_16)
                                                         clk_regs (net)
                      0.076271    0.000255    1.339339 ^ clkbuf_0_clk_regs/A (sky130_fd_sc_hd__clkbuf_16)
     8    0.078792    0.146453    0.280000    1.619339 ^ clkbuf_0_clk_regs/X (sky130_fd_sc_hd__clkbuf_16)
                                                         clknet_0_clk_regs (net)
                      0.146515    0.002666    1.622005 ^ clkbuf_3_2_0_clk_regs/A (sky130_fd_sc_hd__clkbuf_8)
     2    0.018941    0.080956    0.254843    1.876848 ^ clkbuf_3_2_0_clk_regs/X (sky130_fd_sc_hd__clkbuf_8)
                                                         clknet_3_2_0_clk_regs (net)
                      0.080958    0.000526    1.877374 ^ clkbuf_4_4__f_clk_regs/A (sky130_fd_sc_hd__clkbuf_16)
     9    0.028472    0.078326    0.226584    2.103957 ^ clkbuf_4_4__f_clk_regs/X (sky130_fd_sc_hd__clkbuf_16)
                                                         clknet_4_4__leaf_clk_regs (net)
                      0.078332    0.000649    2.104607 ^ _1571_/CLK (sky130_fd_sc_hd__dfrtp_2)
     1    0.002802    0.069497    0.642720    2.747327 ^ _1571_/Q (sky130_fd_sc_hd__dfrtp_2)
                                                         u_top.dataMemory.clear_word[9] (net)
                      0.069497    0.000075    2.747402 ^ _1701_/A (sky130_fd_sc_hd__buf_2)
     4    0.018372    0.154339    0.246158    2.993561 ^ _1701_/X (sky130_fd_sc_hd__buf_2)
                                                         _0671_ (net)
                      0.154339    0.000286    2.993846 ^ _1230_/B (sky130_fd_sc_hd__and3_2)
     1    0.024447    0.230881    0.501996    3.495843 ^ _1230_/X (sky130_fd_sc_hd__and3_2)
                                                         _0691_ (net)
                      0.230933    0.003278    3.499121 ^ _1848_/A (sky130_fd_sc_hd__buf_2)
     1    0.005480    0.064588    0.248224    3.747345 ^ _1848_/X (sky130_fd_sc_hd__buf_2)
                                                         u_top.dataMemory.s1_addr0[8] (net)
                      0.064588    0.000204    3.747550 ^ wire33/A (sky130_fd_sc_hd__clkdlybuf4s25_1)
     1    0.002748    0.072898    0.434730    4.182280 ^ wire33/X (sky130_fd_sc_hd__clkdlybuf4s25_1)
                                                         net33 (net)
                      0.072898    0.000077    4.182357 ^ wire210/A (sky130_fd_sc_hd__clkdlybuf4s25_1)
     1    0.008767    0.161273    0.503849    4.686206 ^ wire210/X (sky130_fd_sc_hd__clkdlybuf4s25_1)
                                                         net209 (net)
                      0.215030    0.000234    4.686440 ^ u_top.dataMemory.sram_odd_words/addr0[8] (sky130_sram_2kbyte_1rw1r_32x512_8)
                                              4.686440   data arrival time

                                  0.000000    0.000000   clock clk (rise edge)
                                  0.000000    0.000000   clock source latency
     2    0.157321    1.138872    0.880299    0.880299 ^ clk (in)
                                                         clk (net)
                      1.155563    0.000000    0.880299 ^ clkbuf_0_clk/A (sky130_fd_sc_hd__clkbuf_16)
     2    0.043276    0.117795    0.662947    1.543247 ^ clkbuf_0_clk/X (sky130_fd_sc_hd__clkbuf_16)
                                                         clknet_0_clk (net)
                      0.117830    0.006057    1.549304 ^ clkbuf_1_1__f_clk/A (sky130_fd_sc_hd__clkbuf_16)
     2    0.153688    0.253644    0.405156    1.954460 ^ clkbuf_1_1__f_clk/X (sky130_fd_sc_hd__clkbuf_16)
                                                         clknet_1_1__leaf_clk (net)
                      0.342540    0.024168    1.978628 ^ u_top.dataMemory.sram_odd_words/clk0 (sky130_sram_2kbyte_1rw1r_32x512_8)
                                  0.100000    2.078628   clock uncertainty
                                  0.000000    2.078628   clock reconvergence pessimism
                                 -0.056000    2.022628   library hold time
                                              2.022628   data required time
---------------------------------------------------------------------------------------------
                                              2.022628   data required time
                                             -4.686440   data arrival time
---------------------------------------------------------------------------------------------
                                              2.663813   slack (MET)


Startpoint: _1570_ (rising edge-triggered flip-flop clocked by clk)
Endpoint: u_top.dataMemory.sram_odd_words
          (falling edge-triggered flip-flop clocked by clk)
Path Group: clk
Path Type: min

Fanout         Cap        Slew       Delay        Time   Description
---------------------------------------------------------------------------------------------
                                  0.000000    0.000000   clock clk (rise edge)
                                  0.000000    0.000000   clock source latency
     2    0.157321    1.138872    0.793148    0.793148 ^ clk (in)
                                                         clk (net)
                      1.154477    0.000000    0.793148 ^ clkbuf_regs_0_clk/A (sky130_fd_sc_hd__clkbuf_16)
     1    0.008569    0.076270    0.545937    1.339084 ^ clkbuf_regs_0_clk/X (sky130_fd_sc_hd__clkbuf_16)
                                                         clk_regs (net)
                      0.076271    0.000255    1.339339 ^ clkbuf_0_clk_regs/A (sky130_fd_sc_hd__clkbuf_16)
     8    0.078792    0.146453    0.280000    1.619339 ^ clkbuf_0_clk_regs/X (sky130_fd_sc_hd__clkbuf_16)
                                                         clknet_0_clk_regs (net)
                      0.146515    0.002666    1.622005 ^ clkbuf_3_2_0_clk_regs/A (sky130_fd_sc_hd__clkbuf_8)
     2    0.018941    0.080956    0.254843    1.876848 ^ clkbuf_3_2_0_clk_regs/X (sky130_fd_sc_hd__clkbuf_8)
                                                         clknet_3_2_0_clk_regs (net)
                      0.080958    0.000526    1.877374 ^ clkbuf_4_4__f_clk_regs/A (sky130_fd_sc_hd__clkbuf_16)
     9    0.028472    0.078326    0.226584    2.103957 ^ clkbuf_4_4__f_clk_regs/X (sky130_fd_sc_hd__clkbuf_16)
                                                         clknet_4_4__leaf_clk_regs (net)
                      0.078332    0.000672    2.104629 ^ _1570_/CLK (sky130_fd_sc_hd__dfrtp_2)
     1    0.002274    0.066237    0.637731    2.742360 ^ _1570_/Q (sky130_fd_sc_hd__dfrtp_2)
                                                         u_top.dataMemory.clear_word[8] (net)
                      0.066237    0.000061    2.742421 ^ _1703_/A (sky130_fd_sc_hd__buf_2)
     6    0.023496    0.192256    0.270460    3.012881 ^ _1703_/X (sky130_fd_sc_hd__buf_2)
                                                         _0670_ (net)
                      0.192256    0.000372    3.013253 ^ _1229_/B (sky130_fd_sc_hd__and3_2)
     1    0.023128    0.221556    0.508275    3.521528 ^ _1229_/X (sky130_fd_sc_hd__and3_2)
                                                         _0690_ (net)
                      0.221600    0.002997    3.524525 ^ _1847_/A (sky130_fd_sc_hd__buf_2)
     1    0.005343    0.063456    0.243752    3.768277 ^ _1847_/X (sky130_fd_sc_hd__buf_2)
                                                         u_top.dataMemory.s1_addr0[7] (net)
                      0.063456    0.000203    3.768481 ^ wire34/A (sky130_fd_sc_hd__clkdlybuf4s25_1)
     1    0.003203    0.079105    0.439522    4.208003 ^ wire34/X (sky130_fd_sc_hd__clkdlybuf4s25_1)
                                                         net34 (net)
                      0.079105    0.000094    4.208096 ^ wire209/A (sky130_fd_sc_hd__clkdlybuf4s25_1)
     1    0.008627    0.159157    0.504876    4.712972 ^ wire209/X (sky130_fd_sc_hd__clkdlybuf4s25_1)
                                                         net208 (net)
                      0.212209    0.000227    4.713199 ^ u_top.dataMemory.sram_odd_words/addr0[7] (sky130_sram_2kbyte_1rw1r_32x512_8)
                                              4.713199   data arrival time

                                  0.000000    0.000000   clock clk (rise edge)
                                  0.000000    0.000000   clock source latency
     2    0.157321    1.138872    0.880299    0.880299 ^ clk (in)
                                                         clk (net)
                      1.155563    0.000000    0.880299 ^ clkbuf_0_clk/A (sky130_fd_sc_hd__clkbuf_16)
     2    0.043276    0.117795    0.662947    1.543247 ^ clkbuf_0_clk/X (sky130_fd_sc_hd__clkbuf_16)
                                                         clknet_0_clk (net)
                      0.117830    0.006057    1.549304 ^ clkbuf_1_1__f_clk/A (sky130_fd_sc_hd__clkbuf_16)
     2    0.153688    0.253644    0.405156    1.954460 ^ clkbuf_1_1__f_clk/X (sky130_fd_sc_hd__clkbuf_16)
                                                         clknet_1_1__leaf_clk (net)
                      0.342540    0.024168    1.978628 ^ u_top.dataMemory.sram_odd_words/clk0 (sky130_sram_2kbyte_1rw1r_32x512_8)
                                  0.100000    2.078628   clock uncertainty
                                  0.000000    2.078628   clock reconvergence pessimism
                                 -0.056000    2.022628   library hold time
                                              2.022628   data required time
---------------------------------------------------------------------------------------------
                                              2.022628   data required time
                                             -4.713199   data arrival time
---------------------------------------------------------------------------------------------
                                              2.690571   slack (MET)


Startpoint: _1562_ (rising edge-triggered flip-flop clocked by clk)
Endpoint: u_top.dataMemory.sram_even_words
          (falling edge-triggered flip-flop clocked by clk)
Path Group: clk
Path Type: min

Fanout         Cap        Slew       Delay        Time   Description
---------------------------------------------------------------------------------------------
                                  0.000000    0.000000   clock clk (rise edge)
                                  0.000000    0.000000   clock source latency
     2    0.157321    1.138872    0.793148    0.793148 ^ clk (in)
                                                         clk (net)
                      1.154477    0.000000    0.793148 ^ clkbuf_regs_0_clk/A (sky130_fd_sc_hd__clkbuf_16)
     1    0.008569    0.076270    0.545937    1.339084 ^ clkbuf_regs_0_clk/X (sky130_fd_sc_hd__clkbuf_16)
                                                         clk_regs (net)
                      0.076271    0.000255    1.339339 ^ clkbuf_0_clk_regs/A (sky130_fd_sc_hd__clkbuf_16)
     8    0.078792    0.146453    0.280000    1.619339 ^ clkbuf_0_clk_regs/X (sky130_fd_sc_hd__clkbuf_16)
                                                         clknet_0_clk_regs (net)
                      0.146515    0.002666    1.622005 ^ clkbuf_3_2_0_clk_regs/A (sky130_fd_sc_hd__clkbuf_8)
     2    0.018941    0.080956    0.254843    1.876848 ^ clkbuf_3_2_0_clk_regs/X (sky130_fd_sc_hd__clkbuf_8)
                                                         clknet_3_2_0_clk_regs (net)
                      0.080958    0.000526    1.877374 ^ clkbuf_4_4__f_clk_regs/A (sky130_fd_sc_hd__clkbuf_16)
     9    0.028472    0.078326    0.226584    2.103957 ^ clkbuf_4_4__f_clk_regs/X (sky130_fd_sc_hd__clkbuf_16)
                                                         clknet_4_4__leaf_clk_regs (net)
                      0.078327    0.000389    2.104347 ^ _1562_/CLK (sky130_fd_sc_hd__dfrtp_2)
     1    0.002656    0.068732    0.641343    2.745689 ^ _1562_/Q (sky130_fd_sc_hd__dfrtp_2)
                                                         u_top.dataMemory.clear_word[0] (net)
                      0.068732    0.000072    2.745761 ^ _1719_/A (sky130_fd_sc_hd__buf_2)
     2    0.008356    0.083884    0.192242    2.938003 ^ _1719_/X (sky130_fd_sc_hd__buf_2)
                                                         _0662_ (net)
                      0.083884    0.000239    2.938241 ^ fanout60/A (sky130_fd_sc_hd__clkdlybuf4s25_1)
     5    0.023884    0.392901    0.667246    3.605488 ^ fanout60/X (sky130_fd_sc_hd__clkdlybuf4s25_1)
                                                         net60 (net)
                      0.392902    0.001433    3.606920 ^ _1220_/B (sky130_fd_sc_hd__nor2_2)
     2    0.012841    0.113801    0.197329    3.804250 v _1220_/Y (sky130_fd_sc_hd__nor2_2)
                                                         _0682_ (net)
                      0.113802    0.000403    3.804652 v fanout41/A (sky130_fd_sc_hd__buf_2)
    10    0.089173    0.386591    0.496519    4.301171 v fanout41/X (sky130_fd_sc_hd__buf_2)
                                                         net41 (net)
                      0.389026    0.023754    4.324925 v _1221_/A (sky130_fd_sc_hd__inv_2)
     1    0.002051    0.086475    0.135489    4.460414 ^ _1221_/Y (sky130_fd_sc_hd__inv_2)
                                                         _0681_ (net)
                      0.086475    0.000054    4.460469 ^ _1859_/A (sky130_fd_sc_hd__buf_2)
     2    0.017225    0.147502    0.247491    4.707960 ^ _1859_/X (sky130_fd_sc_hd__buf_2)
                                                         u_top.dataMemory.s0_csb0 (net)
                      0.196669    0.000425    4.708384 ^ u_top.dataMemory.sram_even_words/csb0 (sky130_sram_2kbyte_1rw1r_32x512_8)
                                              4.708384   data arrival time

                                  0.000000    0.000000   clock clk (rise edge)
                                  0.000000    0.000000   clock source latency
     2    0.157321    1.138872    0.880299    0.880299 ^ clk (in)
                                                         clk (net)
                      1.155563    0.000000    0.880299 ^ clkbuf_0_clk/A (sky130_fd_sc_hd__clkbuf_16)
     2    0.043276    0.117795    0.662947    1.543247 ^ clkbuf_0_clk/X (sky130_fd_sc_hd__clkbuf_16)
                                                         clknet_0_clk (net)
                      0.117832    0.006140    1.549387 ^ clkbuf_1_0__f_clk/A (sky130_fd_sc_hd__clkbuf_16)
     2    0.125447    0.213494    0.363119    1.912506 ^ clkbuf_1_0__f_clk/X (sky130_fd_sc_hd__clkbuf_16)
                                                         clknet_1_0__leaf_clk (net)
                      0.311569    0.052852    1.965358 ^ u_top.dataMemory.sram_even_words/clk0 (sky130_sram_2kbyte_1rw1r_32x512_8)
                                  0.100000    2.065358   clock uncertainty
                                  0.000000    2.065358   clock reconvergence pessimism
                                 -0.056000    2.009358   library hold time
                                              2.009358   data required time
---------------------------------------------------------------------------------------------
                                              2.009358   data required time
                                             -4.708384   data arrival time
---------------------------------------------------------------------------------------------
                                              2.699026   slack (MET)


Startpoint: _1562_ (rising edge-triggered flip-flop clocked by clk)
Endpoint: u_top.dataMemory.sram_even_words
          (falling edge-triggered flip-flop clocked by clk)
Path Group: clk
Path Type: min

Fanout         Cap        Slew       Delay        Time   Description
---------------------------------------------------------------------------------------------
                                  0.000000    0.000000   clock clk (rise edge)
                                  0.000000    0.000000   clock source latency
     2    0.157321    1.138872    0.793148    0.793148 ^ clk (in)
                                                         clk (net)
                      1.154477    0.000000    0.793148 ^ clkbuf_regs_0_clk/A (sky130_fd_sc_hd__clkbuf_16)
     1    0.008569    0.076270    0.545937    1.339084 ^ clkbuf_regs_0_clk/X (sky130_fd_sc_hd__clkbuf_16)
                                                         clk_regs (net)
                      0.076271    0.000255    1.339339 ^ clkbuf_0_clk_regs/A (sky130_fd_sc_hd__clkbuf_16)
     8    0.078792    0.146453    0.280000    1.619339 ^ clkbuf_0_clk_regs/X (sky130_fd_sc_hd__clkbuf_16)
                                                         clknet_0_clk_regs (net)
                      0.146515    0.002666    1.622005 ^ clkbuf_3_2_0_clk_regs/A (sky130_fd_sc_hd__clkbuf_8)
     2    0.018941    0.080956    0.254843    1.876848 ^ clkbuf_3_2_0_clk_regs/X (sky130_fd_sc_hd__clkbuf_8)
                                                         clknet_3_2_0_clk_regs (net)
                      0.080958    0.000526    1.877374 ^ clkbuf_4_4__f_clk_regs/A (sky130_fd_sc_hd__clkbuf_16)
     9    0.028472    0.078326    0.226584    2.103957 ^ clkbuf_4_4__f_clk_regs/X (sky130_fd_sc_hd__clkbuf_16)
                                                         clknet_4_4__leaf_clk_regs (net)
                      0.078327    0.000389    2.104347 ^ _1562_/CLK (sky130_fd_sc_hd__dfrtp_2)
     1    0.002656    0.068732    0.641343    2.745689 ^ _1562_/Q (sky130_fd_sc_hd__dfrtp_2)
                                                         u_top.dataMemory.clear_word[0] (net)
                      0.068732    0.000072    2.745761 ^ _1719_/A (sky130_fd_sc_hd__buf_2)
     2    0.008356    0.083884    0.192242    2.938003 ^ _1719_/X (sky130_fd_sc_hd__buf_2)
                                                         _0662_ (net)
                      0.083884    0.000239    2.938241 ^ fanout60/A (sky130_fd_sc_hd__clkdlybuf4s25_1)
     5    0.023884    0.392901    0.667246    3.605488 ^ fanout60/X (sky130_fd_sc_hd__clkdlybuf4s25_1)
                                                         net60 (net)
                      0.392902    0.001433    3.606920 ^ _1220_/B (sky130_fd_sc_hd__nor2_2)
     2    0.012841    0.113801    0.197329    3.804250 v _1220_/Y (sky130_fd_sc_hd__nor2_2)
                                                         _0682_ (net)
                      0.113802    0.000403    3.804652 v fanout41/A (sky130_fd_sc_hd__buf_2)
    10    0.089173    0.386591    0.496519    4.301171 v fanout41/X (sky130_fd_sc_hd__buf_2)
                                                         net41 (net)
                      0.389026    0.023754    4.324925 v _1221_/A (sky130_fd_sc_hd__inv_2)
     1    0.002051    0.086475    0.135489    4.460414 ^ _1221_/Y (sky130_fd_sc_hd__inv_2)
                                                         _0681_ (net)
                      0.086475    0.000054    4.460469 ^ _1859_/A (sky130_fd_sc_hd__buf_2)
     2    0.017225    0.147502    0.247491    4.707960 ^ _1859_/X (sky130_fd_sc_hd__buf_2)
                                                         u_top.dataMemory.s0_csb0 (net)
                      0.196669    0.000445    4.708405 ^ u_top.dataMemory.sram_even_words/web0 (sky130_sram_2kbyte_1rw1r_32x512_8)
                                              4.708405   data arrival time

                                  0.000000    0.000000   clock clk (rise edge)
                                  0.000000    0.000000   clock source latency
     2    0.157321    1.138872    0.880299    0.880299 ^ clk (in)
                                                         clk (net)
                      1.155563    0.000000    0.880299 ^ clkbuf_0_clk/A (sky130_fd_sc_hd__clkbuf_16)
     2    0.043276    0.117795    0.662947    1.543247 ^ clkbuf_0_clk/X (sky130_fd_sc_hd__clkbuf_16)
                                                         clknet_0_clk (net)
                      0.117832    0.006140    1.549387 ^ clkbuf_1_0__f_clk/A (sky130_fd_sc_hd__clkbuf_16)
     2    0.125447    0.213494    0.363119    1.912506 ^ clkbuf_1_0__f_clk/X (sky130_fd_sc_hd__clkbuf_16)
                                                         clknet_1_0__leaf_clk (net)
                      0.311569    0.052852    1.965358 ^ u_top.dataMemory.sram_even_words/clk0 (sky130_sram_2kbyte_1rw1r_32x512_8)
                                  0.100000    2.065358   clock uncertainty
                                  0.000000    2.065358   clock reconvergence pessimism
                                 -0.056000    2.009358   library hold time
                                              2.009358   data required time
---------------------------------------------------------------------------------------------
                                              2.009358   data required time
                                             -4.708405   data arrival time
---------------------------------------------------------------------------------------------
                                              2.699047   slack (MET)


Startpoint: _1567_ (rising edge-triggered flip-flop clocked by clk)
Endpoint: u_top.dataMemory.sram_even_words
          (falling edge-triggered flip-flop clocked by clk)
Path Group: clk
Path Type: min

Fanout         Cap        Slew       Delay        Time   Description
---------------------------------------------------------------------------------------------
                                  0.000000    0.000000   clock clk (rise edge)
                                  0.000000    0.000000   clock source latency
     2    0.157321    1.138872    0.793148    0.793148 ^ clk (in)
                                                         clk (net)
                      1.154477    0.000000    0.793148 ^ clkbuf_regs_0_clk/A (sky130_fd_sc_hd__clkbuf_16)
     1    0.008569    0.076270    0.545937    1.339084 ^ clkbuf_regs_0_clk/X (sky130_fd_sc_hd__clkbuf_16)
                                                         clk_regs (net)
                      0.076271    0.000255    1.339339 ^ clkbuf_0_clk_regs/A (sky130_fd_sc_hd__clkbuf_16)
     8    0.078792    0.146453    0.280000    1.619339 ^ clkbuf_0_clk_regs/X (sky130_fd_sc_hd__clkbuf_16)
                                                         clknet_0_clk_regs (net)
                      0.146521    0.002778    1.622118 ^ clkbuf_3_0_0_clk_regs/A (sky130_fd_sc_hd__clkbuf_8)
     2    0.018181    0.079205    0.253267    1.875385 ^ clkbuf_3_0_0_clk_regs/X (sky130_fd_sc_hd__clkbuf_8)
                                                         clknet_3_0_0_clk_regs (net)
                      0.079206    0.000342    1.875726 ^ clkbuf_4_1__f_clk_regs/A (sky130_fd_sc_hd__clkbuf_16)
     9    0.033687    0.085517    0.232731    2.108458 ^ clkbuf_4_1__f_clk_regs/X (sky130_fd_sc_hd__clkbuf_16)
                                                         clknet_4_1__leaf_clk_regs (net)
                      0.085545    0.001375    2.109833 ^ _1567_/CLK (sky130_fd_sc_hd__dfrtp_2)
     1    0.002250    0.066092    0.640697    2.750530 ^ _1567_/Q (sky130_fd_sc_hd__dfrtp_2)
                                                         u_top.dataMemory.clear_word[5] (net)
                      0.066092    0.000061    2.750591 ^ _1709_/A (sky130_fd_sc_hd__buf_2)
     5    0.020161    0.167559    0.253668    3.004259 ^ _1709_/X (sky130_fd_sc_hd__buf_2)
                                                         _0667_ (net)
                      0.167559    0.000410    3.004669 ^ _1235_/A (sky130_fd_sc_hd__and2_2)
     1    0.037687    0.321211    0.476901    3.481570 ^ _1235_/X (sky130_fd_sc_hd__and2_2)
                                                         _0676_ (net)
                      0.321617    0.007329    3.488899 ^ _1854_/A (sky130_fd_sc_hd__buf_2)
     1    0.005499    0.066685    0.281367    3.770267 ^ _1854_/X (sky130_fd_sc_hd__buf_2)
                                                         u_top.dataMemory.s0_addr0[4] (net)
                      0.066685    0.000219    3.770486 ^ wire17/A (sky130_fd_sc_hd__clkdlybuf4s25_1)
     1    0.002635    0.071368    0.434276    4.204762 ^ wire17/X (sky130_fd_sc_hd__clkdlybuf4s25_1)
                                                         net17 (net)
                      0.071368    0.000071    4.204834 ^ wire189/A (sky130_fd_sc_hd__clkdlybuf4s25_1)
     1    0.008814    0.161980    0.503734    4.708568 ^ wire189/X (sky130_fd_sc_hd__clkdlybuf4s25_1)
                                                         net188 (net)
                      0.215973    0.000229    4.708797 ^ u_top.dataMemory.sram_even_words/addr0[4] (sky130_sram_2kbyte_1rw1r_32x512_8)
                                              4.708797   data arrival time

                                  0.000000    0.000000   clock clk (rise edge)
                                  0.000000    0.000000   clock source latency
     2    0.157321    1.138872    0.880299    0.880299 ^ clk (in)
                                                         clk (net)
                      1.155563    0.000000    0.880299 ^ clkbuf_0_clk/A (sky130_fd_sc_hd__clkbuf_16)
     2    0.043276    0.117795    0.662947    1.543247 ^ clkbuf_0_clk/X (sky130_fd_sc_hd__clkbuf_16)
                                                         clknet_0_clk (net)
                      0.117832    0.006140    1.549387 ^ clkbuf_1_0__f_clk/A (sky130_fd_sc_hd__clkbuf_16)
     2    0.125447    0.213494    0.363119    1.912506 ^ clkbuf_1_0__f_clk/X (sky130_fd_sc_hd__clkbuf_16)
                                                         clknet_1_0__leaf_clk (net)
                      0.311569    0.052852    1.965358 ^ u_top.dataMemory.sram_even_words/clk0 (sky130_sram_2kbyte_1rw1r_32x512_8)
                                  0.100000    2.065358   clock uncertainty
                                  0.000000    2.065358   clock reconvergence pessimism
                                 -0.056000    2.009358   library hold time
                                              2.009358   data required time
---------------------------------------------------------------------------------------------
                                              2.009358   data required time
                                             -4.708797   data arrival time
---------------------------------------------------------------------------------------------
                                              2.699439   slack (MET)


Startpoint: _1566_ (rising edge-triggered flip-flop clocked by clk)
Endpoint: u_top.dataMemory.sram_even_words
          (falling edge-triggered flip-flop clocked by clk)
Path Group: clk
Path Type: min

Fanout         Cap        Slew       Delay        Time   Description
---------------------------------------------------------------------------------------------
                                  0.000000    0.000000   clock clk (rise edge)
                                  0.000000    0.000000   clock source latency
     2    0.157321    1.138872    0.793148    0.793148 ^ clk (in)
                                                         clk (net)
                      1.154477    0.000000    0.793148 ^ clkbuf_regs_0_clk/A (sky130_fd_sc_hd__clkbuf_16)
     1    0.008569    0.076270    0.545937    1.339084 ^ clkbuf_regs_0_clk/X (sky130_fd_sc_hd__clkbuf_16)
                                                         clk_regs (net)
                      0.076271    0.000255    1.339339 ^ clkbuf_0_clk_regs/A (sky130_fd_sc_hd__clkbuf_16)
     8    0.078792    0.146453    0.280000    1.619339 ^ clkbuf_0_clk_regs/X (sky130_fd_sc_hd__clkbuf_16)
                                                         clknet_0_clk_regs (net)
                      0.146521    0.002778    1.622118 ^ clkbuf_3_0_0_clk_regs/A (sky130_fd_sc_hd__clkbuf_8)
     2    0.018181    0.079205    0.253267    1.875385 ^ clkbuf_3_0_0_clk_regs/X (sky130_fd_sc_hd__clkbuf_8)
                                                         clknet_3_0_0_clk_regs (net)
                      0.079207    0.000451    1.875836 ^ clkbuf_4_0__f_clk_regs/A (sky130_fd_sc_hd__clkbuf_16)
     9    0.032494    0.083908    0.231210    2.107046 ^ clkbuf_4_0__f_clk_regs/X (sky130_fd_sc_hd__clkbuf_16)
                                                         clknet_4_0__leaf_clk_regs (net)
                      0.083920    0.000982    2.108028 ^ _1566_/CLK (sky130_fd_sc_hd__dfrtp_2)
     1    0.002426    0.067244    0.641646    2.749674 ^ _1566_/Q (sky130_fd_sc_hd__dfrtp_2)
                                                         u_top.dataMemory.clear_word[4] (net)
                      0.067244    0.000066    2.749740 ^ _1711_/A (sky130_fd_sc_hd__buf_2)
     7    0.031240    0.249819    0.309366    3.059106 ^ _1711_/X (sky130_fd_sc_hd__buf_2)
                                                         _0666_ (net)
                      0.249830    0.001805    3.060912 ^ _1234_/A (sky130_fd_sc_hd__and2_2)
     1    0.033313    0.288138    0.488008    3.548919 ^ _1234_/X (sky130_fd_sc_hd__and2_2)
                                                         _0675_ (net)
                      0.288447    0.005584    3.554503 ^ _1853_/A (sky130_fd_sc_hd__buf_2)
     1    0.004774    0.061027    0.264412    3.818915 ^ _1853_/X (sky130_fd_sc_hd__buf_2)
                                                         u_top.dataMemory.s0_addr0[3] (net)
                      0.061027    0.000180    3.819095 ^ wire18/A (sky130_fd_sc_hd__clkdlybuf4s25_1)
     1    0.002611    0.071038    0.431692    4.250788 ^ wire18/X (sky130_fd_sc_hd__clkdlybuf4s25_1)
                                                         net18 (net)
                      0.071038    0.000071    4.250859 ^ wire188/A (sky130_fd_sc_hd__clkdlybuf4s25_1)
     1    0.008314    0.154423    0.498258    4.749117 ^ wire188/X (sky130_fd_sc_hd__clkdlybuf4s25_1)
                                                         net187 (net)
                      0.205897    0.000197    4.749314 ^ u_top.dataMemory.sram_even_words/addr0[3] (sky130_sram_2kbyte_1rw1r_32x512_8)
                                              4.749314   data arrival time

                                  0.000000    0.000000   clock clk (rise edge)
                                  0.000000    0.000000   clock source latency
     2    0.157321    1.138872    0.880299    0.880299 ^ clk (in)
                                                         clk (net)
                      1.155563    0.000000    0.880299 ^ clkbuf_0_clk/A (sky130_fd_sc_hd__clkbuf_16)
     2    0.043276    0.117795    0.662947    1.543247 ^ clkbuf_0_clk/X (sky130_fd_sc_hd__clkbuf_16)
                                                         clknet_0_clk (net)
                      0.117832    0.006140    1.549387 ^ clkbuf_1_0__f_clk/A (sky130_fd_sc_hd__clkbuf_16)
     2    0.125447    0.213494    0.363119    1.912506 ^ clkbuf_1_0__f_clk/X (sky130_fd_sc_hd__clkbuf_16)
                                                         clknet_1_0__leaf_clk (net)
                      0.311569    0.052852    1.965358 ^ u_top.dataMemory.sram_even_words/clk0 (sky130_sram_2kbyte_1rw1r_32x512_8)
                                  0.100000    2.065358   clock uncertainty
                                  0.000000    2.065358   clock reconvergence pessimism
                                 -0.056000    2.009358   library hold time
                                              2.009358   data required time
---------------------------------------------------------------------------------------------
                                              2.009358   data required time
                                             -4.749314   data arrival time
---------------------------------------------------------------------------------------------
                                              2.739956   slack (MET)


Startpoint: _1562_ (rising edge-triggered flip-flop clocked by clk)
Endpoint: u_top.dataMemory.sram_odd_words
          (falling edge-triggered flip-flop clocked by clk)
Path Group: clk
Path Type: min

Fanout         Cap        Slew       Delay        Time   Description
---------------------------------------------------------------------------------------------
                                  0.000000    0.000000   clock clk (rise edge)
                                  0.000000    0.000000   clock source latency
     2    0.157321    1.138872    0.793148    0.793148 ^ clk (in)
                                                         clk (net)
                      1.154477    0.000000    0.793148 ^ clkbuf_regs_0_clk/A (sky130_fd_sc_hd__clkbuf_16)
     1    0.008569    0.076270    0.545937    1.339084 ^ clkbuf_regs_0_clk/X (sky130_fd_sc_hd__clkbuf_16)
                                                         clk_regs (net)
                      0.076271    0.000255    1.339339 ^ clkbuf_0_clk_regs/A (sky130_fd_sc_hd__clkbuf_16)
     8    0.078792    0.146453    0.280000    1.619339 ^ clkbuf_0_clk_regs/X (sky130_fd_sc_hd__clkbuf_16)
                                                         clknet_0_clk_regs (net)
                      0.146515    0.002666    1.622005 ^ clkbuf_3_2_0_clk_regs/A (sky130_fd_sc_hd__clkbuf_8)
     2    0.018941    0.080956    0.254843    1.876848 ^ clkbuf_3_2_0_clk_regs/X (sky130_fd_sc_hd__clkbuf_8)
                                                         clknet_3_2_0_clk_regs (net)
                      0.080958    0.000526    1.877374 ^ clkbuf_4_4__f_clk_regs/A (sky130_fd_sc_hd__clkbuf_16)
     9    0.028472    0.078326    0.226584    2.103957 ^ clkbuf_4_4__f_clk_regs/X (sky130_fd_sc_hd__clkbuf_16)
                                                         clknet_4_4__leaf_clk_regs (net)
                      0.078327    0.000389    2.104347 ^ _1562_/CLK (sky130_fd_sc_hd__dfrtp_2)
     1    0.002528    0.072573    0.752366    2.856712 v _1562_/Q (sky130_fd_sc_hd__dfrtp_2)
                                                         u_top.dataMemory.clear_word[0] (net)
                      0.072573    0.000068    2.856780 v _1719_/A (sky130_fd_sc_hd__buf_2)
     2    0.008050    0.064662    0.239462    3.096241 v _1719_/X (sky130_fd_sc_hd__buf_2)
                                                         _0662_ (net)
                      0.064662    0.000166    3.096407 v fanout59/A (sky130_fd_sc_hd__buf_1)
    10    0.036383    0.410575    0.405948    3.502355 v fanout59/X (sky130_fd_sc_hd__buf_1)
                                                         net59 (net)
                      0.410684    0.001916    3.504270 v _1123_/B (sky130_fd_sc_hd__nand2_2)
     2    0.017091    0.195686    0.315995    3.820265 ^ _1123_/Y (sky130_fd_sc_hd__nand2_2)
                                                         _0692_ (net)
                      0.195686    0.000246    3.820511 ^ _1124_/A (sky130_fd_sc_hd__inv_2)
     1    0.003546    0.046206    0.091172    3.911683 v _1124_/Y (sky130_fd_sc_hd__inv_2)
                                                         _0693_ (net)
                      0.046206    0.000085    3.911768 v _1828_/A (sky130_fd_sc_hd__buf_2)
     7    0.020829    0.113398    0.276237    4.188005 v _1828_/X (sky130_fd_sc_hd__buf_2)
                                                         u_top.dataMemory.s1_wmask0[3] (net)
                      0.113400    0.000716    4.188722 v load_slew30/A (sky130_fd_sc_hd__buf_1)
     1    0.002289    0.045486    0.166877    4.355598 v load_slew30/X (sky130_fd_sc_hd__buf_1)
                                                         net30 (net)
                      0.045486    0.000042    4.355641 v wire198/A (sky130_fd_sc_hd__clkdlybuf4s25_1)
     1    0.008712    0.144748    0.484078    4.839718 v wire198/X (sky130_fd_sc_hd__clkdlybuf4s25_1)
                                                         net197 (net)
                      0.192997    0.000234    4.839953 v u_top.dataMemory.sram_odd_words/wmask0[1] (sky130_sram_2kbyte_1rw1r_32x512_8)
                                              4.839953   data arrival time

                                  0.000000    0.000000   clock clk (rise edge)
                                  0.000000    0.000000   clock source latency
     2    0.157321    1.138872    0.880299    0.880299 ^ clk (in)
                                                         clk (net)
                      1.155563    0.000000    0.880299 ^ clkbuf_0_clk/A (sky130_fd_sc_hd__clkbuf_16)
     2    0.043276    0.117795    0.662947    1.543247 ^ clkbuf_0_clk/X (sky130_fd_sc_hd__clkbuf_16)
                                                         clknet_0_clk (net)
                      0.117830    0.006057    1.549304 ^ clkbuf_1_1__f_clk/A (sky130_fd_sc_hd__clkbuf_16)
     2    0.153688    0.253644    0.405156    1.954460 ^ clkbuf_1_1__f_clk/X (sky130_fd_sc_hd__clkbuf_16)
                                                         clknet_1_1__leaf_clk (net)
                      0.342540    0.024168    1.978628 ^ u_top.dataMemory.sram_odd_words/clk0 (sky130_sram_2kbyte_1rw1r_32x512_8)
                                  0.100000    2.078628   clock uncertainty
                                  0.000000    2.078628   clock reconvergence pessimism
                                 -0.056000    2.022628   library hold time
                                              2.022628   data required time
---------------------------------------------------------------------------------------------
                                              2.022628   data required time
                                             -4.839953   data arrival time
---------------------------------------------------------------------------------------------
                                              2.817325   slack (MET)


Startpoint: _1562_ (rising edge-triggered flip-flop clocked by clk)
Endpoint: u_top.dataMemory.sram_odd_words
          (falling edge-triggered flip-flop clocked by clk)
Path Group: clk
Path Type: min

Fanout         Cap        Slew       Delay        Time   Description
---------------------------------------------------------------------------------------------
                                  0.000000    0.000000   clock clk (rise edge)
                                  0.000000    0.000000   clock source latency
     2    0.157321    1.138872    0.793148    0.793148 ^ clk (in)
                                                         clk (net)
                      1.154477    0.000000    0.793148 ^ clkbuf_regs_0_clk/A (sky130_fd_sc_hd__clkbuf_16)
     1    0.008569    0.076270    0.545937    1.339084 ^ clkbuf_regs_0_clk/X (sky130_fd_sc_hd__clkbuf_16)
                                                         clk_regs (net)
                      0.076271    0.000255    1.339339 ^ clkbuf_0_clk_regs/A (sky130_fd_sc_hd__clkbuf_16)
     8    0.078792    0.146453    0.280000    1.619339 ^ clkbuf_0_clk_regs/X (sky130_fd_sc_hd__clkbuf_16)
                                                         clknet_0_clk_regs (net)
                      0.146515    0.002666    1.622005 ^ clkbuf_3_2_0_clk_regs/A (sky130_fd_sc_hd__clkbuf_8)
     2    0.018941    0.080956    0.254843    1.876848 ^ clkbuf_3_2_0_clk_regs/X (sky130_fd_sc_hd__clkbuf_8)
                                                         clknet_3_2_0_clk_regs (net)
                      0.080958    0.000526    1.877374 ^ clkbuf_4_4__f_clk_regs/A (sky130_fd_sc_hd__clkbuf_16)
     9    0.028472    0.078326    0.226584    2.103957 ^ clkbuf_4_4__f_clk_regs/X (sky130_fd_sc_hd__clkbuf_16)
                                                         clknet_4_4__leaf_clk_regs (net)
                      0.078327    0.000389    2.104347 ^ _1562_/CLK (sky130_fd_sc_hd__dfrtp_2)
     1    0.002528    0.072573    0.752366    2.856712 v _1562_/Q (sky130_fd_sc_hd__dfrtp_2)
                                                         u_top.dataMemory.clear_word[0] (net)
                      0.072573    0.000068    2.856780 v _1719_/A (sky130_fd_sc_hd__buf_2)
     2    0.008050    0.064662    0.239462    3.096241 v _1719_/X (sky130_fd_sc_hd__buf_2)
                                                         _0662_ (net)
                      0.064662    0.000166    3.096407 v fanout59/A (sky130_fd_sc_hd__buf_1)
    10    0.036383    0.410575    0.405948    3.502355 v fanout59/X (sky130_fd_sc_hd__buf_1)
                                                         net59 (net)
                      0.410684    0.001916    3.504270 v _1123_/B (sky130_fd_sc_hd__nand2_2)
     2    0.017091    0.195686    0.315995    3.820265 ^ _1123_/Y (sky130_fd_sc_hd__nand2_2)
                                                         _0692_ (net)
                      0.195686    0.000246    3.820511 ^ _1124_/A (sky130_fd_sc_hd__inv_2)
     1    0.003546    0.046206    0.091172    3.911683 v _1124_/Y (sky130_fd_sc_hd__inv_2)
                                                         _0693_ (net)
                      0.046206    0.000085    3.911768 v _1828_/A (sky130_fd_sc_hd__buf_2)
     7    0.020829    0.113398    0.276237    4.188005 v _1828_/X (sky130_fd_sc_hd__buf_2)
                                                         u_top.dataMemory.s1_wmask0[3] (net)
                      0.113400    0.000687    4.188693 v load_slew31/A (sky130_fd_sc_hd__buf_1)
     1    0.002792    0.050437    0.171472    4.360165 v load_slew31/X (sky130_fd_sc_hd__buf_1)
                                                         net31 (net)
                      0.050437    0.000078    4.360243 v wire197/A (sky130_fd_sc_hd__clkdlybuf4s25_1)
     1    0.008200    0.138458    0.481108    4.841352 v wire197/X (sky130_fd_sc_hd__clkdlybuf4s25_1)
                                                         net196 (net)
                      0.184611    0.000218    4.841569 v u_top.dataMemory.sram_odd_words/wmask0[0] (sky130_sram_2kbyte_1rw1r_32x512_8)
                                              4.841569   data arrival time

                                  0.000000    0.000000   clock clk (rise edge)
                                  0.000000    0.000000   clock source latency
     2    0.157321    1.138872    0.880299    0.880299 ^ clk (in)
                                                         clk (net)
                      1.155563    0.000000    0.880299 ^ clkbuf_0_clk/A (sky130_fd_sc_hd__clkbuf_16)
     2    0.043276    0.117795    0.662947    1.543247 ^ clkbuf_0_clk/X (sky130_fd_sc_hd__clkbuf_16)
                                                         clknet_0_clk (net)
                      0.117830    0.006057    1.549304 ^ clkbuf_1_1__f_clk/A (sky130_fd_sc_hd__clkbuf_16)
     2    0.153688    0.253644    0.405156    1.954460 ^ clkbuf_1_1__f_clk/X (sky130_fd_sc_hd__clkbuf_16)
                                                         clknet_1_1__leaf_clk (net)
                      0.342540    0.024168    1.978628 ^ u_top.dataMemory.sram_odd_words/clk0 (sky130_sram_2kbyte_1rw1r_32x512_8)
                                  0.100000    2.078628   clock uncertainty
                                  0.000000    2.078628   clock reconvergence pessimism
                                 -0.056000    2.022628   library hold time
                                              2.022628   data required time
---------------------------------------------------------------------------------------------
                                              2.022628   data required time
                                             -4.841569   data arrival time
---------------------------------------------------------------------------------------------
                                              2.818942   slack (MET)


Startpoint: _1563_ (rising edge-triggered flip-flop clocked by clk)
Endpoint: u_top.dataMemory.sram_even_words
          (falling edge-triggered flip-flop clocked by clk)
Path Group: clk
Path Type: min

Fanout         Cap        Slew       Delay        Time   Description
---------------------------------------------------------------------------------------------
                                  0.000000    0.000000   clock clk (rise edge)
                                  0.000000    0.000000   clock source latency
     2    0.157321    1.138872    0.793148    0.793148 ^ clk (in)
                                                         clk (net)
                      1.154477    0.000000    0.793148 ^ clkbuf_regs_0_clk/A (sky130_fd_sc_hd__clkbuf_16)
     1    0.008569    0.076270    0.545937    1.339084 ^ clkbuf_regs_0_clk/X (sky130_fd_sc_hd__clkbuf_16)
                                                         clk_regs (net)
                      0.076271    0.000255    1.339339 ^ clkbuf_0_clk_regs/A (sky130_fd_sc_hd__clkbuf_16)
     8    0.078792    0.146453    0.280000    1.619339 ^ clkbuf_0_clk_regs/X (sky130_fd_sc_hd__clkbuf_16)
                                                         clknet_0_clk_regs (net)
                      0.146521    0.002778    1.622118 ^ clkbuf_3_0_0_clk_regs/A (sky130_fd_sc_hd__clkbuf_8)
     2    0.018181    0.079205    0.253267    1.875385 ^ clkbuf_3_0_0_clk_regs/X (sky130_fd_sc_hd__clkbuf_8)
                                                         clknet_3_0_0_clk_regs (net)
                      0.079207    0.000451    1.875836 ^ clkbuf_4_0__f_clk_regs/A (sky130_fd_sc_hd__clkbuf_16)
     9    0.032494    0.083908    0.231210    2.107046 ^ clkbuf_4_0__f_clk_regs/X (sky130_fd_sc_hd__clkbuf_16)
                                                         clknet_4_0__leaf_clk_regs (net)
                      0.083916    0.000836    2.107882 ^ _1563_/CLK (sky130_fd_sc_hd__dfrtp_2)
     1    0.002050    0.070245    0.750306    2.858187 v _1563_/Q (sky130_fd_sc_hd__dfrtp_2)
                                                         u_top.dataMemory.clear_word[1] (net)
                      0.070245    0.000055    2.858243 v _1717_/A (sky130_fd_sc_hd__buf_2)
     6    0.020138    0.110594    0.284596    3.142839 v _1717_/X (sky130_fd_sc_hd__buf_2)
                                                         _0663_ (net)
                      0.110594    0.000343    3.143182 v _1231_/A (sky130_fd_sc_hd__and2_2)
     1    0.080879    0.364677    0.612327    3.755509 v _1231_/X (sky130_fd_sc_hd__and2_2)
                                                         _0672_ (net)
                      0.367639    0.025194    3.780703 v _1850_/A (sky130_fd_sc_hd__buf_2)
     1    0.004342    0.052118    0.355067    4.135769 v _1850_/X (sky130_fd_sc_hd__buf_2)
                                                         u_top.dataMemory.s0_addr0[0] (net)
                      0.052118    0.000143    4.135912 v wire21/A (sky130_fd_sc_hd__clkdlybuf4s25_1)
     1    0.002718    0.073625    0.423664    4.559576 v wire21/X (sky130_fd_sc_hd__clkdlybuf4s25_1)
                                                         net21 (net)
                      0.073625    0.000075    4.559651 v wire185/A (sky130_fd_sc_hd__clkdlybuf4s25_1)
     1    0.008338    0.140027    0.492469    5.052121 v wire185/X (sky130_fd_sc_hd__clkdlybuf4s25_1)
                                                         net184 (net)
                      0.186703    0.000221    5.052341 v u_top.dataMemory.sram_even_words/addr0[0] (sky130_sram_2kbyte_1rw1r_32x512_8)
                                              5.052341   data arrival time

                                  0.000000    0.000000   clock clk (rise edge)
                                  0.000000    0.000000   clock source latency
     2    0.157321    1.138872    0.880299    0.880299 ^ clk (in)
                                                         clk (net)
                      1.155563    0.000000    0.880299 ^ clkbuf_0_clk/A (sky130_fd_sc_hd__clkbuf_16)
     2    0.043276    0.117795    0.662947    1.543247 ^ clkbuf_0_clk/X (sky130_fd_sc_hd__clkbuf_16)
                                                         clknet_0_clk (net)
                      0.117832    0.006140    1.549387 ^ clkbuf_1_0__f_clk/A (sky130_fd_sc_hd__clkbuf_16)
     2    0.125447    0.213494    0.363119    1.912506 ^ clkbuf_1_0__f_clk/X (sky130_fd_sc_hd__clkbuf_16)
                                                         clknet_1_0__leaf_clk (net)
                      0.311569    0.052852    1.965358 ^ u_top.dataMemory.sram_even_words/clk0 (sky130_sram_2kbyte_1rw1r_32x512_8)
                                  0.100000    2.065358   clock uncertainty
                                  0.000000    2.065358   clock reconvergence pessimism
                                 -0.056000    2.009358   library hold time
                                              2.009358   data required time
---------------------------------------------------------------------------------------------
                                              2.009358   data required time
                                             -5.052341   data arrival time
---------------------------------------------------------------------------------------------
                                              3.042984   slack (MET)


Startpoint: _1564_ (rising edge-triggered flip-flop clocked by clk)
Endpoint: u_top.dataMemory.sram_even_words
          (falling edge-triggered flip-flop clocked by clk)
Path Group: clk
Path Type: min

Fanout         Cap        Slew       Delay        Time   Description
---------------------------------------------------------------------------------------------
                                  0.000000    0.000000   clock clk (rise edge)
                                  0.000000    0.000000   clock source latency
     2    0.157321    1.138872    0.793148    0.793148 ^ clk (in)
                                                         clk (net)
                      1.154477    0.000000    0.793148 ^ clkbuf_regs_0_clk/A (sky130_fd_sc_hd__clkbuf_16)
     1    0.008569    0.076270    0.545937    1.339084 ^ clkbuf_regs_0_clk/X (sky130_fd_sc_hd__clkbuf_16)
                                                         clk_regs (net)
                      0.076271    0.000255    1.339339 ^ clkbuf_0_clk_regs/A (sky130_fd_sc_hd__clkbuf_16)
     8    0.078792    0.146453    0.280000    1.619339 ^ clkbuf_0_clk_regs/X (sky130_fd_sc_hd__clkbuf_16)
                                                         clknet_0_clk_regs (net)
                      0.146521    0.002778    1.622118 ^ clkbuf_3_0_0_clk_regs/A (sky130_fd_sc_hd__clkbuf_8)
     2    0.018181    0.079205    0.253267    1.875385 ^ clkbuf_3_0_0_clk_regs/X (sky130_fd_sc_hd__clkbuf_8)
                                                         clknet_3_0_0_clk_regs (net)
                      0.079206    0.000342    1.875726 ^ clkbuf_4_1__f_clk_regs/A (sky130_fd_sc_hd__clkbuf_16)
     9    0.033687    0.085517    0.232731    2.108458 ^ clkbuf_4_1__f_clk_regs/X (sky130_fd_sc_hd__clkbuf_16)
                                                         clknet_4_1__leaf_clk_regs (net)
                      0.085533    0.001112    2.109570 ^ _1564_/CLK (sky130_fd_sc_hd__dfrtp_2)
     1    0.002316    0.071554    0.753530    2.863099 v _1564_/Q (sky130_fd_sc_hd__dfrtp_2)
                                                         u_top.dataMemory.clear_word[2] (net)
                      0.071554    0.000064    2.863163 v _1715_/A (sky130_fd_sc_hd__buf_2)
     6    0.028060    0.141460    0.309086    3.172250 v _1715_/X (sky130_fd_sc_hd__buf_2)
                                                         _0664_ (net)
                      0.141460    0.000529    3.172779 v _1232_/A (sky130_fd_sc_hd__and2_2)
     2    0.079102    0.357577    0.620483    3.793262 v _1232_/X (sky130_fd_sc_hd__and2_2)
                                                         _0673_ (net)
                      0.360990    0.026721    3.819983 v _1851_/A (sky130_fd_sc_hd__buf_2)
     1    0.005458    0.057407    0.358885    4.178869 v _1851_/X (sky130_fd_sc_hd__buf_2)
                                                         u_top.dataMemory.s0_addr0[1] (net)
                      0.057407    0.000181    4.179050 v wire20/A (sky130_fd_sc_hd__clkdlybuf4s25_1)
     1    0.002497    0.071177    0.423236    4.602286 v wire20/X (sky130_fd_sc_hd__clkdlybuf4s25_1)
                                                         net20 (net)
                      0.071177    0.000068    4.602353 v wire186/A (sky130_fd_sc_hd__clkdlybuf4s25_1)
     1    0.008242    0.138864    0.490460    5.092813 v wire186/X (sky130_fd_sc_hd__clkdlybuf4s25_1)
                                                         net185 (net)
                      0.185152    0.000218    5.093031 v u_top.dataMemory.sram_even_words/addr0[1] (sky130_sram_2kbyte_1rw1r_32x512_8)
                                              5.093031   data arrival time

                                  0.000000    0.000000   clock clk (rise edge)
                                  0.000000    0.000000   clock source latency
     2    0.157321    1.138872    0.880299    0.880299 ^ clk (in)
                                                         clk (net)
                      1.155563    0.000000    0.880299 ^ clkbuf_0_clk/A (sky130_fd_sc_hd__clkbuf_16)
     2    0.043276    0.117795    0.662947    1.543247 ^ clkbuf_0_clk/X (sky130_fd_sc_hd__clkbuf_16)
                                                         clknet_0_clk (net)
                      0.117832    0.006140    1.549387 ^ clkbuf_1_0__f_clk/A (sky130_fd_sc_hd__clkbuf_16)
     2    0.125447    0.213494    0.363119    1.912506 ^ clkbuf_1_0__f_clk/X (sky130_fd_sc_hd__clkbuf_16)
                                                         clknet_1_0__leaf_clk (net)
                      0.311569    0.052852    1.965358 ^ u_top.dataMemory.sram_even_words/clk0 (sky130_sram_2kbyte_1rw1r_32x512_8)
                                  0.100000    2.065358   clock uncertainty
                                  0.000000    2.065358   clock reconvergence pessimism
                                 -0.056000    2.009358   library hold time
                                              2.009358   data required time
---------------------------------------------------------------------------------------------
                                              2.009358   data required time
                                             -5.093031   data arrival time
---------------------------------------------------------------------------------------------
                                              3.083673   slack (MET)


Startpoint: _1562_ (rising edge-triggered flip-flop clocked by clk)
Endpoint: u_top.dataMemory.sram_odd_words
          (falling edge-triggered flip-flop clocked by clk)
Path Group: clk
Path Type: min

Fanout         Cap        Slew       Delay        Time   Description
---------------------------------------------------------------------------------------------
                                  0.000000    0.000000   clock clk (rise edge)
                                  0.000000    0.000000   clock source latency
     2    0.157321    1.138872    0.793148    0.793148 ^ clk (in)
                                                         clk (net)
                      1.154477    0.000000    0.793148 ^ clkbuf_regs_0_clk/A (sky130_fd_sc_hd__clkbuf_16)
     1    0.008569    0.076270    0.545937    1.339084 ^ clkbuf_regs_0_clk/X (sky130_fd_sc_hd__clkbuf_16)
                                                         clk_regs (net)
                      0.076271    0.000255    1.339339 ^ clkbuf_0_clk_regs/A (sky130_fd_sc_hd__clkbuf_16)
     8    0.078792    0.146453    0.280000    1.619339 ^ clkbuf_0_clk_regs/X (sky130_fd_sc_hd__clkbuf_16)
                                                         clknet_0_clk_regs (net)
                      0.146515    0.002666    1.622005 ^ clkbuf_3_2_0_clk_regs/A (sky130_fd_sc_hd__clkbuf_8)
     2    0.018941    0.080956    0.254843    1.876848 ^ clkbuf_3_2_0_clk_regs/X (sky130_fd_sc_hd__clkbuf_8)
                                                         clknet_3_2_0_clk_regs (net)
                      0.080958    0.000526    1.877374 ^ clkbuf_4_4__f_clk_regs/A (sky130_fd_sc_hd__clkbuf_16)
     9    0.028472    0.078326    0.226584    2.103957 ^ clkbuf_4_4__f_clk_regs/X (sky130_fd_sc_hd__clkbuf_16)
                                                         clknet_4_4__leaf_clk_regs (net)
                      0.078327    0.000389    2.104347 ^ _1562_/CLK (sky130_fd_sc_hd__dfrtp_2)
     1    0.002528    0.072573    0.752366    2.856712 v _1562_/Q (sky130_fd_sc_hd__dfrtp_2)
                                                         u_top.dataMemory.clear_word[0] (net)
                      0.072573    0.000068    2.856780 v _1719_/A (sky130_fd_sc_hd__buf_2)
     2    0.008050    0.064662    0.239462    3.096241 v _1719_/X (sky130_fd_sc_hd__buf_2)
                                                         _0662_ (net)
                      0.064662    0.000166    3.096407 v fanout59/A (sky130_fd_sc_hd__buf_1)
    10    0.036383    0.410575    0.405948    3.502355 v fanout59/X (sky130_fd_sc_hd__buf_1)
                                                         net59 (net)
                      0.410684    0.001916    3.504270 v _1123_/B (sky130_fd_sc_hd__nand2_2)
     2    0.017091    0.195686    0.315995    3.820265 ^ _1123_/Y (sky130_fd_sc_hd__nand2_2)
                                                         _0692_ (net)
                      0.195686    0.000246    3.820511 ^ _1124_/A (sky130_fd_sc_hd__inv_2)
     1    0.003546    0.046206    0.091172    3.911683 v _1124_/Y (sky130_fd_sc_hd__inv_2)
                                                         _0693_ (net)
                      0.046206    0.000085    3.911768 v _1828_/A (sky130_fd_sc_hd__buf_2)
     7    0.020829    0.113398    0.276237    4.188005 v _1828_/X (sky130_fd_sc_hd__buf_2)
                                                         u_top.dataMemory.s1_wmask0[3] (net)
                      0.113401    0.000762    4.188768 v wire28/A (sky130_fd_sc_hd__clkdlybuf4s25_1)
     1    0.002182    0.067352    0.443638    4.632405 v wire28/X (sky130_fd_sc_hd__clkdlybuf4s25_1)
                                                         net28 (net)
                      0.067352    0.000039    4.632444 v wire193/A (sky130_fd_sc_hd__clkdlybuf4s25_1)
     1    0.009209    0.150775    0.498419    5.130863 v wire193/X (sky130_fd_sc_hd__clkdlybuf4s25_1)
                                                         net192 (net)
                      0.201033    0.000273    5.131135 v u_top.dataMemory.sram_odd_words/wmask0[3] (sky130_sram_2kbyte_1rw1r_32x512_8)
                                              5.131135   data arrival time

                                  0.000000    0.000000   clock clk (rise edge)
                                  0.000000    0.000000   clock source latency
     2    0.157321    1.138872    0.880299    0.880299 ^ clk (in)
                                                         clk (net)
                      1.155563    0.000000    0.880299 ^ clkbuf_0_clk/A (sky130_fd_sc_hd__clkbuf_16)
     2    0.043276    0.117795    0.662947    1.543247 ^ clkbuf_0_clk/X (sky130_fd_sc_hd__clkbuf_16)
                                                         clknet_0_clk (net)
                      0.117830    0.006057    1.549304 ^ clkbuf_1_1__f_clk/A (sky130_fd_sc_hd__clkbuf_16)
     2    0.153688    0.253644    0.405156    1.954460 ^ clkbuf_1_1__f_clk/X (sky130_fd_sc_hd__clkbuf_16)
                                                         clknet_1_1__leaf_clk (net)
                      0.342540    0.024168    1.978628 ^ u_top.dataMemory.sram_odd_words/clk0 (sky130_sram_2kbyte_1rw1r_32x512_8)
                                  0.100000    2.078628   clock uncertainty
                                  0.000000    2.078628   clock reconvergence pessimism
                                 -0.056000    2.022628   library hold time
                                              2.022628   data required time
---------------------------------------------------------------------------------------------
                                              2.022628   data required time
                                             -5.131135   data arrival time
---------------------------------------------------------------------------------------------
                                              3.108508   slack (MET)


Startpoint: _1562_ (rising edge-triggered flip-flop clocked by clk)
Endpoint: u_top.dataMemory.sram_odd_words
          (falling edge-triggered flip-flop clocked by clk)
Path Group: clk
Path Type: min

Fanout         Cap        Slew       Delay        Time   Description
---------------------------------------------------------------------------------------------
                                  0.000000    0.000000   clock clk (rise edge)
                                  0.000000    0.000000   clock source latency
     2    0.157321    1.138872    0.793148    0.793148 ^ clk (in)
                                                         clk (net)
                      1.154477    0.000000    0.793148 ^ clkbuf_regs_0_clk/A (sky130_fd_sc_hd__clkbuf_16)
     1    0.008569    0.076270    0.545937    1.339084 ^ clkbuf_regs_0_clk/X (sky130_fd_sc_hd__clkbuf_16)
                                                         clk_regs (net)
                      0.076271    0.000255    1.339339 ^ clkbuf_0_clk_regs/A (sky130_fd_sc_hd__clkbuf_16)
     8    0.078792    0.146453    0.280000    1.619339 ^ clkbuf_0_clk_regs/X (sky130_fd_sc_hd__clkbuf_16)
                                                         clknet_0_clk_regs (net)
                      0.146515    0.002666    1.622005 ^ clkbuf_3_2_0_clk_regs/A (sky130_fd_sc_hd__clkbuf_8)
     2    0.018941    0.080956    0.254843    1.876848 ^ clkbuf_3_2_0_clk_regs/X (sky130_fd_sc_hd__clkbuf_8)
                                                         clknet_3_2_0_clk_regs (net)
                      0.080958    0.000526    1.877374 ^ clkbuf_4_4__f_clk_regs/A (sky130_fd_sc_hd__clkbuf_16)
     9    0.028472    0.078326    0.226584    2.103957 ^ clkbuf_4_4__f_clk_regs/X (sky130_fd_sc_hd__clkbuf_16)
                                                         clknet_4_4__leaf_clk_regs (net)
                      0.078327    0.000389    2.104347 ^ _1562_/CLK (sky130_fd_sc_hd__dfrtp_2)
     1    0.002528    0.072573    0.752366    2.856712 v _1562_/Q (sky130_fd_sc_hd__dfrtp_2)
                                                         u_top.dataMemory.clear_word[0] (net)
                      0.072573    0.000068    2.856780 v _1719_/A (sky130_fd_sc_hd__buf_2)
     2    0.008050    0.064662    0.239462    3.096241 v _1719_/X (sky130_fd_sc_hd__buf_2)
                                                         _0662_ (net)
                      0.064662    0.000166    3.096407 v fanout59/A (sky130_fd_sc_hd__buf_1)
    10    0.036383    0.410575    0.405948    3.502355 v fanout59/X (sky130_fd_sc_hd__buf_1)
                                                         net59 (net)
                      0.410684    0.001916    3.504270 v _1123_/B (sky130_fd_sc_hd__nand2_2)
     2    0.017091    0.195686    0.315995    3.820265 ^ _1123_/Y (sky130_fd_sc_hd__nand2_2)
                                                         _0692_ (net)
                      0.195686    0.000246    3.820511 ^ _1124_/A (sky130_fd_sc_hd__inv_2)
     1    0.003546    0.046206    0.091172    3.911683 v _1124_/Y (sky130_fd_sc_hd__inv_2)
                                                         _0693_ (net)
                      0.046206    0.000085    3.911768 v _1828_/A (sky130_fd_sc_hd__buf_2)
     7    0.020829    0.113398    0.276237    4.188005 v _1828_/X (sky130_fd_sc_hd__buf_2)
                                                         u_top.dataMemory.s1_wmask0[3] (net)
                      0.113401    0.000748    4.188754 v load_slew29/A (sky130_fd_sc_hd__clkdlybuf4s25_1)
     1    0.002980    0.076489    0.453406    4.642159 v load_slew29/X (sky130_fd_sc_hd__clkdlybuf4s25_1)
                                                         net29 (net)
                      0.076489    0.000084    4.642244 v wire199/A (sky130_fd_sc_hd__clkdlybuf4s25_1)
     1    0.008945    0.147487    0.499726    5.141970 v wire199/X (sky130_fd_sc_hd__clkdlybuf4s25_1)
                                                         net198 (net)
                      0.196649    0.000265    5.142234 v u_top.dataMemory.sram_odd_words/wmask0[2] (sky130_sram_2kbyte_1rw1r_32x512_8)
                                              5.142234   data arrival time

                                  0.000000    0.000000   clock clk (rise edge)
                                  0.000000    0.000000   clock source latency
     2    0.157321    1.138872    0.880299    0.880299 ^ clk (in)
                                                         clk (net)
                      1.155563    0.000000    0.880299 ^ clkbuf_0_clk/A (sky130_fd_sc_hd__clkbuf_16)
     2    0.043276    0.117795    0.662947    1.543247 ^ clkbuf_0_clk/X (sky130_fd_sc_hd__clkbuf_16)
                                                         clknet_0_clk (net)
                      0.117830    0.006057    1.549304 ^ clkbuf_1_1__f_clk/A (sky130_fd_sc_hd__clkbuf_16)
     2    0.153688    0.253644    0.405156    1.954460 ^ clkbuf_1_1__f_clk/X (sky130_fd_sc_hd__clkbuf_16)
                                                         clknet_1_1__leaf_clk (net)
                      0.342540    0.024168    1.978628 ^ u_top.dataMemory.sram_odd_words/clk0 (sky130_sram_2kbyte_1rw1r_32x512_8)
                                  0.100000    2.078628   clock uncertainty
                                  0.000000    2.078628   clock reconvergence pessimism
                                 -0.056000    2.022628   library hold time
                                              2.022628   data required time
---------------------------------------------------------------------------------------------
                                              2.022628   data required time
                                             -5.142234   data arrival time
---------------------------------------------------------------------------------------------
                                              3.119607   slack (MET)


Startpoint: _1562_ (rising edge-triggered flip-flop clocked by clk)
Endpoint: u_top.dataMemory.sram_even_words
          (falling edge-triggered flip-flop clocked by clk)
Path Group: clk
Path Type: min

Fanout         Cap        Slew       Delay        Time   Description
---------------------------------------------------------------------------------------------
                                  0.000000    0.000000   clock clk (rise edge)
                                  0.000000    0.000000   clock source latency
     2    0.157321    1.138872    0.793148    0.793148 ^ clk (in)
                                                         clk (net)
                      1.154477    0.000000    0.793148 ^ clkbuf_regs_0_clk/A (sky130_fd_sc_hd__clkbuf_16)
     1    0.008569    0.076270    0.545937    1.339084 ^ clkbuf_regs_0_clk/X (sky130_fd_sc_hd__clkbuf_16)
                                                         clk_regs (net)
                      0.076271    0.000255    1.339339 ^ clkbuf_0_clk_regs/A (sky130_fd_sc_hd__clkbuf_16)
     8    0.078792    0.146453    0.280000    1.619339 ^ clkbuf_0_clk_regs/X (sky130_fd_sc_hd__clkbuf_16)
                                                         clknet_0_clk_regs (net)
                      0.146515    0.002666    1.622005 ^ clkbuf_3_2_0_clk_regs/A (sky130_fd_sc_hd__clkbuf_8)
     2    0.018941    0.080956    0.254843    1.876848 ^ clkbuf_3_2_0_clk_regs/X (sky130_fd_sc_hd__clkbuf_8)
                                                         clknet_3_2_0_clk_regs (net)
                      0.080958    0.000526    1.877374 ^ clkbuf_4_4__f_clk_regs/A (sky130_fd_sc_hd__clkbuf_16)
     9    0.028472    0.078326    0.226584    2.103957 ^ clkbuf_4_4__f_clk_regs/X (sky130_fd_sc_hd__clkbuf_16)
                                                         clknet_4_4__leaf_clk_regs (net)
                      0.078327    0.000389    2.104347 ^ _1562_/CLK (sky130_fd_sc_hd__dfrtp_2)
     1    0.002656    0.068732    0.641343    2.745689 ^ _1562_/Q (sky130_fd_sc_hd__dfrtp_2)
                                                         u_top.dataMemory.clear_word[0] (net)
                      0.068732    0.000072    2.745761 ^ _1719_/A (sky130_fd_sc_hd__buf_2)
     2    0.008356    0.083884    0.192242    2.938003 ^ _1719_/X (sky130_fd_sc_hd__buf_2)
                                                         _0662_ (net)
                      0.083884    0.000239    2.938241 ^ fanout60/A (sky130_fd_sc_hd__clkdlybuf4s25_1)
     5    0.023884    0.392901    0.667246    3.605488 ^ fanout60/X (sky130_fd_sc_hd__clkdlybuf4s25_1)
                                                         net60 (net)
                      0.392902    0.001433    3.606920 ^ _1220_/B (sky130_fd_sc_hd__nor2_2)
     2    0.012841    0.113801    0.197329    3.804250 v _1220_/Y (sky130_fd_sc_hd__nor2_2)
                                                         _0682_ (net)
                      0.113802    0.000403    3.804652 v fanout41/A (sky130_fd_sc_hd__buf_2)
    10    0.089173    0.386591    0.496519    4.301171 v fanout41/X (sky130_fd_sc_hd__buf_2)
                                                         net41 (net)
                      0.389399    0.025428    4.326599 v _1829_/A (sky130_fd_sc_hd__buf_2)
     7    0.019909    0.111131    0.428494    4.755093 v _1829_/X (sky130_fd_sc_hd__buf_2)
                                                         u_top.dataMemory.s0_wmask0[3] (net)
                      0.111135    0.000764    4.755857 v load_slew27/A (sky130_fd_sc_hd__buf_1)
     1    0.002310    0.045667    0.166031    4.921888 v load_slew27/X (sky130_fd_sc_hd__buf_1)
                                                         net27 (net)
                      0.045667    0.000061    4.921950 v wire200/A (sky130_fd_sc_hd__clkdlybuf4s25_1)
     1    0.008233    0.138891    0.479388    5.401338 v wire200/X (sky130_fd_sc_hd__clkdlybuf4s25_1)
                                                         net199 (net)
                      0.185188    0.000218    5.401556 v u_top.dataMemory.sram_even_words/wmask0[0] (sky130_sram_2kbyte_1rw1r_32x512_8)
                                              5.401556   data arrival time

                                  0.000000    0.000000   clock clk (rise edge)
                                  0.000000    0.000000   clock source latency
     2    0.157321    1.138872    0.880299    0.880299 ^ clk (in)
                                                         clk (net)
                      1.155563    0.000000    0.880299 ^ clkbuf_0_clk/A (sky130_fd_sc_hd__clkbuf_16)
     2    0.043276    0.117795    0.662947    1.543247 ^ clkbuf_0_clk/X (sky130_fd_sc_hd__clkbuf_16)
                                                         clknet_0_clk (net)
                      0.117832    0.006140    1.549387 ^ clkbuf_1_0__f_clk/A (sky130_fd_sc_hd__clkbuf_16)
     2    0.125447    0.213494    0.363119    1.912506 ^ clkbuf_1_0__f_clk/X (sky130_fd_sc_hd__clkbuf_16)
                                                         clknet_1_0__leaf_clk (net)
                      0.311569    0.052852    1.965358 ^ u_top.dataMemory.sram_even_words/clk0 (sky130_sram_2kbyte_1rw1r_32x512_8)
                                  0.100000    2.065358   clock uncertainty
                                  0.000000    2.065358   clock reconvergence pessimism
                                 -0.056000    2.009358   library hold time
                                              2.009358   data required time
---------------------------------------------------------------------------------------------
                                              2.009358   data required time
                                             -5.401556   data arrival time
---------------------------------------------------------------------------------------------
                                              3.392198   slack (MET)


Startpoint: _1562_ (rising edge-triggered flip-flop clocked by clk)
Endpoint: u_top.dataMemory.sram_even_words
          (falling edge-triggered flip-flop clocked by clk)
Path Group: clk
Path Type: min

Fanout         Cap        Slew       Delay        Time   Description
---------------------------------------------------------------------------------------------
                                  0.000000    0.000000   clock clk (rise edge)
                                  0.000000    0.000000   clock source latency
     2    0.157321    1.138872    0.793148    0.793148 ^ clk (in)
                                                         clk (net)
                      1.154477    0.000000    0.793148 ^ clkbuf_regs_0_clk/A (sky130_fd_sc_hd__clkbuf_16)
     1    0.008569    0.076270    0.545937    1.339084 ^ clkbuf_regs_0_clk/X (sky130_fd_sc_hd__clkbuf_16)
                                                         clk_regs (net)
                      0.076271    0.000255    1.339339 ^ clkbuf_0_clk_regs/A (sky130_fd_sc_hd__clkbuf_16)
     8    0.078792    0.146453    0.280000    1.619339 ^ clkbuf_0_clk_regs/X (sky130_fd_sc_hd__clkbuf_16)
                                                         clknet_0_clk_regs (net)
                      0.146515    0.002666    1.622005 ^ clkbuf_3_2_0_clk_regs/A (sky130_fd_sc_hd__clkbuf_8)
     2    0.018941    0.080956    0.254843    1.876848 ^ clkbuf_3_2_0_clk_regs/X (sky130_fd_sc_hd__clkbuf_8)
                                                         clknet_3_2_0_clk_regs (net)
                      0.080958    0.000526    1.877374 ^ clkbuf_4_4__f_clk_regs/A (sky130_fd_sc_hd__clkbuf_16)
     9    0.028472    0.078326    0.226584    2.103957 ^ clkbuf_4_4__f_clk_regs/X (sky130_fd_sc_hd__clkbuf_16)
                                                         clknet_4_4__leaf_clk_regs (net)
                      0.078327    0.000389    2.104347 ^ _1562_/CLK (sky130_fd_sc_hd__dfrtp_2)
     1    0.002656    0.068732    0.641343    2.745689 ^ _1562_/Q (sky130_fd_sc_hd__dfrtp_2)
                                                         u_top.dataMemory.clear_word[0] (net)
                      0.068732    0.000072    2.745761 ^ _1719_/A (sky130_fd_sc_hd__buf_2)
     2    0.008356    0.083884    0.192242    2.938003 ^ _1719_/X (sky130_fd_sc_hd__buf_2)
                                                         _0662_ (net)
                      0.083884    0.000239    2.938241 ^ fanout60/A (sky130_fd_sc_hd__clkdlybuf4s25_1)
     5    0.023884    0.392901    0.667246    3.605488 ^ fanout60/X (sky130_fd_sc_hd__clkdlybuf4s25_1)
                                                         net60 (net)
                      0.392902    0.001433    3.606920 ^ _1220_/B (sky130_fd_sc_hd__nor2_2)
     2    0.012841    0.113801    0.197329    3.804250 v _1220_/Y (sky130_fd_sc_hd__nor2_2)
                                                         _0682_ (net)
                      0.113802    0.000403    3.804652 v fanout41/A (sky130_fd_sc_hd__buf_2)
    10    0.089173    0.386591    0.496519    4.301171 v fanout41/X (sky130_fd_sc_hd__buf_2)
                                                         net41 (net)
                      0.389399    0.025428    4.326599 v _1829_/A (sky130_fd_sc_hd__buf_2)
     7    0.019909    0.111131    0.428494    4.755093 v _1829_/X (sky130_fd_sc_hd__buf_2)
                                                         u_top.dataMemory.s0_wmask0[3] (net)
                      0.111133    0.000639    4.755732 v load_slew26/A (sky130_fd_sc_hd__buf_1)
     1    0.002249    0.045090    0.165486    4.921218 v load_slew26/X (sky130_fd_sc_hd__buf_1)
                                                         net26 (net)
                      0.045090    0.000041    4.921259 v wire201/A (sky130_fd_sc_hd__clkdlybuf4s25_1)
     1    0.008625    0.143680    0.483050    5.404310 v wire201/X (sky130_fd_sc_hd__clkdlybuf4s25_1)
                                                         net200 (net)
                      0.191573    0.000217    5.404526 v u_top.dataMemory.sram_even_words/wmask0[1] (sky130_sram_2kbyte_1rw1r_32x512_8)
                                              5.404526   data arrival time

                                  0.000000    0.000000   clock clk (rise edge)
                                  0.000000    0.000000   clock source latency
     2    0.157321    1.138872    0.880299    0.880299 ^ clk (in)
                                                         clk (net)
                      1.155563    0.000000    0.880299 ^ clkbuf_0_clk/A (sky130_fd_sc_hd__clkbuf_16)
     2    0.043276    0.117795    0.662947    1.543247 ^ clkbuf_0_clk/X (sky130_fd_sc_hd__clkbuf_16)
                                                         clknet_0_clk (net)
                      0.117832    0.006140    1.549387 ^ clkbuf_1_0__f_clk/A (sky130_fd_sc_hd__clkbuf_16)
     2    0.125447    0.213494    0.363119    1.912506 ^ clkbuf_1_0__f_clk/X (sky130_fd_sc_hd__clkbuf_16)
                                                         clknet_1_0__leaf_clk (net)
                      0.311569    0.052852    1.965358 ^ u_top.dataMemory.sram_even_words/clk0 (sky130_sram_2kbyte_1rw1r_32x512_8)
                                  0.100000    2.065358   clock uncertainty
                                  0.000000    2.065358   clock reconvergence pessimism
                                 -0.056000    2.009358   library hold time
                                              2.009358   data required time
---------------------------------------------------------------------------------------------
                                              2.009358   data required time
                                             -5.404526   data arrival time
---------------------------------------------------------------------------------------------
                                              3.395169   slack (MET)


Startpoint: _1562_ (rising edge-triggered flip-flop clocked by clk)
Endpoint: u_top.dataMemory.sram_even_words
          (falling edge-triggered flip-flop clocked by clk)
Path Group: clk
Path Type: min

Fanout         Cap        Slew       Delay        Time   Description
---------------------------------------------------------------------------------------------
                                  0.000000    0.000000   clock clk (rise edge)
                                  0.000000    0.000000   clock source latency
     2    0.157321    1.138872    0.793148    0.793148 ^ clk (in)
                                                         clk (net)
                      1.154477    0.000000    0.793148 ^ clkbuf_regs_0_clk/A (sky130_fd_sc_hd__clkbuf_16)
     1    0.008569    0.076270    0.545937    1.339084 ^ clkbuf_regs_0_clk/X (sky130_fd_sc_hd__clkbuf_16)
                                                         clk_regs (net)
                      0.076271    0.000255    1.339339 ^ clkbuf_0_clk_regs/A (sky130_fd_sc_hd__clkbuf_16)
     8    0.078792    0.146453    0.280000    1.619339 ^ clkbuf_0_clk_regs/X (sky130_fd_sc_hd__clkbuf_16)
                                                         clknet_0_clk_regs (net)
                      0.146515    0.002666    1.622005 ^ clkbuf_3_2_0_clk_regs/A (sky130_fd_sc_hd__clkbuf_8)
     2    0.018941    0.080956    0.254843    1.876848 ^ clkbuf_3_2_0_clk_regs/X (sky130_fd_sc_hd__clkbuf_8)
                                                         clknet_3_2_0_clk_regs (net)
                      0.080958    0.000526    1.877374 ^ clkbuf_4_4__f_clk_regs/A (sky130_fd_sc_hd__clkbuf_16)
     9    0.028472    0.078326    0.226584    2.103957 ^ clkbuf_4_4__f_clk_regs/X (sky130_fd_sc_hd__clkbuf_16)
                                                         clknet_4_4__leaf_clk_regs (net)
                      0.078327    0.000389    2.104347 ^ _1562_/CLK (sky130_fd_sc_hd__dfrtp_2)
     1    0.002656    0.068732    0.641343    2.745689 ^ _1562_/Q (sky130_fd_sc_hd__dfrtp_2)
                                                         u_top.dataMemory.clear_word[0] (net)
                      0.068732    0.000072    2.745761 ^ _1719_/A (sky130_fd_sc_hd__buf_2)
     2    0.008356    0.083884    0.192242    2.938003 ^ _1719_/X (sky130_fd_sc_hd__buf_2)
                                                         _0662_ (net)
                      0.083884    0.000239    2.938241 ^ fanout60/A (sky130_fd_sc_hd__clkdlybuf4s25_1)
     5    0.023884    0.392901    0.667246    3.605488 ^ fanout60/X (sky130_fd_sc_hd__clkdlybuf4s25_1)
                                                         net60 (net)
                      0.392902    0.001433    3.606920 ^ _1220_/B (sky130_fd_sc_hd__nor2_2)
     2    0.012841    0.113801    0.197329    3.804250 v _1220_/Y (sky130_fd_sc_hd__nor2_2)
                                                         _0682_ (net)
                      0.113802    0.000403    3.804652 v fanout41/A (sky130_fd_sc_hd__buf_2)
    10    0.089173    0.386591    0.496519    4.301171 v fanout41/X (sky130_fd_sc_hd__buf_2)
                                                         net41 (net)
                      0.389399    0.025428    4.326599 v _1829_/A (sky130_fd_sc_hd__buf_2)
     7    0.019909    0.111131    0.428494    4.755093 v _1829_/X (sky130_fd_sc_hd__buf_2)
                                                         u_top.dataMemory.s0_wmask0[3] (net)
                      0.111135    0.000800    4.755893 v load_slew25/A (sky130_fd_sc_hd__clkdlybuf4s25_1)
     1    0.002522    0.071391    0.446809    5.202703 v load_slew25/X (sky130_fd_sc_hd__clkdlybuf4s25_1)
                                                         net25 (net)
                      0.071391    0.000068    5.202771 v wire202/A (sky130_fd_sc_hd__clkdlybuf4s25_1)
     1    0.008407    0.140889    0.492197    5.694968 v wire202/X (sky130_fd_sc_hd__clkdlybuf4s25_1)
                                                         net201 (net)
                      0.187851    0.000222    5.695190 v u_top.dataMemory.sram_even_words/wmask0[2] (sky130_sram_2kbyte_1rw1r_32x512_8)
                                              5.695190   data arrival time

                                  0.000000    0.000000   clock clk (rise edge)
                                  0.000000    0.000000   clock source latency
     2    0.157321    1.138872    0.880299    0.880299 ^ clk (in)
                                                         clk (net)
                      1.155563    0.000000    0.880299 ^ clkbuf_0_clk/A (sky130_fd_sc_hd__clkbuf_16)
     2    0.043276    0.117795    0.662947    1.543247 ^ clkbuf_0_clk/X (sky130_fd_sc_hd__clkbuf_16)
                                                         clknet_0_clk (net)
                      0.117832    0.006140    1.549387 ^ clkbuf_1_0__f_clk/A (sky130_fd_sc_hd__clkbuf_16)
     2    0.125447    0.213494    0.363119    1.912506 ^ clkbuf_1_0__f_clk/X (sky130_fd_sc_hd__clkbuf_16)
                                                         clknet_1_0__leaf_clk (net)
                      0.311569    0.052852    1.965358 ^ u_top.dataMemory.sram_even_words/clk0 (sky130_sram_2kbyte_1rw1r_32x512_8)
                                  0.100000    2.065358   clock uncertainty
                                  0.000000    2.065358   clock reconvergence pessimism
                                 -0.056000    2.009358   library hold time
                                              2.009358   data required time
---------------------------------------------------------------------------------------------
                                              2.009358   data required time
                                             -5.695190   data arrival time
---------------------------------------------------------------------------------------------
                                              3.685833   slack (MET)


Startpoint: _1562_ (rising edge-triggered flip-flop clocked by clk)
Endpoint: u_top.dataMemory.sram_even_words
          (falling edge-triggered flip-flop clocked by clk)
Path Group: clk
Path Type: min

Fanout         Cap        Slew       Delay        Time   Description
---------------------------------------------------------------------------------------------
                                  0.000000    0.000000   clock clk (rise edge)
                                  0.000000    0.000000   clock source latency
     2    0.157321    1.138872    0.793148    0.793148 ^ clk (in)
                                                         clk (net)
                      1.154477    0.000000    0.793148 ^ clkbuf_regs_0_clk/A (sky130_fd_sc_hd__clkbuf_16)
     1    0.008569    0.076270    0.545937    1.339084 ^ clkbuf_regs_0_clk/X (sky130_fd_sc_hd__clkbuf_16)
                                                         clk_regs (net)
                      0.076271    0.000255    1.339339 ^ clkbuf_0_clk_regs/A (sky130_fd_sc_hd__clkbuf_16)
     8    0.078792    0.146453    0.280000    1.619339 ^ clkbuf_0_clk_regs/X (sky130_fd_sc_hd__clkbuf_16)
                                                         clknet_0_clk_regs (net)
                      0.146515    0.002666    1.622005 ^ clkbuf_3_2_0_clk_regs/A (sky130_fd_sc_hd__clkbuf_8)
     2    0.018941    0.080956    0.254843    1.876848 ^ clkbuf_3_2_0_clk_regs/X (sky130_fd_sc_hd__clkbuf_8)
                                                         clknet_3_2_0_clk_regs (net)
                      0.080958    0.000526    1.877374 ^ clkbuf_4_4__f_clk_regs/A (sky130_fd_sc_hd__clkbuf_16)
     9    0.028472    0.078326    0.226584    2.103957 ^ clkbuf_4_4__f_clk_regs/X (sky130_fd_sc_hd__clkbuf_16)
                                                         clknet_4_4__leaf_clk_regs (net)
                      0.078327    0.000389    2.104347 ^ _1562_/CLK (sky130_fd_sc_hd__dfrtp_2)
     1    0.002656    0.068732    0.641343    2.745689 ^ _1562_/Q (sky130_fd_sc_hd__dfrtp_2)
                                                         u_top.dataMemory.clear_word[0] (net)
                      0.068732    0.000072    2.745761 ^ _1719_/A (sky130_fd_sc_hd__buf_2)
     2    0.008356    0.083884    0.192242    2.938003 ^ _1719_/X (sky130_fd_sc_hd__buf_2)
                                                         _0662_ (net)
                      0.083884    0.000239    2.938241 ^ fanout60/A (sky130_fd_sc_hd__clkdlybuf4s25_1)
     5    0.023884    0.392901    0.667246    3.605488 ^ fanout60/X (sky130_fd_sc_hd__clkdlybuf4s25_1)
                                                         net60 (net)
                      0.392902    0.001433    3.606920 ^ _1220_/B (sky130_fd_sc_hd__nor2_2)
     2    0.012841    0.113801    0.197329    3.804250 v _1220_/Y (sky130_fd_sc_hd__nor2_2)
                                                         _0682_ (net)
                      0.113802    0.000403    3.804652 v fanout41/A (sky130_fd_sc_hd__buf_2)
    10    0.089173    0.386591    0.496519    4.301171 v fanout41/X (sky130_fd_sc_hd__buf_2)
                                                         net41 (net)
                      0.389399    0.025428    4.326599 v _1829_/A (sky130_fd_sc_hd__buf_2)
     7    0.019909    0.111131    0.428494    4.755093 v _1829_/X (sky130_fd_sc_hd__buf_2)
                                                         u_top.dataMemory.s0_wmask0[3] (net)
                      0.111135    0.000813    4.755906 v wire24/A (sky130_fd_sc_hd__clkdlybuf4s25_1)
     1    0.002389    0.069951    0.445187    5.201093 v wire24/X (sky130_fd_sc_hd__clkdlybuf4s25_1)
                                                         net24 (net)
                      0.069951    0.000064    5.201157 v wire194/A (sky130_fd_sc_hd__clkdlybuf4s25_1)
     1    0.008950    0.147570    0.496982    5.698140 v wire194/X (sky130_fd_sc_hd__clkdlybuf4s25_1)
                                                         net193 (net)
                      0.196761    0.000235    5.698374 v u_top.dataMemory.sram_even_words/wmask0[3] (sky130_sram_2kbyte_1rw1r_32x512_8)
                                              5.698374   data arrival time

                                  0.000000    0.000000   clock clk (rise edge)
                                  0.000000    0.000000   clock source latency
     2    0.157321    1.138872    0.880299    0.880299 ^ clk (in)
                                                         clk (net)
                      1.155563    0.000000    0.880299 ^ clkbuf_0_clk/A (sky130_fd_sc_hd__clkbuf_16)
     2    0.043276    0.117795    0.662947    1.543247 ^ clkbuf_0_clk/X (sky130_fd_sc_hd__clkbuf_16)
                                                         clknet_0_clk (net)
                      0.117832    0.006140    1.549387 ^ clkbuf_1_0__f_clk/A (sky130_fd_sc_hd__clkbuf_16)
     2    0.125447    0.213494    0.363119    1.912506 ^ clkbuf_1_0__f_clk/X (sky130_fd_sc_hd__clkbuf_16)
                                                         clknet_1_0__leaf_clk (net)
                      0.311569    0.052852    1.965358 ^ u_top.dataMemory.sram_even_words/clk0 (sky130_sram_2kbyte_1rw1r_32x512_8)
                                  0.100000    2.065358   clock uncertainty
                                  0.000000    2.065358   clock reconvergence pessimism
                                 -0.056000    2.009358   library hold time
                                              2.009358   data required time
---------------------------------------------------------------------------------------------
                                              2.009358   data required time
                                             -5.698374   data arrival time
---------------------------------------------------------------------------------------------
                                              3.689017   slack (MET)


Startpoint: _1507_ (rising edge-triggered flip-flop clocked by clk)
Endpoint: gpio[3] (output port clocked by clk)
Path Group: clk
Path Type: min

Fanout         Cap        Slew       Delay        Time   Description
---------------------------------------------------------------------------------------------
                                  0.000000    0.000000   clock clk (rise edge)
                                  0.000000    0.000000   clock source latency
     2    0.157321    1.138872    0.793148    0.793148 ^ clk (in)
                                                         clk (net)
                      1.154477    0.000000    0.793148 ^ clkbuf_regs_0_clk/A (sky130_fd_sc_hd__clkbuf_16)
     1    0.008569    0.076270    0.545937    1.339084 ^ clkbuf_regs_0_clk/X (sky130_fd_sc_hd__clkbuf_16)
                                                         clk_regs (net)
                      0.076271    0.000255    1.339339 ^ clkbuf_0_clk_regs/A (sky130_fd_sc_hd__clkbuf_16)
     8    0.078792    0.146453    0.280000    1.619339 ^ clkbuf_0_clk_regs/X (sky130_fd_sc_hd__clkbuf_16)
                                                         clknet_0_clk_regs (net)
                      0.146515    0.002666    1.622005 ^ clkbuf_3_2_0_clk_regs/A (sky130_fd_sc_hd__clkbuf_8)
     2    0.018941    0.080956    0.254843    1.876848 ^ clkbuf_3_2_0_clk_regs/X (sky130_fd_sc_hd__clkbuf_8)
                                                         clknet_3_2_0_clk_regs (net)
                      0.080959    0.000544    1.877393 ^ clkbuf_4_5__f_clk_regs/A (sky130_fd_sc_hd__clkbuf_16)
     8    0.026986    0.076362    0.224423    2.101815 ^ clkbuf_4_5__f_clk_regs/X (sky130_fd_sc_hd__clkbuf_16)
                                                         clknet_4_5__leaf_clk_regs (net)
                      0.076379    0.000980    2.102795 ^ _1507_/CLK (sky130_fd_sc_hd__dfxtp_2)
     4    0.009147    0.096145    0.645194    2.747988 ^ _1507_/Q (sky130_fd_sc_hd__dfxtp_2)
                                                         u_top.instruction_mmu.u_tlb.flags[3][3] (net)
                      0.096145    0.000237    2.748225 ^ _1863_/A (sky130_fd_sc_hd__buf_2)
     2    0.009870    0.094621    0.212381    2.960606 ^ _1863_/X (sky130_fd_sc_hd__buf_2)
                                                         _0699_ (net)
                      0.094621    0.000422    2.961028 ^ _1261_/B2 (sky130_fd_sc_hd__o221a_4)
     1    0.011078    0.103568    0.364636    3.325664 ^ _1261_/X (sky130_fd_sc_hd__o221a_4)
                                                         _0576_ (net)
                      0.103569    0.000399    3.326063 ^ _1262_/B (sky130_fd_sc_hd__nor2_4)
     1    0.068821    0.156373    0.152288    3.478351 v _1262_/Y (sky130_fd_sc_hd__nor2_4)
                                                         _0694_ (net)
                      0.161031    0.020294    3.498645 v wire3/A (sky130_fd_sc_hd__buf_8)
     1    0.034189    0.067382    0.268289    3.766934 v wire3/X (sky130_fd_sc_hd__buf_8)
                                                         gpio[3] (net)
                      0.067388    0.000645    3.767579 v gpio[3] (out)
                                              3.767579   data arrival time

                                  0.000000    0.000000   clock clk (rise edge)
                                  0.000000    0.000000   clock network delay (propagated)
                                  0.100000    0.100000   clock uncertainty
                                  0.000000    0.100000   clock reconvergence pessimism
                                 -2.000000   -1.900000   output external delay
                                             -1.900000   data required time
---------------------------------------------------------------------------------------------
                                             -1.900000   data required time
                                             -3.767579   data arrival time
---------------------------------------------------------------------------------------------
                                              5.667579   slack (MET)


Startpoint: _1550_ (rising edge-triggered flip-flop clocked by clk)
Endpoint: gpio[1] (output port clocked by clk)
Path Group: clk
Path Type: min

Fanout         Cap        Slew       Delay        Time   Description
---------------------------------------------------------------------------------------------
                                  0.000000    0.000000   clock clk (rise edge)
                                  0.000000    0.000000   clock source latency
     2    0.157321    1.138872    0.793148    0.793148 ^ clk (in)
                                                         clk (net)
                      1.154477    0.000000    0.793148 ^ clkbuf_regs_0_clk/A (sky130_fd_sc_hd__clkbuf_16)
     1    0.008569    0.076270    0.545937    1.339084 ^ clkbuf_regs_0_clk/X (sky130_fd_sc_hd__clkbuf_16)
                                                         clk_regs (net)
                      0.076271    0.000255    1.339339 ^ clkbuf_0_clk_regs/A (sky130_fd_sc_hd__clkbuf_16)
     8    0.078792    0.146453    0.280000    1.619339 ^ clkbuf_0_clk_regs/X (sky130_fd_sc_hd__clkbuf_16)
                                                         clknet_0_clk_regs (net)
                      0.146476    0.001799    1.621139 ^ clkbuf_3_6_0_clk_regs/A (sky130_fd_sc_hd__clkbuf_8)
     2    0.019776    0.082884    0.256635    1.877774 ^ clkbuf_3_6_0_clk_regs/X (sky130_fd_sc_hd__clkbuf_8)
                                                         clknet_3_6_0_clk_regs (net)
                      0.082886    0.000512    1.878286 ^ clkbuf_4_13__f_clk_regs/A (sky130_fd_sc_hd__clkbuf_16)
     8    0.024105    0.072567    0.221410    2.099695 ^ clkbuf_4_13__f_clk_regs/X (sky130_fd_sc_hd__clkbuf_16)
                                                         clknet_4_13__leaf_clk_regs (net)
                      0.072590    0.000666    2.100362 ^ _1550_/CLK (sky130_fd_sc_hd__dfxtp_2)
     1    0.001889    0.036153    0.560136    2.660497 v _1550_/Q (sky130_fd_sc_hd__dfxtp_2)
                                                         u_top.RV32I_Logic.Single_Cycle_Datapath.pcREG.q[20] (net)
                      0.036153    0.000035    2.660532 v _1769_/A (sky130_fd_sc_hd__buf_2)
     6    0.027813    0.140710    0.292848    2.953381 v _1769_/X (sky130_fd_sc_hd__buf_2)
                                                         _0640_ (net)
                      0.140714    0.000930    2.954311 v _1085_/A (sky130_fd_sc_hd__inv_2)
     2    0.011025    0.097520    0.132916    3.087227 ^ _1085_/Y (sky130_fd_sc_hd__inv_2)
                                                         _0436_ (net)
                      0.097520    0.000285    3.087512 ^ _1161_/A1 (sky130_fd_sc_hd__a2111oi_2)
     1    0.003959    0.062182    0.128678    3.216189 v _1161_/Y (sky130_fd_sc_hd__a2111oi_2)
                                                         _0497_ (net)
                      0.062182    0.000123    3.216313 v _1219_/B (sky130_fd_sc_hd__and4_4)
     1    0.047626    0.136646    0.374267    3.590580 v _1219_/X (sky130_fd_sc_hd__and4_4)
                                                         _0695_ (net)
                      0.137486    0.007516    3.598096 v wire12/A (sky130_fd_sc_hd__buf_12)
     1    0.102420    0.109033    0.288358    3.886454 v wire12/X (sky130_fd_sc_hd__buf_12)
                                                         net12 (net)
                      0.133128    0.037097    3.923551 v wire4/A (sky130_fd_sc_hd__buf_12)
     1    0.034021    0.058440    0.255104    4.178655 v wire4/X (sky130_fd_sc_hd__buf_12)
                                                         gpio[1] (net)
                      0.058446    0.000595    4.179249 v gpio[1] (out)
                                              4.179249   data arrival time

                                  0.000000    0.000000   clock clk (rise edge)
                                  0.000000    0.000000   clock network delay (propagated)
                                  0.100000    0.100000   clock uncertainty
                                  0.000000    0.100000   clock reconvergence pessimism
                                 -2.000000   -1.900000   output external delay
                                             -1.900000   data required time
---------------------------------------------------------------------------------------------
                                             -1.900000   data required time
                                             -4.179249   data arrival time
---------------------------------------------------------------------------------------------
                                              6.079249   slack (MET)



