
===========================================================================
report_checks -path_delay min (Hold)
============================================================================
======================= nom_tt_025C_1v80 Corner ===================================

Startpoint: _1573_ (rising edge-triggered flip-flop clocked by clk)
Endpoint: u_top.dataMemory.sram_even_words
          (falling edge-triggered flip-flop clocked by clk)
Path Group: clk
Path Type: min

Fanout         Cap        Slew       Delay        Time   Description
---------------------------------------------------------------------------------------------
                      0.150000    0.000000    0.000000   clock clk (rise edge)
                                  0.000000    0.000000   clock network delay (ideal)
                      0.150000    0.000000    0.000000 ^ _1573_/CLK (sky130_fd_sc_hd__dfstp_2)
     3    0.015427    0.048249    0.398196    0.398196 v _1573_/Q (sky130_fd_sc_hd__dfstp_2)
                                                         u_top.dataMemory.clear_active (net)
                      0.064332    0.000000    0.398196 v u_top.dataMemory.sram_even_words/csb1 (sky130_sram_2kbyte_1rw1r_32x512_8)
                                              0.398196   data arrival time

                      0.150000    0.000000    0.000000   clock clk (rise edge)
                                  0.000000    0.000000   clock network delay (ideal)
                                  0.250000    0.250000   clock uncertainty
                                  0.000000    0.250000   clock reconvergence pessimism
                                              0.250000 ^ u_top.dataMemory.sram_even_words/clk1 (sky130_sram_2kbyte_1rw1r_32x512_8)
                                 -0.056000    0.194000   library hold time
                                              0.194000   data required time
---------------------------------------------------------------------------------------------
                                              0.194000   data required time
                                             -0.398196   data arrival time
---------------------------------------------------------------------------------------------
                                              0.204196   slack (MET)


Startpoint: _1573_ (rising edge-triggered flip-flop clocked by clk)
Endpoint: u_top.dataMemory.sram_odd_words
          (falling edge-triggered flip-flop clocked by clk)
Path Group: clk
Path Type: min

Fanout         Cap        Slew       Delay        Time   Description
---------------------------------------------------------------------------------------------
                      0.150000    0.000000    0.000000   clock clk (rise edge)
                                  0.000000    0.000000   clock network delay (ideal)
                      0.150000    0.000000    0.000000 ^ _1573_/CLK (sky130_fd_sc_hd__dfstp_2)
     3    0.015427    0.048249    0.398196    0.398196 v _1573_/Q (sky130_fd_sc_hd__dfstp_2)
                                                         u_top.dataMemory.clear_active (net)
                      0.085776    0.000000    0.398196 v u_top.dataMemory.sram_odd_words/csb1 (sky130_sram_2kbyte_1rw1r_32x512_8)
                                              0.398196   data arrival time

                      0.150000    0.000000    0.000000   clock clk (rise edge)
                                  0.000000    0.000000   clock network delay (ideal)
                                  0.250000    0.250000   clock uncertainty
                                  0.000000    0.250000   clock reconvergence pessimism
                                              0.250000 ^ u_top.dataMemory.sram_odd_words/clk1 (sky130_sram_2kbyte_1rw1r_32x512_8)
                                 -0.056000    0.194000   library hold time
                                              0.194000   data required time
---------------------------------------------------------------------------------------------
                                              0.194000   data required time
                                             -0.398196   data arrival time
---------------------------------------------------------------------------------------------
                                              0.204196   slack (MET)


Startpoint: _1516_ (rising edge-triggered flip-flop clocked by clk)
Endpoint: _1516_ (rising edge-triggered flip-flop clocked by clk)
Path Group: clk
Path Type: min

Fanout         Cap        Slew       Delay        Time   Description
---------------------------------------------------------------------------------------------
                      0.150000    0.000000    0.000000   clock clk (rise edge)
                                  0.000000    0.000000   clock network delay (ideal)
                      0.150000    0.000000    0.000000 ^ _1516_/CLK (sky130_fd_sc_hd__dfxtp_2)
     1    0.001807    0.026610    0.319044    0.319044 ^ _1516_/Q (sky130_fd_sc_hd__dfxtp_2)
                                                         u_top.instruction_mmu.u_tlb.vpn[3][4] (net)
                      0.026610    0.000000    0.319044 ^ _1748_/A (sky130_fd_sc_hd__buf_2)
     2    0.002987    0.028506    0.080292    0.399337 ^ _1748_/X (sky130_fd_sc_hd__buf_2)
                                                         _0778_ (net)
                      0.028506    0.000000    0.399337 ^ _1337_/A (sky130_fd_sc_hd__and2_2)
     1    0.001807    0.032935    0.106435    0.505772 ^ _1337_/X (sky130_fd_sc_hd__and2_2)
                                                         _0375_ (net)
                      0.032935    0.000000    0.505772 ^ _1937_/A (sky130_fd_sc_hd__buf_2)
     1    0.001674    0.022685    0.077215    0.582987 ^ _1937_/X (sky130_fd_sc_hd__buf_2)
                                                         _1024_ (net)
                      0.022685    0.000000    0.582987 ^ _1516_/D (sky130_fd_sc_hd__dfxtp_2)
                                              0.582987   data arrival time

                      0.150000    0.000000    0.000000   clock clk (rise edge)
                                  0.000000    0.000000   clock network delay (ideal)
                                  0.250000    0.250000   clock uncertainty
                                  0.000000    0.250000   clock reconvergence pessimism
                                              0.250000 ^ _1516_/CLK (sky130_fd_sc_hd__dfxtp_2)
                                 -0.012803    0.237197   library hold time
                                              0.237197   data required time
---------------------------------------------------------------------------------------------
                                              0.237197   data required time
                                             -0.582987   data arrival time
---------------------------------------------------------------------------------------------
                                              0.345790   slack (MET)


Startpoint: _1530_ (rising edge-triggered flip-flop clocked by clk)
Endpoint: _1530_ (rising edge-triggered flip-flop clocked by clk)
Path Group: clk
Path Type: min

Fanout         Cap        Slew       Delay        Time   Description
---------------------------------------------------------------------------------------------
                      0.150000    0.000000    0.000000   clock clk (rise edge)
                                  0.000000    0.000000   clock network delay (ideal)
                      0.150000    0.000000    0.000000 ^ _1530_/CLK (sky130_fd_sc_hd__dfxtp_2)
     1    0.001807    0.026610    0.319044    0.319044 ^ _1530_/Q (sky130_fd_sc_hd__dfxtp_2)
                                                         u_top.instruction_mmu.u_tlb.vpn[3][18] (net)
                      0.026610    0.000000    0.319044 ^ _1818_/A (sky130_fd_sc_hd__buf_2)
     2    0.002987    0.028506    0.080292    0.399337 ^ _1818_/X (sky130_fd_sc_hd__buf_2)
                                                         _0773_ (net)
                      0.028506    0.000000    0.399337 ^ _1351_/A (sky130_fd_sc_hd__and2_2)
     1    0.001807    0.032935    0.106435    0.505772 ^ _1351_/X (sky130_fd_sc_hd__and2_2)
                                                         _0389_ (net)
                      0.032935    0.000000    0.505772 ^ _1951_/A (sky130_fd_sc_hd__buf_2)
     1    0.001674    0.022685    0.077215    0.582987 ^ _1951_/X (sky130_fd_sc_hd__buf_2)
                                                         _1038_ (net)
                      0.022685    0.000000    0.582987 ^ _1530_/D (sky130_fd_sc_hd__dfxtp_2)
                                              0.582987   data arrival time

                      0.150000    0.000000    0.000000   clock clk (rise edge)
                                  0.000000    0.000000   clock network delay (ideal)
                                  0.250000    0.250000   clock uncertainty
                                  0.000000    0.250000   clock reconvergence pessimism
                                              0.250000 ^ _1530_/CLK (sky130_fd_sc_hd__dfxtp_2)
                                 -0.012803    0.237197   library hold time
                                              0.237197   data required time
---------------------------------------------------------------------------------------------
                                              0.237197   data required time
                                             -0.582987   data arrival time
---------------------------------------------------------------------------------------------
                                              0.345790   slack (MET)


Startpoint: _1451_ (rising edge-triggered flip-flop clocked by clk)
Endpoint: _1451_ (rising edge-triggered flip-flop clocked by clk)
Path Group: clk
Path Type: min

Fanout         Cap        Slew       Delay        Time   Description
---------------------------------------------------------------------------------------------
                      0.150000    0.000000    0.000000   clock clk (rise edge)
                                  0.000000    0.000000   clock network delay (ideal)
                      0.150000    0.000000    0.000000 ^ _1451_/CLK (sky130_fd_sc_hd__dfxtp_2)
     1    0.001807    0.026610    0.319044    0.319044 ^ _1451_/Q (sky130_fd_sc_hd__dfxtp_2)
                                                         u_top.instruction_mmu.u_tlb.vpn[0][4] (net)
                      0.026610    0.000000    0.319044 ^ _1745_/A (sky130_fd_sc_hd__buf_2)
     2    0.003964    0.032828    0.084257    0.403302 ^ _1745_/X (sky130_fd_sc_hd__buf_2)
                                                         _0718_ (net)
                      0.032828    0.000000    0.403302 ^ _1272_/B2 (sky130_fd_sc_hd__a22o_2)
     1    0.001807    0.030107    0.103790    0.507092 ^ _1272_/X (sky130_fd_sc_hd__a22o_2)
                                                         _0310_ (net)
                      0.030107    0.000000    0.507092 ^ _1872_/A (sky130_fd_sc_hd__buf_2)
     1    0.001674    0.022690    0.076208    0.583300 ^ _1872_/X (sky130_fd_sc_hd__buf_2)
                                                         _0904_ (net)
                      0.022690    0.000000    0.583300 ^ _1451_/D (sky130_fd_sc_hd__dfxtp_2)
                                              0.583300   data arrival time

                      0.150000    0.000000    0.000000   clock clk (rise edge)
                                  0.000000    0.000000   clock network delay (ideal)
                                  0.250000    0.250000   clock uncertainty
                                  0.000000    0.250000   clock reconvergence pessimism
                                              0.250000 ^ _1451_/CLK (sky130_fd_sc_hd__dfxtp_2)
                                 -0.012804    0.237196   library hold time
                                              0.237196   data required time
---------------------------------------------------------------------------------------------
                                              0.237196   data required time
                                             -0.583300   data arrival time
---------------------------------------------------------------------------------------------
                                              0.346104   slack (MET)


Startpoint: _1465_ (rising edge-triggered flip-flop clocked by clk)
Endpoint: _1465_ (rising edge-triggered flip-flop clocked by clk)
Path Group: clk
Path Type: min

Fanout         Cap        Slew       Delay        Time   Description
---------------------------------------------------------------------------------------------
                      0.150000    0.000000    0.000000   clock clk (rise edge)
                                  0.000000    0.000000   clock network delay (ideal)
                      0.150000    0.000000    0.000000 ^ _1465_/CLK (sky130_fd_sc_hd__dfxtp_2)
     1    0.001807    0.026610    0.319044    0.319044 ^ _1465_/Q (sky130_fd_sc_hd__dfxtp_2)
                                                         u_top.instruction_mmu.u_tlb.vpn[0][18] (net)
                      0.026610    0.000000    0.319044 ^ _1815_/A (sky130_fd_sc_hd__buf_2)
     2    0.003964    0.032828    0.084257    0.403302 ^ _1815_/X (sky130_fd_sc_hd__buf_2)
                                                         _0713_ (net)
                      0.032828    0.000000    0.403302 ^ _1286_/B2 (sky130_fd_sc_hd__a22o_2)
     1    0.001807    0.030107    0.103790    0.507092 ^ _1286_/X (sky130_fd_sc_hd__a22o_2)
                                                         _0324_ (net)
                      0.030107    0.000000    0.507092 ^ _1886_/A (sky130_fd_sc_hd__buf_2)
     1    0.001674    0.022690    0.076208    0.583300 ^ _1886_/X (sky130_fd_sc_hd__buf_2)
                                                         _0932_ (net)
                      0.022690    0.000000    0.583300 ^ _1465_/D (sky130_fd_sc_hd__dfxtp_2)
                                              0.583300   data arrival time

                      0.150000    0.000000    0.000000   clock clk (rise edge)
                                  0.000000    0.000000   clock network delay (ideal)
                                  0.250000    0.250000   clock uncertainty
                                  0.000000    0.250000   clock reconvergence pessimism
                                              0.250000 ^ _1465_/CLK (sky130_fd_sc_hd__dfxtp_2)
                                 -0.012804    0.237196   library hold time
                                              0.237196   data required time
---------------------------------------------------------------------------------------------
                                              0.237196   data required time
                                             -0.583300   data arrival time
---------------------------------------------------------------------------------------------
                                              0.346104   slack (MET)


Startpoint: _1488_ (rising edge-triggered flip-flop clocked by clk)
Endpoint: _1488_ (rising edge-triggered flip-flop clocked by clk)
Path Group: clk
Path Type: min

Fanout         Cap        Slew       Delay        Time   Description
---------------------------------------------------------------------------------------------
                      0.150000    0.000000    0.000000   clock clk (rise edge)
                                  0.000000    0.000000   clock network delay (ideal)
                      0.150000    0.000000    0.000000 ^ _1488_/CLK (sky130_fd_sc_hd__dfxtp_2)
     1    0.001807    0.026610    0.319044    0.319044 ^ _1488_/Q (sky130_fd_sc_hd__dfxtp_2)
                                                         u_top.instruction_mmu.u_tlb.vpn[2][1] (net)
                      0.026610    0.000000    0.319044 ^ _1735_/A (sky130_fd_sc_hd__buf_2)
     2    0.003055    0.028806    0.080568    0.399612 ^ _1735_/X (sky130_fd_sc_hd__buf_2)
                                                         _0755_ (net)
                      0.028806    0.000000    0.399612 ^ _1309_/A (sky130_fd_sc_hd__and2_2)
     1    0.001807    0.032936    0.106537    0.506149 ^ _1309_/X (sky130_fd_sc_hd__and2_2)
                                                         _0347_ (net)
                      0.032936    0.000000    0.506149 ^ _1909_/A (sky130_fd_sc_hd__buf_2)
     1    0.001674    0.022685    0.077216    0.583365 ^ _1909_/X (sky130_fd_sc_hd__buf_2)
                                                         _0978_ (net)
                      0.022685    0.000000    0.583365 ^ _1488_/D (sky130_fd_sc_hd__dfxtp_2)
                                              0.583365   data arrival time

                      0.150000    0.000000    0.000000   clock clk (rise edge)
                                  0.000000    0.000000   clock network delay (ideal)
                                  0.250000    0.250000   clock uncertainty
                                  0.000000    0.250000   clock reconvergence pessimism
                                              0.250000 ^ _1488_/CLK (sky130_fd_sc_hd__dfxtp_2)
                                 -0.012803    0.237197   library hold time
                                              0.237197   data required time
---------------------------------------------------------------------------------------------
                                              0.237197   data required time
                                             -0.583365   data arrival time
---------------------------------------------------------------------------------------------
                                              0.346168   slack (MET)


Startpoint: _1471_ (rising edge-triggered flip-flop clocked by clk)
Endpoint: _1471_ (rising edge-triggered flip-flop clocked by clk)
Path Group: clk
Path Type: min

Fanout         Cap        Slew       Delay        Time   Description
---------------------------------------------------------------------------------------------
                      0.150000    0.000000    0.000000   clock clk (rise edge)
                                  0.000000    0.000000   clock network delay (ideal)
                      0.150000    0.000000    0.000000 ^ _1471_/CLK (sky130_fd_sc_hd__dfxtp_2)
     1    0.001807    0.026610    0.319044    0.319044 ^ _1471_/Q (sky130_fd_sc_hd__dfxtp_2)
                                                         u_top.instruction_mmu.u_tlb.vpn[1][4] (net)
                      0.026610    0.000000    0.319044 ^ _1746_/A (sky130_fd_sc_hd__buf_2)
     2    0.003098    0.028997    0.080743    0.399787 ^ _1746_/X (sky130_fd_sc_hd__buf_2)
                                                         _0738_ (net)
                      0.028997    0.000000    0.399787 ^ _1292_/A (sky130_fd_sc_hd__and2_2)
     1    0.001807    0.032937    0.106601    0.506388 ^ _1292_/X (sky130_fd_sc_hd__and2_2)
                                                         _0330_ (net)
                      0.032937    0.000000    0.506388 ^ _1892_/A (sky130_fd_sc_hd__buf_2)
     1    0.001674    0.022685    0.077216    0.583604 ^ _1892_/X (sky130_fd_sc_hd__buf_2)
                                                         _0944_ (net)
                      0.022685    0.000000    0.583604 ^ _1471_/D (sky130_fd_sc_hd__dfxtp_2)
                                              0.583604   data arrival time

                      0.150000    0.000000    0.000000   clock clk (rise edge)
                                  0.000000    0.000000   clock network delay (ideal)
                                  0.250000    0.250000   clock uncertainty
                                  0.000000    0.250000   clock reconvergence pessimism
                                              0.250000 ^ _1471_/CLK (sky130_fd_sc_hd__dfxtp_2)
                                 -0.012803    0.237197   library hold time
                                              0.237197   data required time
---------------------------------------------------------------------------------------------
                                              0.237197   data required time
                                             -0.583604   data arrival time
---------------------------------------------------------------------------------------------
                                              0.346406   slack (MET)


Startpoint: _1485_ (rising edge-triggered flip-flop clocked by clk)
Endpoint: _1485_ (rising edge-triggered flip-flop clocked by clk)
Path Group: clk
Path Type: min

Fanout         Cap        Slew       Delay        Time   Description
---------------------------------------------------------------------------------------------
                      0.150000    0.000000    0.000000   clock clk (rise edge)
                                  0.000000    0.000000   clock network delay (ideal)
                      0.150000    0.000000    0.000000 ^ _1485_/CLK (sky130_fd_sc_hd__dfxtp_2)
     1    0.001807    0.026610    0.319044    0.319044 ^ _1485_/Q (sky130_fd_sc_hd__dfxtp_2)
                                                         u_top.instruction_mmu.u_tlb.vpn[1][18] (net)
                      0.026610    0.000000    0.319044 ^ _1816_/A (sky130_fd_sc_hd__buf_2)
     2    0.003098    0.028997    0.080743    0.399787 ^ _1816_/X (sky130_fd_sc_hd__buf_2)
                                                         _0733_ (net)
                      0.028997    0.000000    0.399787 ^ _1306_/A (sky130_fd_sc_hd__and2_2)
     1    0.001807    0.032937    0.106601    0.506388 ^ _1306_/X (sky130_fd_sc_hd__and2_2)
                                                         _0344_ (net)
                      0.032937    0.000000    0.506388 ^ _1906_/A (sky130_fd_sc_hd__buf_2)
     1    0.001674    0.022685    0.077216    0.583604 ^ _1906_/X (sky130_fd_sc_hd__buf_2)
                                                         _0972_ (net)
                      0.022685    0.000000    0.583604 ^ _1485_/D (sky130_fd_sc_hd__dfxtp_2)
                                              0.583604   data arrival time

                      0.150000    0.000000    0.000000   clock clk (rise edge)
                                  0.000000    0.000000   clock network delay (ideal)
                                  0.250000    0.250000   clock uncertainty
                                  0.000000    0.250000   clock reconvergence pessimism
                                              0.250000 ^ _1485_/CLK (sky130_fd_sc_hd__dfxtp_2)
                                 -0.012803    0.237197   library hold time
                                              0.237197   data required time
---------------------------------------------------------------------------------------------
                                              0.237197   data required time
                                             -0.583604   data arrival time
---------------------------------------------------------------------------------------------
                                              0.346406   slack (MET)


Startpoint: _1487_ (rising edge-triggered flip-flop clocked by clk)
Endpoint: _1487_ (rising edge-triggered flip-flop clocked by clk)
Path Group: clk
Path Type: min

Fanout         Cap        Slew       Delay        Time   Description
---------------------------------------------------------------------------------------------
                      0.150000    0.000000    0.000000   clock clk (rise edge)
                                  0.000000    0.000000   clock network delay (ideal)
                      0.150000    0.000000    0.000000 ^ _1487_/CLK (sky130_fd_sc_hd__dfxtp_2)
     1    0.001807    0.026610    0.319044    0.319044 ^ _1487_/Q (sky130_fd_sc_hd__dfxtp_2)
                                                         u_top.instruction_mmu.u_tlb.vpn[2][0] (net)
                      0.026610    0.000000    0.319044 ^ _1731_/A (sky130_fd_sc_hd__buf_2)
     2    0.003098    0.028997    0.080743    0.399787 ^ _1731_/X (sky130_fd_sc_hd__buf_2)
                                                         _0744_ (net)
                      0.028997    0.000000    0.399787 ^ _1308_/A (sky130_fd_sc_hd__and2_2)
     1    0.001807    0.032937    0.106601    0.506388 ^ _1308_/X (sky130_fd_sc_hd__and2_2)
                                                         _0346_ (net)
                      0.032937    0.000000    0.506388 ^ _1908_/A (sky130_fd_sc_hd__buf_2)
     1    0.001674    0.022685    0.077216    0.583604 ^ _1908_/X (sky130_fd_sc_hd__buf_2)
                                                         _0976_ (net)
                      0.022685    0.000000    0.583604 ^ _1487_/D (sky130_fd_sc_hd__dfxtp_2)
                                              0.583604   data arrival time

                      0.150000    0.000000    0.000000   clock clk (rise edge)
                                  0.000000    0.000000   clock network delay (ideal)
                                  0.250000    0.250000   clock uncertainty
                                  0.000000    0.250000   clock reconvergence pessimism
                                              0.250000 ^ _1487_/CLK (sky130_fd_sc_hd__dfxtp_2)
                                 -0.012803    0.237197   library hold time
                                              0.237197   data required time
---------------------------------------------------------------------------------------------
                                              0.237197   data required time
                                             -0.583604   data arrival time
---------------------------------------------------------------------------------------------
                                              0.346406   slack (MET)


Startpoint: _1491_ (rising edge-triggered flip-flop clocked by clk)
Endpoint: _1491_ (rising edge-triggered flip-flop clocked by clk)
Path Group: clk
Path Type: min

Fanout         Cap        Slew       Delay        Time   Description
---------------------------------------------------------------------------------------------
                      0.150000    0.000000    0.000000   clock clk (rise edge)
                                  0.000000    0.000000   clock network delay (ideal)
                      0.150000    0.000000    0.000000 ^ _1491_/CLK (sky130_fd_sc_hd__dfxtp_2)
     1    0.001807    0.026610    0.319044    0.319044 ^ _1491_/Q (sky130_fd_sc_hd__dfxtp_2)
                                                         u_top.instruction_mmu.u_tlb.vpn[2][4] (net)
                      0.026610    0.000000    0.319044 ^ _1747_/A (sky130_fd_sc_hd__buf_2)
     2    0.003098    0.028997    0.080743    0.399787 ^ _1747_/X (sky130_fd_sc_hd__buf_2)
                                                         _0758_ (net)
                      0.028997    0.000000    0.399787 ^ _1312_/A (sky130_fd_sc_hd__and2_2)
     1    0.001807    0.032937    0.106601    0.506388 ^ _1312_/X (sky130_fd_sc_hd__and2_2)
                                                         _0350_ (net)
                      0.032937    0.000000    0.506388 ^ _1912_/A (sky130_fd_sc_hd__buf_2)
     1    0.001674    0.022685    0.077216    0.583604 ^ _1912_/X (sky130_fd_sc_hd__buf_2)
                                                         _0984_ (net)
                      0.022685    0.000000    0.583604 ^ _1491_/D (sky130_fd_sc_hd__dfxtp_2)
                                              0.583604   data arrival time

                      0.150000    0.000000    0.000000   clock clk (rise edge)
                                  0.000000    0.000000   clock network delay (ideal)
                                  0.250000    0.250000   clock uncertainty
                                  0.000000    0.250000   clock reconvergence pessimism
                                              0.250000 ^ _1491_/CLK (sky130_fd_sc_hd__dfxtp_2)
                                 -0.012803    0.237197   library hold time
                                              0.237197   data required time
---------------------------------------------------------------------------------------------
                                              0.237197   data required time
                                             -0.583604   data arrival time
---------------------------------------------------------------------------------------------
                                              0.346406   slack (MET)


Startpoint: _1505_ (rising edge-triggered flip-flop clocked by clk)
Endpoint: _1505_ (rising edge-triggered flip-flop clocked by clk)
Path Group: clk
Path Type: min

Fanout         Cap        Slew       Delay        Time   Description
---------------------------------------------------------------------------------------------
                      0.150000    0.000000    0.000000   clock clk (rise edge)
                                  0.000000    0.000000   clock network delay (ideal)
                      0.150000    0.000000    0.000000 ^ _1505_/CLK (sky130_fd_sc_hd__dfxtp_2)
     1    0.001807    0.026610    0.319044    0.319044 ^ _1505_/Q (sky130_fd_sc_hd__dfxtp_2)
                                                         u_top.instruction_mmu.u_tlb.vpn[2][18] (net)
                      0.026610    0.000000    0.319044 ^ _1817_/A (sky130_fd_sc_hd__buf_2)
     2    0.003098    0.028997    0.080743    0.399787 ^ _1817_/X (sky130_fd_sc_hd__buf_2)
                                                         _0753_ (net)
                      0.028997    0.000000    0.399787 ^ _1326_/A (sky130_fd_sc_hd__and2_2)
     1    0.001807    0.032937    0.106601    0.506388 ^ _1326_/X (sky130_fd_sc_hd__and2_2)
                                                         _0364_ (net)
                      0.032937    0.000000    0.506388 ^ _1926_/A (sky130_fd_sc_hd__buf_2)
     1    0.001674    0.022685    0.077216    0.583604 ^ _1926_/X (sky130_fd_sc_hd__buf_2)
                                                         _1012_ (net)
                      0.022685    0.000000    0.583604 ^ _1505_/D (sky130_fd_sc_hd__dfxtp_2)
                                              0.583604   data arrival time

                      0.150000    0.000000    0.000000   clock clk (rise edge)
                                  0.000000    0.000000   clock network delay (ideal)
                                  0.250000    0.250000   clock uncertainty
                                  0.000000    0.250000   clock reconvergence pessimism
                                              0.250000 ^ _1505_/CLK (sky130_fd_sc_hd__dfxtp_2)
                                 -0.012803    0.237197   library hold time
                                              0.237197   data required time
---------------------------------------------------------------------------------------------
                                              0.237197   data required time
                                             -0.583604   data arrival time
---------------------------------------------------------------------------------------------
                                              0.346406   slack (MET)


Startpoint: _1536_ (rising edge-triggered flip-flop clocked by clk)
Endpoint: _1536_ (rising edge-triggered flip-flop clocked by clk)
Path Group: clk
Path Type: min

Fanout         Cap        Slew       Delay        Time   Description
---------------------------------------------------------------------------------------------
                      0.150000    0.000000    0.000000   clock clk (rise edge)
                                  0.000000    0.000000   clock network delay (ideal)
                      0.150000    0.000000    0.000000 ^ _1536_/CLK (sky130_fd_sc_hd__dfxtp_2)
     1    0.001807    0.026610    0.319044    0.319044 ^ _1536_/Q (sky130_fd_sc_hd__dfxtp_2)
                                                         u_top.RV32I_Logic.Single_Cycle_Datapath.pcREG.q[6] (net)
                      0.026610    0.000000    0.319044 ^ _1834_/A (sky130_fd_sc_hd__buf_2)
     5    0.015077    0.083041    0.121454    0.440498 ^ _1834_/X (sky130_fd_sc_hd__buf_2)
                                                         _0656_ (net)
                      0.083041    0.000000    0.440498 ^ _1364_/A1 (sky130_fd_sc_hd__a21oi_2)
     1    0.001647    0.027010    0.046367    0.486865 v _1364_/Y (sky130_fd_sc_hd__a21oi_2)
                                                         _0395_ (net)
                      0.027010    0.000000    0.486865 v _1957_/A (sky130_fd_sc_hd__buf_2)
     1    0.001681    0.021250    0.096680    0.583545 v _1957_/X (sky130_fd_sc_hd__buf_2)
                                                         _1044_ (net)
                      0.021250    0.000000    0.583545 v _1536_/D (sky130_fd_sc_hd__dfxtp_2)
                                              0.583545   data arrival time

                      0.150000    0.000000    0.000000   clock clk (rise edge)
                                  0.000000    0.000000   clock network delay (ideal)
                                  0.250000    0.250000   clock uncertainty
                                  0.000000    0.250000   clock reconvergence pessimism
                                              0.250000 ^ _1536_/CLK (sky130_fd_sc_hd__dfxtp_2)
                                 -0.012909    0.237091   library hold time
                                              0.237091   data required time
---------------------------------------------------------------------------------------------
                                              0.237091   data required time
                                             -0.583545   data arrival time
---------------------------------------------------------------------------------------------
                                              0.346454   slack (MET)


Startpoint: _1539_ (rising edge-triggered flip-flop clocked by clk)
Endpoint: _1539_ (rising edge-triggered flip-flop clocked by clk)
Path Group: clk
Path Type: min

Fanout         Cap        Slew       Delay        Time   Description
---------------------------------------------------------------------------------------------
                      0.150000    0.000000    0.000000   clock clk (rise edge)
                                  0.000000    0.000000   clock network delay (ideal)
                      0.150000    0.000000    0.000000 ^ _1539_/CLK (sky130_fd_sc_hd__dfxtp_2)
     1    0.001807    0.026610    0.319044    0.319044 ^ _1539_/Q (sky130_fd_sc_hd__dfxtp_2)
                                                         u_top.RV32I_Logic.Single_Cycle_Datapath.pcREG.q[9] (net)
                      0.026610    0.000000    0.319044 ^ _1837_/A (sky130_fd_sc_hd__buf_2)
     5    0.015077    0.083041    0.121454    0.440498 ^ _1837_/X (sky130_fd_sc_hd__buf_2)
                                                         _0659_ (net)
                      0.083041    0.000000    0.440498 ^ _1372_/A1 (sky130_fd_sc_hd__a21oi_2)
     1    0.001647    0.027010    0.046367    0.486865 v _1372_/Y (sky130_fd_sc_hd__a21oi_2)
                                                         _0398_ (net)
                      0.027010    0.000000    0.486865 v _1960_/A (sky130_fd_sc_hd__buf_2)
     1    0.001681    0.021250    0.096680    0.583545 v _1960_/X (sky130_fd_sc_hd__buf_2)
                                                         _1047_ (net)
                      0.021250    0.000000    0.583545 v _1539_/D (sky130_fd_sc_hd__dfxtp_2)
                                              0.583545   data arrival time

                      0.150000    0.000000    0.000000   clock clk (rise edge)
                                  0.000000    0.000000   clock network delay (ideal)
                                  0.250000    0.250000   clock uncertainty
                                  0.000000    0.250000   clock reconvergence pessimism
                                              0.250000 ^ _1539_/CLK (sky130_fd_sc_hd__dfxtp_2)
                                 -0.012909    0.237091   library hold time
                                              0.237091   data required time
---------------------------------------------------------------------------------------------
                                              0.237091   data required time
                                             -0.583545   data arrival time
---------------------------------------------------------------------------------------------
                                              0.346454   slack (MET)


Startpoint: _1464_ (rising edge-triggered flip-flop clocked by clk)
Endpoint: _1464_ (rising edge-triggered flip-flop clocked by clk)
Path Group: clk
Path Type: min

Fanout         Cap        Slew       Delay        Time   Description
---------------------------------------------------------------------------------------------
                      0.150000    0.000000    0.000000   clock clk (rise edge)
                                  0.000000    0.000000   clock network delay (ideal)
                      0.150000    0.000000    0.000000 ^ _1464_/CLK (sky130_fd_sc_hd__dfxtp_2)
     1    0.001807    0.026610    0.319044    0.319044 ^ _1464_/Q (sky130_fd_sc_hd__dfxtp_2)
                                                         u_top.instruction_mmu.u_tlb.vpn[0][17] (net)
                      0.026610    0.000000    0.319044 ^ _1810_/A (sky130_fd_sc_hd__buf_2)
     2    0.004067    0.033283    0.084675    0.403720 ^ _1810_/X (sky130_fd_sc_hd__buf_2)
                                                         _0712_ (net)
                      0.033283    0.000000    0.403720 ^ _1285_/B2 (sky130_fd_sc_hd__a22o_2)
     1    0.001807    0.030107    0.103928    0.507648 ^ _1285_/X (sky130_fd_sc_hd__a22o_2)
                                                         _0323_ (net)
                      0.030107    0.000000    0.507648 ^ _1885_/A (sky130_fd_sc_hd__buf_2)
     1    0.001674    0.022690    0.076208    0.583856 ^ _1885_/X (sky130_fd_sc_hd__buf_2)
                                                         _0930_ (net)
                      0.022690    0.000000    0.583856 ^ _1464_/D (sky130_fd_sc_hd__dfxtp_2)
                                              0.583856   data arrival time

                      0.150000    0.000000    0.000000   clock clk (rise edge)
                                  0.000000    0.000000   clock network delay (ideal)
                                  0.250000    0.250000   clock uncertainty
                                  0.000000    0.250000   clock reconvergence pessimism
                                              0.250000 ^ _1464_/CLK (sky130_fd_sc_hd__dfxtp_2)
                                 -0.012804    0.237196   library hold time
                                              0.237196   data required time
---------------------------------------------------------------------------------------------
                                              0.237196   data required time
                                             -0.583856   data arrival time
---------------------------------------------------------------------------------------------
                                              0.346660   slack (MET)


Startpoint: _1444_ (rising edge-triggered flip-flop clocked by clk)
Endpoint: _1444_ (rising edge-triggered flip-flop clocked by clk)
Path Group: clk
Path Type: min

Fanout         Cap        Slew       Delay        Time   Description
---------------------------------------------------------------------------------------------
                      0.150000    0.000000    0.000000   clock clk (rise edge)
                                  0.000000    0.000000   clock network delay (ideal)
                      0.150000    0.000000    0.000000 ^ _1444_/CLK (sky130_fd_sc_hd__dfxtp_2)
     1    0.001807    0.026610    0.319044    0.319044 ^ _1444_/Q (sky130_fd_sc_hd__dfxtp_2)
                                                         u_top.instruction_mmu.u_tlb.valid[2] (net)
                      0.026610    0.000000    0.319044 ^ _1727_/A (sky130_fd_sc_hd__buf_2)
     2    0.003292    0.029855    0.081530    0.400574 ^ _1727_/X (sky130_fd_sc_hd__buf_2)
                                                         _0702_ (net)
                      0.029855    0.000000    0.400574 ^ _1263_/A (sky130_fd_sc_hd__and2_2)
     1    0.001807    0.032941    0.106890    0.507464 ^ _1263_/X (sky130_fd_sc_hd__and2_2)
                                                         _0303_ (net)
                      0.032941    0.000000    0.507464 ^ _1865_/A (sky130_fd_sc_hd__buf_2)
     1    0.001674    0.022685    0.077217    0.584682 ^ _1865_/X (sky130_fd_sc_hd__buf_2)
                                                         _0890_ (net)
                      0.022685    0.000000    0.584682 ^ _1444_/D (sky130_fd_sc_hd__dfxtp_2)
                                              0.584682   data arrival time

                      0.150000    0.000000    0.000000   clock clk (rise edge)
                                  0.000000    0.000000   clock network delay (ideal)
                                  0.250000    0.250000   clock uncertainty
                                  0.000000    0.250000   clock reconvergence pessimism
                                              0.250000 ^ _1444_/CLK (sky130_fd_sc_hd__dfxtp_2)
                                 -0.012803    0.237197   library hold time
                                              0.237197   data required time
---------------------------------------------------------------------------------------------
                                              0.237197   data required time
                                             -0.584682   data arrival time
---------------------------------------------------------------------------------------------
                                              0.347484   slack (MET)


Startpoint: _1489_ (rising edge-triggered flip-flop clocked by clk)
Endpoint: _1489_ (rising edge-triggered flip-flop clocked by clk)
Path Group: clk
Path Type: min

Fanout         Cap        Slew       Delay        Time   Description
---------------------------------------------------------------------------------------------
                      0.150000    0.000000    0.000000   clock clk (rise edge)
                                  0.000000    0.000000   clock network delay (ideal)
                      0.150000    0.000000    0.000000 ^ _1489_/CLK (sky130_fd_sc_hd__dfxtp_2)
     1    0.001807    0.026610    0.319044    0.319044 ^ _1489_/Q (sky130_fd_sc_hd__dfxtp_2)
                                                         u_top.instruction_mmu.u_tlb.vpn[2][2] (net)
                      0.026610    0.000000    0.319044 ^ _1739_/A (sky130_fd_sc_hd__buf_2)
     2    0.003292    0.029855    0.081530    0.400574 ^ _1739_/X (sky130_fd_sc_hd__buf_2)
                                                         _0756_ (net)
                      0.029855    0.000000    0.400574 ^ _1310_/A (sky130_fd_sc_hd__and2_2)
     1    0.001807    0.032941    0.106890    0.507464 ^ _1310_/X (sky130_fd_sc_hd__and2_2)
                                                         _0348_ (net)
                      0.032941    0.000000    0.507464 ^ _1910_/A (sky130_fd_sc_hd__buf_2)
     1    0.001674    0.022685    0.077217    0.584682 ^ _1910_/X (sky130_fd_sc_hd__buf_2)
                                                         _0980_ (net)
                      0.022685    0.000000    0.584682 ^ _1489_/D (sky130_fd_sc_hd__dfxtp_2)
                                              0.584682   data arrival time

                      0.150000    0.000000    0.000000   clock clk (rise edge)
                                  0.000000    0.000000   clock network delay (ideal)
                                  0.250000    0.250000   clock uncertainty
                                  0.000000    0.250000   clock reconvergence pessimism
                                              0.250000 ^ _1489_/CLK (sky130_fd_sc_hd__dfxtp_2)
                                 -0.012803    0.237197   library hold time
                                              0.237197   data required time
---------------------------------------------------------------------------------------------
                                              0.237197   data required time
                                             -0.584682   data arrival time
---------------------------------------------------------------------------------------------
                                              0.347484   slack (MET)


Startpoint: _1493_ (rising edge-triggered flip-flop clocked by clk)
Endpoint: _1493_ (rising edge-triggered flip-flop clocked by clk)
Path Group: clk
Path Type: min

Fanout         Cap        Slew       Delay        Time   Description
---------------------------------------------------------------------------------------------
                      0.150000    0.000000    0.000000   clock clk (rise edge)
                                  0.000000    0.000000   clock network delay (ideal)
                      0.150000    0.000000    0.000000 ^ _1493_/CLK (sky130_fd_sc_hd__dfxtp_2)
     1    0.001807    0.026610    0.319044    0.319044 ^ _1493_/Q (sky130_fd_sc_hd__dfxtp_2)
                                                         u_top.instruction_mmu.u_tlb.vpn[2][6] (net)
                      0.026610    0.000000    0.319044 ^ _1757_/A (sky130_fd_sc_hd__buf_2)
     2    0.003292    0.029855    0.081530    0.400574 ^ _1757_/X (sky130_fd_sc_hd__buf_2)
                                                         _0760_ (net)
                      0.029855    0.000000    0.400574 ^ _1314_/A (sky130_fd_sc_hd__and2_2)
     1    0.001807    0.032941    0.106890    0.507464 ^ _1314_/X (sky130_fd_sc_hd__and2_2)
                                                         _0352_ (net)
                      0.032941    0.000000    0.507464 ^ _1914_/A (sky130_fd_sc_hd__buf_2)
     1    0.001674    0.022685    0.077217    0.584682 ^ _1914_/X (sky130_fd_sc_hd__buf_2)
                                                         _0988_ (net)
                      0.022685    0.000000    0.584682 ^ _1493_/D (sky130_fd_sc_hd__dfxtp_2)
                                              0.584682   data arrival time

                      0.150000    0.000000    0.000000   clock clk (rise edge)
                                  0.000000    0.000000   clock network delay (ideal)
                                  0.250000    0.250000   clock uncertainty
                                  0.000000    0.250000   clock reconvergence pessimism
                                              0.250000 ^ _1493_/CLK (sky130_fd_sc_hd__dfxtp_2)
                                 -0.012803    0.237197   library hold time
                                              0.237197   data required time
---------------------------------------------------------------------------------------------
                                              0.237197   data required time
                                             -0.584682   data arrival time
---------------------------------------------------------------------------------------------
                                              0.347484   slack (MET)


Startpoint: _1495_ (rising edge-triggered flip-flop clocked by clk)
Endpoint: _1495_ (rising edge-triggered flip-flop clocked by clk)
Path Group: clk
Path Type: min

Fanout         Cap        Slew       Delay        Time   Description
---------------------------------------------------------------------------------------------
                      0.150000    0.000000    0.000000   clock clk (rise edge)
                                  0.000000    0.000000   clock network delay (ideal)
                      0.150000    0.000000    0.000000 ^ _1495_/CLK (sky130_fd_sc_hd__dfxtp_2)
     1    0.001807    0.026610    0.319044    0.319044 ^ _1495_/Q (sky130_fd_sc_hd__dfxtp_2)
                                                         u_top.instruction_mmu.u_tlb.vpn[2][8] (net)
                      0.026610    0.000000    0.319044 ^ _1767_/A (sky130_fd_sc_hd__buf_2)
     2    0.003292    0.029855    0.081530    0.400574 ^ _1767_/X (sky130_fd_sc_hd__buf_2)
                                                         _0762_ (net)
                      0.029855    0.000000    0.400574 ^ _1316_/A (sky130_fd_sc_hd__and2_2)
     1    0.001807    0.032941    0.106890    0.507464 ^ _1316_/X (sky130_fd_sc_hd__and2_2)
                                                         _0354_ (net)
                      0.032941    0.000000    0.507464 ^ _1916_/A (sky130_fd_sc_hd__buf_2)
     1    0.001674    0.022685    0.077217    0.584682 ^ _1916_/X (sky130_fd_sc_hd__buf_2)
                                                         _0992_ (net)
                      0.022685    0.000000    0.584682 ^ _1495_/D (sky130_fd_sc_hd__dfxtp_2)
                                              0.584682   data arrival time

                      0.150000    0.000000    0.000000   clock clk (rise edge)
                                  0.000000    0.000000   clock network delay (ideal)
                                  0.250000    0.250000   clock uncertainty
                                  0.000000    0.250000   clock reconvergence pessimism
                                              0.250000 ^ _1495_/CLK (sky130_fd_sc_hd__dfxtp_2)
                                 -0.012803    0.237197   library hold time
                                              0.237197   data required time
---------------------------------------------------------------------------------------------
                                              0.237197   data required time
                                             -0.584682   data arrival time
---------------------------------------------------------------------------------------------
                                              0.347484   slack (MET)


Startpoint: _1502_ (rising edge-triggered flip-flop clocked by clk)
Endpoint: _1502_ (rising edge-triggered flip-flop clocked by clk)
Path Group: clk
Path Type: min

Fanout         Cap        Slew       Delay        Time   Description
---------------------------------------------------------------------------------------------
                      0.150000    0.000000    0.000000   clock clk (rise edge)
                                  0.000000    0.000000   clock network delay (ideal)
                      0.150000    0.000000    0.000000 ^ _1502_/CLK (sky130_fd_sc_hd__dfxtp_2)
     1    0.001807    0.026610    0.319044    0.319044 ^ _1502_/Q (sky130_fd_sc_hd__dfxtp_2)
                                                         u_top.instruction_mmu.u_tlb.vpn[2][15] (net)
                      0.026610    0.000000    0.319044 ^ _1802_/A (sky130_fd_sc_hd__buf_2)
     2    0.003292    0.029855    0.081530    0.400574 ^ _1802_/X (sky130_fd_sc_hd__buf_2)
                                                         _0750_ (net)
                      0.029855    0.000000    0.400574 ^ _1323_/A (sky130_fd_sc_hd__and2_2)
     1    0.001807    0.032941    0.106890    0.507464 ^ _1323_/X (sky130_fd_sc_hd__and2_2)
                                                         _0361_ (net)
                      0.032941    0.000000    0.507464 ^ _1923_/A (sky130_fd_sc_hd__buf_2)
     1    0.001674    0.022685    0.077217    0.584682 ^ _1923_/X (sky130_fd_sc_hd__buf_2)
                                                         _1006_ (net)
                      0.022685    0.000000    0.584682 ^ _1502_/D (sky130_fd_sc_hd__dfxtp_2)
                                              0.584682   data arrival time

                      0.150000    0.000000    0.000000   clock clk (rise edge)
                                  0.000000    0.000000   clock network delay (ideal)
                                  0.250000    0.250000   clock uncertainty
                                  0.000000    0.250000   clock reconvergence pessimism
                                              0.250000 ^ _1502_/CLK (sky130_fd_sc_hd__dfxtp_2)
                                 -0.012803    0.237197   library hold time
                                              0.237197   data required time
---------------------------------------------------------------------------------------------
                                              0.237197   data required time
                                             -0.584682   data arrival time
---------------------------------------------------------------------------------------------
                                              0.347484   slack (MET)


Startpoint: _1503_ (rising edge-triggered flip-flop clocked by clk)
Endpoint: _1503_ (rising edge-triggered flip-flop clocked by clk)
Path Group: clk
Path Type: min

Fanout         Cap        Slew       Delay        Time   Description
---------------------------------------------------------------------------------------------
                      0.150000    0.000000    0.000000   clock clk (rise edge)
                                  0.000000    0.000000   clock network delay (ideal)
                      0.150000    0.000000    0.000000 ^ _1503_/CLK (sky130_fd_sc_hd__dfxtp_2)
     1    0.001807    0.026610    0.319044    0.319044 ^ _1503_/Q (sky130_fd_sc_hd__dfxtp_2)
                                                         u_top.instruction_mmu.u_tlb.vpn[2][16] (net)
                      0.026610    0.000000    0.319044 ^ _1807_/A (sky130_fd_sc_hd__buf_2)
     2    0.003292    0.029855    0.081530    0.400574 ^ _1807_/X (sky130_fd_sc_hd__buf_2)
                                                         _0751_ (net)
                      0.029855    0.000000    0.400574 ^ _1324_/A (sky130_fd_sc_hd__and2_2)
     1    0.001807    0.032941    0.106890    0.507464 ^ _1324_/X (sky130_fd_sc_hd__and2_2)
                                                         _0362_ (net)
                      0.032941    0.000000    0.507464 ^ _1924_/A (sky130_fd_sc_hd__buf_2)
     1    0.001674    0.022685    0.077217    0.584682 ^ _1924_/X (sky130_fd_sc_hd__buf_2)
                                                         _1008_ (net)
                      0.022685    0.000000    0.584682 ^ _1503_/D (sky130_fd_sc_hd__dfxtp_2)
                                              0.584682   data arrival time

                      0.150000    0.000000    0.000000   clock clk (rise edge)
                                  0.000000    0.000000   clock network delay (ideal)
                                  0.250000    0.250000   clock uncertainty
                                  0.000000    0.250000   clock reconvergence pessimism
                                              0.250000 ^ _1503_/CLK (sky130_fd_sc_hd__dfxtp_2)
                                 -0.012803    0.237197   library hold time
                                              0.237197   data required time
---------------------------------------------------------------------------------------------
                                              0.237197   data required time
                                             -0.584682   data arrival time
---------------------------------------------------------------------------------------------
                                              0.347484   slack (MET)


Startpoint: _1506_ (rising edge-triggered flip-flop clocked by clk)
Endpoint: _1506_ (rising edge-triggered flip-flop clocked by clk)
Path Group: clk
Path Type: min

Fanout         Cap        Slew       Delay        Time   Description
---------------------------------------------------------------------------------------------
                      0.150000    0.000000    0.000000   clock clk (rise edge)
                                  0.000000    0.000000   clock network delay (ideal)
                      0.150000    0.000000    0.000000 ^ _1506_/CLK (sky130_fd_sc_hd__dfxtp_2)
     1    0.001807    0.026610    0.319044    0.319044 ^ _1506_/Q (sky130_fd_sc_hd__dfxtp_2)
                                                         u_top.instruction_mmu.u_tlb.vpn[2][19] (net)
                      0.026610    0.000000    0.319044 ^ _1822_/A (sky130_fd_sc_hd__buf_2)
     2    0.003292    0.029855    0.081530    0.400574 ^ _1822_/X (sky130_fd_sc_hd__buf_2)
                                                         _0754_ (net)
                      0.029855    0.000000    0.400574 ^ _1327_/A (sky130_fd_sc_hd__and2_2)
     1    0.001807    0.032941    0.106890    0.507464 ^ _1327_/X (sky130_fd_sc_hd__and2_2)
                                                         _0365_ (net)
                      0.032941    0.000000    0.507464 ^ _1927_/A (sky130_fd_sc_hd__buf_2)
     1    0.001674    0.022685    0.077217    0.584682 ^ _1927_/X (sky130_fd_sc_hd__buf_2)
                                                         _1014_ (net)
                      0.022685    0.000000    0.584682 ^ _1506_/D (sky130_fd_sc_hd__dfxtp_2)
                                              0.584682   data arrival time

                      0.150000    0.000000    0.000000   clock clk (rise edge)
                                  0.000000    0.000000   clock network delay (ideal)
                                  0.250000    0.250000   clock uncertainty
                                  0.000000    0.250000   clock reconvergence pessimism
                                              0.250000 ^ _1506_/CLK (sky130_fd_sc_hd__dfxtp_2)
                                 -0.012803    0.237197   library hold time
                                              0.237197   data required time
---------------------------------------------------------------------------------------------
                                              0.237197   data required time
                                             -0.584682   data arrival time
---------------------------------------------------------------------------------------------
                                              0.347484   slack (MET)


Startpoint: _1511_ (rising edge-triggered flip-flop clocked by clk)
Endpoint: _1511_ (rising edge-triggered flip-flop clocked by clk)
Path Group: clk
Path Type: min

Fanout         Cap        Slew       Delay        Time   Description
---------------------------------------------------------------------------------------------
                      0.150000    0.000000    0.000000   clock clk (rise edge)
                                  0.000000    0.000000   clock network delay (ideal)
                      0.150000    0.000000    0.000000 ^ _1511_/CLK (sky130_fd_sc_hd__dfxtp_2)
     1    0.001807    0.026610    0.319044    0.319044 ^ _1511_/Q (sky130_fd_sc_hd__dfxtp_2)
                                                         u_top.instruction_mmu.u_tlb.valid[3] (net)
                      0.026610    0.000000    0.319044 ^ _1728_/A (sky130_fd_sc_hd__buf_2)
     2    0.003311    0.029939    0.081607    0.400651 ^ _1728_/X (sky130_fd_sc_hd__buf_2)
                                                         _0703_ (net)
                      0.029939    0.000000    0.400651 ^ _1332_/A (sky130_fd_sc_hd__and2_2)
     1    0.001807    0.032941    0.106918    0.507570 ^ _1332_/X (sky130_fd_sc_hd__and2_2)
                                                         _0370_ (net)
                      0.032941    0.000000    0.507570 ^ _1932_/A (sky130_fd_sc_hd__buf_2)
     1    0.001674    0.022685    0.077218    0.584787 ^ _1932_/X (sky130_fd_sc_hd__buf_2)
                                                         _1019_ (net)
                      0.022685    0.000000    0.584787 ^ _1511_/D (sky130_fd_sc_hd__dfxtp_2)
                                              0.584787   data arrival time

                      0.150000    0.000000    0.000000   clock clk (rise edge)
                                  0.000000    0.000000   clock network delay (ideal)
                                  0.250000    0.250000   clock uncertainty
                                  0.000000    0.250000   clock reconvergence pessimism
                                              0.250000 ^ _1511_/CLK (sky130_fd_sc_hd__dfxtp_2)
                                 -0.012803    0.237197   library hold time
                                              0.237197   data required time
---------------------------------------------------------------------------------------------
                                              0.237197   data required time
                                             -0.584787   data arrival time
---------------------------------------------------------------------------------------------
                                              0.347590   slack (MET)


Startpoint: _1514_ (rising edge-triggered flip-flop clocked by clk)
Endpoint: _1514_ (rising edge-triggered flip-flop clocked by clk)
Path Group: clk
Path Type: min

Fanout         Cap        Slew       Delay        Time   Description
---------------------------------------------------------------------------------------------
                      0.150000    0.000000    0.000000   clock clk (rise edge)
                                  0.000000    0.000000   clock network delay (ideal)
                      0.150000    0.000000    0.000000 ^ _1514_/CLK (sky130_fd_sc_hd__dfxtp_2)
     1    0.001807    0.026610    0.319044    0.319044 ^ _1514_/Q (sky130_fd_sc_hd__dfxtp_2)
                                                         u_top.instruction_mmu.u_tlb.vpn[3][2] (net)
                      0.026610    0.000000    0.319044 ^ _1740_/A (sky130_fd_sc_hd__buf_2)
     2    0.003311    0.029939    0.081607    0.400651 ^ _1740_/X (sky130_fd_sc_hd__buf_2)
                                                         _0776_ (net)
                      0.029939    0.000000    0.400651 ^ _1335_/A (sky130_fd_sc_hd__and2_2)
     1    0.001807    0.032941    0.106918    0.507570 ^ _1335_/X (sky130_fd_sc_hd__and2_2)
                                                         _0373_ (net)
                      0.032941    0.000000    0.507570 ^ _1935_/A (sky130_fd_sc_hd__buf_2)
     1    0.001674    0.022685    0.077218    0.584787 ^ _1935_/X (sky130_fd_sc_hd__buf_2)
                                                         _1022_ (net)
                      0.022685    0.000000    0.584787 ^ _1514_/D (sky130_fd_sc_hd__dfxtp_2)
                                              0.584787   data arrival time

                      0.150000    0.000000    0.000000   clock clk (rise edge)
                                  0.000000    0.000000   clock network delay (ideal)
                                  0.250000    0.250000   clock uncertainty
                                  0.000000    0.250000   clock reconvergence pessimism
                                              0.250000 ^ _1514_/CLK (sky130_fd_sc_hd__dfxtp_2)
                                 -0.012803    0.237197   library hold time
                                              0.237197   data required time
---------------------------------------------------------------------------------------------
                                              0.237197   data required time
                                             -0.584787   data arrival time
---------------------------------------------------------------------------------------------
                                              0.347590   slack (MET)


Startpoint: _1518_ (rising edge-triggered flip-flop clocked by clk)
Endpoint: _1518_ (rising edge-triggered flip-flop clocked by clk)
Path Group: clk
Path Type: min

Fanout         Cap        Slew       Delay        Time   Description
---------------------------------------------------------------------------------------------
                      0.150000    0.000000    0.000000   clock clk (rise edge)
                                  0.000000    0.000000   clock network delay (ideal)
                      0.150000    0.000000    0.000000 ^ _1518_/CLK (sky130_fd_sc_hd__dfxtp_2)
     1    0.001807    0.026610    0.319044    0.319044 ^ _1518_/Q (sky130_fd_sc_hd__dfxtp_2)
                                                         u_top.instruction_mmu.u_tlb.vpn[3][6] (net)
                      0.026610    0.000000    0.319044 ^ _1758_/A (sky130_fd_sc_hd__buf_2)
     2    0.003311    0.029939    0.081607    0.400651 ^ _1758_/X (sky130_fd_sc_hd__buf_2)
                                                         _0780_ (net)
                      0.029939    0.000000    0.400651 ^ _1339_/A (sky130_fd_sc_hd__and2_2)
     1    0.001807    0.032941    0.106918    0.507570 ^ _1339_/X (sky130_fd_sc_hd__and2_2)
                                                         _0377_ (net)
                      0.032941    0.000000    0.507570 ^ _1939_/A (sky130_fd_sc_hd__buf_2)
     1    0.001674    0.022685    0.077218    0.584787 ^ _1939_/X (sky130_fd_sc_hd__buf_2)
                                                         _1026_ (net)
                      0.022685    0.000000    0.584787 ^ _1518_/D (sky130_fd_sc_hd__dfxtp_2)
                                              0.584787   data arrival time

                      0.150000    0.000000    0.000000   clock clk (rise edge)
                                  0.000000    0.000000   clock network delay (ideal)
                                  0.250000    0.250000   clock uncertainty
                                  0.000000    0.250000   clock reconvergence pessimism
                                              0.250000 ^ _1518_/CLK (sky130_fd_sc_hd__dfxtp_2)
                                 -0.012803    0.237197   library hold time
                                              0.237197   data required time
---------------------------------------------------------------------------------------------
                                              0.237197   data required time
                                             -0.584787   data arrival time
---------------------------------------------------------------------------------------------
                                              0.347590   slack (MET)


Startpoint: _1520_ (rising edge-triggered flip-flop clocked by clk)
Endpoint: _1520_ (rising edge-triggered flip-flop clocked by clk)
Path Group: clk
Path Type: min

Fanout         Cap        Slew       Delay        Time   Description
---------------------------------------------------------------------------------------------
                      0.150000    0.000000    0.000000   clock clk (rise edge)
                                  0.000000    0.000000   clock network delay (ideal)
                      0.150000    0.000000    0.000000 ^ _1520_/CLK (sky130_fd_sc_hd__dfxtp_2)
     1    0.001807    0.026610    0.319044    0.319044 ^ _1520_/Q (sky130_fd_sc_hd__dfxtp_2)
                                                         u_top.instruction_mmu.u_tlb.vpn[3][8] (net)
                      0.026610    0.000000    0.319044 ^ _1768_/A (sky130_fd_sc_hd__buf_2)
     2    0.003311    0.029939    0.081607    0.400651 ^ _1768_/X (sky130_fd_sc_hd__buf_2)
                                                         _0782_ (net)
                      0.029939    0.000000    0.400651 ^ _1341_/A (sky130_fd_sc_hd__and2_2)
     1    0.001807    0.032941    0.106918    0.507570 ^ _1341_/X (sky130_fd_sc_hd__and2_2)
                                                         _0379_ (net)
                      0.032941    0.000000    0.507570 ^ _1941_/A (sky130_fd_sc_hd__buf_2)
     1    0.001674    0.022685    0.077218    0.584787 ^ _1941_/X (sky130_fd_sc_hd__buf_2)
                                                         _1028_ (net)
                      0.022685    0.000000    0.584787 ^ _1520_/D (sky130_fd_sc_hd__dfxtp_2)
                                              0.584787   data arrival time

                      0.150000    0.000000    0.000000   clock clk (rise edge)
                                  0.000000    0.000000   clock network delay (ideal)
                                  0.250000    0.250000   clock uncertainty
                                  0.000000    0.250000   clock reconvergence pessimism
                                              0.250000 ^ _1520_/CLK (sky130_fd_sc_hd__dfxtp_2)
                                 -0.012803    0.237197   library hold time
                                              0.237197   data required time
---------------------------------------------------------------------------------------------
                                              0.237197   data required time
                                             -0.584787   data arrival time
---------------------------------------------------------------------------------------------
                                              0.347590   slack (MET)


Startpoint: _1527_ (rising edge-triggered flip-flop clocked by clk)
Endpoint: _1527_ (rising edge-triggered flip-flop clocked by clk)
Path Group: clk
Path Type: min

Fanout         Cap        Slew       Delay        Time   Description
---------------------------------------------------------------------------------------------
                      0.150000    0.000000    0.000000   clock clk (rise edge)
                                  0.000000    0.000000   clock network delay (ideal)
                      0.150000    0.000000    0.000000 ^ _1527_/CLK (sky130_fd_sc_hd__dfxtp_2)
     1    0.001807    0.026610    0.319044    0.319044 ^ _1527_/Q (sky130_fd_sc_hd__dfxtp_2)
                                                         u_top.instruction_mmu.u_tlb.vpn[3][15] (net)
                      0.026610    0.000000    0.319044 ^ _1803_/A (sky130_fd_sc_hd__buf_2)
     2    0.003311    0.029939    0.081607    0.400651 ^ _1803_/X (sky130_fd_sc_hd__buf_2)
                                                         _0770_ (net)
                      0.029939    0.000000    0.400651 ^ _1348_/A (sky130_fd_sc_hd__and2_2)
     1    0.001807    0.032941    0.106918    0.507570 ^ _1348_/X (sky130_fd_sc_hd__and2_2)
                                                         _0386_ (net)
                      0.032941    0.000000    0.507570 ^ _1948_/A (sky130_fd_sc_hd__buf_2)
     1    0.001674    0.022685    0.077218    0.584787 ^ _1948_/X (sky130_fd_sc_hd__buf_2)
                                                         _1035_ (net)
                      0.022685    0.000000    0.584787 ^ _1527_/D (sky130_fd_sc_hd__dfxtp_2)
                                              0.584787   data arrival time

                      0.150000    0.000000    0.000000   clock clk (rise edge)
                                  0.000000    0.000000   clock network delay (ideal)
                                  0.250000    0.250000   clock uncertainty
                                  0.000000    0.250000   clock reconvergence pessimism
                                              0.250000 ^ _1527_/CLK (sky130_fd_sc_hd__dfxtp_2)
                                 -0.012803    0.237197   library hold time
                                              0.237197   data required time
---------------------------------------------------------------------------------------------
                                              0.237197   data required time
                                             -0.584787   data arrival time
---------------------------------------------------------------------------------------------
                                              0.347590   slack (MET)


Startpoint: _1528_ (rising edge-triggered flip-flop clocked by clk)
Endpoint: _1528_ (rising edge-triggered flip-flop clocked by clk)
Path Group: clk
Path Type: min

Fanout         Cap        Slew       Delay        Time   Description
---------------------------------------------------------------------------------------------
                      0.150000    0.000000    0.000000   clock clk (rise edge)
                                  0.000000    0.000000   clock network delay (ideal)
                      0.150000    0.000000    0.000000 ^ _1528_/CLK (sky130_fd_sc_hd__dfxtp_2)
     1    0.001807    0.026610    0.319044    0.319044 ^ _1528_/Q (sky130_fd_sc_hd__dfxtp_2)
                                                         u_top.instruction_mmu.u_tlb.vpn[3][16] (net)
                      0.026610    0.000000    0.319044 ^ _1808_/A (sky130_fd_sc_hd__buf_2)
     2    0.003311    0.029939    0.081607    0.400651 ^ _1808_/X (sky130_fd_sc_hd__buf_2)
                                                         _0771_ (net)
                      0.029939    0.000000    0.400651 ^ _1349_/A (sky130_fd_sc_hd__and2_2)
     1    0.001807    0.032941    0.106918    0.507570 ^ _1349_/X (sky130_fd_sc_hd__and2_2)
                                                         _0387_ (net)
                      0.032941    0.000000    0.507570 ^ _1949_/A (sky130_fd_sc_hd__buf_2)
     1    0.001674    0.022685    0.077218    0.584787 ^ _1949_/X (sky130_fd_sc_hd__buf_2)
                                                         _1036_ (net)
                      0.022685    0.000000    0.584787 ^ _1528_/D (sky130_fd_sc_hd__dfxtp_2)
                                              0.584787   data arrival time

                      0.150000    0.000000    0.000000   clock clk (rise edge)
                                  0.000000    0.000000   clock network delay (ideal)
                                  0.250000    0.250000   clock uncertainty
                                  0.000000    0.250000   clock reconvergence pessimism
                                              0.250000 ^ _1528_/CLK (sky130_fd_sc_hd__dfxtp_2)
                                 -0.012803    0.237197   library hold time
                                              0.237197   data required time
---------------------------------------------------------------------------------------------
                                              0.237197   data required time
                                             -0.584787   data arrival time
---------------------------------------------------------------------------------------------
                                              0.347590   slack (MET)


Startpoint: _1531_ (rising edge-triggered flip-flop clocked by clk)
Endpoint: _1531_ (rising edge-triggered flip-flop clocked by clk)
Path Group: clk
Path Type: min

Fanout         Cap        Slew       Delay        Time   Description
---------------------------------------------------------------------------------------------
                      0.150000    0.000000    0.000000   clock clk (rise edge)
                                  0.000000    0.000000   clock network delay (ideal)
                      0.150000    0.000000    0.000000 ^ _1531_/CLK (sky130_fd_sc_hd__dfxtp_2)
     1    0.001807    0.026610    0.319044    0.319044 ^ _1531_/Q (sky130_fd_sc_hd__dfxtp_2)
                                                         u_top.instruction_mmu.u_tlb.vpn[3][19] (net)
                      0.026610    0.000000    0.319044 ^ _1823_/A (sky130_fd_sc_hd__buf_2)
     2    0.003311    0.029939    0.081607    0.400651 ^ _1823_/X (sky130_fd_sc_hd__buf_2)
                                                         _0774_ (net)
                      0.029939    0.000000    0.400651 ^ _1352_/A (sky130_fd_sc_hd__and2_2)
     1    0.001807    0.032941    0.106918    0.507570 ^ _1352_/X (sky130_fd_sc_hd__and2_2)
                                                         _0390_ (net)
                      0.032941    0.000000    0.507570 ^ _1952_/A (sky130_fd_sc_hd__buf_2)
     1    0.001674    0.022685    0.077218    0.584787 ^ _1952_/X (sky130_fd_sc_hd__buf_2)
                                                         _1039_ (net)
                      0.022685    0.000000    0.584787 ^ _1531_/D (sky130_fd_sc_hd__dfxtp_2)
                                              0.584787   data arrival time

                      0.150000    0.000000    0.000000   clock clk (rise edge)
                                  0.000000    0.000000   clock network delay (ideal)
                                  0.250000    0.250000   clock uncertainty
                                  0.000000    0.250000   clock reconvergence pessimism
                                              0.250000 ^ _1531_/CLK (sky130_fd_sc_hd__dfxtp_2)
                                 -0.012803    0.237197   library hold time
                                              0.237197   data required time
---------------------------------------------------------------------------------------------
                                              0.237197   data required time
                                             -0.584787   data arrival time
---------------------------------------------------------------------------------------------
                                              0.347590   slack (MET)


Startpoint: _1446_ (rising edge-triggered flip-flop clocked by clk)
Endpoint: _1446_ (rising edge-triggered flip-flop clocked by clk)
Path Group: clk
Path Type: min

Fanout         Cap        Slew       Delay        Time   Description
---------------------------------------------------------------------------------------------
                      0.150000    0.000000    0.000000   clock clk (rise edge)
                                  0.000000    0.000000   clock network delay (ideal)
                      0.150000    0.000000    0.000000 ^ _1446_/CLK (sky130_fd_sc_hd__dfxtp_2)
     1    0.001807    0.026610    0.319044    0.319044 ^ _1446_/Q (sky130_fd_sc_hd__dfxtp_2)
                                                         u_top.instruction_mmu.u_tlb.valid[0] (net)
                      0.026610    0.000000    0.319044 ^ _1725_/A (sky130_fd_sc_hd__buf_2)
     2    0.004326    0.034431    0.085702    0.404746 ^ _1725_/X (sky130_fd_sc_hd__buf_2)
                                                         _0700_ (net)
                      0.034431    0.000000    0.404746 ^ _1266_/A1 (sky130_fd_sc_hd__o21a_2)
     1    0.001807    0.027634    0.104827    0.509573 ^ _1266_/X (sky130_fd_sc_hd__o21a_2)
                                                         _0305_ (net)
                      0.027634    0.000000    0.509573 ^ _1867_/A (sky130_fd_sc_hd__buf_2)
     1    0.001674    0.022695    0.075328    0.584901 ^ _1867_/X (sky130_fd_sc_hd__buf_2)
                                                         _0894_ (net)
                      0.022695    0.000000    0.584901 ^ _1446_/D (sky130_fd_sc_hd__dfxtp_2)
                                              0.584901   data arrival time

                      0.150000    0.000000    0.000000   clock clk (rise edge)
                                  0.000000    0.000000   clock network delay (ideal)
                                  0.250000    0.250000   clock uncertainty
                                  0.000000    0.250000   clock reconvergence pessimism
                                              0.250000 ^ _1446_/CLK (sky130_fd_sc_hd__dfxtp_2)
                                 -0.012805    0.237195   library hold time
                                              0.237195   data required time
---------------------------------------------------------------------------------------------
                                              0.237195   data required time
                                             -0.584901   data arrival time
---------------------------------------------------------------------------------------------
                                              0.347706   slack (MET)


Startpoint: _1445_ (rising edge-triggered flip-flop clocked by clk)
Endpoint: _1445_ (rising edge-triggered flip-flop clocked by clk)
Path Group: clk
Path Type: min

Fanout         Cap        Slew       Delay        Time   Description
---------------------------------------------------------------------------------------------
                      0.150000    0.000000    0.000000   clock clk (rise edge)
                                  0.000000    0.000000   clock network delay (ideal)
                      0.150000    0.000000    0.000000 ^ _1445_/CLK (sky130_fd_sc_hd__dfxtp_2)
     1    0.001807    0.026610    0.319044    0.319044 ^ _1445_/Q (sky130_fd_sc_hd__dfxtp_2)
                                                         u_top.instruction_mmu.u_tlb.valid[1] (net)
                      0.026610    0.000000    0.319044 ^ _1726_/A (sky130_fd_sc_hd__buf_2)
     2    0.003358    0.030147    0.081798    0.400842 ^ _1726_/X (sky130_fd_sc_hd__buf_2)
                                                         _0701_ (net)
                      0.030147    0.000000    0.400842 ^ _1264_/A (sky130_fd_sc_hd__and2_2)
     1    0.001807    0.032942    0.106988    0.507830 ^ _1264_/X (sky130_fd_sc_hd__and2_2)
                                                         _0304_ (net)
                      0.032942    0.000000    0.507830 ^ _1866_/A (sky130_fd_sc_hd__buf_2)
     1    0.001674    0.022685    0.077218    0.585048 ^ _1866_/X (sky130_fd_sc_hd__buf_2)
                                                         _0892_ (net)
                      0.022685    0.000000    0.585048 ^ _1445_/D (sky130_fd_sc_hd__dfxtp_2)
                                              0.585048   data arrival time

                      0.150000    0.000000    0.000000   clock clk (rise edge)
                                  0.000000    0.000000   clock network delay (ideal)
                                  0.250000    0.250000   clock uncertainty
                                  0.000000    0.250000   clock reconvergence pessimism
                                              0.250000 ^ _1445_/CLK (sky130_fd_sc_hd__dfxtp_2)
                                 -0.012803    0.237197   library hold time
                                              0.237197   data required time
---------------------------------------------------------------------------------------------
                                              0.237197   data required time
                                             -0.585048   data arrival time
---------------------------------------------------------------------------------------------
                                              0.347851   slack (MET)


Startpoint: _1469_ (rising edge-triggered flip-flop clocked by clk)
Endpoint: _1469_ (rising edge-triggered flip-flop clocked by clk)
Path Group: clk
Path Type: min

Fanout         Cap        Slew       Delay        Time   Description
---------------------------------------------------------------------------------------------
                      0.150000    0.000000    0.000000   clock clk (rise edge)
                                  0.000000    0.000000   clock network delay (ideal)
                      0.150000    0.000000    0.000000 ^ _1469_/CLK (sky130_fd_sc_hd__dfxtp_2)
     1    0.001807    0.026610    0.319044    0.319044 ^ _1469_/Q (sky130_fd_sc_hd__dfxtp_2)
                                                         u_top.instruction_mmu.u_tlb.vpn[1][2] (net)
                      0.026610    0.000000    0.319044 ^ _1738_/A (sky130_fd_sc_hd__buf_2)
     2    0.003358    0.030147    0.081798    0.400842 ^ _1738_/X (sky130_fd_sc_hd__buf_2)
                                                         _0736_ (net)
                      0.030147    0.000000    0.400842 ^ _1290_/A (sky130_fd_sc_hd__and2_2)
     1    0.001807    0.032942    0.106988    0.507830 ^ _1290_/X (sky130_fd_sc_hd__and2_2)
                                                         _0328_ (net)
                      0.032942    0.000000    0.507830 ^ _1890_/A (sky130_fd_sc_hd__buf_2)
     1    0.001674    0.022685    0.077218    0.585048 ^ _1890_/X (sky130_fd_sc_hd__buf_2)
                                                         _0940_ (net)
                      0.022685    0.000000    0.585048 ^ _1469_/D (sky130_fd_sc_hd__dfxtp_2)
                                              0.585048   data arrival time

                      0.150000    0.000000    0.000000   clock clk (rise edge)
                                  0.000000    0.000000   clock network delay (ideal)
                                  0.250000    0.250000   clock uncertainty
                                  0.000000    0.250000   clock reconvergence pessimism
                                              0.250000 ^ _1469_/CLK (sky130_fd_sc_hd__dfxtp_2)
                                 -0.012803    0.237197   library hold time
                                              0.237197   data required time
---------------------------------------------------------------------------------------------
                                              0.237197   data required time
                                             -0.585048   data arrival time
---------------------------------------------------------------------------------------------
                                              0.347851   slack (MET)


Startpoint: _1473_ (rising edge-triggered flip-flop clocked by clk)
Endpoint: _1473_ (rising edge-triggered flip-flop clocked by clk)
Path Group: clk
Path Type: min

Fanout         Cap        Slew       Delay        Time   Description
---------------------------------------------------------------------------------------------
                      0.150000    0.000000    0.000000   clock clk (rise edge)
                                  0.000000    0.000000   clock network delay (ideal)
                      0.150000    0.000000    0.000000 ^ _1473_/CLK (sky130_fd_sc_hd__dfxtp_2)
     1    0.001807    0.026610    0.319044    0.319044 ^ _1473_/Q (sky130_fd_sc_hd__dfxtp_2)
                                                         u_top.instruction_mmu.u_tlb.vpn[1][6] (net)
                      0.026610    0.000000    0.319044 ^ _1756_/A (sky130_fd_sc_hd__buf_2)
     2    0.003358    0.030147    0.081798    0.400842 ^ _1756_/X (sky130_fd_sc_hd__buf_2)
                                                         _0740_ (net)
                      0.030147    0.000000    0.400842 ^ _1294_/A (sky130_fd_sc_hd__and2_2)
     1    0.001807    0.032942    0.106988    0.507830 ^ _1294_/X (sky130_fd_sc_hd__and2_2)
                                                         _0332_ (net)
                      0.032942    0.000000    0.507830 ^ _1894_/A (sky130_fd_sc_hd__buf_2)
     1    0.001674    0.022685    0.077218    0.585048 ^ _1894_/X (sky130_fd_sc_hd__buf_2)
                                                         _0948_ (net)
                      0.022685    0.000000    0.585048 ^ _1473_/D (sky130_fd_sc_hd__dfxtp_2)
                                              0.585048   data arrival time

                      0.150000    0.000000    0.000000   clock clk (rise edge)
                                  0.000000    0.000000   clock network delay (ideal)
                                  0.250000    0.250000   clock uncertainty
                                  0.000000    0.250000   clock reconvergence pessimism
                                              0.250000 ^ _1473_/CLK (sky130_fd_sc_hd__dfxtp_2)
                                 -0.012803    0.237197   library hold time
                                              0.237197   data required time
---------------------------------------------------------------------------------------------
                                              0.237197   data required time
                                             -0.585048   data arrival time
---------------------------------------------------------------------------------------------
                                              0.347851   slack (MET)


Startpoint: _1475_ (rising edge-triggered flip-flop clocked by clk)
Endpoint: _1475_ (rising edge-triggered flip-flop clocked by clk)
Path Group: clk
Path Type: min

Fanout         Cap        Slew       Delay        Time   Description
---------------------------------------------------------------------------------------------
                      0.150000    0.000000    0.000000   clock clk (rise edge)
                                  0.000000    0.000000   clock network delay (ideal)
                      0.150000    0.000000    0.000000 ^ _1475_/CLK (sky130_fd_sc_hd__dfxtp_2)
     1    0.001807    0.026610    0.319044    0.319044 ^ _1475_/Q (sky130_fd_sc_hd__dfxtp_2)
                                                         u_top.instruction_mmu.u_tlb.vpn[1][8] (net)
                      0.026610    0.000000    0.319044 ^ _1766_/A (sky130_fd_sc_hd__buf_2)
     2    0.003358    0.030147    0.081798    0.400842 ^ _1766_/X (sky130_fd_sc_hd__buf_2)
                                                         _0742_ (net)
                      0.030147    0.000000    0.400842 ^ _1296_/A (sky130_fd_sc_hd__and2_2)
     1    0.001807    0.032942    0.106988    0.507830 ^ _1296_/X (sky130_fd_sc_hd__and2_2)
                                                         _0334_ (net)
                      0.032942    0.000000    0.507830 ^ _1896_/A (sky130_fd_sc_hd__buf_2)
     1    0.001674    0.022685    0.077218    0.585048 ^ _1896_/X (sky130_fd_sc_hd__buf_2)
                                                         _0952_ (net)
                      0.022685    0.000000    0.585048 ^ _1475_/D (sky130_fd_sc_hd__dfxtp_2)
                                              0.585048   data arrival time

                      0.150000    0.000000    0.000000   clock clk (rise edge)
                                  0.000000    0.000000   clock network delay (ideal)
                                  0.250000    0.250000   clock uncertainty
                                  0.000000    0.250000   clock reconvergence pessimism
                                              0.250000 ^ _1475_/CLK (sky130_fd_sc_hd__dfxtp_2)
                                 -0.012803    0.237197   library hold time
                                              0.237197   data required time
---------------------------------------------------------------------------------------------
                                              0.237197   data required time
                                             -0.585048   data arrival time
---------------------------------------------------------------------------------------------
                                              0.347851   slack (MET)


Startpoint: _1482_ (rising edge-triggered flip-flop clocked by clk)
Endpoint: _1482_ (rising edge-triggered flip-flop clocked by clk)
Path Group: clk
Path Type: min

Fanout         Cap        Slew       Delay        Time   Description
---------------------------------------------------------------------------------------------
                      0.150000    0.000000    0.000000   clock clk (rise edge)
                                  0.000000    0.000000   clock network delay (ideal)
                      0.150000    0.000000    0.000000 ^ _1482_/CLK (sky130_fd_sc_hd__dfxtp_2)
     1    0.001807    0.026610    0.319044    0.319044 ^ _1482_/Q (sky130_fd_sc_hd__dfxtp_2)
                                                         u_top.instruction_mmu.u_tlb.vpn[1][15] (net)
                      0.026610    0.000000    0.319044 ^ _1801_/A (sky130_fd_sc_hd__buf_2)
     2    0.003358    0.030147    0.081798    0.400842 ^ _1801_/X (sky130_fd_sc_hd__buf_2)
                                                         _0730_ (net)
                      0.030147    0.000000    0.400842 ^ _1303_/A (sky130_fd_sc_hd__and2_2)
     1    0.001807    0.032942    0.106988    0.507830 ^ _1303_/X (sky130_fd_sc_hd__and2_2)
                                                         _0341_ (net)
                      0.032942    0.000000    0.507830 ^ _1903_/A (sky130_fd_sc_hd__buf_2)
     1    0.001674    0.022685    0.077218    0.585048 ^ _1903_/X (sky130_fd_sc_hd__buf_2)
                                                         _0966_ (net)
                      0.022685    0.000000    0.585048 ^ _1482_/D (sky130_fd_sc_hd__dfxtp_2)
                                              0.585048   data arrival time

                      0.150000    0.000000    0.000000   clock clk (rise edge)
                                  0.000000    0.000000   clock network delay (ideal)
                                  0.250000    0.250000   clock uncertainty
                                  0.000000    0.250000   clock reconvergence pessimism
                                              0.250000 ^ _1482_/CLK (sky130_fd_sc_hd__dfxtp_2)
                                 -0.012803    0.237197   library hold time
                                              0.237197   data required time
---------------------------------------------------------------------------------------------
                                              0.237197   data required time
                                             -0.585048   data arrival time
---------------------------------------------------------------------------------------------
                                              0.347851   slack (MET)


Startpoint: _1483_ (rising edge-triggered flip-flop clocked by clk)
Endpoint: _1483_ (rising edge-triggered flip-flop clocked by clk)
Path Group: clk
Path Type: min

Fanout         Cap        Slew       Delay        Time   Description
---------------------------------------------------------------------------------------------
                      0.150000    0.000000    0.000000   clock clk (rise edge)
                                  0.000000    0.000000   clock network delay (ideal)
                      0.150000    0.000000    0.000000 ^ _1483_/CLK (sky130_fd_sc_hd__dfxtp_2)
     1    0.001807    0.026610    0.319044    0.319044 ^ _1483_/Q (sky130_fd_sc_hd__dfxtp_2)
                                                         u_top.instruction_mmu.u_tlb.vpn[1][16] (net)
                      0.026610    0.000000    0.319044 ^ _1806_/A (sky130_fd_sc_hd__buf_2)
     2    0.003358    0.030147    0.081798    0.400842 ^ _1806_/X (sky130_fd_sc_hd__buf_2)
                                                         _0731_ (net)
                      0.030147    0.000000    0.400842 ^ _1304_/A (sky130_fd_sc_hd__and2_2)
     1    0.001807    0.032942    0.106988    0.507830 ^ _1304_/X (sky130_fd_sc_hd__and2_2)
                                                         _0342_ (net)
                      0.032942    0.000000    0.507830 ^ _1904_/A (sky130_fd_sc_hd__buf_2)
     1    0.001674    0.022685    0.077218    0.585048 ^ _1904_/X (sky130_fd_sc_hd__buf_2)
                                                         _0968_ (net)
                      0.022685    0.000000    0.585048 ^ _1483_/D (sky130_fd_sc_hd__dfxtp_2)
                                              0.585048   data arrival time

                      0.150000    0.000000    0.000000   clock clk (rise edge)
                                  0.000000    0.000000   clock network delay (ideal)
                                  0.250000    0.250000   clock uncertainty
                                  0.000000    0.250000   clock reconvergence pessimism
                                              0.250000 ^ _1483_/CLK (sky130_fd_sc_hd__dfxtp_2)
                                 -0.012803    0.237197   library hold time
                                              0.237197   data required time
---------------------------------------------------------------------------------------------
                                              0.237197   data required time
                                             -0.585048   data arrival time
---------------------------------------------------------------------------------------------
                                              0.347851   slack (MET)


Startpoint: _1486_ (rising edge-triggered flip-flop clocked by clk)
Endpoint: _1486_ (rising edge-triggered flip-flop clocked by clk)
Path Group: clk
Path Type: min

Fanout         Cap        Slew       Delay        Time   Description
---------------------------------------------------------------------------------------------
                      0.150000    0.000000    0.000000   clock clk (rise edge)
                                  0.000000    0.000000   clock network delay (ideal)
                      0.150000    0.000000    0.000000 ^ _1486_/CLK (sky130_fd_sc_hd__dfxtp_2)
     1    0.001807    0.026610    0.319044    0.319044 ^ _1486_/Q (sky130_fd_sc_hd__dfxtp_2)
                                                         u_top.instruction_mmu.u_tlb.vpn[1][19] (net)
                      0.026610    0.000000    0.319044 ^ _1821_/A (sky130_fd_sc_hd__buf_2)
     2    0.003358    0.030147    0.081798    0.400842 ^ _1821_/X (sky130_fd_sc_hd__buf_2)
                                                         _0734_ (net)
                      0.030147    0.000000    0.400842 ^ _1307_/A (sky130_fd_sc_hd__and2_2)
     1    0.001807    0.032942    0.106988    0.507830 ^ _1307_/X (sky130_fd_sc_hd__and2_2)
                                                         _0345_ (net)
                      0.032942    0.000000    0.507830 ^ _1907_/A (sky130_fd_sc_hd__buf_2)
     1    0.001674    0.022685    0.077218    0.585048 ^ _1907_/X (sky130_fd_sc_hd__buf_2)
                                                         _0974_ (net)
                      0.022685    0.000000    0.585048 ^ _1486_/D (sky130_fd_sc_hd__dfxtp_2)
                                              0.585048   data arrival time

                      0.150000    0.000000    0.000000   clock clk (rise edge)
                                  0.000000    0.000000   clock network delay (ideal)
                                  0.250000    0.250000   clock uncertainty
                                  0.000000    0.250000   clock reconvergence pessimism
                                              0.250000 ^ _1486_/CLK (sky130_fd_sc_hd__dfxtp_2)
                                 -0.012803    0.237197   library hold time
                                              0.237197   data required time
---------------------------------------------------------------------------------------------
                                              0.237197   data required time
                                             -0.585048   data arrival time
---------------------------------------------------------------------------------------------
                                              0.347851   slack (MET)


Startpoint: _1449_ (rising edge-triggered flip-flop clocked by clk)
Endpoint: _1449_ (rising edge-triggered flip-flop clocked by clk)
Path Group: clk
Path Type: min

Fanout         Cap        Slew       Delay        Time   Description
---------------------------------------------------------------------------------------------
                      0.150000    0.000000    0.000000   clock clk (rise edge)
                                  0.000000    0.000000   clock network delay (ideal)
                      0.150000    0.000000    0.000000 ^ _1449_/CLK (sky130_fd_sc_hd__dfxtp_2)
     1    0.001807    0.026610    0.319044    0.319044 ^ _1449_/Q (sky130_fd_sc_hd__dfxtp_2)
                                                         u_top.instruction_mmu.u_tlb.vpn[0][2] (net)
                      0.026610    0.000000    0.319044 ^ _1737_/A (sky130_fd_sc_hd__buf_2)
     2    0.003371    0.030204    0.081851    0.400895 ^ _1737_/X (sky130_fd_sc_hd__buf_2)
                                                         _0716_ (net)
                      0.030204    0.000000    0.400895 ^ _1270_/A (sky130_fd_sc_hd__and2_2)
     1    0.001807    0.032942    0.107008    0.507903 ^ _1270_/X (sky130_fd_sc_hd__and2_2)
                                                         _0308_ (net)
                      0.032942    0.000000    0.507903 ^ _1870_/A (sky130_fd_sc_hd__buf_2)
     1    0.001674    0.022685    0.077218    0.585120 ^ _1870_/X (sky130_fd_sc_hd__buf_2)
                                                         _0900_ (net)
                      0.022685    0.000000    0.585120 ^ _1449_/D (sky130_fd_sc_hd__dfxtp_2)
                                              0.585120   data arrival time

                      0.150000    0.000000    0.000000   clock clk (rise edge)
                                  0.000000    0.000000   clock network delay (ideal)
                                  0.250000    0.250000   clock uncertainty
                                  0.000000    0.250000   clock reconvergence pessimism
                                              0.250000 ^ _1449_/CLK (sky130_fd_sc_hd__dfxtp_2)
                                 -0.012803    0.237197   library hold time
                                              0.237197   data required time
---------------------------------------------------------------------------------------------
                                              0.237197   data required time
                                             -0.585120   data arrival time
---------------------------------------------------------------------------------------------
                                              0.347923   slack (MET)


Startpoint: _1453_ (rising edge-triggered flip-flop clocked by clk)
Endpoint: _1453_ (rising edge-triggered flip-flop clocked by clk)
Path Group: clk
Path Type: min

Fanout         Cap        Slew       Delay        Time   Description
---------------------------------------------------------------------------------------------
                      0.150000    0.000000    0.000000   clock clk (rise edge)
                                  0.000000    0.000000   clock network delay (ideal)
                      0.150000    0.000000    0.000000 ^ _1453_/CLK (sky130_fd_sc_hd__dfxtp_2)
     1    0.001807    0.026610    0.319044    0.319044 ^ _1453_/Q (sky130_fd_sc_hd__dfxtp_2)
                                                         u_top.instruction_mmu.u_tlb.vpn[0][6] (net)
                      0.026610    0.000000    0.319044 ^ _1755_/A (sky130_fd_sc_hd__buf_2)
     2    0.004383    0.034686    0.085895    0.404939 ^ _1755_/X (sky130_fd_sc_hd__buf_2)
                                                         _0720_ (net)
                      0.034686    0.000000    0.404939 ^ _1274_/B2 (sky130_fd_sc_hd__a22o_2)
     1    0.001807    0.030107    0.104353    0.509292 ^ _1274_/X (sky130_fd_sc_hd__a22o_2)
                                                         _0312_ (net)
                      0.030107    0.000000    0.509292 ^ _1874_/A (sky130_fd_sc_hd__buf_2)
     1    0.001674    0.022690    0.076208    0.585501 ^ _1874_/X (sky130_fd_sc_hd__buf_2)
                                                         _0908_ (net)
                      0.022690    0.000000    0.585501 ^ _1453_/D (sky130_fd_sc_hd__dfxtp_2)
                                              0.585501   data arrival time

                      0.150000    0.000000    0.000000   clock clk (rise edge)
                                  0.000000    0.000000   clock network delay (ideal)
                                  0.250000    0.250000   clock uncertainty
                                  0.000000    0.250000   clock reconvergence pessimism
                                              0.250000 ^ _1453_/CLK (sky130_fd_sc_hd__dfxtp_2)
                                 -0.012804    0.237196   library hold time
                                              0.237196   data required time
---------------------------------------------------------------------------------------------
                                              0.237196   data required time
                                             -0.585501   data arrival time
---------------------------------------------------------------------------------------------
                                              0.348305   slack (MET)


Startpoint: _1455_ (rising edge-triggered flip-flop clocked by clk)
Endpoint: _1455_ (rising edge-triggered flip-flop clocked by clk)
Path Group: clk
Path Type: min

Fanout         Cap        Slew       Delay        Time   Description
---------------------------------------------------------------------------------------------
                      0.150000    0.000000    0.000000   clock clk (rise edge)
                                  0.000000    0.000000   clock network delay (ideal)
                      0.150000    0.000000    0.000000 ^ _1455_/CLK (sky130_fd_sc_hd__dfxtp_2)
     1    0.001807    0.026610    0.319044    0.319044 ^ _1455_/Q (sky130_fd_sc_hd__dfxtp_2)
                                                         u_top.instruction_mmu.u_tlb.vpn[0][8] (net)
                      0.026610    0.000000    0.319044 ^ _1765_/A (sky130_fd_sc_hd__buf_2)
     2    0.004383    0.034686    0.085895    0.404939 ^ _1765_/X (sky130_fd_sc_hd__buf_2)
                                                         _0722_ (net)
                      0.034686    0.000000    0.404939 ^ _1276_/B2 (sky130_fd_sc_hd__a22o_2)
     1    0.001807    0.030107    0.104353    0.509292 ^ _1276_/X (sky130_fd_sc_hd__a22o_2)
                                                         _0314_ (net)
                      0.030107    0.000000    0.509292 ^ _1876_/A (sky130_fd_sc_hd__buf_2)
     1    0.001674    0.022690    0.076208    0.585501 ^ _1876_/X (sky130_fd_sc_hd__buf_2)
                                                         _0912_ (net)
                      0.022690    0.000000    0.585501 ^ _1455_/D (sky130_fd_sc_hd__dfxtp_2)
                                              0.585501   data arrival time

                      0.150000    0.000000    0.000000   clock clk (rise edge)
                                  0.000000    0.000000   clock network delay (ideal)
                                  0.250000    0.250000   clock uncertainty
                                  0.000000    0.250000   clock reconvergence pessimism
                                              0.250000 ^ _1455_/CLK (sky130_fd_sc_hd__dfxtp_2)
                                 -0.012804    0.237196   library hold time
                                              0.237196   data required time
---------------------------------------------------------------------------------------------
                                              0.237196   data required time
                                             -0.585501   data arrival time
---------------------------------------------------------------------------------------------
                                              0.348305   slack (MET)


Startpoint: _1462_ (rising edge-triggered flip-flop clocked by clk)
Endpoint: _1462_ (rising edge-triggered flip-flop clocked by clk)
Path Group: clk
Path Type: min

Fanout         Cap        Slew       Delay        Time   Description
---------------------------------------------------------------------------------------------
                      0.150000    0.000000    0.000000   clock clk (rise edge)
                                  0.000000    0.000000   clock network delay (ideal)
                      0.150000    0.000000    0.000000 ^ _1462_/CLK (sky130_fd_sc_hd__dfxtp_2)
     1    0.001807    0.026610    0.319044    0.319044 ^ _1462_/Q (sky130_fd_sc_hd__dfxtp_2)
                                                         u_top.instruction_mmu.u_tlb.vpn[0][15] (net)
                      0.026610    0.000000    0.319044 ^ _1800_/A (sky130_fd_sc_hd__buf_2)
     2    0.004383    0.034686    0.085895    0.404939 ^ _1800_/X (sky130_fd_sc_hd__buf_2)
                                                         _0710_ (net)
                      0.034686    0.000000    0.404939 ^ _1283_/B2 (sky130_fd_sc_hd__a22o_2)
     1    0.001807    0.030107    0.104353    0.509292 ^ _1283_/X (sky130_fd_sc_hd__a22o_2)
                                                         _0321_ (net)
                      0.030107    0.000000    0.509292 ^ _1883_/A (sky130_fd_sc_hd__buf_2)
     1    0.001674    0.022690    0.076208    0.585501 ^ _1883_/X (sky130_fd_sc_hd__buf_2)
                                                         _0926_ (net)
                      0.022690    0.000000    0.585501 ^ _1462_/D (sky130_fd_sc_hd__dfxtp_2)
                                              0.585501   data arrival time

                      0.150000    0.000000    0.000000   clock clk (rise edge)
                                  0.000000    0.000000   clock network delay (ideal)
                                  0.250000    0.250000   clock uncertainty
                                  0.000000    0.250000   clock reconvergence pessimism
                                              0.250000 ^ _1462_/CLK (sky130_fd_sc_hd__dfxtp_2)
                                 -0.012804    0.237196   library hold time
                                              0.237196   data required time
---------------------------------------------------------------------------------------------
                                              0.237196   data required time
                                             -0.585501   data arrival time
---------------------------------------------------------------------------------------------
                                              0.348305   slack (MET)


Startpoint: _1463_ (rising edge-triggered flip-flop clocked by clk)
Endpoint: _1463_ (rising edge-triggered flip-flop clocked by clk)
Path Group: clk
Path Type: min

Fanout         Cap        Slew       Delay        Time   Description
---------------------------------------------------------------------------------------------
                      0.150000    0.000000    0.000000   clock clk (rise edge)
                                  0.000000    0.000000   clock network delay (ideal)
                      0.150000    0.000000    0.000000 ^ _1463_/CLK (sky130_fd_sc_hd__dfxtp_2)
     1    0.001807    0.026610    0.319044    0.319044 ^ _1463_/Q (sky130_fd_sc_hd__dfxtp_2)
                                                         u_top.instruction_mmu.u_tlb.vpn[0][16] (net)
                      0.026610    0.000000    0.319044 ^ _1805_/A (sky130_fd_sc_hd__buf_2)
     2    0.004383    0.034686    0.085895    0.404939 ^ _1805_/X (sky130_fd_sc_hd__buf_2)
                                                         _0711_ (net)
                      0.034686    0.000000    0.404939 ^ _1284_/B2 (sky130_fd_sc_hd__a22o_2)
     1    0.001807    0.030107    0.104353    0.509292 ^ _1284_/X (sky130_fd_sc_hd__a22o_2)
                                                         _0322_ (net)
                      0.030107    0.000000    0.509292 ^ _1884_/A (sky130_fd_sc_hd__buf_2)
     1    0.001674    0.022690    0.076208    0.585501 ^ _1884_/X (sky130_fd_sc_hd__buf_2)
                                                         _0928_ (net)
                      0.022690    0.000000    0.585501 ^ _1463_/D (sky130_fd_sc_hd__dfxtp_2)
                                              0.585501   data arrival time

                      0.150000    0.000000    0.000000   clock clk (rise edge)
                                  0.000000    0.000000   clock network delay (ideal)
                                  0.250000    0.250000   clock uncertainty
                                  0.000000    0.250000   clock reconvergence pessimism
                                              0.250000 ^ _1463_/CLK (sky130_fd_sc_hd__dfxtp_2)
                                 -0.012804    0.237196   library hold time
                                              0.237196   data required time
---------------------------------------------------------------------------------------------
                                              0.237196   data required time
                                             -0.585501   data arrival time
---------------------------------------------------------------------------------------------
                                              0.348305   slack (MET)


Startpoint: _1466_ (rising edge-triggered flip-flop clocked by clk)
Endpoint: _1466_ (rising edge-triggered flip-flop clocked by clk)
Path Group: clk
Path Type: min

Fanout         Cap        Slew       Delay        Time   Description
---------------------------------------------------------------------------------------------
                      0.150000    0.000000    0.000000   clock clk (rise edge)
                                  0.000000    0.000000   clock network delay (ideal)
                      0.150000    0.000000    0.000000 ^ _1466_/CLK (sky130_fd_sc_hd__dfxtp_2)
     1    0.001807    0.026610    0.319044    0.319044 ^ _1466_/Q (sky130_fd_sc_hd__dfxtp_2)
                                                         u_top.instruction_mmu.u_tlb.vpn[0][19] (net)
                      0.026610    0.000000    0.319044 ^ _1820_/A (sky130_fd_sc_hd__buf_2)
     2    0.004383    0.034686    0.085895    0.404939 ^ _1820_/X (sky130_fd_sc_hd__buf_2)
                                                         _0714_ (net)
                      0.034686    0.000000    0.404939 ^ _1287_/B2 (sky130_fd_sc_hd__a22o_2)
     1    0.001807    0.030107    0.104353    0.509292 ^ _1287_/X (sky130_fd_sc_hd__a22o_2)
                                                         _0325_ (net)
                      0.030107    0.000000    0.509292 ^ _1887_/A (sky130_fd_sc_hd__buf_2)
     1    0.001674    0.022690    0.076208    0.585501 ^ _1887_/X (sky130_fd_sc_hd__buf_2)
                                                         _0934_ (net)
                      0.022690    0.000000    0.585501 ^ _1466_/D (sky130_fd_sc_hd__dfxtp_2)
                                              0.585501   data arrival time

                      0.150000    0.000000    0.000000   clock clk (rise edge)
                                  0.000000    0.000000   clock network delay (ideal)
                                  0.250000    0.250000   clock uncertainty
                                  0.000000    0.250000   clock reconvergence pessimism
                                              0.250000 ^ _1466_/CLK (sky130_fd_sc_hd__dfxtp_2)
                                 -0.012804    0.237196   library hold time
                                              0.237196   data required time
---------------------------------------------------------------------------------------------
                                              0.237196   data required time
                                             -0.585501   data arrival time
---------------------------------------------------------------------------------------------
                                              0.348305   slack (MET)


Startpoint: _1512_ (rising edge-triggered flip-flop clocked by clk)
Endpoint: _1512_ (rising edge-triggered flip-flop clocked by clk)
Path Group: clk
Path Type: min

Fanout         Cap        Slew       Delay        Time   Description
---------------------------------------------------------------------------------------------
                      0.150000    0.000000    0.000000   clock clk (rise edge)
                                  0.000000    0.000000   clock network delay (ideal)
                      0.150000    0.000000    0.000000 ^ _1512_/CLK (sky130_fd_sc_hd__dfxtp_2)
     1    0.001807    0.026610    0.319044    0.319044 ^ _1512_/Q (sky130_fd_sc_hd__dfxtp_2)
                                                         u_top.instruction_mmu.u_tlb.vpn[3][0] (net)
                      0.026610    0.000000    0.319044 ^ _1732_/A (sky130_fd_sc_hd__buf_2)
     2    0.003844    0.032297    0.083770    0.402815 ^ _1732_/X (sky130_fd_sc_hd__buf_2)
                                                         _0764_ (net)
                      0.032297    0.000000    0.402815 ^ _1333_/A (sky130_fd_sc_hd__and2_2)
     1    0.001807    0.032952    0.107712    0.510527 ^ _1333_/X (sky130_fd_sc_hd__and2_2)
                                                         _0371_ (net)
                      0.032952    0.000000    0.510527 ^ _1933_/A (sky130_fd_sc_hd__buf_2)
     1    0.001674    0.022685    0.077221    0.587748 ^ _1933_/X (sky130_fd_sc_hd__buf_2)
                                                         _1020_ (net)
                      0.022685    0.000000    0.587748 ^ _1512_/D (sky130_fd_sc_hd__dfxtp_2)
                                              0.587748   data arrival time

                      0.150000    0.000000    0.000000   clock clk (rise edge)
                                  0.000000    0.000000   clock network delay (ideal)
                                  0.250000    0.250000   clock uncertainty
                                  0.000000    0.250000   clock reconvergence pessimism
                                              0.250000 ^ _1512_/CLK (sky130_fd_sc_hd__dfxtp_2)
                                 -0.012803    0.237197   library hold time
                                              0.237197   data required time
---------------------------------------------------------------------------------------------
                                              0.237197   data required time
                                             -0.587748   data arrival time
---------------------------------------------------------------------------------------------
                                              0.350551   slack (MET)


Startpoint: _1513_ (rising edge-triggered flip-flop clocked by clk)
Endpoint: _1513_ (rising edge-triggered flip-flop clocked by clk)
Path Group: clk
Path Type: min

Fanout         Cap        Slew       Delay        Time   Description
---------------------------------------------------------------------------------------------
                      0.150000    0.000000    0.000000   clock clk (rise edge)
                                  0.000000    0.000000   clock network delay (ideal)
                      0.150000    0.000000    0.000000 ^ _1513_/CLK (sky130_fd_sc_hd__dfxtp_2)
     1    0.001807    0.026610    0.319044    0.319044 ^ _1513_/Q (sky130_fd_sc_hd__dfxtp_2)
                                                         u_top.instruction_mmu.u_tlb.vpn[3][1] (net)
                      0.026610    0.000000    0.319044 ^ _1736_/A (sky130_fd_sc_hd__buf_2)
     2    0.003919    0.032629    0.084075    0.403119 ^ _1736_/X (sky130_fd_sc_hd__buf_2)
                                                         _0775_ (net)
                      0.032629    0.000000    0.403119 ^ _1334_/A (sky130_fd_sc_hd__and2_2)
     1    0.001807    0.032953    0.107824    0.510943 ^ _1334_/X (sky130_fd_sc_hd__and2_2)
                                                         _0372_ (net)
                      0.032953    0.000000    0.510943 ^ _1934_/A (sky130_fd_sc_hd__buf_2)
     1    0.001674    0.022685    0.077222    0.588165 ^ _1934_/X (sky130_fd_sc_hd__buf_2)
                                                         _1021_ (net)
                      0.022685    0.000000    0.588165 ^ _1513_/D (sky130_fd_sc_hd__dfxtp_2)
                                              0.588165   data arrival time

                      0.150000    0.000000    0.000000   clock clk (rise edge)
                                  0.000000    0.000000   clock network delay (ideal)
                                  0.250000    0.250000   clock uncertainty
                                  0.000000    0.250000   clock reconvergence pessimism
                                              0.250000 ^ _1513_/CLK (sky130_fd_sc_hd__dfxtp_2)
                                 -0.012803    0.237197   library hold time
                                              0.237197   data required time
---------------------------------------------------------------------------------------------
                                              0.237197   data required time
                                             -0.588165   data arrival time
---------------------------------------------------------------------------------------------
                                              0.350968   slack (MET)


Startpoint: _1452_ (rising edge-triggered flip-flop clocked by clk)
Endpoint: _1452_ (rising edge-triggered flip-flop clocked by clk)
Path Group: clk
Path Type: min

Fanout         Cap        Slew       Delay        Time   Description
---------------------------------------------------------------------------------------------
                      0.150000    0.000000    0.000000   clock clk (rise edge)
                                  0.000000    0.000000   clock network delay (ideal)
                      0.150000    0.000000    0.000000 ^ _1452_/CLK (sky130_fd_sc_hd__dfxtp_2)
     1    0.001807    0.026610    0.319044    0.319044 ^ _1452_/Q (sky130_fd_sc_hd__dfxtp_2)
                                                         u_top.instruction_mmu.u_tlb.vpn[0][5] (net)
                      0.026610    0.000000    0.319044 ^ _1750_/A (sky130_fd_sc_hd__buf_2)
     2    0.004964    0.037286    0.087859    0.406903 ^ _1750_/X (sky130_fd_sc_hd__buf_2)
                                                         _0719_ (net)
                      0.037286    0.000000    0.406903 ^ _1273_/B2 (sky130_fd_sc_hd__a22o_2)
     1    0.001807    0.030107    0.105141    0.512044 ^ _1273_/X (sky130_fd_sc_hd__a22o_2)
                                                         _0311_ (net)
                      0.030107    0.000000    0.512044 ^ _1873_/A (sky130_fd_sc_hd__buf_2)
     1    0.001674    0.022690    0.076208    0.588253 ^ _1873_/X (sky130_fd_sc_hd__buf_2)
                                                         _0906_ (net)
                      0.022690    0.000000    0.588253 ^ _1452_/D (sky130_fd_sc_hd__dfxtp_2)
                                              0.588253   data arrival time

                      0.150000    0.000000    0.000000   clock clk (rise edge)
                                  0.000000    0.000000   clock network delay (ideal)
                                  0.250000    0.250000   clock uncertainty
                                  0.000000    0.250000   clock reconvergence pessimism
                                              0.250000 ^ _1452_/CLK (sky130_fd_sc_hd__dfxtp_2)
                                 -0.012804    0.237196   library hold time
                                              0.237196   data required time
---------------------------------------------------------------------------------------------
                                              0.237196   data required time
                                             -0.588253   data arrival time
---------------------------------------------------------------------------------------------
                                              0.351057   slack (MET)


Startpoint: _1454_ (rising edge-triggered flip-flop clocked by clk)
Endpoint: _1454_ (rising edge-triggered flip-flop clocked by clk)
Path Group: clk
Path Type: min

Fanout         Cap        Slew       Delay        Time   Description
---------------------------------------------------------------------------------------------
                      0.150000    0.000000    0.000000   clock clk (rise edge)
                                  0.000000    0.000000   clock network delay (ideal)
                      0.150000    0.000000    0.000000 ^ _1454_/CLK (sky130_fd_sc_hd__dfxtp_2)
     1    0.001807    0.026610    0.319044    0.319044 ^ _1454_/Q (sky130_fd_sc_hd__dfxtp_2)
                                                         u_top.instruction_mmu.u_tlb.vpn[0][7] (net)
                      0.026610    0.000000    0.319044 ^ _1760_/A (sky130_fd_sc_hd__buf_2)
     2    0.004964    0.037286    0.087859    0.406903 ^ _1760_/X (sky130_fd_sc_hd__buf_2)
                                                         _0721_ (net)
                      0.037286    0.000000    0.406903 ^ _1275_/B2 (sky130_fd_sc_hd__a22o_2)
     1    0.001807    0.030107    0.105141    0.512044 ^ _1275_/X (sky130_fd_sc_hd__a22o_2)
                                                         _0313_ (net)
                      0.030107    0.000000    0.512044 ^ _1875_/A (sky130_fd_sc_hd__buf_2)
     1    0.001674    0.022690    0.076208    0.588253 ^ _1875_/X (sky130_fd_sc_hd__buf_2)
                                                         _0910_ (net)
                      0.022690    0.000000    0.588253 ^ _1454_/D (sky130_fd_sc_hd__dfxtp_2)
                                              0.588253   data arrival time

                      0.150000    0.000000    0.000000   clock clk (rise edge)
                                  0.000000    0.000000   clock network delay (ideal)
                                  0.250000    0.250000   clock uncertainty
                                  0.000000    0.250000   clock reconvergence pessimism
                                              0.250000 ^ _1454_/CLK (sky130_fd_sc_hd__dfxtp_2)
                                 -0.012804    0.237196   library hold time
                                              0.237196   data required time
---------------------------------------------------------------------------------------------
                                              0.237196   data required time
                                             -0.588253   data arrival time
---------------------------------------------------------------------------------------------
                                              0.351057   slack (MET)


Startpoint: _1456_ (rising edge-triggered flip-flop clocked by clk)
Endpoint: _1456_ (rising edge-triggered flip-flop clocked by clk)
Path Group: clk
Path Type: min

Fanout         Cap        Slew       Delay        Time   Description
---------------------------------------------------------------------------------------------
                      0.150000    0.000000    0.000000   clock clk (rise edge)
                                  0.000000    0.000000   clock network delay (ideal)
                      0.150000    0.000000    0.000000 ^ _1456_/CLK (sky130_fd_sc_hd__dfxtp_2)
     1    0.001807    0.026610    0.319044    0.319044 ^ _1456_/Q (sky130_fd_sc_hd__dfxtp_2)
                                                         u_top.instruction_mmu.u_tlb.vpn[0][9] (net)
                      0.026610    0.000000    0.319044 ^ _1770_/A (sky130_fd_sc_hd__buf_2)
     2    0.004964    0.037286    0.087859    0.406903 ^ _1770_/X (sky130_fd_sc_hd__buf_2)
                                                         _0723_ (net)
                      0.037286    0.000000    0.406903 ^ _1277_/B2 (sky130_fd_sc_hd__a22o_2)
     1    0.001807    0.030107    0.105141    0.512044 ^ _1277_/X (sky130_fd_sc_hd__a22o_2)
                                                         _0315_ (net)
                      0.030107    0.000000    0.512044 ^ _1877_/A (sky130_fd_sc_hd__buf_2)
     1    0.001674    0.022690    0.076208    0.588253 ^ _1877_/X (sky130_fd_sc_hd__buf_2)
                                                         _0914_ (net)
                      0.022690    0.000000    0.588253 ^ _1456_/D (sky130_fd_sc_hd__dfxtp_2)
                                              0.588253   data arrival time

                      0.150000    0.000000    0.000000   clock clk (rise edge)
                                  0.000000    0.000000   clock network delay (ideal)
                                  0.250000    0.250000   clock uncertainty
                                  0.000000    0.250000   clock reconvergence pessimism
                                              0.250000 ^ _1456_/CLK (sky130_fd_sc_hd__dfxtp_2)
                                 -0.012804    0.237196   library hold time
                                              0.237196   data required time
---------------------------------------------------------------------------------------------
                                              0.237196   data required time
                                             -0.588253   data arrival time
---------------------------------------------------------------------------------------------
                                              0.351057   slack (MET)


Startpoint: _1457_ (rising edge-triggered flip-flop clocked by clk)
Endpoint: _1457_ (rising edge-triggered flip-flop clocked by clk)
Path Group: clk
Path Type: min

Fanout         Cap        Slew       Delay        Time   Description
---------------------------------------------------------------------------------------------
                      0.150000    0.000000    0.000000   clock clk (rise edge)
                                  0.000000    0.000000   clock network delay (ideal)
                      0.150000    0.000000    0.000000 ^ _1457_/CLK (sky130_fd_sc_hd__dfxtp_2)
     1    0.001807    0.026610    0.319044    0.319044 ^ _1457_/Q (sky130_fd_sc_hd__dfxtp_2)
                                                         u_top.instruction_mmu.u_tlb.vpn[0][10] (net)
                      0.026610    0.000000    0.319044 ^ _1775_/A (sky130_fd_sc_hd__buf_2)
     2    0.004964    0.037286    0.087859    0.406903 ^ _1775_/X (sky130_fd_sc_hd__buf_2)
                                                         _0705_ (net)
                      0.037286    0.000000    0.406903 ^ _1278_/B2 (sky130_fd_sc_hd__a22o_2)
     1    0.001807    0.030107    0.105141    0.512044 ^ _1278_/X (sky130_fd_sc_hd__a22o_2)
                                                         _0316_ (net)
                      0.030107    0.000000    0.512044 ^ _1878_/A (sky130_fd_sc_hd__buf_2)
     1    0.001674    0.022690    0.076208    0.588253 ^ _1878_/X (sky130_fd_sc_hd__buf_2)
                                                         _0916_ (net)
                      0.022690    0.000000    0.588253 ^ _1457_/D (sky130_fd_sc_hd__dfxtp_2)
                                              0.588253   data arrival time

                      0.150000    0.000000    0.000000   clock clk (rise edge)
                                  0.000000    0.000000   clock network delay (ideal)
                                  0.250000    0.250000   clock uncertainty
                                  0.000000    0.250000   clock reconvergence pessimism
                                              0.250000 ^ _1457_/CLK (sky130_fd_sc_hd__dfxtp_2)
                                 -0.012804    0.237196   library hold time
                                              0.237196   data required time
---------------------------------------------------------------------------------------------
                                              0.237196   data required time
                                             -0.588253   data arrival time
---------------------------------------------------------------------------------------------
                                              0.351057   slack (MET)


Startpoint: _1458_ (rising edge-triggered flip-flop clocked by clk)
Endpoint: _1458_ (rising edge-triggered flip-flop clocked by clk)
Path Group: clk
Path Type: min

Fanout         Cap        Slew       Delay        Time   Description
---------------------------------------------------------------------------------------------
                      0.150000    0.000000    0.000000   clock clk (rise edge)
                                  0.000000    0.000000   clock network delay (ideal)
                      0.150000    0.000000    0.000000 ^ _1458_/CLK (sky130_fd_sc_hd__dfxtp_2)
     1    0.001807    0.026610    0.319044    0.319044 ^ _1458_/Q (sky130_fd_sc_hd__dfxtp_2)
                                                         u_top.instruction_mmu.u_tlb.vpn[0][11] (net)
                      0.026610    0.000000    0.319044 ^ _1780_/A (sky130_fd_sc_hd__buf_2)
     2    0.004964    0.037286    0.087859    0.406903 ^ _1780_/X (sky130_fd_sc_hd__buf_2)
                                                         _0706_ (net)
                      0.037286    0.000000    0.406903 ^ _1279_/B2 (sky130_fd_sc_hd__a22o_2)
     1    0.001807    0.030107    0.105141    0.512044 ^ _1279_/X (sky130_fd_sc_hd__a22o_2)
                                                         _0317_ (net)
                      0.030107    0.000000    0.512044 ^ _1879_/A (sky130_fd_sc_hd__buf_2)
     1    0.001674    0.022690    0.076208    0.588253 ^ _1879_/X (sky130_fd_sc_hd__buf_2)
                                                         _0918_ (net)
                      0.022690    0.000000    0.588253 ^ _1458_/D (sky130_fd_sc_hd__dfxtp_2)
                                              0.588253   data arrival time

                      0.150000    0.000000    0.000000   clock clk (rise edge)
                                  0.000000    0.000000   clock network delay (ideal)
                                  0.250000    0.250000   clock uncertainty
                                  0.000000    0.250000   clock reconvergence pessimism
                                              0.250000 ^ _1458_/CLK (sky130_fd_sc_hd__dfxtp_2)
                                 -0.012804    0.237196   library hold time
                                              0.237196   data required time
---------------------------------------------------------------------------------------------
                                              0.237196   data required time
                                             -0.588253   data arrival time
---------------------------------------------------------------------------------------------
                                              0.351057   slack (MET)


Startpoint: _1460_ (rising edge-triggered flip-flop clocked by clk)
Endpoint: _1460_ (rising edge-triggered flip-flop clocked by clk)
Path Group: clk
Path Type: min

Fanout         Cap        Slew       Delay        Time   Description
---------------------------------------------------------------------------------------------
                      0.150000    0.000000    0.000000   clock clk (rise edge)
                                  0.000000    0.000000   clock network delay (ideal)
                      0.150000    0.000000    0.000000 ^ _1460_/CLK (sky130_fd_sc_hd__dfxtp_2)
     1    0.001807    0.026610    0.319044    0.319044 ^ _1460_/Q (sky130_fd_sc_hd__dfxtp_2)
                                                         u_top.instruction_mmu.u_tlb.vpn[0][13] (net)
                      0.026610    0.000000    0.319044 ^ _1790_/A (sky130_fd_sc_hd__buf_2)
     2    0.004964    0.037286    0.087859    0.406903 ^ _1790_/X (sky130_fd_sc_hd__buf_2)
                                                         _0708_ (net)
                      0.037286    0.000000    0.406903 ^ _1281_/B2 (sky130_fd_sc_hd__a22o_2)
     1    0.001807    0.030107    0.105141    0.512044 ^ _1281_/X (sky130_fd_sc_hd__a22o_2)
                                                         _0319_ (net)
                      0.030107    0.000000    0.512044 ^ _1881_/A (sky130_fd_sc_hd__buf_2)
     1    0.001674    0.022690    0.076208    0.588253 ^ _1881_/X (sky130_fd_sc_hd__buf_2)
                                                         _0922_ (net)
                      0.022690    0.000000    0.588253 ^ _1460_/D (sky130_fd_sc_hd__dfxtp_2)
                                              0.588253   data arrival time

                      0.150000    0.000000    0.000000   clock clk (rise edge)
                                  0.000000    0.000000   clock network delay (ideal)
                                  0.250000    0.250000   clock uncertainty
                                  0.000000    0.250000   clock reconvergence pessimism
                                              0.250000 ^ _1460_/CLK (sky130_fd_sc_hd__dfxtp_2)
                                 -0.012804    0.237196   library hold time
                                              0.237196   data required time
---------------------------------------------------------------------------------------------
                                              0.237196   data required time
                                             -0.588253   data arrival time
---------------------------------------------------------------------------------------------
                                              0.351057   slack (MET)


Startpoint: _1461_ (rising edge-triggered flip-flop clocked by clk)
Endpoint: _1461_ (rising edge-triggered flip-flop clocked by clk)
Path Group: clk
Path Type: min

Fanout         Cap        Slew       Delay        Time   Description
---------------------------------------------------------------------------------------------
                      0.150000    0.000000    0.000000   clock clk (rise edge)
                                  0.000000    0.000000   clock network delay (ideal)
                      0.150000    0.000000    0.000000 ^ _1461_/CLK (sky130_fd_sc_hd__dfxtp_2)
     1    0.001807    0.026610    0.319044    0.319044 ^ _1461_/Q (sky130_fd_sc_hd__dfxtp_2)
                                                         u_top.instruction_mmu.u_tlb.vpn[0][14] (net)
                      0.026610    0.000000    0.319044 ^ _1795_/A (sky130_fd_sc_hd__buf_2)
     2    0.004964    0.037286    0.087859    0.406903 ^ _1795_/X (sky130_fd_sc_hd__buf_2)
                                                         _0709_ (net)
                      0.037286    0.000000    0.406903 ^ _1282_/B2 (sky130_fd_sc_hd__a22o_2)
     1    0.001807    0.030107    0.105141    0.512044 ^ _1282_/X (sky130_fd_sc_hd__a22o_2)
                                                         _0320_ (net)
                      0.030107    0.000000    0.512044 ^ _1882_/A (sky130_fd_sc_hd__buf_2)
     1    0.001674    0.022690    0.076208    0.588253 ^ _1882_/X (sky130_fd_sc_hd__buf_2)
                                                         _0924_ (net)
                      0.022690    0.000000    0.588253 ^ _1461_/D (sky130_fd_sc_hd__dfxtp_2)
                                              0.588253   data arrival time

                      0.150000    0.000000    0.000000   clock clk (rise edge)
                                  0.000000    0.000000   clock network delay (ideal)
                                  0.250000    0.250000   clock uncertainty
                                  0.000000    0.250000   clock reconvergence pessimism
                                              0.250000 ^ _1461_/CLK (sky130_fd_sc_hd__dfxtp_2)
                                 -0.012804    0.237196   library hold time
                                              0.237196   data required time
---------------------------------------------------------------------------------------------
                                              0.237196   data required time
                                             -0.588253   data arrival time
---------------------------------------------------------------------------------------------
                                              0.351057   slack (MET)


Startpoint: _1470_ (rising edge-triggered flip-flop clocked by clk)
Endpoint: _1470_ (rising edge-triggered flip-flop clocked by clk)
Path Group: clk
Path Type: min

Fanout         Cap        Slew       Delay        Time   Description
---------------------------------------------------------------------------------------------
                      0.150000    0.000000    0.000000   clock clk (rise edge)
                                  0.000000    0.000000   clock network delay (ideal)
                      0.150000    0.000000    0.000000 ^ _1470_/CLK (sky130_fd_sc_hd__dfxtp_2)
     1    0.001807    0.026610    0.319044    0.319044 ^ _1470_/Q (sky130_fd_sc_hd__dfxtp_2)
                                                         u_top.instruction_mmu.u_tlb.vpn[1][3] (net)
                      0.026610    0.000000    0.319044 ^ _1742_/A (sky130_fd_sc_hd__buf_2)
     2    0.003940    0.032721    0.084160    0.403204 ^ _1742_/X (sky130_fd_sc_hd__buf_2)
                                                         _0737_ (net)
                      0.032721    0.000000    0.403204 ^ _1291_/A (sky130_fd_sc_hd__and2_2)
     1    0.001807    0.032954    0.107856    0.511060 ^ _1291_/X (sky130_fd_sc_hd__and2_2)
                                                         _0329_ (net)
                      0.032954    0.000000    0.511060 ^ _1891_/A (sky130_fd_sc_hd__buf_2)
     1    0.001674    0.022685    0.077222    0.588282 ^ _1891_/X (sky130_fd_sc_hd__buf_2)
                                                         _0942_ (net)
                      0.022685    0.000000    0.588282 ^ _1470_/D (sky130_fd_sc_hd__dfxtp_2)
                                              0.588282   data arrival time

                      0.150000    0.000000    0.000000   clock clk (rise edge)
                                  0.000000    0.000000   clock network delay (ideal)
                                  0.250000    0.250000   clock uncertainty
                                  0.000000    0.250000   clock reconvergence pessimism
                                              0.250000 ^ _1470_/CLK (sky130_fd_sc_hd__dfxtp_2)
                                 -0.012803    0.237197   library hold time
                                              0.237197   data required time
---------------------------------------------------------------------------------------------
                                              0.237197   data required time
                                             -0.588282   data arrival time
---------------------------------------------------------------------------------------------
                                              0.351084   slack (MET)


Startpoint: _1476_ (rising edge-triggered flip-flop clocked by clk)
Endpoint: _1476_ (rising edge-triggered flip-flop clocked by clk)
Path Group: clk
Path Type: min

Fanout         Cap        Slew       Delay        Time   Description
---------------------------------------------------------------------------------------------
                      0.150000    0.000000    0.000000   clock clk (rise edge)
                                  0.000000    0.000000   clock network delay (ideal)
                      0.150000    0.000000    0.000000 ^ _1476_/CLK (sky130_fd_sc_hd__dfxtp_2)
     1    0.001807    0.026610    0.319044    0.319044 ^ _1476_/Q (sky130_fd_sc_hd__dfxtp_2)
                                                         u_top.instruction_mmu.u_tlb.vpn[1][9] (net)
                      0.026610    0.000000    0.319044 ^ _1771_/A (sky130_fd_sc_hd__buf_2)
     2    0.003940    0.032721    0.084160    0.403204 ^ _1771_/X (sky130_fd_sc_hd__buf_2)
                                                         _0743_ (net)
                      0.032721    0.000000    0.403204 ^ _1297_/A (sky130_fd_sc_hd__and2_2)
     1    0.001807    0.032954    0.107856    0.511060 ^ _1297_/X (sky130_fd_sc_hd__and2_2)
                                                         _0335_ (net)
                      0.032954    0.000000    0.511060 ^ _1897_/A (sky130_fd_sc_hd__buf_2)
     1    0.001674    0.022685    0.077222    0.588282 ^ _1897_/X (sky130_fd_sc_hd__buf_2)
                                                         _0954_ (net)
                      0.022685    0.000000    0.588282 ^ _1476_/D (sky130_fd_sc_hd__dfxtp_2)
                                              0.588282   data arrival time

                      0.150000    0.000000    0.000000   clock clk (rise edge)
                                  0.000000    0.000000   clock network delay (ideal)
                                  0.250000    0.250000   clock uncertainty
                                  0.000000    0.250000   clock reconvergence pessimism
                                              0.250000 ^ _1476_/CLK (sky130_fd_sc_hd__dfxtp_2)
                                 -0.012803    0.237197   library hold time
                                              0.237197   data required time
---------------------------------------------------------------------------------------------
                                              0.237197   data required time
                                             -0.588282   data arrival time
---------------------------------------------------------------------------------------------
                                              0.351084   slack (MET)


Startpoint: _1478_ (rising edge-triggered flip-flop clocked by clk)
Endpoint: _1478_ (rising edge-triggered flip-flop clocked by clk)
Path Group: clk
Path Type: min

Fanout         Cap        Slew       Delay        Time   Description
---------------------------------------------------------------------------------------------
                      0.150000    0.000000    0.000000   clock clk (rise edge)
                                  0.000000    0.000000   clock network delay (ideal)
                      0.150000    0.000000    0.000000 ^ _1478_/CLK (sky130_fd_sc_hd__dfxtp_2)
     1    0.001807    0.026610    0.319044    0.319044 ^ _1478_/Q (sky130_fd_sc_hd__dfxtp_2)
                                                         u_top.instruction_mmu.u_tlb.vpn[1][11] (net)
                      0.026610    0.000000    0.319044 ^ _1781_/A (sky130_fd_sc_hd__buf_2)
     2    0.003940    0.032721    0.084160    0.403204 ^ _1781_/X (sky130_fd_sc_hd__buf_2)
                                                         _0726_ (net)
                      0.032721    0.000000    0.403204 ^ _1299_/A (sky130_fd_sc_hd__and2_2)
     1    0.001807    0.032954    0.107856    0.511060 ^ _1299_/X (sky130_fd_sc_hd__and2_2)
                                                         _0337_ (net)
                      0.032954    0.000000    0.511060 ^ _1899_/A (sky130_fd_sc_hd__buf_2)
     1    0.001674    0.022685    0.077222    0.588282 ^ _1899_/X (sky130_fd_sc_hd__buf_2)
                                                         _0958_ (net)
                      0.022685    0.000000    0.588282 ^ _1478_/D (sky130_fd_sc_hd__dfxtp_2)
                                              0.588282   data arrival time

                      0.150000    0.000000    0.000000   clock clk (rise edge)
                                  0.000000    0.000000   clock network delay (ideal)
                                  0.250000    0.250000   clock uncertainty
                                  0.000000    0.250000   clock reconvergence pessimism
                                              0.250000 ^ _1478_/CLK (sky130_fd_sc_hd__dfxtp_2)
                                 -0.012803    0.237197   library hold time
                                              0.237197   data required time
---------------------------------------------------------------------------------------------
                                              0.237197   data required time
                                             -0.588282   data arrival time
---------------------------------------------------------------------------------------------
                                              0.351084   slack (MET)


Startpoint: _1479_ (rising edge-triggered flip-flop clocked by clk)
Endpoint: _1479_ (rising edge-triggered flip-flop clocked by clk)
Path Group: clk
Path Type: min

Fanout         Cap        Slew       Delay        Time   Description
---------------------------------------------------------------------------------------------
                      0.150000    0.000000    0.000000   clock clk (rise edge)
                                  0.000000    0.000000   clock network delay (ideal)
                      0.150000    0.000000    0.000000 ^ _1479_/CLK (sky130_fd_sc_hd__dfxtp_2)
     1    0.001807    0.026610    0.319044    0.319044 ^ _1479_/Q (sky130_fd_sc_hd__dfxtp_2)
                                                         u_top.instruction_mmu.u_tlb.vpn[1][12] (net)
                      0.026610    0.000000    0.319044 ^ _1786_/A (sky130_fd_sc_hd__buf_2)
     2    0.003940    0.032721    0.084160    0.403204 ^ _1786_/X (sky130_fd_sc_hd__buf_2)
                                                         _0727_ (net)
                      0.032721    0.000000    0.403204 ^ _1300_/A (sky130_fd_sc_hd__and2_2)
     1    0.001807    0.032954    0.107856    0.511060 ^ _1300_/X (sky130_fd_sc_hd__and2_2)
                                                         _0338_ (net)
                      0.032954    0.000000    0.511060 ^ _1900_/A (sky130_fd_sc_hd__buf_2)
     1    0.001674    0.022685    0.077222    0.588282 ^ _1900_/X (sky130_fd_sc_hd__buf_2)
                                                         _0960_ (net)
                      0.022685    0.000000    0.588282 ^ _1479_/D (sky130_fd_sc_hd__dfxtp_2)
                                              0.588282   data arrival time

                      0.150000    0.000000    0.000000   clock clk (rise edge)
                                  0.000000    0.000000   clock network delay (ideal)
                                  0.250000    0.250000   clock uncertainty
                                  0.000000    0.250000   clock reconvergence pessimism
                                              0.250000 ^ _1479_/CLK (sky130_fd_sc_hd__dfxtp_2)
                                 -0.012803    0.237197   library hold time
                                              0.237197   data required time
---------------------------------------------------------------------------------------------
                                              0.237197   data required time
                                             -0.588282   data arrival time
---------------------------------------------------------------------------------------------
                                              0.351084   slack (MET)


Startpoint: _1480_ (rising edge-triggered flip-flop clocked by clk)
Endpoint: _1480_ (rising edge-triggered flip-flop clocked by clk)
Path Group: clk
Path Type: min

Fanout         Cap        Slew       Delay        Time   Description
---------------------------------------------------------------------------------------------
                      0.150000    0.000000    0.000000   clock clk (rise edge)
                                  0.000000    0.000000   clock network delay (ideal)
                      0.150000    0.000000    0.000000 ^ _1480_/CLK (sky130_fd_sc_hd__dfxtp_2)
     1    0.001807    0.026610    0.319044    0.319044 ^ _1480_/Q (sky130_fd_sc_hd__dfxtp_2)
                                                         u_top.instruction_mmu.u_tlb.vpn[1][13] (net)
                      0.026610    0.000000    0.319044 ^ _1791_/A (sky130_fd_sc_hd__buf_2)
     2    0.003940    0.032721    0.084160    0.403204 ^ _1791_/X (sky130_fd_sc_hd__buf_2)
                                                         _0728_ (net)
                      0.032721    0.000000    0.403204 ^ _1301_/A (sky130_fd_sc_hd__and2_2)
     1    0.001807    0.032954    0.107856    0.511060 ^ _1301_/X (sky130_fd_sc_hd__and2_2)
                                                         _0339_ (net)
                      0.032954    0.000000    0.511060 ^ _1901_/A (sky130_fd_sc_hd__buf_2)
     1    0.001674    0.022685    0.077222    0.588282 ^ _1901_/X (sky130_fd_sc_hd__buf_2)
                                                         _0962_ (net)
                      0.022685    0.000000    0.588282 ^ _1480_/D (sky130_fd_sc_hd__dfxtp_2)
                                              0.588282   data arrival time

                      0.150000    0.000000    0.000000   clock clk (rise edge)
                                  0.000000    0.000000   clock network delay (ideal)
                                  0.250000    0.250000   clock uncertainty
                                  0.000000    0.250000   clock reconvergence pessimism
                                              0.250000 ^ _1480_/CLK (sky130_fd_sc_hd__dfxtp_2)
                                 -0.012803    0.237197   library hold time
                                              0.237197   data required time
---------------------------------------------------------------------------------------------
                                              0.237197   data required time
                                             -0.588282   data arrival time
---------------------------------------------------------------------------------------------
                                              0.351084   slack (MET)


Startpoint: _1492_ (rising edge-triggered flip-flop clocked by clk)
Endpoint: _1492_ (rising edge-triggered flip-flop clocked by clk)
Path Group: clk
Path Type: min

Fanout         Cap        Slew       Delay        Time   Description
---------------------------------------------------------------------------------------------
                      0.150000    0.000000    0.000000   clock clk (rise edge)
                                  0.000000    0.000000   clock network delay (ideal)
                      0.150000    0.000000    0.000000 ^ _1492_/CLK (sky130_fd_sc_hd__dfxtp_2)
     1    0.001807    0.026610    0.319044    0.319044 ^ _1492_/Q (sky130_fd_sc_hd__dfxtp_2)
                                                         u_top.instruction_mmu.u_tlb.vpn[2][5] (net)
                      0.026610    0.000000    0.319044 ^ _1752_/A (sky130_fd_sc_hd__buf_2)
     2    0.003940    0.032721    0.084160    0.403204 ^ _1752_/X (sky130_fd_sc_hd__buf_2)
                                                         _0759_ (net)
                      0.032721    0.000000    0.403204 ^ _1313_/A (sky130_fd_sc_hd__and2_2)
     1    0.001807    0.032954    0.107856    0.511060 ^ _1313_/X (sky130_fd_sc_hd__and2_2)
                                                         _0351_ (net)
                      0.032954    0.000000    0.511060 ^ _1913_/A (sky130_fd_sc_hd__buf_2)
     1    0.001674    0.022685    0.077222    0.588282 ^ _1913_/X (sky130_fd_sc_hd__buf_2)
                                                         _0986_ (net)
                      0.022685    0.000000    0.588282 ^ _1492_/D (sky130_fd_sc_hd__dfxtp_2)
                                              0.588282   data arrival time

                      0.150000    0.000000    0.000000   clock clk (rise edge)
                                  0.000000    0.000000   clock network delay (ideal)
                                  0.250000    0.250000   clock uncertainty
                                  0.000000    0.250000   clock reconvergence pessimism
                                              0.250000 ^ _1492_/CLK (sky130_fd_sc_hd__dfxtp_2)
                                 -0.012803    0.237197   library hold time
                                              0.237197   data required time
---------------------------------------------------------------------------------------------
                                              0.237197   data required time
                                             -0.588282   data arrival time
---------------------------------------------------------------------------------------------
                                              0.351084   slack (MET)


Startpoint: _1494_ (rising edge-triggered flip-flop clocked by clk)
Endpoint: _1494_ (rising edge-triggered flip-flop clocked by clk)
Path Group: clk
Path Type: min

Fanout         Cap        Slew       Delay        Time   Description
---------------------------------------------------------------------------------------------
                      0.150000    0.000000    0.000000   clock clk (rise edge)
                                  0.000000    0.000000   clock network delay (ideal)
                      0.150000    0.000000    0.000000 ^ _1494_/CLK (sky130_fd_sc_hd__dfxtp_2)
     1    0.001807    0.026610    0.319044    0.319044 ^ _1494_/Q (sky130_fd_sc_hd__dfxtp_2)
                                                         u_top.instruction_mmu.u_tlb.vpn[2][7] (net)
                      0.026610    0.000000    0.319044 ^ _1762_/A (sky130_fd_sc_hd__buf_2)
     2    0.003940    0.032721    0.084160    0.403204 ^ _1762_/X (sky130_fd_sc_hd__buf_2)
                                                         _0761_ (net)
                      0.032721    0.000000    0.403204 ^ _1315_/A (sky130_fd_sc_hd__and2_2)
     1    0.001807    0.032954    0.107856    0.511060 ^ _1315_/X (sky130_fd_sc_hd__and2_2)
                                                         _0353_ (net)
                      0.032954    0.000000    0.511060 ^ _1915_/A (sky130_fd_sc_hd__buf_2)
     1    0.001674    0.022685    0.077222    0.588282 ^ _1915_/X (sky130_fd_sc_hd__buf_2)
                                                         _0990_ (net)
                      0.022685    0.000000    0.588282 ^ _1494_/D (sky130_fd_sc_hd__dfxtp_2)
                                              0.588282   data arrival time

                      0.150000    0.000000    0.000000   clock clk (rise edge)
                                  0.000000    0.000000   clock network delay (ideal)
                                  0.250000    0.250000   clock uncertainty
                                  0.000000    0.250000   clock reconvergence pessimism
                                              0.250000 ^ _1494_/CLK (sky130_fd_sc_hd__dfxtp_2)
                                 -0.012803    0.237197   library hold time
                                              0.237197   data required time
---------------------------------------------------------------------------------------------
                                              0.237197   data required time
                                             -0.588282   data arrival time
---------------------------------------------------------------------------------------------
                                              0.351084   slack (MET)


Startpoint: _1497_ (rising edge-triggered flip-flop clocked by clk)
Endpoint: _1497_ (rising edge-triggered flip-flop clocked by clk)
Path Group: clk
Path Type: min

Fanout         Cap        Slew       Delay        Time   Description
---------------------------------------------------------------------------------------------
                      0.150000    0.000000    0.000000   clock clk (rise edge)
                                  0.000000    0.000000   clock network delay (ideal)
                      0.150000    0.000000    0.000000 ^ _1497_/CLK (sky130_fd_sc_hd__dfxtp_2)
     1    0.001807    0.026610    0.319044    0.319044 ^ _1497_/Q (sky130_fd_sc_hd__dfxtp_2)
                                                         u_top.instruction_mmu.u_tlb.vpn[2][10] (net)
                      0.026610    0.000000    0.319044 ^ _1777_/A (sky130_fd_sc_hd__buf_2)
     2    0.003940    0.032721    0.084160    0.403204 ^ _1777_/X (sky130_fd_sc_hd__buf_2)
                                                         _0745_ (net)
                      0.032721    0.000000    0.403204 ^ _1318_/A (sky130_fd_sc_hd__and2_2)
     1    0.001807    0.032954    0.107856    0.511060 ^ _1318_/X (sky130_fd_sc_hd__and2_2)
                                                         _0356_ (net)
                      0.032954    0.000000    0.511060 ^ _1918_/A (sky130_fd_sc_hd__buf_2)
     1    0.001674    0.022685    0.077222    0.588282 ^ _1918_/X (sky130_fd_sc_hd__buf_2)
                                                         _0996_ (net)
                      0.022685    0.000000    0.588282 ^ _1497_/D (sky130_fd_sc_hd__dfxtp_2)
                                              0.588282   data arrival time

                      0.150000    0.000000    0.000000   clock clk (rise edge)
                                  0.000000    0.000000   clock network delay (ideal)
                                  0.250000    0.250000   clock uncertainty
                                  0.000000    0.250000   clock reconvergence pessimism
                                              0.250000 ^ _1497_/CLK (sky130_fd_sc_hd__dfxtp_2)
                                 -0.012803    0.237197   library hold time
                                              0.237197   data required time
---------------------------------------------------------------------------------------------
                                              0.237197   data required time
                                             -0.588282   data arrival time
---------------------------------------------------------------------------------------------
                                              0.351084   slack (MET)


Startpoint: _1501_ (rising edge-triggered flip-flop clocked by clk)
Endpoint: _1501_ (rising edge-triggered flip-flop clocked by clk)
Path Group: clk
Path Type: min

Fanout         Cap        Slew       Delay        Time   Description
---------------------------------------------------------------------------------------------
                      0.150000    0.000000    0.000000   clock clk (rise edge)
                                  0.000000    0.000000   clock network delay (ideal)
                      0.150000    0.000000    0.000000 ^ _1501_/CLK (sky130_fd_sc_hd__dfxtp_2)
     1    0.001807    0.026610    0.319044    0.319044 ^ _1501_/Q (sky130_fd_sc_hd__dfxtp_2)
                                                         u_top.instruction_mmu.u_tlb.vpn[2][14] (net)
                      0.026610    0.000000    0.319044 ^ _1797_/A (sky130_fd_sc_hd__buf_2)
     2    0.003940    0.032721    0.084160    0.403204 ^ _1797_/X (sky130_fd_sc_hd__buf_2)
                                                         _0749_ (net)
                      0.032721    0.000000    0.403204 ^ _1322_/A (sky130_fd_sc_hd__and2_2)
     1    0.001807    0.032954    0.107856    0.511060 ^ _1322_/X (sky130_fd_sc_hd__and2_2)
                                                         _0360_ (net)
                      0.032954    0.000000    0.511060 ^ _1922_/A (sky130_fd_sc_hd__buf_2)
     1    0.001674    0.022685    0.077222    0.588282 ^ _1922_/X (sky130_fd_sc_hd__buf_2)
                                                         _1004_ (net)
                      0.022685    0.000000    0.588282 ^ _1501_/D (sky130_fd_sc_hd__dfxtp_2)
                                              0.588282   data arrival time

                      0.150000    0.000000    0.000000   clock clk (rise edge)
                                  0.000000    0.000000   clock network delay (ideal)
                                  0.250000    0.250000   clock uncertainty
                                  0.000000    0.250000   clock reconvergence pessimism
                                              0.250000 ^ _1501_/CLK (sky130_fd_sc_hd__dfxtp_2)
                                 -0.012803    0.237197   library hold time
                                              0.237197   data required time
---------------------------------------------------------------------------------------------
                                              0.237197   data required time
                                             -0.588282   data arrival time
---------------------------------------------------------------------------------------------
                                              0.351084   slack (MET)


Startpoint: _1533_ (rising edge-triggered flip-flop clocked by clk)
Endpoint: _1533_ (rising edge-triggered flip-flop clocked by clk)
Path Group: clk
Path Type: min

Fanout         Cap        Slew       Delay        Time   Description
---------------------------------------------------------------------------------------------
                      0.150000    0.000000    0.000000   clock clk (rise edge)
                                  0.000000    0.000000   clock network delay (ideal)
                      0.150000    0.000000    0.000000 ^ _1533_/CLK (sky130_fd_sc_hd__dfxtp_2)
     1    0.001807    0.026610    0.319044    0.319044 ^ _1533_/Q (sky130_fd_sc_hd__dfxtp_2)
                                                         u_top.RV32I_Logic.Single_Cycle_Datapath.pcREG.q[3] (net)
                      0.026610    0.000000    0.319044 ^ _1831_/A (sky130_fd_sc_hd__buf_2)
     5    0.015281    0.083994    0.122095    0.441140 ^ _1831_/X (sky130_fd_sc_hd__buf_2)
                                                         _0653_ (net)
                      0.083994    0.000000    0.441140 ^ _1356_/A2 (sky130_fd_sc_hd__a21oi_2)
     1    0.001647    0.027010    0.050356    0.491496 v _1356_/Y (sky130_fd_sc_hd__a21oi_2)
                                                         _0392_ (net)
                      0.027010    0.000000    0.491496 v _1954_/A (sky130_fd_sc_hd__buf_2)
     1    0.001681    0.021250    0.096680    0.588176 v _1954_/X (sky130_fd_sc_hd__buf_2)
                                                         _1041_ (net)
                      0.021250    0.000000    0.588176 v _1533_/D (sky130_fd_sc_hd__dfxtp_2)
                                              0.588176   data arrival time

                      0.150000    0.000000    0.000000   clock clk (rise edge)
                                  0.000000    0.000000   clock network delay (ideal)
                                  0.250000    0.250000   clock uncertainty
                                  0.000000    0.250000   clock reconvergence pessimism
                                              0.250000 ^ _1533_/CLK (sky130_fd_sc_hd__dfxtp_2)
                                 -0.012909    0.237091   library hold time
                                              0.237091   data required time
---------------------------------------------------------------------------------------------
                                              0.237091   data required time
                                             -0.588176   data arrival time
---------------------------------------------------------------------------------------------
                                              0.351085   slack (MET)


Startpoint: _1450_ (rising edge-triggered flip-flop clocked by clk)
Endpoint: _1450_ (rising edge-triggered flip-flop clocked by clk)
Path Group: clk
Path Type: min

Fanout         Cap        Slew       Delay        Time   Description
---------------------------------------------------------------------------------------------
                      0.150000    0.000000    0.000000   clock clk (rise edge)
                                  0.000000    0.000000   clock network delay (ideal)
                      0.150000    0.000000    0.000000 ^ _1450_/CLK (sky130_fd_sc_hd__dfxtp_2)
     1    0.001807    0.026610    0.319044    0.319044 ^ _1450_/Q (sky130_fd_sc_hd__dfxtp_2)
                                                         u_top.instruction_mmu.u_tlb.vpn[0][3] (net)
                      0.026610    0.000000    0.319044 ^ _1741_/A (sky130_fd_sc_hd__buf_2)
     2    0.003952    0.032774    0.084208    0.403253 ^ _1741_/X (sky130_fd_sc_hd__buf_2)
                                                         _0717_ (net)
                      0.032774    0.000000    0.403253 ^ _1271_/A (sky130_fd_sc_hd__and2_2)
     1    0.001807    0.032954    0.107873    0.511126 ^ _1271_/X (sky130_fd_sc_hd__and2_2)
                                                         _0309_ (net)
                      0.032954    0.000000    0.511126 ^ _1871_/A (sky130_fd_sc_hd__buf_2)
     1    0.001674    0.022685    0.077222    0.588348 ^ _1871_/X (sky130_fd_sc_hd__buf_2)
                                                         _0902_ (net)
                      0.022685    0.000000    0.588348 ^ _1450_/D (sky130_fd_sc_hd__dfxtp_2)
                                              0.588348   data arrival time

                      0.150000    0.000000    0.000000   clock clk (rise edge)
                                  0.000000    0.000000   clock network delay (ideal)
                                  0.250000    0.250000   clock uncertainty
                                  0.000000    0.250000   clock reconvergence pessimism
                                              0.250000 ^ _1450_/CLK (sky130_fd_sc_hd__dfxtp_2)
                                 -0.012803    0.237197   library hold time
                                              0.237197   data required time
---------------------------------------------------------------------------------------------
                                              0.237197   data required time
                                             -0.588348   data arrival time
---------------------------------------------------------------------------------------------
                                              0.351151   slack (MET)


Startpoint: _1490_ (rising edge-triggered flip-flop clocked by clk)
Endpoint: _1490_ (rising edge-triggered flip-flop clocked by clk)
Path Group: clk
Path Type: min

Fanout         Cap        Slew       Delay        Time   Description
---------------------------------------------------------------------------------------------
                      0.150000    0.000000    0.000000   clock clk (rise edge)
                                  0.000000    0.000000   clock network delay (ideal)
                      0.150000    0.000000    0.000000 ^ _1490_/CLK (sky130_fd_sc_hd__dfxtp_2)
     1    0.001807    0.026610    0.319044    0.319044 ^ _1490_/Q (sky130_fd_sc_hd__dfxtp_2)
                                                         u_top.instruction_mmu.u_tlb.vpn[2][3] (net)
                      0.026610    0.000000    0.319044 ^ _1743_/A (sky130_fd_sc_hd__buf_2)
     2    0.003959    0.032805    0.084237    0.403281 ^ _1743_/X (sky130_fd_sc_hd__buf_2)
                                                         _0757_ (net)
                      0.032805    0.000000    0.403281 ^ _1311_/A (sky130_fd_sc_hd__and2_2)
     1    0.001807    0.032954    0.107884    0.511165 ^ _1311_/X (sky130_fd_sc_hd__and2_2)
                                                         _0349_ (net)
                      0.032954    0.000000    0.511165 ^ _1911_/A (sky130_fd_sc_hd__buf_2)
     1    0.001674    0.022685    0.077222    0.588387 ^ _1911_/X (sky130_fd_sc_hd__buf_2)
                                                         _0982_ (net)
                      0.022685    0.000000    0.588387 ^ _1490_/D (sky130_fd_sc_hd__dfxtp_2)
                                              0.588387   data arrival time

                      0.150000    0.000000    0.000000   clock clk (rise edge)
                                  0.000000    0.000000   clock network delay (ideal)
                                  0.250000    0.250000   clock uncertainty
                                  0.000000    0.250000   clock reconvergence pessimism
                                              0.250000 ^ _1490_/CLK (sky130_fd_sc_hd__dfxtp_2)
                                 -0.012803    0.237197   library hold time
                                              0.237197   data required time
---------------------------------------------------------------------------------------------
                                              0.237197   data required time
                                             -0.588387   data arrival time
---------------------------------------------------------------------------------------------
                                              0.351190   slack (MET)


Startpoint: _1496_ (rising edge-triggered flip-flop clocked by clk)
Endpoint: _1496_ (rising edge-triggered flip-flop clocked by clk)
Path Group: clk
Path Type: min

Fanout         Cap        Slew       Delay        Time   Description
---------------------------------------------------------------------------------------------
                      0.150000    0.000000    0.000000   clock clk (rise edge)
                                  0.000000    0.000000   clock network delay (ideal)
                      0.150000    0.000000    0.000000 ^ _1496_/CLK (sky130_fd_sc_hd__dfxtp_2)
     1    0.001807    0.026610    0.319044    0.319044 ^ _1496_/Q (sky130_fd_sc_hd__dfxtp_2)
                                                         u_top.instruction_mmu.u_tlb.vpn[2][9] (net)
                      0.026610    0.000000    0.319044 ^ _1772_/A (sky130_fd_sc_hd__buf_2)
     2    0.003959    0.032805    0.084237    0.403281 ^ _1772_/X (sky130_fd_sc_hd__buf_2)
                                                         _0763_ (net)
                      0.032805    0.000000    0.403281 ^ _1317_/A (sky130_fd_sc_hd__and2_2)
     1    0.001807    0.032954    0.107884    0.511165 ^ _1317_/X (sky130_fd_sc_hd__and2_2)
                                                         _0355_ (net)
                      0.032954    0.000000    0.511165 ^ _1917_/A (sky130_fd_sc_hd__buf_2)
     1    0.001674    0.022685    0.077222    0.588387 ^ _1917_/X (sky130_fd_sc_hd__buf_2)
                                                         _0994_ (net)
                      0.022685    0.000000    0.588387 ^ _1496_/D (sky130_fd_sc_hd__dfxtp_2)
                                              0.588387   data arrival time

                      0.150000    0.000000    0.000000   clock clk (rise edge)
                                  0.000000    0.000000   clock network delay (ideal)
                                  0.250000    0.250000   clock uncertainty
                                  0.000000    0.250000   clock reconvergence pessimism
                                              0.250000 ^ _1496_/CLK (sky130_fd_sc_hd__dfxtp_2)
                                 -0.012803    0.237197   library hold time
                                              0.237197   data required time
---------------------------------------------------------------------------------------------
                                              0.237197   data required time
                                             -0.588387   data arrival time
---------------------------------------------------------------------------------------------
                                              0.351190   slack (MET)


Startpoint: _1498_ (rising edge-triggered flip-flop clocked by clk)
Endpoint: _1498_ (rising edge-triggered flip-flop clocked by clk)
Path Group: clk
Path Type: min

Fanout         Cap        Slew       Delay        Time   Description
---------------------------------------------------------------------------------------------
                      0.150000    0.000000    0.000000   clock clk (rise edge)
                                  0.000000    0.000000   clock network delay (ideal)
                      0.150000    0.000000    0.000000 ^ _1498_/CLK (sky130_fd_sc_hd__dfxtp_2)
     1    0.001807    0.026610    0.319044    0.319044 ^ _1498_/Q (sky130_fd_sc_hd__dfxtp_2)
                                                         u_top.instruction_mmu.u_tlb.vpn[2][11] (net)
                      0.026610    0.000000    0.319044 ^ _1782_/A (sky130_fd_sc_hd__buf_2)
     2    0.003959    0.032805    0.084237    0.403281 ^ _1782_/X (sky130_fd_sc_hd__buf_2)
                                                         _0746_ (net)
                      0.032805    0.000000    0.403281 ^ _1319_/A (sky130_fd_sc_hd__and2_2)
     1    0.001807    0.032954    0.107884    0.511165 ^ _1319_/X (sky130_fd_sc_hd__and2_2)
                                                         _0357_ (net)
                      0.032954    0.000000    0.511165 ^ _1919_/A (sky130_fd_sc_hd__buf_2)
     1    0.001674    0.022685    0.077222    0.588387 ^ _1919_/X (sky130_fd_sc_hd__buf_2)
                                                         _0998_ (net)
                      0.022685    0.000000    0.588387 ^ _1498_/D (sky130_fd_sc_hd__dfxtp_2)
                                              0.588387   data arrival time

                      0.150000    0.000000    0.000000   clock clk (rise edge)
                                  0.000000    0.000000   clock network delay (ideal)
                                  0.250000    0.250000   clock uncertainty
                                  0.000000    0.250000   clock reconvergence pessimism
                                              0.250000 ^ _1498_/CLK (sky130_fd_sc_hd__dfxtp_2)
                                 -0.012803    0.237197   library hold time
                                              0.237197   data required time
---------------------------------------------------------------------------------------------
                                              0.237197   data required time
                                             -0.588387   data arrival time
---------------------------------------------------------------------------------------------
                                              0.351190   slack (MET)


Startpoint: _1500_ (rising edge-triggered flip-flop clocked by clk)
Endpoint: _1500_ (rising edge-triggered flip-flop clocked by clk)
Path Group: clk
Path Type: min

Fanout         Cap        Slew       Delay        Time   Description
---------------------------------------------------------------------------------------------
                      0.150000    0.000000    0.000000   clock clk (rise edge)
                                  0.000000    0.000000   clock network delay (ideal)
                      0.150000    0.000000    0.000000 ^ _1500_/CLK (sky130_fd_sc_hd__dfxtp_2)
     1    0.001807    0.026610    0.319044    0.319044 ^ _1500_/Q (sky130_fd_sc_hd__dfxtp_2)
                                                         u_top.instruction_mmu.u_tlb.vpn[2][13] (net)
                      0.026610    0.000000    0.319044 ^ _1792_/A (sky130_fd_sc_hd__buf_2)
     2    0.003959    0.032805    0.084237    0.403281 ^ _1792_/X (sky130_fd_sc_hd__buf_2)
                                                         _0748_ (net)
                      0.032805    0.000000    0.403281 ^ _1321_/A (sky130_fd_sc_hd__and2_2)
     1    0.001807    0.032954    0.107884    0.511165 ^ _1321_/X (sky130_fd_sc_hd__and2_2)
                                                         _0359_ (net)
                      0.032954    0.000000    0.511165 ^ _1921_/A (sky130_fd_sc_hd__buf_2)
     1    0.001674    0.022685    0.077222    0.588387 ^ _1921_/X (sky130_fd_sc_hd__buf_2)
                                                         _1002_ (net)
                      0.022685    0.000000    0.588387 ^ _1500_/D (sky130_fd_sc_hd__dfxtp_2)
                                              0.588387   data arrival time

                      0.150000    0.000000    0.000000   clock clk (rise edge)
                                  0.000000    0.000000   clock network delay (ideal)
                                  0.250000    0.250000   clock uncertainty
                                  0.000000    0.250000   clock reconvergence pessimism
                                              0.250000 ^ _1500_/CLK (sky130_fd_sc_hd__dfxtp_2)
                                 -0.012803    0.237197   library hold time
                                              0.237197   data required time
---------------------------------------------------------------------------------------------
                                              0.237197   data required time
                                             -0.588387   data arrival time
---------------------------------------------------------------------------------------------
                                              0.351190   slack (MET)


Startpoint: _1517_ (rising edge-triggered flip-flop clocked by clk)
Endpoint: _1517_ (rising edge-triggered flip-flop clocked by clk)
Path Group: clk
Path Type: min

Fanout         Cap        Slew       Delay        Time   Description
---------------------------------------------------------------------------------------------
                      0.150000    0.000000    0.000000   clock clk (rise edge)
                                  0.000000    0.000000   clock network delay (ideal)
                      0.150000    0.000000    0.000000 ^ _1517_/CLK (sky130_fd_sc_hd__dfxtp_2)
     1    0.001807    0.026610    0.319044    0.319044 ^ _1517_/Q (sky130_fd_sc_hd__dfxtp_2)
                                                         u_top.instruction_mmu.u_tlb.vpn[3][5] (net)
                      0.026610    0.000000    0.319044 ^ _1753_/A (sky130_fd_sc_hd__buf_2)
     2    0.003959    0.032805    0.084237    0.403281 ^ _1753_/X (sky130_fd_sc_hd__buf_2)
                                                         _0779_ (net)
                      0.032805    0.000000    0.403281 ^ _1338_/A (sky130_fd_sc_hd__and2_2)
     1    0.001807    0.032954    0.107884    0.511165 ^ _1338_/X (sky130_fd_sc_hd__and2_2)
                                                         _0376_ (net)
                      0.032954    0.000000    0.511165 ^ _1938_/A (sky130_fd_sc_hd__buf_2)
     1    0.001674    0.022685    0.077222    0.588387 ^ _1938_/X (sky130_fd_sc_hd__buf_2)
                                                         _1025_ (net)
                      0.022685    0.000000    0.588387 ^ _1517_/D (sky130_fd_sc_hd__dfxtp_2)
                                              0.588387   data arrival time

                      0.150000    0.000000    0.000000   clock clk (rise edge)
                                  0.000000    0.000000   clock network delay (ideal)
                                  0.250000    0.250000   clock uncertainty
                                  0.000000    0.250000   clock reconvergence pessimism
                                              0.250000 ^ _1517_/CLK (sky130_fd_sc_hd__dfxtp_2)
                                 -0.012803    0.237197   library hold time
                                              0.237197   data required time
---------------------------------------------------------------------------------------------
                                              0.237197   data required time
                                             -0.588387   data arrival time
---------------------------------------------------------------------------------------------
                                              0.351190   slack (MET)


Startpoint: _1519_ (rising edge-triggered flip-flop clocked by clk)
Endpoint: _1519_ (rising edge-triggered flip-flop clocked by clk)
Path Group: clk
Path Type: min

Fanout         Cap        Slew       Delay        Time   Description
---------------------------------------------------------------------------------------------
                      0.150000    0.000000    0.000000   clock clk (rise edge)
                                  0.000000    0.000000   clock network delay (ideal)
                      0.150000    0.000000    0.000000 ^ _1519_/CLK (sky130_fd_sc_hd__dfxtp_2)
     1    0.001807    0.026610    0.319044    0.319044 ^ _1519_/Q (sky130_fd_sc_hd__dfxtp_2)
                                                         u_top.instruction_mmu.u_tlb.vpn[3][7] (net)
                      0.026610    0.000000    0.319044 ^ _1763_/A (sky130_fd_sc_hd__buf_2)
     2    0.003959    0.032805    0.084237    0.403281 ^ _1763_/X (sky130_fd_sc_hd__buf_2)
                                                         _0781_ (net)
                      0.032805    0.000000    0.403281 ^ _1340_/A (sky130_fd_sc_hd__and2_2)
     1    0.001807    0.032954    0.107884    0.511165 ^ _1340_/X (sky130_fd_sc_hd__and2_2)
                                                         _0378_ (net)
                      0.032954    0.000000    0.511165 ^ _1940_/A (sky130_fd_sc_hd__buf_2)
     1    0.001674    0.022685    0.077222    0.588387 ^ _1940_/X (sky130_fd_sc_hd__buf_2)
                                                         _1027_ (net)
                      0.022685    0.000000    0.588387 ^ _1519_/D (sky130_fd_sc_hd__dfxtp_2)
                                              0.588387   data arrival time

                      0.150000    0.000000    0.000000   clock clk (rise edge)
                                  0.000000    0.000000   clock network delay (ideal)
                                  0.250000    0.250000   clock uncertainty
                                  0.000000    0.250000   clock reconvergence pessimism
                                              0.250000 ^ _1519_/CLK (sky130_fd_sc_hd__dfxtp_2)
                                 -0.012803    0.237197   library hold time
                                              0.237197   data required time
---------------------------------------------------------------------------------------------
                                              0.237197   data required time
                                             -0.588387   data arrival time
---------------------------------------------------------------------------------------------
                                              0.351190   slack (MET)


Startpoint: _1522_ (rising edge-triggered flip-flop clocked by clk)
Endpoint: _1522_ (rising edge-triggered flip-flop clocked by clk)
Path Group: clk
Path Type: min

Fanout         Cap        Slew       Delay        Time   Description
---------------------------------------------------------------------------------------------
                      0.150000    0.000000    0.000000   clock clk (rise edge)
                                  0.000000    0.000000   clock network delay (ideal)
                      0.150000    0.000000    0.000000 ^ _1522_/CLK (sky130_fd_sc_hd__dfxtp_2)
     1    0.001807    0.026610    0.319044    0.319044 ^ _1522_/Q (sky130_fd_sc_hd__dfxtp_2)
                                                         u_top.instruction_mmu.u_tlb.vpn[3][10] (net)
                      0.026610    0.000000    0.319044 ^ _1778_/A (sky130_fd_sc_hd__buf_2)
     2    0.003959    0.032805    0.084237    0.403281 ^ _1778_/X (sky130_fd_sc_hd__buf_2)
                                                         _0765_ (net)
                      0.032805    0.000000    0.403281 ^ _1343_/A (sky130_fd_sc_hd__and2_2)
     1    0.001807    0.032954    0.107884    0.511165 ^ _1343_/X (sky130_fd_sc_hd__and2_2)
                                                         _0381_ (net)
                      0.032954    0.000000    0.511165 ^ _1943_/A (sky130_fd_sc_hd__buf_2)
     1    0.001674    0.022685    0.077222    0.588387 ^ _1943_/X (sky130_fd_sc_hd__buf_2)
                                                         _1030_ (net)
                      0.022685    0.000000    0.588387 ^ _1522_/D (sky130_fd_sc_hd__dfxtp_2)
                                              0.588387   data arrival time

                      0.150000    0.000000    0.000000   clock clk (rise edge)
                                  0.000000    0.000000   clock network delay (ideal)
                                  0.250000    0.250000   clock uncertainty
                                  0.000000    0.250000   clock reconvergence pessimism
                                              0.250000 ^ _1522_/CLK (sky130_fd_sc_hd__dfxtp_2)
                                 -0.012803    0.237197   library hold time
                                              0.237197   data required time
---------------------------------------------------------------------------------------------
                                              0.237197   data required time
                                             -0.588387   data arrival time
---------------------------------------------------------------------------------------------
                                              0.351190   slack (MET)


Startpoint: _1524_ (rising edge-triggered flip-flop clocked by clk)
Endpoint: _1524_ (rising edge-triggered flip-flop clocked by clk)
Path Group: clk
Path Type: min

Fanout         Cap        Slew       Delay        Time   Description
---------------------------------------------------------------------------------------------
                      0.150000    0.000000    0.000000   clock clk (rise edge)
                                  0.000000    0.000000   clock network delay (ideal)
                      0.150000    0.000000    0.000000 ^ _1524_/CLK (sky130_fd_sc_hd__dfxtp_2)
     1    0.001807    0.026610    0.319044    0.319044 ^ _1524_/Q (sky130_fd_sc_hd__dfxtp_2)
                                                         u_top.instruction_mmu.u_tlb.vpn[3][12] (net)
                      0.026610    0.000000    0.319044 ^ _1788_/A (sky130_fd_sc_hd__buf_2)
     2    0.003959    0.032805    0.084237    0.403281 ^ _1788_/X (sky130_fd_sc_hd__buf_2)
                                                         _0767_ (net)
                      0.032805    0.000000    0.403281 ^ _1345_/A (sky130_fd_sc_hd__and2_2)
     1    0.001807    0.032954    0.107884    0.511165 ^ _1345_/X (sky130_fd_sc_hd__and2_2)
                                                         _0383_ (net)
                      0.032954    0.000000    0.511165 ^ _1945_/A (sky130_fd_sc_hd__buf_2)
     1    0.001674    0.022685    0.077222    0.588387 ^ _1945_/X (sky130_fd_sc_hd__buf_2)
                                                         _1032_ (net)
                      0.022685    0.000000    0.588387 ^ _1524_/D (sky130_fd_sc_hd__dfxtp_2)
                                              0.588387   data arrival time

                      0.150000    0.000000    0.000000   clock clk (rise edge)
                                  0.000000    0.000000   clock network delay (ideal)
                                  0.250000    0.250000   clock uncertainty
                                  0.000000    0.250000   clock reconvergence pessimism
                                              0.250000 ^ _1524_/CLK (sky130_fd_sc_hd__dfxtp_2)
                                 -0.012803    0.237197   library hold time
                                              0.237197   data required time
---------------------------------------------------------------------------------------------
                                              0.237197   data required time
                                             -0.588387   data arrival time
---------------------------------------------------------------------------------------------
                                              0.351190   slack (MET)


Startpoint: _1526_ (rising edge-triggered flip-flop clocked by clk)
Endpoint: _1526_ (rising edge-triggered flip-flop clocked by clk)
Path Group: clk
Path Type: min

Fanout         Cap        Slew       Delay        Time   Description
---------------------------------------------------------------------------------------------
                      0.150000    0.000000    0.000000   clock clk (rise edge)
                                  0.000000    0.000000   clock network delay (ideal)
                      0.150000    0.000000    0.000000 ^ _1526_/CLK (sky130_fd_sc_hd__dfxtp_2)
     1    0.001807    0.026610    0.319044    0.319044 ^ _1526_/Q (sky130_fd_sc_hd__dfxtp_2)
                                                         u_top.instruction_mmu.u_tlb.vpn[3][14] (net)
                      0.026610    0.000000    0.319044 ^ _1798_/A (sky130_fd_sc_hd__buf_2)
     2    0.003959    0.032805    0.084237    0.403281 ^ _1798_/X (sky130_fd_sc_hd__buf_2)
                                                         _0769_ (net)
                      0.032805    0.000000    0.403281 ^ _1347_/A (sky130_fd_sc_hd__and2_2)
     1    0.001807    0.032954    0.107884    0.511165 ^ _1347_/X (sky130_fd_sc_hd__and2_2)
                                                         _0385_ (net)
                      0.032954    0.000000    0.511165 ^ _1947_/A (sky130_fd_sc_hd__buf_2)
     1    0.001674    0.022685    0.077222    0.588387 ^ _1947_/X (sky130_fd_sc_hd__buf_2)
                                                         _1034_ (net)
                      0.022685    0.000000    0.588387 ^ _1526_/D (sky130_fd_sc_hd__dfxtp_2)
                                              0.588387   data arrival time

                      0.150000    0.000000    0.000000   clock clk (rise edge)
                                  0.000000    0.000000   clock network delay (ideal)
                                  0.250000    0.250000   clock uncertainty
                                  0.000000    0.250000   clock reconvergence pessimism
                                              0.250000 ^ _1526_/CLK (sky130_fd_sc_hd__dfxtp_2)
                                 -0.012803    0.237197   library hold time
                                              0.237197   data required time
---------------------------------------------------------------------------------------------
                                              0.237197   data required time
                                             -0.588387   data arrival time
---------------------------------------------------------------------------------------------
                                              0.351190   slack (MET)


Startpoint: _1472_ (rising edge-triggered flip-flop clocked by clk)
Endpoint: _1472_ (rising edge-triggered flip-flop clocked by clk)
Path Group: clk
Path Type: min

Fanout         Cap        Slew       Delay        Time   Description
---------------------------------------------------------------------------------------------
                      0.150000    0.000000    0.000000   clock clk (rise edge)
                                  0.000000    0.000000   clock network delay (ideal)
                      0.150000    0.000000    0.000000 ^ _1472_/CLK (sky130_fd_sc_hd__dfxtp_2)
     1    0.001807    0.026610    0.319044    0.319044 ^ _1472_/Q (sky130_fd_sc_hd__dfxtp_2)
                                                         u_top.instruction_mmu.u_tlb.vpn[1][5] (net)
                      0.026610    0.000000    0.319044 ^ _1751_/A (sky130_fd_sc_hd__buf_2)
     2    0.003985    0.032920    0.084342    0.403387 ^ _1751_/X (sky130_fd_sc_hd__buf_2)
                                                         _0739_ (net)
                      0.032920    0.000000    0.403387 ^ _1293_/A (sky130_fd_sc_hd__and2_2)
     1    0.001807    0.032955    0.107923    0.511309 ^ _1293_/X (sky130_fd_sc_hd__and2_2)
                                                         _0331_ (net)
                      0.032955    0.000000    0.511309 ^ _1893_/A (sky130_fd_sc_hd__buf_2)
     1    0.001674    0.022685    0.077222    0.588532 ^ _1893_/X (sky130_fd_sc_hd__buf_2)
                                                         _0946_ (net)
                      0.022685    0.000000    0.588532 ^ _1472_/D (sky130_fd_sc_hd__dfxtp_2)
                                              0.588532   data arrival time

                      0.150000    0.000000    0.000000   clock clk (rise edge)
                                  0.000000    0.000000   clock network delay (ideal)
                                  0.250000    0.250000   clock uncertainty
                                  0.000000    0.250000   clock reconvergence pessimism
                                              0.250000 ^ _1472_/CLK (sky130_fd_sc_hd__dfxtp_2)
                                 -0.012803    0.237197   library hold time
                                              0.237197   data required time
---------------------------------------------------------------------------------------------
                                              0.237197   data required time
                                             -0.588532   data arrival time
---------------------------------------------------------------------------------------------
                                              0.351334   slack (MET)


Startpoint: _1474_ (rising edge-triggered flip-flop clocked by clk)
Endpoint: _1474_ (rising edge-triggered flip-flop clocked by clk)
Path Group: clk
Path Type: min

Fanout         Cap        Slew       Delay        Time   Description
---------------------------------------------------------------------------------------------
                      0.150000    0.000000    0.000000   clock clk (rise edge)
                                  0.000000    0.000000   clock network delay (ideal)
                      0.150000    0.000000    0.000000 ^ _1474_/CLK (sky130_fd_sc_hd__dfxtp_2)
     1    0.001807    0.026610    0.319044    0.319044 ^ _1474_/Q (sky130_fd_sc_hd__dfxtp_2)
                                                         u_top.instruction_mmu.u_tlb.vpn[1][7] (net)
                      0.026610    0.000000    0.319044 ^ _1761_/A (sky130_fd_sc_hd__buf_2)
     2    0.003985    0.032920    0.084342    0.403387 ^ _1761_/X (sky130_fd_sc_hd__buf_2)
                                                         _0741_ (net)
                      0.032920    0.000000    0.403387 ^ _1295_/A (sky130_fd_sc_hd__and2_2)
     1    0.001807    0.032955    0.107923    0.511309 ^ _1295_/X (sky130_fd_sc_hd__and2_2)
                                                         _0333_ (net)
                      0.032955    0.000000    0.511309 ^ _1895_/A (sky130_fd_sc_hd__buf_2)
     1    0.001674    0.022685    0.077222    0.588532 ^ _1895_/X (sky130_fd_sc_hd__buf_2)
                                                         _0950_ (net)
                      0.022685    0.000000    0.588532 ^ _1474_/D (sky130_fd_sc_hd__dfxtp_2)
                                              0.588532   data arrival time

                      0.150000    0.000000    0.000000   clock clk (rise edge)
                                  0.000000    0.000000   clock network delay (ideal)
                                  0.250000    0.250000   clock uncertainty
                                  0.000000    0.250000   clock reconvergence pessimism
                                              0.250000 ^ _1474_/CLK (sky130_fd_sc_hd__dfxtp_2)
                                 -0.012803    0.237197   library hold time
                                              0.237197   data required time
---------------------------------------------------------------------------------------------
                                              0.237197   data required time
                                             -0.588532   data arrival time
---------------------------------------------------------------------------------------------
                                              0.351334   slack (MET)


Startpoint: _1477_ (rising edge-triggered flip-flop clocked by clk)
Endpoint: _1477_ (rising edge-triggered flip-flop clocked by clk)
Path Group: clk
Path Type: min

Fanout         Cap        Slew       Delay        Time   Description
---------------------------------------------------------------------------------------------
                      0.150000    0.000000    0.000000   clock clk (rise edge)
                                  0.000000    0.000000   clock network delay (ideal)
                      0.150000    0.000000    0.000000 ^ _1477_/CLK (sky130_fd_sc_hd__dfxtp_2)
     1    0.001807    0.026610    0.319044    0.319044 ^ _1477_/Q (sky130_fd_sc_hd__dfxtp_2)
                                                         u_top.instruction_mmu.u_tlb.vpn[1][10] (net)
                      0.026610    0.000000    0.319044 ^ _1776_/A (sky130_fd_sc_hd__buf_2)
     2    0.003985    0.032920    0.084342    0.403387 ^ _1776_/X (sky130_fd_sc_hd__buf_2)
                                                         _0725_ (net)
                      0.032920    0.000000    0.403387 ^ _1298_/A (sky130_fd_sc_hd__and2_2)
     1    0.001807    0.032955    0.107923    0.511309 ^ _1298_/X (sky130_fd_sc_hd__and2_2)
                                                         _0336_ (net)
                      0.032955    0.000000    0.511309 ^ _1898_/A (sky130_fd_sc_hd__buf_2)
     1    0.001674    0.022685    0.077222    0.588532 ^ _1898_/X (sky130_fd_sc_hd__buf_2)
                                                         _0956_ (net)
                      0.022685    0.000000    0.588532 ^ _1477_/D (sky130_fd_sc_hd__dfxtp_2)
                                              0.588532   data arrival time

                      0.150000    0.000000    0.000000   clock clk (rise edge)
                                  0.000000    0.000000   clock network delay (ideal)
                                  0.250000    0.250000   clock uncertainty
                                  0.000000    0.250000   clock reconvergence pessimism
                                              0.250000 ^ _1477_/CLK (sky130_fd_sc_hd__dfxtp_2)
                                 -0.012803    0.237197   library hold time
                                              0.237197   data required time
---------------------------------------------------------------------------------------------
                                              0.237197   data required time
                                             -0.588532   data arrival time
---------------------------------------------------------------------------------------------
                                              0.351334   slack (MET)


Startpoint: _1481_ (rising edge-triggered flip-flop clocked by clk)
Endpoint: _1481_ (rising edge-triggered flip-flop clocked by clk)
Path Group: clk
Path Type: min

Fanout         Cap        Slew       Delay        Time   Description
---------------------------------------------------------------------------------------------
                      0.150000    0.000000    0.000000   clock clk (rise edge)
                                  0.000000    0.000000   clock network delay (ideal)
                      0.150000    0.000000    0.000000 ^ _1481_/CLK (sky130_fd_sc_hd__dfxtp_2)
     1    0.001807    0.026610    0.319044    0.319044 ^ _1481_/Q (sky130_fd_sc_hd__dfxtp_2)
                                                         u_top.instruction_mmu.u_tlb.vpn[1][14] (net)
                      0.026610    0.000000    0.319044 ^ _1796_/A (sky130_fd_sc_hd__buf_2)
     2    0.003985    0.032920    0.084342    0.403387 ^ _1796_/X (sky130_fd_sc_hd__buf_2)
                                                         _0729_ (net)
                      0.032920    0.000000    0.403387 ^ _1302_/A (sky130_fd_sc_hd__and2_2)
     1    0.001807    0.032955    0.107923    0.511309 ^ _1302_/X (sky130_fd_sc_hd__and2_2)
                                                         _0340_ (net)
                      0.032955    0.000000    0.511309 ^ _1902_/A (sky130_fd_sc_hd__buf_2)
     1    0.001674    0.022685    0.077222    0.588532 ^ _1902_/X (sky130_fd_sc_hd__buf_2)
                                                         _0964_ (net)
                      0.022685    0.000000    0.588532 ^ _1481_/D (sky130_fd_sc_hd__dfxtp_2)
                                              0.588532   data arrival time

                      0.150000    0.000000    0.000000   clock clk (rise edge)
                                  0.000000    0.000000   clock network delay (ideal)
                                  0.250000    0.250000   clock uncertainty
                                  0.000000    0.250000   clock reconvergence pessimism
                                              0.250000 ^ _1481_/CLK (sky130_fd_sc_hd__dfxtp_2)
                                 -0.012803    0.237197   library hold time
                                              0.237197   data required time
---------------------------------------------------------------------------------------------
                                              0.237197   data required time
                                             -0.588532   data arrival time
---------------------------------------------------------------------------------------------
                                              0.351334   slack (MET)


Startpoint: _1515_ (rising edge-triggered flip-flop clocked by clk)
Endpoint: _1515_ (rising edge-triggered flip-flop clocked by clk)
Path Group: clk
Path Type: min

Fanout         Cap        Slew       Delay        Time   Description
---------------------------------------------------------------------------------------------
                      0.150000    0.000000    0.000000   clock clk (rise edge)
                                  0.000000    0.000000   clock network delay (ideal)
                      0.150000    0.000000    0.000000 ^ _1515_/CLK (sky130_fd_sc_hd__dfxtp_2)
     1    0.001807    0.026610    0.319044    0.319044 ^ _1515_/Q (sky130_fd_sc_hd__dfxtp_2)
                                                         u_top.instruction_mmu.u_tlb.vpn[3][3] (net)
                      0.026610    0.000000    0.319044 ^ _1744_/A (sky130_fd_sc_hd__buf_2)
     2    0.003985    0.032920    0.084342    0.403387 ^ _1744_/X (sky130_fd_sc_hd__buf_2)
                                                         _0777_ (net)
                      0.032920    0.000000    0.403387 ^ _1336_/A (sky130_fd_sc_hd__and2_2)
     1    0.001807    0.032955    0.107923    0.511309 ^ _1336_/X (sky130_fd_sc_hd__and2_2)
                                                         _0374_ (net)
                      0.032955    0.000000    0.511309 ^ _1936_/A (sky130_fd_sc_hd__buf_2)
     1    0.001674    0.022685    0.077222    0.588532 ^ _1936_/X (sky130_fd_sc_hd__buf_2)
                                                         _1023_ (net)
                      0.022685    0.000000    0.588532 ^ _1515_/D (sky130_fd_sc_hd__dfxtp_2)
                                              0.588532   data arrival time

                      0.150000    0.000000    0.000000   clock clk (rise edge)
                                  0.000000    0.000000   clock network delay (ideal)
                                  0.250000    0.250000   clock uncertainty
                                  0.000000    0.250000   clock reconvergence pessimism
                                              0.250000 ^ _1515_/CLK (sky130_fd_sc_hd__dfxtp_2)
                                 -0.012803    0.237197   library hold time
                                              0.237197   data required time
---------------------------------------------------------------------------------------------
                                              0.237197   data required time
                                             -0.588532   data arrival time
---------------------------------------------------------------------------------------------
                                              0.351334   slack (MET)


Startpoint: _1521_ (rising edge-triggered flip-flop clocked by clk)
Endpoint: _1521_ (rising edge-triggered flip-flop clocked by clk)
Path Group: clk
Path Type: min

Fanout         Cap        Slew       Delay        Time   Description
---------------------------------------------------------------------------------------------
                      0.150000    0.000000    0.000000   clock clk (rise edge)
                                  0.000000    0.000000   clock network delay (ideal)
                      0.150000    0.000000    0.000000 ^ _1521_/CLK (sky130_fd_sc_hd__dfxtp_2)
     1    0.001807    0.026610    0.319044    0.319044 ^ _1521_/Q (sky130_fd_sc_hd__dfxtp_2)
                                                         u_top.instruction_mmu.u_tlb.vpn[3][9] (net)
                      0.026610    0.000000    0.319044 ^ _1773_/A (sky130_fd_sc_hd__buf_2)
     2    0.003985    0.032920    0.084342    0.403387 ^ _1773_/X (sky130_fd_sc_hd__buf_2)
                                                         _0783_ (net)
                      0.032920    0.000000    0.403387 ^ _1342_/A (sky130_fd_sc_hd__and2_2)
     1    0.001807    0.032955    0.107923    0.511309 ^ _1342_/X (sky130_fd_sc_hd__and2_2)
                                                         _0380_ (net)
                      0.032955    0.000000    0.511309 ^ _1942_/A (sky130_fd_sc_hd__buf_2)
     1    0.001674    0.022685    0.077222    0.588532 ^ _1942_/X (sky130_fd_sc_hd__buf_2)
                                                         _1029_ (net)
                      0.022685    0.000000    0.588532 ^ _1521_/D (sky130_fd_sc_hd__dfxtp_2)
                                              0.588532   data arrival time

                      0.150000    0.000000    0.000000   clock clk (rise edge)
                                  0.000000    0.000000   clock network delay (ideal)
                                  0.250000    0.250000   clock uncertainty
                                  0.000000    0.250000   clock reconvergence pessimism
                                              0.250000 ^ _1521_/CLK (sky130_fd_sc_hd__dfxtp_2)
                                 -0.012803    0.237197   library hold time
                                              0.237197   data required time
---------------------------------------------------------------------------------------------
                                              0.237197   data required time
                                             -0.588532   data arrival time
---------------------------------------------------------------------------------------------
                                              0.351334   slack (MET)


Startpoint: _1523_ (rising edge-triggered flip-flop clocked by clk)
Endpoint: _1523_ (rising edge-triggered flip-flop clocked by clk)
Path Group: clk
Path Type: min

Fanout         Cap        Slew       Delay        Time   Description
---------------------------------------------------------------------------------------------
                      0.150000    0.000000    0.000000   clock clk (rise edge)
                                  0.000000    0.000000   clock network delay (ideal)
                      0.150000    0.000000    0.000000 ^ _1523_/CLK (sky130_fd_sc_hd__dfxtp_2)
     1    0.001807    0.026610    0.319044    0.319044 ^ _1523_/Q (sky130_fd_sc_hd__dfxtp_2)
                                                         u_top.instruction_mmu.u_tlb.vpn[3][11] (net)
                      0.026610    0.000000    0.319044 ^ _1783_/A (sky130_fd_sc_hd__buf_2)
     2    0.003985    0.032920    0.084342    0.403387 ^ _1783_/X (sky130_fd_sc_hd__buf_2)
                                                         _0766_ (net)
                      0.032920    0.000000    0.403387 ^ _1344_/A (sky130_fd_sc_hd__and2_2)
     1    0.001807    0.032955    0.107923    0.511309 ^ _1344_/X (sky130_fd_sc_hd__and2_2)
                                                         _0382_ (net)
                      0.032955    0.000000    0.511309 ^ _1944_/A (sky130_fd_sc_hd__buf_2)
     1    0.001674    0.022685    0.077222    0.588532 ^ _1944_/X (sky130_fd_sc_hd__buf_2)
                                                         _1031_ (net)
                      0.022685    0.000000    0.588532 ^ _1523_/D (sky130_fd_sc_hd__dfxtp_2)
                                              0.588532   data arrival time

                      0.150000    0.000000    0.000000   clock clk (rise edge)
                                  0.000000    0.000000   clock network delay (ideal)
                                  0.250000    0.250000   clock uncertainty
                                  0.000000    0.250000   clock reconvergence pessimism
                                              0.250000 ^ _1523_/CLK (sky130_fd_sc_hd__dfxtp_2)
                                 -0.012803    0.237197   library hold time
                                              0.237197   data required time
---------------------------------------------------------------------------------------------
                                              0.237197   data required time
                                             -0.588532   data arrival time
---------------------------------------------------------------------------------------------
                                              0.351334   slack (MET)


Startpoint: _1525_ (rising edge-triggered flip-flop clocked by clk)
Endpoint: _1525_ (rising edge-triggered flip-flop clocked by clk)
Path Group: clk
Path Type: min

Fanout         Cap        Slew       Delay        Time   Description
---------------------------------------------------------------------------------------------
                      0.150000    0.000000    0.000000   clock clk (rise edge)
                                  0.000000    0.000000   clock network delay (ideal)
                      0.150000    0.000000    0.000000 ^ _1525_/CLK (sky130_fd_sc_hd__dfxtp_2)
     1    0.001807    0.026610    0.319044    0.319044 ^ _1525_/Q (sky130_fd_sc_hd__dfxtp_2)
                                                         u_top.instruction_mmu.u_tlb.vpn[3][13] (net)
                      0.026610    0.000000    0.319044 ^ _1793_/A (sky130_fd_sc_hd__buf_2)
     2    0.003985    0.032920    0.084342    0.403387 ^ _1793_/X (sky130_fd_sc_hd__buf_2)
                                                         _0768_ (net)
                      0.032920    0.000000    0.403387 ^ _1346_/A (sky130_fd_sc_hd__and2_2)
     1    0.001807    0.032955    0.107923    0.511309 ^ _1346_/X (sky130_fd_sc_hd__and2_2)
                                                         _0384_ (net)
                      0.032955    0.000000    0.511309 ^ _1946_/A (sky130_fd_sc_hd__buf_2)
     1    0.001674    0.022685    0.077222    0.588532 ^ _1946_/X (sky130_fd_sc_hd__buf_2)
                                                         _1033_ (net)
                      0.022685    0.000000    0.588532 ^ _1525_/D (sky130_fd_sc_hd__dfxtp_2)
                                              0.588532   data arrival time

                      0.150000    0.000000    0.000000   clock clk (rise edge)
                                  0.000000    0.000000   clock network delay (ideal)
                                  0.250000    0.250000   clock uncertainty
                                  0.000000    0.250000   clock reconvergence pessimism
                                              0.250000 ^ _1525_/CLK (sky130_fd_sc_hd__dfxtp_2)
                                 -0.012803    0.237197   library hold time
                                              0.237197   data required time
---------------------------------------------------------------------------------------------
                                              0.237197   data required time
                                             -0.588532   data arrival time
---------------------------------------------------------------------------------------------
                                              0.351334   slack (MET)


Startpoint: _1467_ (rising edge-triggered flip-flop clocked by clk)
Endpoint: _1467_ (rising edge-triggered flip-flop clocked by clk)
Path Group: clk
Path Type: min

Fanout         Cap        Slew       Delay        Time   Description
---------------------------------------------------------------------------------------------
                      0.150000    0.000000    0.000000   clock clk (rise edge)
                                  0.000000    0.000000   clock network delay (ideal)
                      0.150000    0.000000    0.000000 ^ _1467_/CLK (sky130_fd_sc_hd__dfxtp_2)
     1    0.001807    0.026610    0.319044    0.319044 ^ _1467_/Q (sky130_fd_sc_hd__dfxtp_2)
                                                         u_top.instruction_mmu.u_tlb.vpn[1][0] (net)
                      0.026610    0.000000    0.319044 ^ _1730_/A (sky130_fd_sc_hd__buf_2)
     2    0.004139    0.033602    0.084967    0.404012 ^ _1730_/X (sky130_fd_sc_hd__buf_2)
                                                         _0724_ (net)
                      0.033602    0.000000    0.404012 ^ _1288_/A (sky130_fd_sc_hd__and2_2)
     1    0.001807    0.032958    0.108152    0.512164 ^ _1288_/X (sky130_fd_sc_hd__and2_2)
                                                         _0326_ (net)
                      0.032958    0.000000    0.512164 ^ _1888_/A (sky130_fd_sc_hd__buf_2)
     1    0.001674    0.022685    0.077223    0.589387 ^ _1888_/X (sky130_fd_sc_hd__buf_2)
                                                         _0936_ (net)
                      0.022685    0.000000    0.589387 ^ _1467_/D (sky130_fd_sc_hd__dfxtp_2)
                                              0.589387   data arrival time

                      0.150000    0.000000    0.000000   clock clk (rise edge)
                                  0.000000    0.000000   clock network delay (ideal)
                                  0.250000    0.250000   clock uncertainty
                                  0.000000    0.250000   clock reconvergence pessimism
                                              0.250000 ^ _1467_/CLK (sky130_fd_sc_hd__dfxtp_2)
                                 -0.012803    0.237197   library hold time
                                              0.237197   data required time
---------------------------------------------------------------------------------------------
                                              0.237197   data required time
                                             -0.589387   data arrival time
---------------------------------------------------------------------------------------------
                                              0.352190   slack (MET)


Startpoint: _1572_ (rising edge-triggered flip-flop clocked by clk)
Endpoint: _1573_ (rising edge-triggered flip-flop clocked by clk)
Path Group: clk
Path Type: min

Fanout         Cap        Slew       Delay        Time   Description
---------------------------------------------------------------------------------------------
                      0.150000    0.000000    0.000000   clock clk (rise edge)
                                  0.000000    0.000000   clock network delay (ideal)
                      0.150000    0.000000    0.000000 ^ _1572_/CLK (sky130_fd_sc_hd__dfrtp_2)
     1    0.001807    0.034512    0.343846    0.343846 ^ _1572_/Q (sky130_fd_sc_hd__dfrtp_2)
                                                         u_top.dataMemory.clear_last_pending (net)
                      0.034512    0.000000    0.343846 ^ _1698_/A (sky130_fd_sc_hd__buf_2)
     4    0.016302    0.088760    0.128125    0.471971 ^ _1698_/X (sky130_fd_sc_hd__buf_2)
                                                         _0661_ (net)
                      0.088760    0.000000    0.471971 ^ _1106_/A (sky130_fd_sc_hd__nor2_2)
     4    0.008339    0.038615    0.055148    0.527120 v _1106_/Y (sky130_fd_sc_hd__nor2_2)
                                                         _0290_ (net)
                      0.038615    0.000000    0.527120 v _1827_/A (sky130_fd_sc_hd__buf_2)
     1    0.002233    0.022616    0.103329    0.630449 v _1827_/X (sky130_fd_sc_hd__buf_2)
                                                         _0026_ (net)
                      0.022616    0.000000    0.630449 v _1573_/D (sky130_fd_sc_hd__dfstp_2)
                                              0.630449   data arrival time

                      0.150000    0.000000    0.000000   clock clk (rise edge)
                                  0.000000    0.000000   clock network delay (ideal)
                                  0.250000    0.250000   clock uncertainty
                                  0.000000    0.250000   clock reconvergence pessimism
                                              0.250000 ^ _1573_/CLK (sky130_fd_sc_hd__dfstp_2)
                                  0.021998    0.271998   library hold time
                                              0.271998   data required time
---------------------------------------------------------------------------------------------
                                              0.271998   data required time
                                             -0.630449   data arrival time
---------------------------------------------------------------------------------------------
                                              0.358450   slack (MET)


Startpoint: _1459_ (rising edge-triggered flip-flop clocked by clk)
Endpoint: _1459_ (rising edge-triggered flip-flop clocked by clk)
Path Group: clk
Path Type: min

Fanout         Cap        Slew       Delay        Time   Description
---------------------------------------------------------------------------------------------
                      0.150000    0.000000    0.000000   clock clk (rise edge)
                                  0.000000    0.000000   clock network delay (ideal)
                      0.150000    0.000000    0.000000 ^ _1459_/CLK (sky130_fd_sc_hd__dfxtp_2)
     1    0.001807    0.026610    0.319044    0.319044 ^ _1459_/Q (sky130_fd_sc_hd__dfxtp_2)
                                                         u_top.instruction_mmu.u_tlb.vpn[0][12] (net)
                      0.026610    0.000000    0.319044 ^ _1785_/A (sky130_fd_sc_hd__buf_2)
     2    0.007002    0.046406    0.094748    0.413792 ^ _1785_/X (sky130_fd_sc_hd__buf_2)
                                                         _0707_ (net)
                      0.046406    0.000000    0.413792 ^ _1280_/B2 (sky130_fd_sc_hd__a22o_2)
     1    0.001807    0.030107    0.107905    0.521697 ^ _1280_/X (sky130_fd_sc_hd__a22o_2)
                                                         _0318_ (net)
                      0.030107    0.000000    0.521697 ^ _1880_/A (sky130_fd_sc_hd__buf_2)
     1    0.001674    0.022690    0.076208    0.597906 ^ _1880_/X (sky130_fd_sc_hd__buf_2)
                                                         _0920_ (net)
                      0.022690    0.000000    0.597906 ^ _1459_/D (sky130_fd_sc_hd__dfxtp_2)
                                              0.597906   data arrival time

                      0.150000    0.000000    0.000000   clock clk (rise edge)
                                  0.000000    0.000000   clock network delay (ideal)
                                  0.250000    0.250000   clock uncertainty
                                  0.000000    0.250000   clock reconvergence pessimism
                                              0.250000 ^ _1459_/CLK (sky130_fd_sc_hd__dfxtp_2)
                                 -0.012804    0.237196   library hold time
                                              0.237196   data required time
---------------------------------------------------------------------------------------------
                                              0.237196   data required time
                                             -0.597906   data arrival time
---------------------------------------------------------------------------------------------
                                              0.360709   slack (MET)


Startpoint: _1468_ (rising edge-triggered flip-flop clocked by clk)
Endpoint: _1468_ (rising edge-triggered flip-flop clocked by clk)
Path Group: clk
Path Type: min

Fanout         Cap        Slew       Delay        Time   Description
---------------------------------------------------------------------------------------------
                      0.150000    0.000000    0.000000   clock clk (rise edge)
                                  0.000000    0.000000   clock network delay (ideal)
                      0.150000    0.000000    0.000000 ^ _1468_/CLK (sky130_fd_sc_hd__dfxtp_2)
     1    0.001807    0.026610    0.319044    0.319044 ^ _1468_/Q (sky130_fd_sc_hd__dfxtp_2)
                                                         u_top.instruction_mmu.u_tlb.vpn[1][1] (net)
                      0.026610    0.000000    0.319044 ^ _1734_/A (sky130_fd_sc_hd__buf_2)
     2    0.006094    0.042343    0.091678    0.410723 ^ _1734_/X (sky130_fd_sc_hd__buf_2)
                                                         _0735_ (net)
                      0.042343    0.000000    0.410723 ^ _1289_/A (sky130_fd_sc_hd__and2_2)
     1    0.001807    0.032997    0.111097    0.521820 ^ _1289_/X (sky130_fd_sc_hd__and2_2)
                                                         _0327_ (net)
                      0.032997    0.000000    0.521820 ^ _1889_/A (sky130_fd_sc_hd__buf_2)
     1    0.001674    0.022685    0.077237    0.599057 ^ _1889_/X (sky130_fd_sc_hd__buf_2)
                                                         _0938_ (net)
                      0.022685    0.000000    0.599057 ^ _1468_/D (sky130_fd_sc_hd__dfxtp_2)
                                              0.599057   data arrival time

                      0.150000    0.000000    0.000000   clock clk (rise edge)
                                  0.000000    0.000000   clock network delay (ideal)
                                  0.250000    0.250000   clock uncertainty
                                  0.000000    0.250000   clock reconvergence pessimism
                                              0.250000 ^ _1468_/CLK (sky130_fd_sc_hd__dfxtp_2)
                                 -0.012803    0.237197   library hold time
                                              0.237197   data required time
---------------------------------------------------------------------------------------------
                                              0.237197   data required time
                                             -0.599057   data arrival time
---------------------------------------------------------------------------------------------
                                              0.361860   slack (MET)


Startpoint: _1448_ (rising edge-triggered flip-flop clocked by clk)
Endpoint: _1448_ (rising edge-triggered flip-flop clocked by clk)
Path Group: clk
Path Type: min

Fanout         Cap        Slew       Delay        Time   Description
---------------------------------------------------------------------------------------------
                      0.150000    0.000000    0.000000   clock clk (rise edge)
                                  0.000000    0.000000   clock network delay (ideal)
                      0.150000    0.000000    0.000000 ^ _1448_/CLK (sky130_fd_sc_hd__dfxtp_2)
     1    0.001807    0.026610    0.319044    0.319044 ^ _1448_/Q (sky130_fd_sc_hd__dfxtp_2)
                                                         u_top.instruction_mmu.u_tlb.vpn[0][1] (net)
                      0.026610    0.000000    0.319044 ^ _1733_/A (sky130_fd_sc_hd__buf_2)
     2    0.006145    0.042571    0.091851    0.410895 ^ _1733_/X (sky130_fd_sc_hd__buf_2)
                                                         _0715_ (net)
                      0.042571    0.000000    0.410895 ^ _1269_/A (sky130_fd_sc_hd__and2_2)
     1    0.001807    0.032998    0.111174    0.522069 ^ _1269_/X (sky130_fd_sc_hd__and2_2)
                                                         _0307_ (net)
                      0.032998    0.000000    0.522069 ^ _1869_/A (sky130_fd_sc_hd__buf_2)
     1    0.001674    0.022685    0.077238    0.599307 ^ _1869_/X (sky130_fd_sc_hd__buf_2)
                                                         _0898_ (net)
                      0.022685    0.000000    0.599307 ^ _1448_/D (sky130_fd_sc_hd__dfxtp_2)
                                              0.599307   data arrival time

                      0.150000    0.000000    0.000000   clock clk (rise edge)
                                  0.000000    0.000000   clock network delay (ideal)
                                  0.250000    0.250000   clock uncertainty
                                  0.000000    0.250000   clock reconvergence pessimism
                                              0.250000 ^ _1448_/CLK (sky130_fd_sc_hd__dfxtp_2)
                                 -0.012803    0.237197   library hold time
                                              0.237197   data required time
---------------------------------------------------------------------------------------------
                                              0.237197   data required time
                                             -0.599307   data arrival time
---------------------------------------------------------------------------------------------
                                              0.362109   slack (MET)


Startpoint: _1447_ (rising edge-triggered flip-flop clocked by clk)
Endpoint: _1447_ (rising edge-triggered flip-flop clocked by clk)
Path Group: clk
Path Type: min

Fanout         Cap        Slew       Delay        Time   Description
---------------------------------------------------------------------------------------------
                      0.150000    0.000000    0.000000   clock clk (rise edge)
                                  0.000000    0.000000   clock network delay (ideal)
                      0.150000    0.000000    0.000000 ^ _1447_/CLK (sky130_fd_sc_hd__dfxtp_2)
     1    0.001807    0.026610    0.319044    0.319044 ^ _1447_/Q (sky130_fd_sc_hd__dfxtp_2)
                                                         u_top.instruction_mmu.u_tlb.vpn[0][0] (net)
                      0.026610    0.000000    0.319044 ^ _1729_/A (sky130_fd_sc_hd__buf_2)
     2    0.006147    0.042580    0.091858    0.410902 ^ _1729_/X (sky130_fd_sc_hd__buf_2)
                                                         _0704_ (net)
                      0.042580    0.000000    0.410902 ^ _1268_/A (sky130_fd_sc_hd__and2_2)
     1    0.001807    0.032998    0.111177    0.522079 ^ _1268_/X (sky130_fd_sc_hd__and2_2)
                                                         _0306_ (net)
                      0.032998    0.000000    0.522079 ^ _1868_/A (sky130_fd_sc_hd__buf_2)
     1    0.001674    0.022685    0.077238    0.599317 ^ _1868_/X (sky130_fd_sc_hd__buf_2)
                                                         _0896_ (net)
                      0.022685    0.000000    0.599317 ^ _1447_/D (sky130_fd_sc_hd__dfxtp_2)
                                              0.599317   data arrival time

                      0.150000    0.000000    0.000000   clock clk (rise edge)
                                  0.000000    0.000000   clock network delay (ideal)
                                  0.250000    0.250000   clock uncertainty
                                  0.000000    0.250000   clock reconvergence pessimism
                                              0.250000 ^ _1447_/CLK (sky130_fd_sc_hd__dfxtp_2)
                                 -0.012803    0.237197   library hold time
                                              0.237197   data required time
---------------------------------------------------------------------------------------------
                                              0.237197   data required time
                                             -0.599317   data arrival time
---------------------------------------------------------------------------------------------
                                              0.362119   slack (MET)


Startpoint: _1504_ (rising edge-triggered flip-flop clocked by clk)
Endpoint: _1504_ (rising edge-triggered flip-flop clocked by clk)
Path Group: clk
Path Type: min

Fanout         Cap        Slew       Delay        Time   Description
---------------------------------------------------------------------------------------------
                      0.150000    0.000000    0.000000   clock clk (rise edge)
                                  0.000000    0.000000   clock network delay (ideal)
                      0.150000    0.000000    0.000000 ^ _1504_/CLK (sky130_fd_sc_hd__dfxtp_2)
     1    0.001807    0.026610    0.319044    0.319044 ^ _1504_/Q (sky130_fd_sc_hd__dfxtp_2)
                                                         u_top.instruction_mmu.u_tlb.vpn[2][17] (net)
                      0.026610    0.000000    0.319044 ^ _1812_/A (sky130_fd_sc_hd__buf_2)
     2    0.006148    0.042584    0.091861    0.410905 ^ _1812_/X (sky130_fd_sc_hd__buf_2)
                                                         _0752_ (net)
                      0.042584    0.000000    0.410905 ^ _1325_/A (sky130_fd_sc_hd__and2_2)
     1    0.001807    0.032998    0.111178    0.522084 ^ _1325_/X (sky130_fd_sc_hd__and2_2)
                                                         _0363_ (net)
                      0.032998    0.000000    0.522084 ^ _1925_/A (sky130_fd_sc_hd__buf_2)
     1    0.001674    0.022685    0.077238    0.599322 ^ _1925_/X (sky130_fd_sc_hd__buf_2)
                                                         _1010_ (net)
                      0.022685    0.000000    0.599322 ^ _1504_/D (sky130_fd_sc_hd__dfxtp_2)
                                              0.599322   data arrival time

                      0.150000    0.000000    0.000000   clock clk (rise edge)
                                  0.000000    0.000000   clock network delay (ideal)
                                  0.250000    0.250000   clock uncertainty
                                  0.000000    0.250000   clock reconvergence pessimism
                                              0.250000 ^ _1504_/CLK (sky130_fd_sc_hd__dfxtp_2)
                                 -0.012803    0.237197   library hold time
                                              0.237197   data required time
---------------------------------------------------------------------------------------------
                                              0.237197   data required time
                                             -0.599322   data arrival time
---------------------------------------------------------------------------------------------
                                              0.362124   slack (MET)


Startpoint: _1484_ (rising edge-triggered flip-flop clocked by clk)
Endpoint: _1484_ (rising edge-triggered flip-flop clocked by clk)
Path Group: clk
Path Type: min

Fanout         Cap        Slew       Delay        Time   Description
---------------------------------------------------------------------------------------------
                      0.150000    0.000000    0.000000   clock clk (rise edge)
                                  0.000000    0.000000   clock network delay (ideal)
                      0.150000    0.000000    0.000000 ^ _1484_/CLK (sky130_fd_sc_hd__dfxtp_2)
     1    0.001807    0.026610    0.319044    0.319044 ^ _1484_/Q (sky130_fd_sc_hd__dfxtp_2)
                                                         u_top.instruction_mmu.u_tlb.vpn[1][17] (net)
                      0.026610    0.000000    0.319044 ^ _1811_/A (sky130_fd_sc_hd__buf_2)
     2    0.006166    0.042665    0.091922    0.410966 ^ _1811_/X (sky130_fd_sc_hd__buf_2)
                                                         _0732_ (net)
                      0.042665    0.000000    0.410966 ^ _1305_/A (sky130_fd_sc_hd__and2_2)
     1    0.001807    0.032999    0.111205    0.522172 ^ _1305_/X (sky130_fd_sc_hd__and2_2)
                                                         _0343_ (net)
                      0.032999    0.000000    0.522172 ^ _1905_/A (sky130_fd_sc_hd__buf_2)
     1    0.001674    0.022685    0.077238    0.599410 ^ _1905_/X (sky130_fd_sc_hd__buf_2)
                                                         _0970_ (net)
                      0.022685    0.000000    0.599410 ^ _1484_/D (sky130_fd_sc_hd__dfxtp_2)
                                              0.599410   data arrival time

                      0.150000    0.000000    0.000000   clock clk (rise edge)
                                  0.000000    0.000000   clock network delay (ideal)
                                  0.250000    0.250000   clock uncertainty
                                  0.000000    0.250000   clock reconvergence pessimism
                                              0.250000 ^ _1484_/CLK (sky130_fd_sc_hd__dfxtp_2)
                                 -0.012803    0.237197   library hold time
                                              0.237197   data required time
---------------------------------------------------------------------------------------------
                                              0.237197   data required time
                                             -0.599410   data arrival time
---------------------------------------------------------------------------------------------
                                              0.362212   slack (MET)


Startpoint: _1529_ (rising edge-triggered flip-flop clocked by clk)
Endpoint: _1529_ (rising edge-triggered flip-flop clocked by clk)
Path Group: clk
Path Type: min

Fanout         Cap        Slew       Delay        Time   Description
---------------------------------------------------------------------------------------------
                      0.150000    0.000000    0.000000   clock clk (rise edge)
                                  0.000000    0.000000   clock network delay (ideal)
                      0.150000    0.000000    0.000000 ^ _1529_/CLK (sky130_fd_sc_hd__dfxtp_2)
     1    0.001807    0.026610    0.319044    0.319044 ^ _1529_/Q (sky130_fd_sc_hd__dfxtp_2)
                                                         u_top.instruction_mmu.u_tlb.vpn[3][17] (net)
                      0.026610    0.000000    0.319044 ^ _1813_/A (sky130_fd_sc_hd__buf_2)
     2    0.006209    0.042857    0.092067    0.411112 ^ _1813_/X (sky130_fd_sc_hd__buf_2)
                                                         _0772_ (net)
                      0.042857    0.000000    0.411112 ^ _1350_/A (sky130_fd_sc_hd__and2_2)
     1    0.001807    0.032999    0.111270    0.522382 ^ _1350_/X (sky130_fd_sc_hd__and2_2)
                                                         _0388_ (net)
                      0.032999    0.000000    0.522382 ^ _1950_/A (sky130_fd_sc_hd__buf_2)
     1    0.001674    0.022685    0.077238    0.599620 ^ _1950_/X (sky130_fd_sc_hd__buf_2)
                                                         _1037_ (net)
                      0.022685    0.000000    0.599620 ^ _1529_/D (sky130_fd_sc_hd__dfxtp_2)
                                              0.599620   data arrival time

                      0.150000    0.000000    0.000000   clock clk (rise edge)
                                  0.000000    0.000000   clock network delay (ideal)
                                  0.250000    0.250000   clock uncertainty
                                  0.000000    0.250000   clock reconvergence pessimism
                                              0.250000 ^ _1529_/CLK (sky130_fd_sc_hd__dfxtp_2)
                                 -0.012803    0.237197   library hold time
                                              0.237197   data required time
---------------------------------------------------------------------------------------------
                                              0.237197   data required time
                                             -0.599620   data arrival time
---------------------------------------------------------------------------------------------
                                              0.362423   slack (MET)


Startpoint: _1538_ (rising edge-triggered flip-flop clocked by clk)
Endpoint: _1538_ (rising edge-triggered flip-flop clocked by clk)
Path Group: clk
Path Type: min

Fanout         Cap        Slew       Delay        Time   Description
---------------------------------------------------------------------------------------------
                      0.150000    0.000000    0.000000   clock clk (rise edge)
                                  0.000000    0.000000   clock network delay (ideal)
                      0.150000    0.000000    0.000000 ^ _1538_/CLK (sky130_fd_sc_hd__dfxtp_2)
     1    0.001807    0.026610    0.319044    0.319044 ^ _1538_/Q (sky130_fd_sc_hd__dfxtp_2)
                                                         u_top.RV32I_Logic.Single_Cycle_Datapath.pcREG.q[8] (net)
                      0.026610    0.000000    0.319044 ^ _1836_/A (sky130_fd_sc_hd__buf_2)
     2    0.006621    0.044701    0.093460    0.412504 ^ _1836_/X (sky130_fd_sc_hd__buf_2)
                                                         _0658_ (net)
                      0.044701    0.000000    0.412504 ^ _1369_/A1 (sky130_fd_sc_hd__o21ai_2)
     1    0.004136    0.028392    0.052156    0.464660 v _1369_/Y (sky130_fd_sc_hd__o21ai_2)
                                                         _0589_ (net)
                      0.028392    0.000000    0.464660 v _1370_/B (sky130_fd_sc_hd__nor2_2)
     1    0.001807    0.051457    0.052483    0.517143 ^ _1370_/Y (sky130_fd_sc_hd__nor2_2)
                                                         _0397_ (net)
                      0.051457    0.000000    0.517143 ^ _1959_/A (sky130_fd_sc_hd__buf_2)
     1    0.001674    0.022648    0.083809    0.600953 ^ _1959_/X (sky130_fd_sc_hd__buf_2)
                                                         _1046_ (net)
                      0.022648    0.000000    0.600953 ^ _1538_/D (sky130_fd_sc_hd__dfxtp_2)
                                              0.600953   data arrival time

                      0.150000    0.000000    0.000000   clock clk (rise edge)
                                  0.000000    0.000000   clock network delay (ideal)
                                  0.250000    0.250000   clock uncertainty
                                  0.000000    0.250000   clock reconvergence pessimism
                                              0.250000 ^ _1538_/CLK (sky130_fd_sc_hd__dfxtp_2)
                                 -0.012795    0.237205   library hold time
                                              0.237205   data required time
---------------------------------------------------------------------------------------------
                                              0.237205   data required time
                                             -0.600953   data arrival time
---------------------------------------------------------------------------------------------
                                              0.363748   slack (MET)


Startpoint: _1541_ (rising edge-triggered flip-flop clocked by clk)
Endpoint: _1541_ (rising edge-triggered flip-flop clocked by clk)
Path Group: clk
Path Type: min

Fanout         Cap        Slew       Delay        Time   Description
---------------------------------------------------------------------------------------------
                      0.150000    0.000000    0.000000   clock clk (rise edge)
                                  0.000000    0.000000   clock network delay (ideal)
                      0.150000    0.000000    0.000000 ^ _1541_/CLK (sky130_fd_sc_hd__dfxtp_2)
     1    0.001807    0.026610    0.319044    0.319044 ^ _1541_/Q (sky130_fd_sc_hd__dfxtp_2)
                                                         u_top.RV32I_Logic.Single_Cycle_Datapath.pcREG.q[11] (net)
                      0.026610    0.000000    0.319044 ^ _1839_/A (sky130_fd_sc_hd__buf_2)
     2    0.006621    0.044701    0.093460    0.412504 ^ _1839_/X (sky130_fd_sc_hd__buf_2)
                                                         _0631_ (net)
                      0.044701    0.000000    0.412504 ^ _1377_/A1 (sky130_fd_sc_hd__o21ai_2)
     1    0.004136    0.028401    0.052156    0.464660 v _1377_/Y (sky130_fd_sc_hd__o21ai_2)
                                                         _0594_ (net)
                      0.028401    0.000000    0.464660 v _1378_/B (sky130_fd_sc_hd__nor2_2)
     1    0.001807    0.051457    0.052487    0.517146 ^ _1378_/Y (sky130_fd_sc_hd__nor2_2)
                                                         _0400_ (net)
                      0.051457    0.000000    0.517146 ^ _1962_/A (sky130_fd_sc_hd__buf_2)
     1    0.001674    0.022648    0.083809    0.600956 ^ _1962_/X (sky130_fd_sc_hd__buf_2)
                                                         _1049_ (net)
                      0.022648    0.000000    0.600956 ^ _1541_/D (sky130_fd_sc_hd__dfxtp_2)
                                              0.600956   data arrival time

                      0.150000    0.000000    0.000000   clock clk (rise edge)
                                  0.000000    0.000000   clock network delay (ideal)
                                  0.250000    0.250000   clock uncertainty
                                  0.000000    0.250000   clock reconvergence pessimism
                                              0.250000 ^ _1541_/CLK (sky130_fd_sc_hd__dfxtp_2)
                                 -0.012795    0.237205   library hold time
                                              0.237205   data required time
---------------------------------------------------------------------------------------------
                                              0.237205   data required time
                                             -0.600956   data arrival time
---------------------------------------------------------------------------------------------
                                              0.363751   slack (MET)


Startpoint: _1499_ (rising edge-triggered flip-flop clocked by clk)
Endpoint: _1499_ (rising edge-triggered flip-flop clocked by clk)
Path Group: clk
Path Type: min

Fanout         Cap        Slew       Delay        Time   Description
---------------------------------------------------------------------------------------------
                      0.150000    0.000000    0.000000   clock clk (rise edge)
                                  0.000000    0.000000   clock network delay (ideal)
                      0.150000    0.000000    0.000000 ^ _1499_/CLK (sky130_fd_sc_hd__dfxtp_2)
     1    0.001807    0.026610    0.319044    0.319044 ^ _1499_/Q (sky130_fd_sc_hd__dfxtp_2)
                                                         u_top.instruction_mmu.u_tlb.vpn[2][12] (net)
                      0.026610    0.000000    0.319044 ^ _1787_/A (sky130_fd_sc_hd__buf_2)
     2    0.006495    0.044137    0.093034    0.412078 ^ _1787_/X (sky130_fd_sc_hd__buf_2)
                                                         _0747_ (net)
                      0.044137    0.000000    0.412078 ^ _1320_/A (sky130_fd_sc_hd__and2_2)
     1    0.001807    0.033005    0.111701    0.523780 ^ _1320_/X (sky130_fd_sc_hd__and2_2)
                                                         _0358_ (net)
                      0.033005    0.000000    0.523780 ^ _1920_/A (sky130_fd_sc_hd__buf_2)
     1    0.001674    0.022685    0.077240    0.601020 ^ _1920_/X (sky130_fd_sc_hd__buf_2)
                                                         _1000_ (net)
                      0.022685    0.000000    0.601020 ^ _1499_/D (sky130_fd_sc_hd__dfxtp_2)
                                              0.601020   data arrival time

                      0.150000    0.000000    0.000000   clock clk (rise edge)
                                  0.000000    0.000000   clock network delay (ideal)
                                  0.250000    0.250000   clock uncertainty
                                  0.000000    0.250000   clock reconvergence pessimism
                                              0.250000 ^ _1499_/CLK (sky130_fd_sc_hd__dfxtp_2)
                                 -0.012803    0.237197   library hold time
                                              0.237197   data required time
---------------------------------------------------------------------------------------------
                                              0.237197   data required time
                                             -0.601020   data arrival time
---------------------------------------------------------------------------------------------
                                              0.363823   slack (MET)


Startpoint: _1549_ (rising edge-triggered flip-flop clocked by clk)
Endpoint: _1549_ (rising edge-triggered flip-flop clocked by clk)
Path Group: clk
Path Type: min

Fanout         Cap        Slew       Delay        Time   Description
---------------------------------------------------------------------------------------------
                      0.150000    0.000000    0.000000   clock clk (rise edge)
                                  0.000000    0.000000   clock network delay (ideal)
                      0.150000    0.000000    0.000000 ^ _1549_/CLK (sky130_fd_sc_hd__dfxtp_2)
     1    0.001807    0.026610    0.319044    0.319044 ^ _1549_/Q (sky130_fd_sc_hd__dfxtp_2)
                                                         u_top.RV32I_Logic.Single_Cycle_Datapath.pcREG.q[19] (net)
                      0.026610    0.000000    0.319044 ^ _1764_/A (sky130_fd_sc_hd__buf_2)
     8    0.021528    0.113191    0.141743    0.460788 ^ _1764_/X (sky130_fd_sc_hd__buf_2)
                                                         _0639_ (net)
                      0.113191    0.000000    0.460788 ^ _1399_/A1 (sky130_fd_sc_hd__a21oi_2)
     1    0.001647    0.027010    0.053164    0.513951 v _1399_/Y (sky130_fd_sc_hd__a21oi_2)
                                                         _0408_ (net)
                      0.027010    0.000000    0.513951 v _1970_/A (sky130_fd_sc_hd__buf_2)
     1    0.001681    0.021250    0.096680    0.610631 v _1970_/X (sky130_fd_sc_hd__buf_2)
                                                         _1057_ (net)
                      0.021250    0.000000    0.610631 v _1549_/D (sky130_fd_sc_hd__dfxtp_2)
                                              0.610631   data arrival time

                      0.150000    0.000000    0.000000   clock clk (rise edge)
                                  0.000000    0.000000   clock network delay (ideal)
                                  0.250000    0.250000   clock uncertainty
                                  0.000000    0.250000   clock reconvergence pessimism
                                              0.250000 ^ _1549_/CLK (sky130_fd_sc_hd__dfxtp_2)
                                 -0.012909    0.237091   library hold time
                                              0.237091   data required time
---------------------------------------------------------------------------------------------
                                              0.237091   data required time
                                             -0.610631   data arrival time
---------------------------------------------------------------------------------------------
                                              0.373540   slack (MET)


Startpoint: _1552_ (rising edge-triggered flip-flop clocked by clk)
Endpoint: _1552_ (rising edge-triggered flip-flop clocked by clk)
Path Group: clk
Path Type: min

Fanout         Cap        Slew       Delay        Time   Description
---------------------------------------------------------------------------------------------
                      0.150000    0.000000    0.000000   clock clk (rise edge)
                                  0.000000    0.000000   clock network delay (ideal)
                      0.150000    0.000000    0.000000 ^ _1552_/CLK (sky130_fd_sc_hd__dfxtp_2)
     1    0.001807    0.026610    0.319044    0.319044 ^ _1552_/Q (sky130_fd_sc_hd__dfxtp_2)
                                                         u_top.RV32I_Logic.Single_Cycle_Datapath.pcREG.q[22] (net)
                      0.026610    0.000000    0.319044 ^ _1779_/A (sky130_fd_sc_hd__buf_2)
     7    0.022147    0.116084    0.143690    0.462734 ^ _1779_/X (sky130_fd_sc_hd__buf_2)
                                                         _0642_ (net)
                      0.116084    0.000000    0.462734 ^ _1407_/A1 (sky130_fd_sc_hd__a21oi_2)
     1    0.001647    0.027010    0.053816    0.516550 v _1407_/Y (sky130_fd_sc_hd__a21oi_2)
                                                         _0411_ (net)
                      0.027010    0.000000    0.516550 v _1973_/A (sky130_fd_sc_hd__buf_2)
     1    0.001681    0.021250    0.096680    0.613230 v _1973_/X (sky130_fd_sc_hd__buf_2)
                                                         _1060_ (net)
                      0.021250    0.000000    0.613230 v _1552_/D (sky130_fd_sc_hd__dfxtp_2)
                                              0.613230   data arrival time

                      0.150000    0.000000    0.000000   clock clk (rise edge)
                                  0.000000    0.000000   clock network delay (ideal)
                                  0.250000    0.250000   clock uncertainty
                                  0.000000    0.250000   clock reconvergence pessimism
                                              0.250000 ^ _1552_/CLK (sky130_fd_sc_hd__dfxtp_2)
                                 -0.012909    0.237091   library hold time
                                              0.237091   data required time
---------------------------------------------------------------------------------------------
                                              0.237091   data required time
                                             -0.613230   data arrival time
---------------------------------------------------------------------------------------------
                                              0.376139   slack (MET)


Startpoint: _1508_ (rising edge-triggered flip-flop clocked by clk)
Endpoint: _1508_ (rising edge-triggered flip-flop clocked by clk)
Path Group: clk
Path Type: min

Fanout         Cap        Slew       Delay        Time   Description
---------------------------------------------------------------------------------------------
                      0.150000    0.000000    0.000000   clock clk (rise edge)
                                  0.000000    0.000000   clock network delay (ideal)
                      0.150000    0.000000    0.000000 ^ _1508_/CLK (sky130_fd_sc_hd__dfxtp_2)
     4    0.007228    0.050794    0.340378    0.340378 ^ _1508_/Q (sky130_fd_sc_hd__dfxtp_2)
                                                         u_top.instruction_mmu.u_tlb.flags[0][3] (net)
                      0.050794    0.000000    0.340378 ^ _1860_/A (sky130_fd_sc_hd__buf_2)
     2    0.004907    0.036964    0.096244    0.436622 ^ _1860_/X (sky130_fd_sc_hd__buf_2)
                                                         _0696_ (net)
                      0.036964    0.000000    0.436622 ^ _1329_/A1 (sky130_fd_sc_hd__o21a_2)
     1    0.001807    0.027630    0.105574    0.542196 ^ _1329_/X (sky130_fd_sc_hd__o21a_2)
                                                         _0367_ (net)
                      0.027630    0.000000    0.542196 ^ _1929_/A (sky130_fd_sc_hd__buf_2)
     1    0.001674    0.022695    0.075327    0.617522 ^ _1929_/X (sky130_fd_sc_hd__buf_2)
                                                         _1016_ (net)
                      0.022695    0.000000    0.617522 ^ _1508_/D (sky130_fd_sc_hd__dfxtp_2)
                                              0.617522   data arrival time

                      0.150000    0.000000    0.000000   clock clk (rise edge)
                                  0.000000    0.000000   clock network delay (ideal)
                                  0.250000    0.250000   clock uncertainty
                                  0.000000    0.250000   clock reconvergence pessimism
                                              0.250000 ^ _1508_/CLK (sky130_fd_sc_hd__dfxtp_2)
                                 -0.012805    0.237195   library hold time
                                              0.237195   data required time
---------------------------------------------------------------------------------------------
                                              0.237195   data required time
                                             -0.617522   data arrival time
---------------------------------------------------------------------------------------------
                                              0.380327   slack (MET)


Startpoint: _1507_ (rising edge-triggered flip-flop clocked by clk)
Endpoint: _1507_ (rising edge-triggered flip-flop clocked by clk)
Path Group: clk
Path Type: min

Fanout         Cap        Slew       Delay        Time   Description
---------------------------------------------------------------------------------------------
                      0.150000    0.000000    0.000000   clock clk (rise edge)
                                  0.000000    0.000000   clock network delay (ideal)
                      0.150000    0.000000    0.000000 ^ _1507_/CLK (sky130_fd_sc_hd__dfxtp_2)
     4    0.007228    0.050794    0.340378    0.340378 ^ _1507_/Q (sky130_fd_sc_hd__dfxtp_2)
                                                         u_top.instruction_mmu.u_tlb.flags[3][3] (net)
                      0.050794    0.000000    0.340378 ^ _1863_/A (sky130_fd_sc_hd__buf_2)
     2    0.004010    0.032960    0.093024    0.433402 ^ _1863_/X (sky130_fd_sc_hd__buf_2)
                                                         _0699_ (net)
                      0.032960    0.000000    0.433402 ^ _1328_/B (sky130_fd_sc_hd__and2_2)
     1    0.001807    0.032953    0.112900    0.546302 ^ _1328_/X (sky130_fd_sc_hd__and2_2)
                                                         _0366_ (net)
                      0.032953    0.000000    0.546302 ^ _1928_/A (sky130_fd_sc_hd__buf_2)
     1    0.001674    0.022685    0.077222    0.623523 ^ _1928_/X (sky130_fd_sc_hd__buf_2)
                                                         _1015_ (net)
                      0.022685    0.000000    0.623523 ^ _1507_/D (sky130_fd_sc_hd__dfxtp_2)
                                              0.623523   data arrival time

                      0.150000    0.000000    0.000000   clock clk (rise edge)
                                  0.000000    0.000000   clock network delay (ideal)
                                  0.250000    0.250000   clock uncertainty
                                  0.000000    0.250000   clock reconvergence pessimism
                                              0.250000 ^ _1507_/CLK (sky130_fd_sc_hd__dfxtp_2)
                                 -0.012803    0.237197   library hold time
                                              0.237197   data required time
---------------------------------------------------------------------------------------------
                                              0.237197   data required time
                                             -0.623523   data arrival time
---------------------------------------------------------------------------------------------
                                              0.386326   slack (MET)


Startpoint: _1509_ (rising edge-triggered flip-flop clocked by clk)
Endpoint: _1509_ (rising edge-triggered flip-flop clocked by clk)
Path Group: clk
Path Type: min

Fanout         Cap        Slew       Delay        Time   Description
---------------------------------------------------------------------------------------------
                      0.150000    0.000000    0.000000   clock clk (rise edge)
                                  0.000000    0.000000   clock network delay (ideal)
                      0.150000    0.000000    0.000000 ^ _1509_/CLK (sky130_fd_sc_hd__dfxtp_2)
     4    0.007228    0.050794    0.340378    0.340378 ^ _1509_/Q (sky130_fd_sc_hd__dfxtp_2)
                                                         u_top.instruction_mmu.u_tlb.flags[1][3] (net)
                      0.050794    0.000000    0.340378 ^ _1861_/A (sky130_fd_sc_hd__buf_2)
     2    0.004043    0.033106    0.093158    0.433536 ^ _1861_/X (sky130_fd_sc_hd__buf_2)
                                                         _0697_ (net)
                      0.033106    0.000000    0.433536 ^ _1330_/B (sky130_fd_sc_hd__and2_2)
     1    0.001807    0.032953    0.112941    0.546477 ^ _1330_/X (sky130_fd_sc_hd__and2_2)
                                                         _0368_ (net)
                      0.032953    0.000000    0.546477 ^ _1930_/A (sky130_fd_sc_hd__buf_2)
     1    0.001674    0.022685    0.077222    0.623699 ^ _1930_/X (sky130_fd_sc_hd__buf_2)
                                                         _1017_ (net)
                      0.022685    0.000000    0.623699 ^ _1509_/D (sky130_fd_sc_hd__dfxtp_2)
                                              0.623699   data arrival time

                      0.150000    0.000000    0.000000   clock clk (rise edge)
                                  0.000000    0.000000   clock network delay (ideal)
                                  0.250000    0.250000   clock uncertainty
                                  0.000000    0.250000   clock reconvergence pessimism
                                              0.250000 ^ _1509_/CLK (sky130_fd_sc_hd__dfxtp_2)
                                 -0.012803    0.237197   library hold time
                                              0.237197   data required time
---------------------------------------------------------------------------------------------
                                              0.237197   data required time
                                             -0.623699   data arrival time
---------------------------------------------------------------------------------------------
                                              0.386501   slack (MET)


Startpoint: _1510_ (rising edge-triggered flip-flop clocked by clk)
Endpoint: _1510_ (rising edge-triggered flip-flop clocked by clk)
Path Group: clk
Path Type: min

Fanout         Cap        Slew       Delay        Time   Description
---------------------------------------------------------------------------------------------
                      0.150000    0.000000    0.000000   clock clk (rise edge)
                                  0.000000    0.000000   clock network delay (ideal)
                      0.150000    0.000000    0.000000 ^ _1510_/CLK (sky130_fd_sc_hd__dfxtp_2)
     4    0.007228    0.050794    0.340378    0.340378 ^ _1510_/Q (sky130_fd_sc_hd__dfxtp_2)
                                                         u_top.instruction_mmu.u_tlb.flags[2][3] (net)
                      0.050794    0.000000    0.340378 ^ _1862_/A (sky130_fd_sc_hd__buf_2)
     2    0.004043    0.033106    0.093158    0.433536 ^ _1862_/X (sky130_fd_sc_hd__buf_2)
                                                         _0698_ (net)
                      0.033106    0.000000    0.433536 ^ _1331_/B (sky130_fd_sc_hd__and2_2)
     1    0.001807    0.032953    0.112941    0.546477 ^ _1331_/X (sky130_fd_sc_hd__and2_2)
                                                         _0369_ (net)
                      0.032953    0.000000    0.546477 ^ _1931_/A (sky130_fd_sc_hd__buf_2)
     1    0.001674    0.022685    0.077222    0.623699 ^ _1931_/X (sky130_fd_sc_hd__buf_2)
                                                         _1018_ (net)
                      0.022685    0.000000    0.623699 ^ _1510_/D (sky130_fd_sc_hd__dfxtp_2)
                                              0.623699   data arrival time

                      0.150000    0.000000    0.000000   clock clk (rise edge)
                                  0.000000    0.000000   clock network delay (ideal)
                                  0.250000    0.250000   clock uncertainty
                                  0.000000    0.250000   clock reconvergence pessimism
                                              0.250000 ^ _1510_/CLK (sky130_fd_sc_hd__dfxtp_2)
                                 -0.012803    0.237197   library hold time
                                              0.237197   data required time
---------------------------------------------------------------------------------------------
                                              0.237197   data required time
                                             -0.623699   data arrival time
---------------------------------------------------------------------------------------------
                                              0.386501   slack (MET)


Startpoint: _1558_ (rising edge-triggered flip-flop clocked by clk)
Endpoint: _1558_ (rising edge-triggered flip-flop clocked by clk)
Path Group: clk
Path Type: min

Fanout         Cap        Slew       Delay        Time   Description
---------------------------------------------------------------------------------------------
                      0.150000    0.000000    0.000000   clock clk (rise edge)
                                  0.000000    0.000000   clock network delay (ideal)
                      0.150000    0.000000    0.000000 ^ _1558_/CLK (sky130_fd_sc_hd__dfxtp_2)
     1    0.001807    0.026610    0.319044    0.319044 ^ _1558_/Q (sky130_fd_sc_hd__dfxtp_2)
                                                         u_top.RV32I_Logic.Single_Cycle_Datapath.pcREG.q[28] (net)
                      0.026610    0.000000    0.319044 ^ _1809_/A (sky130_fd_sc_hd__buf_2)
     5    0.012176    0.069560    0.112237    0.431282 ^ _1809_/X (sky130_fd_sc_hd__buf_2)
                                                         _0648_ (net)
                      0.069560    0.000000    0.431282 ^ _1424_/A1 (sky130_fd_sc_hd__o21ai_2)
     1    0.004136    0.028391    0.058711    0.489993 v _1424_/Y (sky130_fd_sc_hd__o21ai_2)
                                                         _0624_ (net)
                      0.028391    0.000000    0.489993 v _1425_/B (sky130_fd_sc_hd__nor2_2)
     1    0.001807    0.051457    0.052483    0.542476 ^ _1425_/Y (sky130_fd_sc_hd__nor2_2)
                                                         _0417_ (net)
                      0.051457    0.000000    0.542476 ^ _1979_/A (sky130_fd_sc_hd__buf_2)
     1    0.001674    0.022648    0.083809    0.626285 ^ _1979_/X (sky130_fd_sc_hd__buf_2)
                                                         _1066_ (net)
                      0.022648    0.000000    0.626285 ^ _1558_/D (sky130_fd_sc_hd__dfxtp_2)
                                              0.626285   data arrival time

                      0.150000    0.000000    0.000000   clock clk (rise edge)
                                  0.000000    0.000000   clock network delay (ideal)
                                  0.250000    0.250000   clock uncertainty
                                  0.000000    0.250000   clock reconvergence pessimism
                                              0.250000 ^ _1558_/CLK (sky130_fd_sc_hd__dfxtp_2)
                                 -0.012795    0.237205   library hold time
                                              0.237205   data required time
---------------------------------------------------------------------------------------------
                                              0.237205   data required time
                                             -0.626285   data arrival time
---------------------------------------------------------------------------------------------
                                              0.389081   slack (MET)


Startpoint: _1546_ (rising edge-triggered flip-flop clocked by clk)
Endpoint: _1546_ (rising edge-triggered flip-flop clocked by clk)
Path Group: clk
Path Type: min

Fanout         Cap        Slew       Delay        Time   Description
---------------------------------------------------------------------------------------------
                      0.150000    0.000000    0.000000   clock clk (rise edge)
                                  0.000000    0.000000   clock network delay (ideal)
                      0.150000    0.000000    0.000000 ^ _1546_/CLK (sky130_fd_sc_hd__dfxtp_2)
     1    0.001807    0.026610    0.319044    0.319044 ^ _1546_/Q (sky130_fd_sc_hd__dfxtp_2)
                                                         u_top.RV32I_Logic.Single_Cycle_Datapath.pcREG.q[16] (net)
                      0.026610    0.000000    0.319044 ^ _1749_/A (sky130_fd_sc_hd__buf_2)
     8    0.026673    0.137238    0.157925    0.476969 ^ _1749_/X (sky130_fd_sc_hd__buf_2)
                                                         _0636_ (net)
                      0.137238    0.000000    0.476969 ^ _1391_/A1 (sky130_fd_sc_hd__a21oi_2)
     1    0.001647    0.027010    0.056797    0.533766 v _1391_/Y (sky130_fd_sc_hd__a21oi_2)
                                                         _0405_ (net)
                      0.027010    0.000000    0.533766 v _1967_/A (sky130_fd_sc_hd__buf_2)
     1    0.001681    0.021250    0.096680    0.630446 v _1967_/X (sky130_fd_sc_hd__buf_2)
                                                         _1054_ (net)
                      0.021250    0.000000    0.630446 v _1546_/D (sky130_fd_sc_hd__dfxtp_2)
                                              0.630446   data arrival time

                      0.150000    0.000000    0.000000   clock clk (rise edge)
                                  0.000000    0.000000   clock network delay (ideal)
                                  0.250000    0.250000   clock uncertainty
                                  0.000000    0.250000   clock reconvergence pessimism
                                              0.250000 ^ _1546_/CLK (sky130_fd_sc_hd__dfxtp_2)
                                 -0.012909    0.237091   library hold time
                                              0.237091   data required time
---------------------------------------------------------------------------------------------
                                              0.237091   data required time
                                             -0.630446   data arrival time
---------------------------------------------------------------------------------------------
                                              0.393355   slack (MET)


Startpoint: _1559_ (rising edge-triggered flip-flop clocked by clk)
Endpoint: _1559_ (rising edge-triggered flip-flop clocked by clk)
Path Group: clk
Path Type: min

Fanout         Cap        Slew       Delay        Time   Description
---------------------------------------------------------------------------------------------
                      0.150000    0.000000    0.000000   clock clk (rise edge)
                                  0.000000    0.000000   clock network delay (ideal)
                      0.150000    0.000000    0.000000 ^ _1559_/CLK (sky130_fd_sc_hd__dfxtp_2)
     1    0.001807    0.026610    0.319044    0.319044 ^ _1559_/Q (sky130_fd_sc_hd__dfxtp_2)
                                                         u_top.RV32I_Logic.Single_Cycle_Datapath.pcREG.q[29] (net)
                      0.026610    0.000000    0.319044 ^ _1814_/A (sky130_fd_sc_hd__buf_2)
     8    0.027558    0.141374    0.160709    0.479753 ^ _1814_/X (sky130_fd_sc_hd__buf_2)
                                                         _0649_ (net)
                      0.141374    0.000000    0.479753 ^ _1427_/A1 (sky130_fd_sc_hd__a21oi_2)
     1    0.001647    0.027010    0.057228    0.536981 v _1427_/Y (sky130_fd_sc_hd__a21oi_2)
                                                         _0418_ (net)
                      0.027010    0.000000    0.536981 v _1980_/A (sky130_fd_sc_hd__buf_2)
     1    0.001681    0.021250    0.096680    0.633661 v _1980_/X (sky130_fd_sc_hd__buf_2)
                                                         _1067_ (net)
                      0.021250    0.000000    0.633661 v _1559_/D (sky130_fd_sc_hd__dfxtp_2)
                                              0.633661   data arrival time

                      0.150000    0.000000    0.000000   clock clk (rise edge)
                                  0.000000    0.000000   clock network delay (ideal)
                                  0.250000    0.250000   clock uncertainty
                                  0.000000    0.250000   clock reconvergence pessimism
                                              0.250000 ^ _1559_/CLK (sky130_fd_sc_hd__dfxtp_2)
                                 -0.012909    0.237091   library hold time
                                              0.237091   data required time
---------------------------------------------------------------------------------------------
                                              0.237091   data required time
                                             -0.633661   data arrival time
---------------------------------------------------------------------------------------------
                                              0.396570   slack (MET)


Startpoint: _1555_ (rising edge-triggered flip-flop clocked by clk)
Endpoint: _1555_ (rising edge-triggered flip-flop clocked by clk)
Path Group: clk
Path Type: min

Fanout         Cap        Slew       Delay        Time   Description
---------------------------------------------------------------------------------------------
                      0.150000    0.000000    0.000000   clock clk (rise edge)
                                  0.000000    0.000000   clock network delay (ideal)
                      0.150000    0.000000    0.000000 ^ _1555_/CLK (sky130_fd_sc_hd__dfxtp_2)
     1    0.001807    0.026610    0.319044    0.319044 ^ _1555_/Q (sky130_fd_sc_hd__dfxtp_2)
                                                         u_top.RV32I_Logic.Single_Cycle_Datapath.pcREG.q[25] (net)
                      0.026610    0.000000    0.319044 ^ _1794_/A (sky130_fd_sc_hd__buf_2)
    10    0.028629    0.146380    0.164077    0.483121 ^ _1794_/X (sky130_fd_sc_hd__buf_2)
                                                         _0645_ (net)
                      0.146380    0.000000    0.483121 ^ _1415_/A1 (sky130_fd_sc_hd__a21oi_2)
     1    0.001647    0.027010    0.057750    0.540872 v _1415_/Y (sky130_fd_sc_hd__a21oi_2)
                                                         _0414_ (net)
                      0.027010    0.000000    0.540872 v _1976_/A (sky130_fd_sc_hd__buf_2)
     1    0.001681    0.021250    0.096680    0.637552 v _1976_/X (sky130_fd_sc_hd__buf_2)
                                                         _1063_ (net)
                      0.021250    0.000000    0.637552 v _1555_/D (sky130_fd_sc_hd__dfxtp_2)
                                              0.637552   data arrival time

                      0.150000    0.000000    0.000000   clock clk (rise edge)
                                  0.000000    0.000000   clock network delay (ideal)
                                  0.250000    0.250000   clock uncertainty
                                  0.000000    0.250000   clock reconvergence pessimism
                                              0.250000 ^ _1555_/CLK (sky130_fd_sc_hd__dfxtp_2)
                                 -0.012909    0.237091   library hold time
                                              0.237091   data required time
---------------------------------------------------------------------------------------------
                                              0.237091   data required time
                                             -0.637552   data arrival time
---------------------------------------------------------------------------------------------
                                              0.400461   slack (MET)


Startpoint: _1567_ (rising edge-triggered flip-flop clocked by clk)
Endpoint: _1567_ (rising edge-triggered flip-flop clocked by clk)
Path Group: clk
Path Type: min

Fanout         Cap        Slew       Delay        Time   Description
---------------------------------------------------------------------------------------------
                      0.150000    0.000000    0.000000   clock clk (rise edge)
                                  0.000000    0.000000   clock network delay (ideal)
                      0.150000    0.000000    0.000000 ^ _1567_/CLK (sky130_fd_sc_hd__dfrtp_2)
     1    0.001807    0.034512    0.343846    0.343846 ^ _1567_/Q (sky130_fd_sc_hd__dfrtp_2)
                                                         u_top.dataMemory.clear_word[5] (net)
                      0.034512    0.000000    0.343846 ^ _1709_/A (sky130_fd_sc_hd__buf_2)
     5    0.009685    0.058407    0.106622    0.450468 ^ _1709_/X (sky130_fd_sc_hd__buf_2)
                                                         _0667_ (net)
                      0.058407    0.000000    0.450468 ^ _1114_/B2 (sky130_fd_sc_hd__a32o_2)
     1    0.001807    0.036101    0.105097    0.555565 ^ _1114_/X (sky130_fd_sc_hd__a32o_2)
                                                         _0426_ (net)
                      0.036101    0.000000    0.555565 ^ _1710_/A (sky130_fd_sc_hd__buf_2)
     1    0.002005    0.024141    0.079684    0.635249 ^ _1710_/X (sky130_fd_sc_hd__buf_2)
                                                         _1075_ (net)
                      0.024141    0.000000    0.635249 ^ _1567_/D (sky130_fd_sc_hd__dfrtp_2)
                                              0.635249   data arrival time

                      0.150000    0.000000    0.000000   clock clk (rise edge)
                                  0.000000    0.000000   clock network delay (ideal)
                                  0.250000    0.250000   clock uncertainty
                                  0.000000    0.250000   clock reconvergence pessimism
                                              0.250000 ^ _1567_/CLK (sky130_fd_sc_hd__dfrtp_2)
                                 -0.016065    0.233935   library hold time
                                              0.233935   data required time
---------------------------------------------------------------------------------------------
                                              0.233935   data required time
                                             -0.635249   data arrival time
---------------------------------------------------------------------------------------------
                                              0.401314   slack (MET)


Startpoint: _1569_ (rising edge-triggered flip-flop clocked by clk)
Endpoint: _1569_ (rising edge-triggered flip-flop clocked by clk)
Path Group: clk
Path Type: min

Fanout         Cap        Slew       Delay        Time   Description
---------------------------------------------------------------------------------------------
                      0.150000    0.000000    0.000000   clock clk (rise edge)
                                  0.000000    0.000000   clock network delay (ideal)
                      0.150000    0.000000    0.000000 ^ _1569_/CLK (sky130_fd_sc_hd__dfrtp_2)
     1    0.001807    0.034512    0.343846    0.343846 ^ _1569_/Q (sky130_fd_sc_hd__dfrtp_2)
                                                         u_top.dataMemory.clear_word[7] (net)
                      0.034512    0.000000    0.343846 ^ _1705_/A (sky130_fd_sc_hd__buf_2)
     5    0.009685    0.058407    0.106622    0.450468 ^ _1705_/X (sky130_fd_sc_hd__buf_2)
                                                         _0669_ (net)
                      0.058407    0.000000    0.450468 ^ _1110_/B2 (sky130_fd_sc_hd__a32o_2)
     1    0.001807    0.036101    0.105097    0.555565 ^ _1110_/X (sky130_fd_sc_hd__a32o_2)
                                                         _0428_ (net)
                      0.036101    0.000000    0.555565 ^ _1706_/A (sky130_fd_sc_hd__buf_2)
     1    0.002005    0.024141    0.079684    0.635249 ^ _1706_/X (sky130_fd_sc_hd__buf_2)
                                                         _1077_ (net)
                      0.024141    0.000000    0.635249 ^ _1569_/D (sky130_fd_sc_hd__dfrtp_2)
                                              0.635249   data arrival time

                      0.150000    0.000000    0.000000   clock clk (rise edge)
                                  0.000000    0.000000   clock network delay (ideal)
                                  0.250000    0.250000   clock uncertainty
                                  0.000000    0.250000   clock reconvergence pessimism
                                              0.250000 ^ _1569_/CLK (sky130_fd_sc_hd__dfrtp_2)
                                 -0.016065    0.233935   library hold time
                                              0.233935   data required time
---------------------------------------------------------------------------------------------
                                              0.233935   data required time
                                             -0.635249   data arrival time
---------------------------------------------------------------------------------------------
                                              0.401314   slack (MET)


Startpoint: _1565_ (rising edge-triggered flip-flop clocked by clk)
Endpoint: _1565_ (rising edge-triggered flip-flop clocked by clk)
Path Group: clk
Path Type: min

Fanout         Cap        Slew       Delay        Time   Description
---------------------------------------------------------------------------------------------
                      0.150000    0.000000    0.000000   clock clk (rise edge)
                                  0.000000    0.000000   clock network delay (ideal)
                      0.150000    0.000000    0.000000 ^ _1565_/CLK (sky130_fd_sc_hd__dfrtp_2)
     1    0.001807    0.034512    0.343846    0.343846 ^ _1565_/Q (sky130_fd_sc_hd__dfrtp_2)
                                                         u_top.dataMemory.clear_word[3] (net)
                      0.034512    0.000000    0.343846 ^ _1713_/A (sky130_fd_sc_hd__buf_2)
     5    0.009688    0.058420    0.106632    0.450478 ^ _1713_/X (sky130_fd_sc_hd__buf_2)
                                                         _0665_ (net)
                      0.058420    0.000000    0.450478 ^ _1118_/B2 (sky130_fd_sc_hd__a32o_2)
     1    0.001807    0.036101    0.105100    0.555578 ^ _1118_/X (sky130_fd_sc_hd__a32o_2)
                                                         _0424_ (net)
                      0.036101    0.000000    0.555578 ^ _1714_/A (sky130_fd_sc_hd__buf_2)
     1    0.002005    0.024141    0.079684    0.635263 ^ _1714_/X (sky130_fd_sc_hd__buf_2)
                                                         _1073_ (net)
                      0.024141    0.000000    0.635263 ^ _1565_/D (sky130_fd_sc_hd__dfrtp_2)
                                              0.635263   data arrival time

                      0.150000    0.000000    0.000000   clock clk (rise edge)
                                  0.000000    0.000000   clock network delay (ideal)
                                  0.250000    0.250000   clock uncertainty
                                  0.000000    0.250000   clock reconvergence pessimism
                                              0.250000 ^ _1565_/CLK (sky130_fd_sc_hd__dfrtp_2)
                                 -0.016065    0.233935   library hold time
                                              0.233935   data required time
---------------------------------------------------------------------------------------------
                                              0.233935   data required time
                                             -0.635263   data arrival time
---------------------------------------------------------------------------------------------
                                              0.401328   slack (MET)


Startpoint: _1571_ (rising edge-triggered flip-flop clocked by clk)
Endpoint: _1571_ (rising edge-triggered flip-flop clocked by clk)
Path Group: clk
Path Type: min

Fanout         Cap        Slew       Delay        Time   Description
---------------------------------------------------------------------------------------------
                      0.150000    0.000000    0.000000   clock clk (rise edge)
                                  0.000000    0.000000   clock network delay (ideal)
                      0.150000    0.000000    0.000000 ^ _1571_/CLK (sky130_fd_sc_hd__dfrtp_2)
     1    0.001807    0.034512    0.343846    0.343846 ^ _1571_/Q (sky130_fd_sc_hd__dfrtp_2)
                                                         u_top.dataMemory.clear_word[9] (net)
                      0.034512    0.000000    0.343846 ^ _1701_/A (sky130_fd_sc_hd__buf_2)
     4    0.007913    0.050471    0.100631    0.444478 ^ _1701_/X (sky130_fd_sc_hd__buf_2)
                                                         _0671_ (net)
                      0.050471    0.000000    0.444478 ^ _1104_/B1 (sky130_fd_sc_hd__o22a_2)
     1    0.001807    0.026986    0.115585    0.560062 ^ _1104_/X (sky130_fd_sc_hd__o22a_2)
                                                         _0430_ (net)
                      0.026986    0.000000    0.560062 ^ _1702_/A (sky130_fd_sc_hd__buf_2)
     1    0.002005    0.024161    0.076441    0.636503 ^ _1702_/X (sky130_fd_sc_hd__buf_2)
                                                         _1079_ (net)
                      0.024161    0.000000    0.636503 ^ _1571_/D (sky130_fd_sc_hd__dfrtp_2)
                                              0.636503   data arrival time

                      0.150000    0.000000    0.000000   clock clk (rise edge)
                                  0.000000    0.000000   clock network delay (ideal)
                                  0.250000    0.250000   clock uncertainty
                                  0.000000    0.250000   clock reconvergence pessimism
                                              0.250000 ^ _1571_/CLK (sky130_fd_sc_hd__dfrtp_2)
                                 -0.016069    0.233931   library hold time
                                              0.233931   data required time
---------------------------------------------------------------------------------------------
                                              0.233931   data required time
                                             -0.636503   data arrival time
---------------------------------------------------------------------------------------------
                                              0.402572   slack (MET)


Startpoint: _1544_ (rising edge-triggered flip-flop clocked by clk)
Endpoint: _1544_ (rising edge-triggered flip-flop clocked by clk)
Path Group: clk
Path Type: min

Fanout         Cap        Slew       Delay        Time   Description
---------------------------------------------------------------------------------------------
                      0.150000    0.000000    0.000000   clock clk (rise edge)
                                  0.000000    0.000000   clock network delay (ideal)
                      0.150000    0.000000    0.000000 ^ _1544_/CLK (sky130_fd_sc_hd__dfxtp_2)
     1    0.001807    0.026610    0.319044    0.319044 ^ _1544_/Q (sky130_fd_sc_hd__dfxtp_2)
                                                         u_top.RV32I_Logic.Single_Cycle_Datapath.pcREG.q[14] (net)
                      0.026610    0.000000    0.319044 ^ _1724_/A (sky130_fd_sc_hd__buf_2)
     6    0.016164    0.088121    0.124872    0.443917 ^ _1724_/X (sky130_fd_sc_hd__buf_2)
                                                         _0634_ (net)
                      0.088121    0.000000    0.443917 ^ _1385_/A1 (sky130_fd_sc_hd__o21ai_2)
     1    0.004136    0.027740    0.063281    0.507198 v _1385_/Y (sky130_fd_sc_hd__o21ai_2)
                                                         _0599_ (net)
                      0.027740    0.000000    0.507198 v _1386_/B (sky130_fd_sc_hd__nor2_2)
     1    0.001807    0.051462    0.052253    0.559450 ^ _1386_/Y (sky130_fd_sc_hd__nor2_2)
                                                         _0403_ (net)
                      0.051462    0.000000    0.559450 ^ _1965_/A (sky130_fd_sc_hd__buf_2)
     1    0.001674    0.022648    0.083811    0.643261 ^ _1965_/X (sky130_fd_sc_hd__buf_2)
                                                         _1052_ (net)
                      0.022648    0.000000    0.643261 ^ _1544_/D (sky130_fd_sc_hd__dfxtp_2)
                                              0.643261   data arrival time

                      0.150000    0.000000    0.000000   clock clk (rise edge)
                                  0.000000    0.000000   clock network delay (ideal)
                                  0.250000    0.250000   clock uncertainty
                                  0.000000    0.250000   clock reconvergence pessimism
                                              0.250000 ^ _1544_/CLK (sky130_fd_sc_hd__dfxtp_2)
                                 -0.012795    0.237205   library hold time
                                              0.237205   data required time
---------------------------------------------------------------------------------------------
                                              0.237205   data required time
                                             -0.643261   data arrival time
---------------------------------------------------------------------------------------------
                                              0.406056   slack (MET)


Startpoint: _1548_ (rising edge-triggered flip-flop clocked by clk)
Endpoint: _1548_ (rising edge-triggered flip-flop clocked by clk)
Path Group: clk
Path Type: min

Fanout         Cap        Slew       Delay        Time   Description
---------------------------------------------------------------------------------------------
                      0.150000    0.000000    0.000000   clock clk (rise edge)
                                  0.000000    0.000000   clock network delay (ideal)
                      0.150000    0.000000    0.000000 ^ _1548_/CLK (sky130_fd_sc_hd__dfxtp_2)
     1    0.001807    0.026610    0.319044    0.319044 ^ _1548_/Q (sky130_fd_sc_hd__dfxtp_2)
                                                         u_top.RV32I_Logic.Single_Cycle_Datapath.pcREG.q[18] (net)
                      0.026610    0.000000    0.319044 ^ _1759_/A (sky130_fd_sc_hd__buf_2)
     6    0.018663    0.099801    0.132732    0.451777 ^ _1759_/X (sky130_fd_sc_hd__buf_2)
                                                         _0638_ (net)
                      0.099801    0.000000    0.451777 ^ _1396_/A1 (sky130_fd_sc_hd__o21ai_2)
     1    0.004136    0.028403    0.066156    0.517933 v _1396_/Y (sky130_fd_sc_hd__o21ai_2)
                                                         _0606_ (net)
                      0.028403    0.000000    0.517933 v _1397_/B (sky130_fd_sc_hd__nor2_2)
     1    0.001807    0.051457    0.052487    0.570420 ^ _1397_/Y (sky130_fd_sc_hd__nor2_2)
                                                         _0407_ (net)
                      0.051457    0.000000    0.570420 ^ _1969_/A (sky130_fd_sc_hd__buf_2)
     1    0.001674    0.022648    0.083809    0.654229 ^ _1969_/X (sky130_fd_sc_hd__buf_2)
                                                         _1056_ (net)
                      0.022648    0.000000    0.654229 ^ _1548_/D (sky130_fd_sc_hd__dfxtp_2)
                                              0.654229   data arrival time

                      0.150000    0.000000    0.000000   clock clk (rise edge)
                                  0.000000    0.000000   clock network delay (ideal)
                                  0.250000    0.250000   clock uncertainty
                                  0.000000    0.250000   clock reconvergence pessimism
                                              0.250000 ^ _1548_/CLK (sky130_fd_sc_hd__dfxtp_2)
                                 -0.012795    0.237205   library hold time
                                              0.237205   data required time
---------------------------------------------------------------------------------------------
                                              0.237205   data required time
                                             -0.654229   data arrival time
---------------------------------------------------------------------------------------------
                                              0.417025   slack (MET)


Startpoint: _1570_ (rising edge-triggered flip-flop clocked by clk)
Endpoint: _1570_ (rising edge-triggered flip-flop clocked by clk)
Path Group: clk
Path Type: min

Fanout         Cap        Slew       Delay        Time   Description
---------------------------------------------------------------------------------------------
                      0.150000    0.000000    0.000000   clock clk (rise edge)
                                  0.000000    0.000000   clock network delay (ideal)
                      0.150000    0.000000    0.000000 ^ _1570_/CLK (sky130_fd_sc_hd__dfrtp_2)
     1    0.001807    0.034512    0.343846    0.343846 ^ _1570_/Q (sky130_fd_sc_hd__dfrtp_2)
                                                         u_top.dataMemory.clear_word[8] (net)
                      0.034512    0.000000    0.343846 ^ _1703_/A (sky130_fd_sc_hd__buf_2)
     6    0.014224    0.079054    0.121582    0.465429 ^ _1703_/X (sky130_fd_sc_hd__buf_2)
                                                         _0670_ (net)
                      0.079054    0.000000    0.465429 ^ _1107_/B2 (sky130_fd_sc_hd__a32o_2)
     1    0.001807    0.036263    0.110567    0.575996 ^ _1107_/X (sky130_fd_sc_hd__a32o_2)
                                                         _0429_ (net)
                      0.036263    0.000000    0.575996 ^ _1704_/A (sky130_fd_sc_hd__buf_2)
     1    0.002005    0.024141    0.079742    0.655738 ^ _1704_/X (sky130_fd_sc_hd__buf_2)
                                                         _1078_ (net)
                      0.024141    0.000000    0.655738 ^ _1570_/D (sky130_fd_sc_hd__dfrtp_2)
                                              0.655738   data arrival time

                      0.150000    0.000000    0.000000   clock clk (rise edge)
                                  0.000000    0.000000   clock network delay (ideal)
                                  0.250000    0.250000   clock uncertainty
                                  0.000000    0.250000   clock reconvergence pessimism
                                              0.250000 ^ _1570_/CLK (sky130_fd_sc_hd__dfrtp_2)
                                 -0.016065    0.233935   library hold time
                                              0.233935   data required time
---------------------------------------------------------------------------------------------
                                              0.233935   data required time
                                             -0.655738   data arrival time
---------------------------------------------------------------------------------------------
                                              0.421803   slack (MET)


Startpoint: _1563_ (rising edge-triggered flip-flop clocked by clk)
Endpoint: _1563_ (rising edge-triggered flip-flop clocked by clk)
Path Group: clk
Path Type: min

Fanout         Cap        Slew       Delay        Time   Description
---------------------------------------------------------------------------------------------
                      0.150000    0.000000    0.000000   clock clk (rise edge)
                                  0.000000    0.000000   clock network delay (ideal)
                      0.150000    0.000000    0.000000 ^ _1563_/CLK (sky130_fd_sc_hd__dfrtp_2)
     1    0.001807    0.034512    0.343846    0.343846 ^ _1563_/Q (sky130_fd_sc_hd__dfrtp_2)
                                                         u_top.dataMemory.clear_word[1] (net)
                      0.034512    0.000000    0.343846 ^ _1717_/A (sky130_fd_sc_hd__buf_2)
     6    0.014262    0.079231    0.121702    0.465548 ^ _1717_/X (sky130_fd_sc_hd__buf_2)
                                                         _0663_ (net)
                      0.079231    0.000000    0.465548 ^ _1122_/B2 (sky130_fd_sc_hd__a32o_2)
     1    0.001807    0.036265    0.110614    0.576163 ^ _1122_/X (sky130_fd_sc_hd__a32o_2)
                                                         _0422_ (net)
                      0.036265    0.000000    0.576163 ^ _1718_/A (sky130_fd_sc_hd__buf_2)
     1    0.002005    0.024141    0.079742    0.655905 ^ _1718_/X (sky130_fd_sc_hd__buf_2)
                                                         _1071_ (net)
                      0.024141    0.000000    0.655905 ^ _1563_/D (sky130_fd_sc_hd__dfrtp_2)
                                              0.655905   data arrival time

                      0.150000    0.000000    0.000000   clock clk (rise edge)
                                  0.000000    0.000000   clock network delay (ideal)
                                  0.250000    0.250000   clock uncertainty
                                  0.000000    0.250000   clock reconvergence pessimism
                                              0.250000 ^ _1563_/CLK (sky130_fd_sc_hd__dfrtp_2)
                                 -0.016065    0.233935   library hold time
                                              0.233935   data required time
---------------------------------------------------------------------------------------------
                                              0.233935   data required time
                                             -0.655905   data arrival time
---------------------------------------------------------------------------------------------
                                              0.421970   slack (MET)


Startpoint: _1566_ (rising edge-triggered flip-flop clocked by clk)
Endpoint: _1566_ (rising edge-triggered flip-flop clocked by clk)
Path Group: clk
Path Type: min

Fanout         Cap        Slew       Delay        Time   Description
---------------------------------------------------------------------------------------------
                      0.150000    0.000000    0.000000   clock clk (rise edge)
                                  0.000000    0.000000   clock network delay (ideal)
                      0.150000    0.000000    0.000000 ^ _1566_/CLK (sky130_fd_sc_hd__dfrtp_2)
     1    0.001807    0.034512    0.343846    0.343846 ^ _1566_/Q (sky130_fd_sc_hd__dfrtp_2)
                                                         u_top.dataMemory.clear_word[4] (net)
                      0.034512    0.000000    0.343846 ^ _1711_/A (sky130_fd_sc_hd__buf_2)
     7    0.015780    0.086322    0.126481    0.470328 ^ _1711_/X (sky130_fd_sc_hd__buf_2)
                                                         _0666_ (net)
                      0.086322    0.000000    0.470328 ^ _1116_/B2 (sky130_fd_sc_hd__a32o_2)
     1    0.001807    0.036321    0.112493    0.582821 ^ _1116_/X (sky130_fd_sc_hd__a32o_2)
                                                         _0425_ (net)
                      0.036321    0.000000    0.582821 ^ _1712_/A (sky130_fd_sc_hd__buf_2)
     1    0.002005    0.024141    0.079762    0.662583 ^ _1712_/X (sky130_fd_sc_hd__buf_2)
                                                         _1074_ (net)
                      0.024141    0.000000    0.662583 ^ _1566_/D (sky130_fd_sc_hd__dfrtp_2)
                                              0.662583   data arrival time

                      0.150000    0.000000    0.000000   clock clk (rise edge)
                                  0.000000    0.000000   clock network delay (ideal)
                                  0.250000    0.250000   clock uncertainty
                                  0.000000    0.250000   clock reconvergence pessimism
                                              0.250000 ^ _1566_/CLK (sky130_fd_sc_hd__dfrtp_2)
                                 -0.016065    0.233935   library hold time
                                              0.233935   data required time
---------------------------------------------------------------------------------------------
                                              0.233935   data required time
                                             -0.662583   data arrival time
---------------------------------------------------------------------------------------------
                                              0.428648   slack (MET)


Startpoint: _1568_ (rising edge-triggered flip-flop clocked by clk)
Endpoint: _1568_ (rising edge-triggered flip-flop clocked by clk)
Path Group: clk
Path Type: min

Fanout         Cap        Slew       Delay        Time   Description
---------------------------------------------------------------------------------------------
                      0.150000    0.000000    0.000000   clock clk (rise edge)
                                  0.000000    0.000000   clock network delay (ideal)
                      0.150000    0.000000    0.000000 ^ _1568_/CLK (sky130_fd_sc_hd__dfrtp_2)
     1    0.001807    0.034512    0.343846    0.343846 ^ _1568_/Q (sky130_fd_sc_hd__dfrtp_2)
                                                         u_top.dataMemory.clear_word[6] (net)
                      0.034512    0.000000    0.343846 ^ _1707_/A (sky130_fd_sc_hd__buf_2)
     7    0.015780    0.086322    0.126481    0.470328 ^ _1707_/X (sky130_fd_sc_hd__buf_2)
                                                         _0668_ (net)
                      0.086322    0.000000    0.470328 ^ _1112_/B2 (sky130_fd_sc_hd__a32o_2)
     1    0.001807    0.036321    0.112493    0.582821 ^ _1112_/X (sky130_fd_sc_hd__a32o_2)
                                                         _0427_ (net)
                      0.036321    0.000000    0.582821 ^ _1708_/A (sky130_fd_sc_hd__buf_2)
     1    0.002005    0.024141    0.079762    0.662583 ^ _1708_/X (sky130_fd_sc_hd__buf_2)
                                                         _1076_ (net)
                      0.024141    0.000000    0.662583 ^ _1568_/D (sky130_fd_sc_hd__dfrtp_2)
                                              0.662583   data arrival time

                      0.150000    0.000000    0.000000   clock clk (rise edge)
                                  0.000000    0.000000   clock network delay (ideal)
                                  0.250000    0.250000   clock uncertainty
                                  0.000000    0.250000   clock reconvergence pessimism
                                              0.250000 ^ _1568_/CLK (sky130_fd_sc_hd__dfrtp_2)
                                 -0.016065    0.233935   library hold time
                                              0.233935   data required time
---------------------------------------------------------------------------------------------
                                              0.233935   data required time
                                             -0.662583   data arrival time
---------------------------------------------------------------------------------------------
                                              0.428648   slack (MET)


Startpoint: _1572_ (rising edge-triggered flip-flop clocked by clk)
Endpoint: _1572_ (rising edge-triggered flip-flop clocked by clk)
Path Group: clk
Path Type: min

Fanout         Cap        Slew       Delay        Time   Description
---------------------------------------------------------------------------------------------
                      0.150000    0.000000    0.000000   clock clk (rise edge)
                                  0.000000    0.000000   clock network delay (ideal)
                      0.150000    0.000000    0.000000 ^ _1572_/CLK (sky130_fd_sc_hd__dfrtp_2)
     1    0.001807    0.034512    0.343846    0.343846 ^ _1572_/Q (sky130_fd_sc_hd__dfrtp_2)
                                                         u_top.dataMemory.clear_last_pending (net)
                      0.034512    0.000000    0.343846 ^ _1698_/A (sky130_fd_sc_hd__buf_2)
     4    0.016302    0.088760    0.128125    0.471971 ^ _1698_/X (sky130_fd_sc_hd__buf_2)
                                                         _0661_ (net)
                      0.088760    0.000000    0.471971 ^ _1102_/A1 (sky130_fd_sc_hd__o21a_2)
     1    0.001807    0.026577    0.120245    0.592216 ^ _1102_/X (sky130_fd_sc_hd__o21a_2)
                                                         _0431_ (net)
                      0.026577    0.000000    0.592216 ^ _1700_/A (sky130_fd_sc_hd__buf_2)
     1    0.002005    0.024162    0.076295    0.668511 ^ _1700_/X (sky130_fd_sc_hd__buf_2)
                                                         _1080_ (net)
                      0.024162    0.000000    0.668511 ^ _1572_/D (sky130_fd_sc_hd__dfrtp_2)
                                              0.668511   data arrival time

                      0.150000    0.000000    0.000000   clock clk (rise edge)
                                  0.000000    0.000000   clock network delay (ideal)
                                  0.250000    0.250000   clock uncertainty
                                  0.000000    0.250000   clock reconvergence pessimism
                                              0.250000 ^ _1572_/CLK (sky130_fd_sc_hd__dfrtp_2)
                                 -0.016069    0.233931   library hold time
                                              0.233931   data required time
---------------------------------------------------------------------------------------------
                                              0.233931   data required time
                                             -0.668511   data arrival time
---------------------------------------------------------------------------------------------
                                              0.434581   slack (MET)


Startpoint: _1551_ (rising edge-triggered flip-flop clocked by clk)
Endpoint: _1551_ (rising edge-triggered flip-flop clocked by clk)
Path Group: clk
Path Type: min

Fanout         Cap        Slew       Delay        Time   Description
---------------------------------------------------------------------------------------------
                      0.150000    0.000000    0.000000   clock clk (rise edge)
                                  0.000000    0.000000   clock network delay (ideal)
                      0.150000    0.000000    0.000000 ^ _1551_/CLK (sky130_fd_sc_hd__dfxtp_2)
     1    0.001807    0.026610    0.319044    0.319044 ^ _1551_/Q (sky130_fd_sc_hd__dfxtp_2)
                                                         u_top.RV32I_Logic.Single_Cycle_Datapath.pcREG.q[21] (net)
                      0.026610    0.000000    0.319044 ^ _1774_/A (sky130_fd_sc_hd__buf_2)
     6    0.025234    0.130512    0.153399    0.472444 ^ _1774_/X (sky130_fd_sc_hd__buf_2)
                                                         _0641_ (net)
                      0.130512    0.000000    0.472444 ^ _1404_/A1 (sky130_fd_sc_hd__o21ai_2)
     1    0.004136    0.028397    0.072959    0.545402 v _1404_/Y (sky130_fd_sc_hd__o21ai_2)
                                                         _0611_ (net)
                      0.028397    0.000000    0.545402 v _1405_/B (sky130_fd_sc_hd__nor2_2)
     1    0.001807    0.051457    0.052485    0.597888 ^ _1405_/Y (sky130_fd_sc_hd__nor2_2)
                                                         _0410_ (net)
                      0.051457    0.000000    0.597888 ^ _1972_/A (sky130_fd_sc_hd__buf_2)
     1    0.001674    0.022648    0.083809    0.681697 ^ _1972_/X (sky130_fd_sc_hd__buf_2)
                                                         _1059_ (net)
                      0.022648    0.000000    0.681697 ^ _1551_/D (sky130_fd_sc_hd__dfxtp_2)
                                              0.681697   data arrival time

                      0.150000    0.000000    0.000000   clock clk (rise edge)
                                  0.000000    0.000000   clock network delay (ideal)
                                  0.250000    0.250000   clock uncertainty
                                  0.000000    0.250000   clock reconvergence pessimism
                                              0.250000 ^ _1551_/CLK (sky130_fd_sc_hd__dfxtp_2)
                                 -0.012795    0.237205   library hold time
                                              0.237205   data required time
---------------------------------------------------------------------------------------------
                                              0.237205   data required time
                                             -0.681697   data arrival time
---------------------------------------------------------------------------------------------
                                              0.444492   slack (MET)


Startpoint: _1554_ (rising edge-triggered flip-flop clocked by clk)
Endpoint: _1554_ (rising edge-triggered flip-flop clocked by clk)
Path Group: clk
Path Type: min

Fanout         Cap        Slew       Delay        Time   Description
---------------------------------------------------------------------------------------------
                      0.150000    0.000000    0.000000   clock clk (rise edge)
                                  0.000000    0.000000   clock network delay (ideal)
                      0.150000    0.000000    0.000000 ^ _1554_/CLK (sky130_fd_sc_hd__dfxtp_2)
     1    0.001807    0.026610    0.319044    0.319044 ^ _1554_/Q (sky130_fd_sc_hd__dfxtp_2)
                                                         u_top.RV32I_Logic.Single_Cycle_Datapath.pcREG.q[24] (net)
                      0.026610    0.000000    0.319044 ^ _1789_/A (sky130_fd_sc_hd__buf_2)
     6    0.025535    0.131919    0.154346    0.473390 ^ _1789_/X (sky130_fd_sc_hd__buf_2)
                                                         _0644_ (net)
                      0.131919    0.000000    0.473390 ^ _1412_/A1 (sky130_fd_sc_hd__o21ai_2)
     1    0.004136    0.028397    0.073173    0.546563 v _1412_/Y (sky130_fd_sc_hd__o21ai_2)
                                                         _0616_ (net)
                      0.028397    0.000000    0.546563 v _1413_/B (sky130_fd_sc_hd__nor2_2)
     1    0.001807    0.051457    0.052485    0.599048 ^ _1413_/Y (sky130_fd_sc_hd__nor2_2)
                                                         _0413_ (net)
                      0.051457    0.000000    0.599048 ^ _1975_/A (sky130_fd_sc_hd__buf_2)
     1    0.001674    0.022648    0.083809    0.682857 ^ _1975_/X (sky130_fd_sc_hd__buf_2)
                                                         _1062_ (net)
                      0.022648    0.000000    0.682857 ^ _1554_/D (sky130_fd_sc_hd__dfxtp_2)
                                              0.682857   data arrival time

                      0.150000    0.000000    0.000000   clock clk (rise edge)
                                  0.000000    0.000000   clock network delay (ideal)
                                  0.250000    0.250000   clock uncertainty
                                  0.000000    0.250000   clock reconvergence pessimism
                                              0.250000 ^ _1554_/CLK (sky130_fd_sc_hd__dfxtp_2)
                                 -0.012795    0.237205   library hold time
                                              0.237205   data required time
---------------------------------------------------------------------------------------------
                                              0.237205   data required time
                                             -0.682857   data arrival time
---------------------------------------------------------------------------------------------
                                              0.445652   slack (MET)


Startpoint: _1545_ (rising edge-triggered flip-flop clocked by clk)
Endpoint: _1545_ (rising edge-triggered flip-flop clocked by clk)
Path Group: clk
Path Type: min

Fanout         Cap        Slew       Delay        Time   Description
---------------------------------------------------------------------------------------------
                      0.150000    0.000000    0.000000   clock clk (rise edge)
                                  0.000000    0.000000   clock network delay (ideal)
                      0.150000    0.000000    0.000000 ^ _1545_/CLK (sky130_fd_sc_hd__dfxtp_2)
     1    0.001807    0.026610    0.319044    0.319044 ^ _1545_/Q (sky130_fd_sc_hd__dfxtp_2)
                                                         u_top.RV32I_Logic.Single_Cycle_Datapath.pcREG.q[15] (net)
                      0.026610    0.000000    0.319044 ^ _1723_/A (sky130_fd_sc_hd__buf_2)
     6    0.027347    0.140388    0.160045    0.479089 ^ _1723_/X (sky130_fd_sc_hd__buf_2)
                                                         _0635_ (net)
                      0.140388    0.000000    0.479089 ^ _1388_/A1 (sky130_fd_sc_hd__o21ai_2)
     1    0.004136    0.030003    0.074459    0.553548 v _1388_/Y (sky130_fd_sc_hd__o21ai_2)
                                                         _0601_ (net)
                      0.030003    0.000000    0.553548 v _1389_/B (sky130_fd_sc_hd__nor2_2)
     1    0.001807    0.051445    0.053053    0.606601 ^ _1389_/Y (sky130_fd_sc_hd__nor2_2)
                                                         _0404_ (net)
                      0.051445    0.000000    0.606601 ^ _1966_/A (sky130_fd_sc_hd__buf_2)
     1    0.001674    0.022648    0.083805    0.690406 ^ _1966_/X (sky130_fd_sc_hd__buf_2)
                                                         _1053_ (net)
                      0.022648    0.000000    0.690406 ^ _1545_/D (sky130_fd_sc_hd__dfxtp_2)
                                              0.690406   data arrival time

                      0.150000    0.000000    0.000000   clock clk (rise edge)
                                  0.000000    0.000000   clock network delay (ideal)
                                  0.250000    0.250000   clock uncertainty
                                  0.000000    0.250000   clock reconvergence pessimism
                                              0.250000 ^ _1545_/CLK (sky130_fd_sc_hd__dfxtp_2)
                                 -0.012795    0.237205   library hold time
                                              0.237205   data required time
---------------------------------------------------------------------------------------------
                                              0.237205   data required time
                                             -0.690406   data arrival time
---------------------------------------------------------------------------------------------
                                              0.453201   slack (MET)


Startpoint: _1564_ (rising edge-triggered flip-flop clocked by clk)
Endpoint: _1564_ (rising edge-triggered flip-flop clocked by clk)
Path Group: clk
Path Type: min

Fanout         Cap        Slew       Delay        Time   Description
---------------------------------------------------------------------------------------------
                      0.150000    0.000000    0.000000   clock clk (rise edge)
                                  0.000000    0.000000   clock network delay (ideal)
                      0.150000    0.000000    0.000000 ^ _1564_/CLK (sky130_fd_sc_hd__dfrtp_2)
     1    0.001807    0.034512    0.343846    0.343846 ^ _1564_/Q (sky130_fd_sc_hd__dfrtp_2)
                                                         u_top.dataMemory.clear_word[2] (net)
                      0.034512    0.000000    0.343846 ^ _1715_/A (sky130_fd_sc_hd__buf_2)
     6    0.018495    0.099003    0.135030    0.478876 ^ _1715_/X (sky130_fd_sc_hd__buf_2)
                                                         _0664_ (net)
                      0.099003    0.000000    0.478876 ^ _1120_/A1 (sky130_fd_sc_hd__a22o_2)
     1    0.001807    0.029271    0.131493    0.610369 ^ _1120_/X (sky130_fd_sc_hd__a22o_2)
                                                         _0423_ (net)
                      0.029271    0.000000    0.610369 ^ _1716_/A (sky130_fd_sc_hd__buf_2)
     1    0.002005    0.024156    0.077254    0.687623 ^ _1716_/X (sky130_fd_sc_hd__buf_2)
                                                         _1072_ (net)
                      0.024156    0.000000    0.687623 ^ _1564_/D (sky130_fd_sc_hd__dfrtp_2)
                                              0.687623   data arrival time

                      0.150000    0.000000    0.000000   clock clk (rise edge)
                                  0.000000    0.000000   clock network delay (ideal)
                                  0.250000    0.250000   clock uncertainty
                                  0.000000    0.250000   clock reconvergence pessimism
                                              0.250000 ^ _1564_/CLK (sky130_fd_sc_hd__dfrtp_2)
                                 -0.016068    0.233932   library hold time
                                              0.233932   data required time
---------------------------------------------------------------------------------------------
                                              0.233932   data required time
                                             -0.687623   data arrival time
---------------------------------------------------------------------------------------------
                                              0.453691   slack (MET)


Startpoint: _1571_ (rising edge-triggered flip-flop clocked by clk)
Endpoint: u_top.dataMemory.sram_even_words
          (falling edge-triggered flip-flop clocked by clk)
Path Group: clk
Path Type: min

Fanout         Cap        Slew       Delay        Time   Description
---------------------------------------------------------------------------------------------
                      0.150000    0.000000    0.000000   clock clk (rise edge)
                                  0.000000    0.000000   clock network delay (ideal)
                      0.150000    0.000000    0.000000 ^ _1571_/CLK (sky130_fd_sc_hd__dfrtp_2)
     1    0.001807    0.034512    0.343846    0.343846 ^ _1571_/Q (sky130_fd_sc_hd__dfrtp_2)
                                                         u_top.dataMemory.clear_word[9] (net)
                      0.034512    0.000000    0.343846 ^ _1701_/A (sky130_fd_sc_hd__buf_2)
     4    0.007913    0.050471    0.100631    0.444478 ^ _1701_/X (sky130_fd_sc_hd__buf_2)
                                                         _0671_ (net)
                      0.050471    0.000000    0.444478 ^ _1239_/A (sky130_fd_sc_hd__and2_2)
     1    0.001807    0.033034    0.113835    0.558313 ^ _1239_/X (sky130_fd_sc_hd__and2_2)
                                                         _0680_ (net)
                      0.033034    0.000000    0.558313 ^ _1858_/A (sky130_fd_sc_hd__buf_2)
     1    0.006890    0.045893    0.096648    0.654961 ^ _1858_/X (sky130_fd_sc_hd__buf_2)
                                                         u_top.dataMemory.s0_addr0[8] (net)
                      0.061190    0.000000    0.654961 ^ u_top.dataMemory.sram_even_words/addr0[8] (sky130_sram_2kbyte_1rw1r_32x512_8)
                                              0.654961   data arrival time

                      0.150000    0.000000    0.000000   clock clk (rise edge)
                                  0.000000    0.000000   clock network delay (ideal)
                                  0.250000    0.250000   clock uncertainty
                                  0.000000    0.250000   clock reconvergence pessimism
                                              0.250000 ^ u_top.dataMemory.sram_even_words/clk0 (sky130_sram_2kbyte_1rw1r_32x512_8)
                                 -0.056000    0.194000   library hold time
                                              0.194000   data required time
---------------------------------------------------------------------------------------------
                                              0.194000   data required time
                                             -0.654961   data arrival time
---------------------------------------------------------------------------------------------
                                              0.460961   slack (MET)


Startpoint: _1537_ (rising edge-triggered flip-flop clocked by clk)
Endpoint: _1537_ (rising edge-triggered flip-flop clocked by clk)
Path Group: clk
Path Type: min

Fanout         Cap        Slew       Delay        Time   Description
---------------------------------------------------------------------------------------------
                      0.150000    0.000000    0.000000   clock clk (rise edge)
                                  0.000000    0.000000   clock network delay (ideal)
                      0.150000    0.000000    0.000000 ^ _1537_/CLK (sky130_fd_sc_hd__dfxtp_2)
     1    0.001807    0.026610    0.319044    0.319044 ^ _1537_/Q (sky130_fd_sc_hd__dfxtp_2)
                                                         u_top.RV32I_Logic.Single_Cycle_Datapath.pcREG.q[7] (net)
                      0.026610    0.000000    0.319044 ^ _1835_/A (sky130_fd_sc_hd__buf_2)
     3    0.005650    0.040356    0.090178    0.409222 ^ _1835_/X (sky130_fd_sc_hd__buf_2)
                                                         _0657_ (net)
                      0.040356    0.000000    0.409222 ^ _1365_/B1 (sky130_fd_sc_hd__a21o_2)
     1    0.001584    0.021338    0.068641    0.477863 ^ _1365_/X (sky130_fd_sc_hd__a21o_2)
                                                         _0586_ (net)
                      0.021338    0.000000    0.477863 ^ _1367_/C (sky130_fd_sc_hd__and3b_2)
     1    0.001807    0.038284    0.149059    0.626922 ^ _1367_/X (sky130_fd_sc_hd__and3b_2)
                                                         _0396_ (net)
                      0.038284    0.000000    0.626922 ^ _1958_/A (sky130_fd_sc_hd__buf_2)
     1    0.001674    0.022674    0.079120    0.706041 ^ _1958_/X (sky130_fd_sc_hd__buf_2)
                                                         _1045_ (net)
                      0.022674    0.000000    0.706041 ^ _1537_/D (sky130_fd_sc_hd__dfxtp_2)
                                              0.706041   data arrival time

                      0.150000    0.000000    0.000000   clock clk (rise edge)
                                  0.000000    0.000000   clock network delay (ideal)
                                  0.250000    0.250000   clock uncertainty
                                  0.000000    0.250000   clock reconvergence pessimism
                                              0.250000 ^ _1537_/CLK (sky130_fd_sc_hd__dfxtp_2)
                                 -0.012801    0.237199   library hold time
                                              0.237199   data required time
---------------------------------------------------------------------------------------------
                                              0.237199   data required time
                                             -0.706041   data arrival time
---------------------------------------------------------------------------------------------
                                              0.468842   slack (MET)


Startpoint: _1540_ (rising edge-triggered flip-flop clocked by clk)
Endpoint: _1540_ (rising edge-triggered flip-flop clocked by clk)
Path Group: clk
Path Type: min

Fanout         Cap        Slew       Delay        Time   Description
---------------------------------------------------------------------------------------------
                      0.150000    0.000000    0.000000   clock clk (rise edge)
                                  0.000000    0.000000   clock network delay (ideal)
                      0.150000    0.000000    0.000000 ^ _1540_/CLK (sky130_fd_sc_hd__dfxtp_2)
     1    0.001807    0.026610    0.319044    0.319044 ^ _1540_/Q (sky130_fd_sc_hd__dfxtp_2)
                                                         u_top.RV32I_Logic.Single_Cycle_Datapath.pcREG.q[10] (net)
                      0.026610    0.000000    0.319044 ^ _1838_/A (sky130_fd_sc_hd__buf_2)
     3    0.005650    0.040356    0.090178    0.409222 ^ _1838_/X (sky130_fd_sc_hd__buf_2)
                                                         _0630_ (net)
                      0.040356    0.000000    0.409222 ^ _1373_/B1 (sky130_fd_sc_hd__a21o_2)
     1    0.001584    0.021338    0.068641    0.477863 ^ _1373_/X (sky130_fd_sc_hd__a21o_2)
                                                         _0591_ (net)
                      0.021338    0.000000    0.477863 ^ _1375_/C (sky130_fd_sc_hd__and3b_2)
     1    0.001807    0.038284    0.149059    0.626922 ^ _1375_/X (sky130_fd_sc_hd__and3b_2)
                                                         _0399_ (net)
                      0.038284    0.000000    0.626922 ^ _1961_/A (sky130_fd_sc_hd__buf_2)
     1    0.001674    0.022674    0.079120    0.706041 ^ _1961_/X (sky130_fd_sc_hd__buf_2)
                                                         _1048_ (net)
                      0.022674    0.000000    0.706041 ^ _1540_/D (sky130_fd_sc_hd__dfxtp_2)
                                              0.706041   data arrival time

                      0.150000    0.000000    0.000000   clock clk (rise edge)
                                  0.000000    0.000000   clock network delay (ideal)
                                  0.250000    0.250000   clock uncertainty
                                  0.000000    0.250000   clock reconvergence pessimism
                                              0.250000 ^ _1540_/CLK (sky130_fd_sc_hd__dfxtp_2)
                                 -0.012801    0.237199   library hold time
                                              0.237199   data required time
---------------------------------------------------------------------------------------------
                                              0.237199   data required time
                                             -0.706041   data arrival time
---------------------------------------------------------------------------------------------
                                              0.468842   slack (MET)


Startpoint: _1534_ (rising edge-triggered flip-flop clocked by clk)
Endpoint: _1534_ (rising edge-triggered flip-flop clocked by clk)
Path Group: clk
Path Type: min

Fanout         Cap        Slew       Delay        Time   Description
---------------------------------------------------------------------------------------------
                      0.150000    0.000000    0.000000   clock clk (rise edge)
                                  0.000000    0.000000   clock network delay (ideal)
                      0.150000    0.000000    0.000000 ^ _1534_/CLK (sky130_fd_sc_hd__dfxtp_2)
     1    0.001807    0.026610    0.319044    0.319044 ^ _1534_/Q (sky130_fd_sc_hd__dfxtp_2)
                                                         u_top.RV32I_Logic.Single_Cycle_Datapath.pcREG.q[4] (net)
                      0.026610    0.000000    0.319044 ^ _1832_/A (sky130_fd_sc_hd__buf_2)
     3    0.005708    0.040615    0.090374    0.409418 ^ _1832_/X (sky130_fd_sc_hd__buf_2)
                                                         _0654_ (net)
                      0.040615    0.000000    0.409418 ^ _1357_/B1 (sky130_fd_sc_hd__a21o_2)
     1    0.001584    0.021338    0.068731    0.478149 ^ _1357_/X (sky130_fd_sc_hd__a21o_2)
                                                         _0581_ (net)
                      0.021338    0.000000    0.478149 ^ _1359_/C (sky130_fd_sc_hd__and3b_2)
     1    0.001807    0.038249    0.149059    0.627208 ^ _1359_/X (sky130_fd_sc_hd__and3b_2)
                                                         _0393_ (net)
                      0.038249    0.000000    0.627208 ^ _1955_/A (sky130_fd_sc_hd__buf_2)
     1    0.001674    0.022674    0.079107    0.706315 ^ _1955_/X (sky130_fd_sc_hd__buf_2)
                                                         _1042_ (net)
                      0.022674    0.000000    0.706315 ^ _1534_/D (sky130_fd_sc_hd__dfxtp_2)
                                              0.706315   data arrival time

                      0.150000    0.000000    0.000000   clock clk (rise edge)
                                  0.000000    0.000000   clock network delay (ideal)
                                  0.250000    0.250000   clock uncertainty
                                  0.000000    0.250000   clock reconvergence pessimism
                                              0.250000 ^ _1534_/CLK (sky130_fd_sc_hd__dfxtp_2)
                                 -0.012801    0.237199   library hold time
                                              0.237199   data required time
---------------------------------------------------------------------------------------------
                                              0.237199   data required time
                                             -0.706315   data arrival time
---------------------------------------------------------------------------------------------
                                              0.469115   slack (MET)


Startpoint: _1567_ (rising edge-triggered flip-flop clocked by clk)
Endpoint: u_top.dataMemory.sram_even_words
          (falling edge-triggered flip-flop clocked by clk)
Path Group: clk
Path Type: min

Fanout         Cap        Slew       Delay        Time   Description
---------------------------------------------------------------------------------------------
                      0.150000    0.000000    0.000000   clock clk (rise edge)
                                  0.000000    0.000000   clock network delay (ideal)
                      0.150000    0.000000    0.000000 ^ _1567_/CLK (sky130_fd_sc_hd__dfrtp_2)
     1    0.001807    0.034512    0.343846    0.343846 ^ _1567_/Q (sky130_fd_sc_hd__dfrtp_2)
                                                         u_top.dataMemory.clear_word[5] (net)
                      0.034512    0.000000    0.343846 ^ _1709_/A (sky130_fd_sc_hd__buf_2)
     5    0.009685    0.058407    0.106622    0.450468 ^ _1709_/X (sky130_fd_sc_hd__buf_2)
                                                         _0667_ (net)
                      0.058407    0.000000    0.450468 ^ _1235_/A (sky130_fd_sc_hd__and2_2)
     1    0.001807    0.033038    0.116527    0.566995 ^ _1235_/X (sky130_fd_sc_hd__and2_2)
                                                         _0676_ (net)
                      0.033038    0.000000    0.566995 ^ _1854_/A (sky130_fd_sc_hd__buf_2)
     1    0.006890    0.045893    0.096650    0.663645 ^ _1854_/X (sky130_fd_sc_hd__buf_2)
                                                         u_top.dataMemory.s0_addr0[4] (net)
                      0.061190    0.000000    0.663645 ^ u_top.dataMemory.sram_even_words/addr0[4] (sky130_sram_2kbyte_1rw1r_32x512_8)
                                              0.663645   data arrival time

                      0.150000    0.000000    0.000000   clock clk (rise edge)
                                  0.000000    0.000000   clock network delay (ideal)
                                  0.250000    0.250000   clock uncertainty
                                  0.000000    0.250000   clock reconvergence pessimism
                                              0.250000 ^ u_top.dataMemory.sram_even_words/clk0 (sky130_sram_2kbyte_1rw1r_32x512_8)
                                 -0.056000    0.194000   library hold time
                                              0.194000   data required time
---------------------------------------------------------------------------------------------
                                              0.194000   data required time
                                             -0.663645   data arrival time
---------------------------------------------------------------------------------------------
                                              0.469645   slack (MET)


Startpoint: _1569_ (rising edge-triggered flip-flop clocked by clk)
Endpoint: u_top.dataMemory.sram_even_words
          (falling edge-triggered flip-flop clocked by clk)
Path Group: clk
Path Type: min

Fanout         Cap        Slew       Delay        Time   Description
---------------------------------------------------------------------------------------------
                      0.150000    0.000000    0.000000   clock clk (rise edge)
                                  0.000000    0.000000   clock network delay (ideal)
                      0.150000    0.000000    0.000000 ^ _1569_/CLK (sky130_fd_sc_hd__dfrtp_2)
     1    0.001807    0.034512    0.343846    0.343846 ^ _1569_/Q (sky130_fd_sc_hd__dfrtp_2)
                                                         u_top.dataMemory.clear_word[7] (net)
                      0.034512    0.000000    0.343846 ^ _1705_/A (sky130_fd_sc_hd__buf_2)
     5    0.009685    0.058407    0.106622    0.450468 ^ _1705_/X (sky130_fd_sc_hd__buf_2)
                                                         _0669_ (net)
                      0.058407    0.000000    0.450468 ^ _1237_/A (sky130_fd_sc_hd__and2_2)
     1    0.001807    0.033038    0.116527    0.566995 ^ _1237_/X (sky130_fd_sc_hd__and2_2)
                                                         _0678_ (net)
                      0.033038    0.000000    0.566995 ^ _1856_/A (sky130_fd_sc_hd__buf_2)
     1    0.006890    0.045893    0.096650    0.663645 ^ _1856_/X (sky130_fd_sc_hd__buf_2)
                                                         u_top.dataMemory.s0_addr0[6] (net)
                      0.061190    0.000000    0.663645 ^ u_top.dataMemory.sram_even_words/addr0[6] (sky130_sram_2kbyte_1rw1r_32x512_8)
                                              0.663645   data arrival time

                      0.150000    0.000000    0.000000   clock clk (rise edge)
                                  0.000000    0.000000   clock network delay (ideal)
                                  0.250000    0.250000   clock uncertainty
                                  0.000000    0.250000   clock reconvergence pessimism
                                              0.250000 ^ u_top.dataMemory.sram_even_words/clk0 (sky130_sram_2kbyte_1rw1r_32x512_8)
                                 -0.056000    0.194000   library hold time
                                              0.194000   data required time
---------------------------------------------------------------------------------------------
                                              0.194000   data required time
                                             -0.663645   data arrival time
---------------------------------------------------------------------------------------------
                                              0.469645   slack (MET)


Startpoint: _1565_ (rising edge-triggered flip-flop clocked by clk)
Endpoint: u_top.dataMemory.sram_even_words
          (falling edge-triggered flip-flop clocked by clk)
Path Group: clk
Path Type: min

Fanout         Cap        Slew       Delay        Time   Description
---------------------------------------------------------------------------------------------
                      0.150000    0.000000    0.000000   clock clk (rise edge)
                                  0.000000    0.000000   clock network delay (ideal)
                      0.150000    0.000000    0.000000 ^ _1565_/CLK (sky130_fd_sc_hd__dfrtp_2)
     1    0.001807    0.034512    0.343846    0.343846 ^ _1565_/Q (sky130_fd_sc_hd__dfrtp_2)
                                                         u_top.dataMemory.clear_word[3] (net)
                      0.034512    0.000000    0.343846 ^ _1713_/A (sky130_fd_sc_hd__buf_2)
     5    0.009688    0.058420    0.106632    0.450478 ^ _1713_/X (sky130_fd_sc_hd__buf_2)
                                                         _0665_ (net)
                      0.058420    0.000000    0.450478 ^ _1233_/A (sky130_fd_sc_hd__and2_2)
     1    0.001807    0.033038    0.116532    0.567010 ^ _1233_/X (sky130_fd_sc_hd__and2_2)
                                                         _0674_ (net)
                      0.033038    0.000000    0.567010 ^ _1852_/A (sky130_fd_sc_hd__buf_2)
     1    0.006890    0.045893    0.096650    0.663660 ^ _1852_/X (sky130_fd_sc_hd__buf_2)
                                                         u_top.dataMemory.s0_addr0[2] (net)
                      0.061190    0.000000    0.663660 ^ u_top.dataMemory.sram_even_words/addr0[2] (sky130_sram_2kbyte_1rw1r_32x512_8)
                                              0.663660   data arrival time

                      0.150000    0.000000    0.000000   clock clk (rise edge)
                                  0.000000    0.000000   clock network delay (ideal)
                                  0.250000    0.250000   clock uncertainty
                                  0.000000    0.250000   clock reconvergence pessimism
                                              0.250000 ^ u_top.dataMemory.sram_even_words/clk0 (sky130_sram_2kbyte_1rw1r_32x512_8)
                                 -0.056000    0.194000   library hold time
                                              0.194000   data required time
---------------------------------------------------------------------------------------------
                                              0.194000   data required time
                                             -0.663660   data arrival time
---------------------------------------------------------------------------------------------
                                              0.469660   slack (MET)


Startpoint: _1532_ (rising edge-triggered flip-flop clocked by clk)
Endpoint: _1532_ (rising edge-triggered flip-flop clocked by clk)
Path Group: clk
Path Type: min

Fanout         Cap        Slew       Delay        Time   Description
---------------------------------------------------------------------------------------------
                      0.150000    0.000000    0.000000   clock clk (rise edge)
                                  0.000000    0.000000   clock network delay (ideal)
                      0.150000    0.000000    0.000000 ^ _1532_/CLK (sky130_fd_sc_hd__dfxtp_2)
     1    0.001647    0.020500    0.317688    0.317688 v _1532_/Q (sky130_fd_sc_hd__dfxtp_2)
                                                         u_top.RV32I_Logic.Single_Cycle_Datapath.pcREG.q[2] (net)
                      0.020500    0.000000    0.317688 v _1830_/A (sky130_fd_sc_hd__buf_2)
     6    0.015523    0.051664    0.128274    0.445962 v _1830_/X (sky130_fd_sc_hd__buf_2)
                                                         _0650_ (net)
                      0.051664    0.000000    0.445962 v _1354_/A_N (sky130_fd_sc_hd__and2b_2)
     1    0.001807    0.031057    0.185359    0.631322 ^ _1354_/X (sky130_fd_sc_hd__and2b_2)
                                                         _0391_ (net)
                      0.031057    0.000000    0.631322 ^ _1953_/A (sky130_fd_sc_hd__buf_2)
     1    0.001674    0.022688    0.076547    0.707868 ^ _1953_/X (sky130_fd_sc_hd__buf_2)
                                                         _1040_ (net)
                      0.022688    0.000000    0.707868 ^ _1532_/D (sky130_fd_sc_hd__dfxtp_2)
                                              0.707868   data arrival time

                      0.150000    0.000000    0.000000   clock clk (rise edge)
                                  0.000000    0.000000   clock network delay (ideal)
                                  0.250000    0.250000   clock uncertainty
                                  0.000000    0.250000   clock reconvergence pessimism
                                              0.250000 ^ _1532_/CLK (sky130_fd_sc_hd__dfxtp_2)
                                 -0.012803    0.237197   library hold time
                                              0.237197   data required time
---------------------------------------------------------------------------------------------
                                              0.237197   data required time
                                             -0.707868   data arrival time
---------------------------------------------------------------------------------------------
                                              0.470672   slack (MET)


Startpoint: _1535_ (rising edge-triggered flip-flop clocked by clk)
Endpoint: _1535_ (rising edge-triggered flip-flop clocked by clk)
Path Group: clk
Path Type: min

Fanout         Cap        Slew       Delay        Time   Description
---------------------------------------------------------------------------------------------
                      0.150000    0.000000    0.000000   clock clk (rise edge)
                                  0.000000    0.000000   clock network delay (ideal)
                      0.150000    0.000000    0.000000 ^ _1535_/CLK (sky130_fd_sc_hd__dfxtp_2)
     1    0.001807    0.026610    0.319044    0.319044 ^ _1535_/Q (sky130_fd_sc_hd__dfxtp_2)
                                                         u_top.RV32I_Logic.Single_Cycle_Datapath.pcREG.q[5] (net)
                      0.026610    0.000000    0.319044 ^ _1833_/A (sky130_fd_sc_hd__buf_2)
     2    0.003163    0.029284    0.081006    0.400051 ^ _1833_/X (sky130_fd_sc_hd__buf_2)
                                                         _0655_ (net)
                      0.029284    0.000000    0.400051 ^ _1360_/A (sky130_fd_sc_hd__or2_2)
     1    0.001584    0.024030    0.079808    0.479858 ^ _1360_/X (sky130_fd_sc_hd__or2_2)
                                                         _0583_ (net)
                      0.024030    0.000000    0.479858 ^ _1362_/C (sky130_fd_sc_hd__and3b_2)
     1    0.001807    0.038308    0.149828    0.629687 ^ _1362_/X (sky130_fd_sc_hd__and3b_2)
                                                         _0394_ (net)
                      0.038308    0.000000    0.629687 ^ _1956_/A (sky130_fd_sc_hd__buf_2)
     1    0.001674    0.022674    0.079128    0.708815 ^ _1956_/X (sky130_fd_sc_hd__buf_2)
                                                         _1043_ (net)
                      0.022674    0.000000    0.708815 ^ _1535_/D (sky130_fd_sc_hd__dfxtp_2)
                                              0.708815   data arrival time

                      0.150000    0.000000    0.000000   clock clk (rise edge)
                                  0.000000    0.000000   clock network delay (ideal)
                                  0.250000    0.250000   clock uncertainty
                                  0.000000    0.250000   clock reconvergence pessimism
                                              0.250000 ^ _1535_/CLK (sky130_fd_sc_hd__dfxtp_2)
                                 -0.012801    0.237199   library hold time
                                              0.237199   data required time
---------------------------------------------------------------------------------------------
                                              0.237199   data required time
                                             -0.708815   data arrival time
---------------------------------------------------------------------------------------------
                                              0.471615   slack (MET)


Startpoint: _1570_ (rising edge-triggered flip-flop clocked by clk)
Endpoint: u_top.dataMemory.sram_even_words
          (falling edge-triggered flip-flop clocked by clk)
Path Group: clk
Path Type: min

Fanout         Cap        Slew       Delay        Time   Description
---------------------------------------------------------------------------------------------
                      0.150000    0.000000    0.000000   clock clk (rise edge)
                                  0.000000    0.000000   clock network delay (ideal)
                      0.150000    0.000000    0.000000 ^ _1570_/CLK (sky130_fd_sc_hd__dfrtp_2)
     1    0.001807    0.034512    0.343846    0.343846 ^ _1570_/Q (sky130_fd_sc_hd__dfrtp_2)
                                                         u_top.dataMemory.clear_word[8] (net)
                      0.034512    0.000000    0.343846 ^ _1703_/A (sky130_fd_sc_hd__buf_2)
     6    0.014224    0.079054    0.121582    0.465429 ^ _1703_/X (sky130_fd_sc_hd__buf_2)
                                                         _0670_ (net)
                      0.079054    0.000000    0.465429 ^ _1238_/A (sky130_fd_sc_hd__and2_2)
     1    0.001807    0.033008    0.123554    0.588982 ^ _1238_/X (sky130_fd_sc_hd__and2_2)
                                                         _0679_ (net)
                      0.033008    0.000000    0.588982 ^ _1857_/A (sky130_fd_sc_hd__buf_2)
     1    0.006890    0.045893    0.096639    0.685622 ^ _1857_/X (sky130_fd_sc_hd__buf_2)
                                                         u_top.dataMemory.s0_addr0[7] (net)
                      0.061190    0.000000    0.685622 ^ u_top.dataMemory.sram_even_words/addr0[7] (sky130_sram_2kbyte_1rw1r_32x512_8)
                                              0.685622   data arrival time

                      0.150000    0.000000    0.000000   clock clk (rise edge)
                                  0.000000    0.000000   clock network delay (ideal)
                                  0.250000    0.250000   clock uncertainty
                                  0.000000    0.250000   clock reconvergence pessimism
                                              0.250000 ^ u_top.dataMemory.sram_even_words/clk0 (sky130_sram_2kbyte_1rw1r_32x512_8)
                                 -0.056000    0.194000   library hold time
                                              0.194000   data required time
---------------------------------------------------------------------------------------------
                                              0.194000   data required time
                                             -0.685622   data arrival time
---------------------------------------------------------------------------------------------
                                              0.491622   slack (MET)


Startpoint: _1563_ (rising edge-triggered flip-flop clocked by clk)
Endpoint: u_top.dataMemory.sram_even_words
          (falling edge-triggered flip-flop clocked by clk)
Path Group: clk
Path Type: min

Fanout         Cap        Slew       Delay        Time   Description
---------------------------------------------------------------------------------------------
                      0.150000    0.000000    0.000000   clock clk (rise edge)
                                  0.000000    0.000000   clock network delay (ideal)
                      0.150000    0.000000    0.000000 ^ _1563_/CLK (sky130_fd_sc_hd__dfrtp_2)
     1    0.001807    0.034512    0.343846    0.343846 ^ _1563_/Q (sky130_fd_sc_hd__dfrtp_2)
                                                         u_top.dataMemory.clear_word[1] (net)
                      0.034512    0.000000    0.343846 ^ _1717_/A (sky130_fd_sc_hd__buf_2)
     6    0.014262    0.079231    0.121702    0.465548 ^ _1717_/X (sky130_fd_sc_hd__buf_2)
                                                         _0663_ (net)
                      0.079231    0.000000    0.465548 ^ _1231_/A (sky130_fd_sc_hd__and2_2)
     1    0.001807    0.033008    0.123614    0.589163 ^ _1231_/X (sky130_fd_sc_hd__and2_2)
                                                         _0672_ (net)
                      0.033008    0.000000    0.589163 ^ _1850_/A (sky130_fd_sc_hd__buf_2)
     1    0.006890    0.045893    0.096639    0.685802 ^ _1850_/X (sky130_fd_sc_hd__buf_2)
                                                         u_top.dataMemory.s0_addr0[0] (net)
                      0.061190    0.000000    0.685802 ^ u_top.dataMemory.sram_even_words/addr0[0] (sky130_sram_2kbyte_1rw1r_32x512_8)
                                              0.685802   data arrival time

                      0.150000    0.000000    0.000000   clock clk (rise edge)
                                  0.000000    0.000000   clock network delay (ideal)
                                  0.250000    0.250000   clock uncertainty
                                  0.000000    0.250000   clock reconvergence pessimism
                                              0.250000 ^ u_top.dataMemory.sram_even_words/clk0 (sky130_sram_2kbyte_1rw1r_32x512_8)
                                 -0.056000    0.194000   library hold time
                                              0.194000   data required time
---------------------------------------------------------------------------------------------
                                              0.194000   data required time
                                             -0.685802   data arrival time
---------------------------------------------------------------------------------------------
                                              0.491802   slack (MET)


Startpoint: _1571_ (rising edge-triggered flip-flop clocked by clk)
Endpoint: u_top.dataMemory.sram_odd_words
          (falling edge-triggered flip-flop clocked by clk)
Path Group: clk
Path Type: min

Fanout         Cap        Slew       Delay        Time   Description
---------------------------------------------------------------------------------------------
                      0.150000    0.000000    0.000000   clock clk (rise edge)
                                  0.000000    0.000000   clock network delay (ideal)
                      0.150000    0.000000    0.000000 ^ _1571_/CLK (sky130_fd_sc_hd__dfrtp_2)
     1    0.001807    0.034512    0.343846    0.343846 ^ _1571_/Q (sky130_fd_sc_hd__dfrtp_2)
                                                         u_top.dataMemory.clear_word[9] (net)
                      0.034512    0.000000    0.343846 ^ _1701_/A (sky130_fd_sc_hd__buf_2)
     4    0.007913    0.050471    0.100631    0.444478 ^ _1701_/X (sky130_fd_sc_hd__buf_2)
                                                         _0671_ (net)
                      0.050471    0.000000    0.444478 ^ _1230_/B (sky130_fd_sc_hd__and3_2)
     1    0.001807    0.037995    0.147439    0.591916 ^ _1230_/X (sky130_fd_sc_hd__and3_2)
                                                         _0691_ (net)
                      0.037995    0.000000    0.591916 ^ _1848_/A (sky130_fd_sc_hd__buf_2)
     1    0.006890    0.045883    0.098409    0.690325 ^ _1848_/X (sky130_fd_sc_hd__buf_2)
                                                         u_top.dataMemory.s1_addr0[8] (net)
                      0.061177    0.000000    0.690325 ^ u_top.dataMemory.sram_odd_words/addr0[8] (sky130_sram_2kbyte_1rw1r_32x512_8)
                                              0.690325   data arrival time

                      0.150000    0.000000    0.000000   clock clk (rise edge)
                                  0.000000    0.000000   clock network delay (ideal)
                                  0.250000    0.250000   clock uncertainty
                                  0.000000    0.250000   clock reconvergence pessimism
                                              0.250000 ^ u_top.dataMemory.sram_odd_words/clk0 (sky130_sram_2kbyte_1rw1r_32x512_8)
                                 -0.056000    0.194000   library hold time
                                              0.194000   data required time
---------------------------------------------------------------------------------------------
                                              0.194000   data required time
                                             -0.690325   data arrival time
---------------------------------------------------------------------------------------------
                                              0.496325   slack (MET)


Startpoint: _1566_ (rising edge-triggered flip-flop clocked by clk)
Endpoint: u_top.dataMemory.sram_even_words
          (falling edge-triggered flip-flop clocked by clk)
Path Group: clk
Path Type: min

Fanout         Cap        Slew       Delay        Time   Description
---------------------------------------------------------------------------------------------
                      0.150000    0.000000    0.000000   clock clk (rise edge)
                                  0.000000    0.000000   clock network delay (ideal)
                      0.150000    0.000000    0.000000 ^ _1566_/CLK (sky130_fd_sc_hd__dfrtp_2)
     1    0.001807    0.034512    0.343846    0.343846 ^ _1566_/Q (sky130_fd_sc_hd__dfrtp_2)
                                                         u_top.dataMemory.clear_word[4] (net)
                      0.034512    0.000000    0.343846 ^ _1711_/A (sky130_fd_sc_hd__buf_2)
     7    0.015780    0.086322    0.126481    0.470328 ^ _1711_/X (sky130_fd_sc_hd__buf_2)
                                                         _0666_ (net)
                      0.086322    0.000000    0.470328 ^ _1234_/A (sky130_fd_sc_hd__and2_2)
     1    0.001807    0.032997    0.126028    0.596355 ^ _1234_/X (sky130_fd_sc_hd__and2_2)
                                                         _0675_ (net)
                      0.032997    0.000000    0.596355 ^ _1853_/A (sky130_fd_sc_hd__buf_2)
     1    0.006890    0.045893    0.096635    0.692991 ^ _1853_/X (sky130_fd_sc_hd__buf_2)
                                                         u_top.dataMemory.s0_addr0[3] (net)
                      0.061190    0.000000    0.692991 ^ u_top.dataMemory.sram_even_words/addr0[3] (sky130_sram_2kbyte_1rw1r_32x512_8)
                                              0.692991   data arrival time

                      0.150000    0.000000    0.000000   clock clk (rise edge)
                                  0.000000    0.000000   clock network delay (ideal)
                                  0.250000    0.250000   clock uncertainty
                                  0.000000    0.250000   clock reconvergence pessimism
                                              0.250000 ^ u_top.dataMemory.sram_even_words/clk0 (sky130_sram_2kbyte_1rw1r_32x512_8)
                                 -0.056000    0.194000   library hold time
                                              0.194000   data required time
---------------------------------------------------------------------------------------------
                                              0.194000   data required time
                                             -0.692991   data arrival time
---------------------------------------------------------------------------------------------
                                              0.498991   slack (MET)


Startpoint: _1568_ (rising edge-triggered flip-flop clocked by clk)
Endpoint: u_top.dataMemory.sram_even_words
          (falling edge-triggered flip-flop clocked by clk)
Path Group: clk
Path Type: min

Fanout         Cap        Slew       Delay        Time   Description
---------------------------------------------------------------------------------------------
                      0.150000    0.000000    0.000000   clock clk (rise edge)
                                  0.000000    0.000000   clock network delay (ideal)
                      0.150000    0.000000    0.000000 ^ _1568_/CLK (sky130_fd_sc_hd__dfrtp_2)
     1    0.001807    0.034512    0.343846    0.343846 ^ _1568_/Q (sky130_fd_sc_hd__dfrtp_2)
                                                         u_top.dataMemory.clear_word[6] (net)
                      0.034512    0.000000    0.343846 ^ _1707_/A (sky130_fd_sc_hd__buf_2)
     7    0.015780    0.086322    0.126481    0.470328 ^ _1707_/X (sky130_fd_sc_hd__buf_2)
                                                         _0668_ (net)
                      0.086322    0.000000    0.470328 ^ _1236_/A (sky130_fd_sc_hd__and2_2)
     1    0.001807    0.032997    0.126028    0.596355 ^ _1236_/X (sky130_fd_sc_hd__and2_2)
                                                         _0677_ (net)
                      0.032997    0.000000    0.596355 ^ _1855_/A (sky130_fd_sc_hd__buf_2)
     1    0.006890    0.045893    0.096635    0.692991 ^ _1855_/X (sky130_fd_sc_hd__buf_2)
                                                         u_top.dataMemory.s0_addr0[5] (net)
                      0.061190    0.000000    0.692991 ^ u_top.dataMemory.sram_even_words/addr0[5] (sky130_sram_2kbyte_1rw1r_32x512_8)
                                              0.692991   data arrival time

                      0.150000    0.000000    0.000000   clock clk (rise edge)
                                  0.000000    0.000000   clock network delay (ideal)
                                  0.250000    0.250000   clock uncertainty
                                  0.000000    0.250000   clock reconvergence pessimism
                                              0.250000 ^ u_top.dataMemory.sram_even_words/clk0 (sky130_sram_2kbyte_1rw1r_32x512_8)
                                 -0.056000    0.194000   library hold time
                                              0.194000   data required time
---------------------------------------------------------------------------------------------
                                              0.194000   data required time
                                             -0.692991   data arrival time
---------------------------------------------------------------------------------------------
                                              0.498991   slack (MET)


Startpoint: _1560_ (rising edge-triggered flip-flop clocked by clk)
Endpoint: _1560_ (rising edge-triggered flip-flop clocked by clk)
Path Group: clk
Path Type: min

Fanout         Cap        Slew       Delay        Time   Description
---------------------------------------------------------------------------------------------
                      0.150000    0.000000    0.000000   clock clk (rise edge)
                                  0.000000    0.000000   clock network delay (ideal)
                      0.150000    0.000000    0.000000 ^ _1560_/CLK (sky130_fd_sc_hd__dfxtp_2)
     1    0.001647    0.020500    0.317688    0.317688 v _1560_/Q (sky130_fd_sc_hd__dfxtp_2)
                                                         u_top.RV32I_Logic.Single_Cycle_Datapath.pcREG.q[30] (net)
                      0.020500    0.000000    0.317688 v _1819_/A (sky130_fd_sc_hd__buf_2)
     6    0.013859    0.048351    0.125312    0.443001 v _1819_/X (sky130_fd_sc_hd__buf_2)
                                                         _0651_ (net)
                      0.048351    0.000000    0.443001 v _1429_/B (sky130_fd_sc_hd__nand3_2)
     2    0.004136    0.041844    0.064350    0.507350 ^ _1429_/Y (sky130_fd_sc_hd__nand3_2)
                                                         _0627_ (net)
                      0.041844    0.000000    0.507350 ^ _1430_/C (sky130_fd_sc_hd__and3_2)
     1    0.001807    0.037911    0.150641    0.657992 ^ _1430_/X (sky130_fd_sc_hd__and3_2)
                                                         _0419_ (net)
                      0.037911    0.000000    0.657992 ^ _1981_/A (sky130_fd_sc_hd__buf_2)
     1    0.001674    0.022675    0.078987    0.736979 ^ _1981_/X (sky130_fd_sc_hd__buf_2)
                                                         _1068_ (net)
                      0.022675    0.000000    0.736979 ^ _1560_/D (sky130_fd_sc_hd__dfxtp_2)
                                              0.736979   data arrival time

                      0.150000    0.000000    0.000000   clock clk (rise edge)
                                  0.000000    0.000000   clock network delay (ideal)
                                  0.250000    0.250000   clock uncertainty
                                  0.000000    0.250000   clock reconvergence pessimism
                                              0.250000 ^ _1560_/CLK (sky130_fd_sc_hd__dfxtp_2)
                                 -0.012801    0.237199   library hold time
                                              0.237199   data required time
---------------------------------------------------------------------------------------------
                                              0.237199   data required time
                                             -0.736979   data arrival time
---------------------------------------------------------------------------------------------
                                              0.499779   slack (MET)


Startpoint: _1557_ (rising edge-triggered flip-flop clocked by clk)
Endpoint: _1557_ (rising edge-triggered flip-flop clocked by clk)
Path Group: clk
Path Type: min

Fanout         Cap        Slew       Delay        Time   Description
---------------------------------------------------------------------------------------------
                      0.150000    0.000000    0.000000   clock clk (rise edge)
                                  0.000000    0.000000   clock network delay (ideal)
                      0.150000    0.000000    0.000000 ^ _1557_/CLK (sky130_fd_sc_hd__dfxtp_2)
     1    0.001807    0.026610    0.319044    0.319044 ^ _1557_/Q (sky130_fd_sc_hd__dfxtp_2)
                                                         u_top.RV32I_Logic.Single_Cycle_Datapath.pcREG.q[27] (net)
                      0.026610    0.000000    0.319044 ^ _1804_/A (sky130_fd_sc_hd__buf_2)
     5    0.008842    0.054640    0.100968    0.420012 ^ _1804_/X (sky130_fd_sc_hd__buf_2)
                                                         _0647_ (net)
                      0.054640    0.000000    0.420012 ^ _1419_/A (sky130_fd_sc_hd__or2_2)
     1    0.001584    0.024030    0.088896    0.508908 ^ _1419_/X (sky130_fd_sc_hd__or2_2)
                                                         _0620_ (net)
                      0.024030    0.000000    0.508908 ^ _1422_/C (sky130_fd_sc_hd__and3b_2)
     1    0.001807    0.038284    0.149828    0.658736 ^ _1422_/X (sky130_fd_sc_hd__and3b_2)
                                                         _0416_ (net)
                      0.038284    0.000000    0.658736 ^ _1978_/A (sky130_fd_sc_hd__buf_2)
     1    0.001674    0.022674    0.079120    0.737855 ^ _1978_/X (sky130_fd_sc_hd__buf_2)
                                                         _1065_ (net)
                      0.022674    0.000000    0.737855 ^ _1557_/D (sky130_fd_sc_hd__dfxtp_2)
                                              0.737855   data arrival time

                      0.150000    0.000000    0.000000   clock clk (rise edge)
                                  0.000000    0.000000   clock network delay (ideal)
                                  0.250000    0.250000   clock uncertainty
                                  0.000000    0.250000   clock reconvergence pessimism
                                              0.250000 ^ _1557_/CLK (sky130_fd_sc_hd__dfxtp_2)
                                 -0.012801    0.237199   library hold time
                                              0.237199   data required time
---------------------------------------------------------------------------------------------
                                              0.237199   data required time
                                             -0.737855   data arrival time
---------------------------------------------------------------------------------------------
                                              0.500656   slack (MET)


Startpoint: _1560_ (rising edge-triggered flip-flop clocked by clk)
Endpoint: _1561_ (rising edge-triggered flip-flop clocked by clk)
Path Group: clk
Path Type: min

Fanout         Cap        Slew       Delay        Time   Description
---------------------------------------------------------------------------------------------
                      0.150000    0.000000    0.000000   clock clk (rise edge)
                                  0.000000    0.000000   clock network delay (ideal)
                      0.150000    0.000000    0.000000 ^ _1560_/CLK (sky130_fd_sc_hd__dfxtp_2)
     1    0.001647    0.020500    0.317688    0.317688 v _1560_/Q (sky130_fd_sc_hd__dfxtp_2)
                                                         u_top.RV32I_Logic.Single_Cycle_Datapath.pcREG.q[30] (net)
                      0.020500    0.000000    0.317688 v _1819_/A (sky130_fd_sc_hd__buf_2)
     6    0.013859    0.048351    0.125312    0.443001 v _1819_/X (sky130_fd_sc_hd__buf_2)
                                                         _0651_ (net)
                      0.048351    0.000000    0.443001 v _1429_/B (sky130_fd_sc_hd__nand3_2)
     2    0.004136    0.041844    0.064350    0.507350 ^ _1429_/Y (sky130_fd_sc_hd__nand3_2)
                                                         _0627_ (net)
                      0.041844    0.000000    0.507350 ^ _1432_/A2 (sky130_fd_sc_hd__o2111a_2)
     1    0.001807    0.036165    0.153435    0.660786 ^ _1432_/X (sky130_fd_sc_hd__o2111a_2)
                                                         _0420_ (net)
                      0.036165    0.000000    0.660786 ^ _1982_/A (sky130_fd_sc_hd__buf_2)
     1    0.001674    0.022678    0.078365    0.739151 ^ _1982_/X (sky130_fd_sc_hd__buf_2)
                                                         _1069_ (net)
                      0.022678    0.000000    0.739151 ^ _1561_/D (sky130_fd_sc_hd__dfxtp_2)
                                              0.739151   data arrival time

                      0.150000    0.000000    0.000000   clock clk (rise edge)
                                  0.000000    0.000000   clock network delay (ideal)
                                  0.250000    0.250000   clock uncertainty
                                  0.000000    0.250000   clock reconvergence pessimism
                                              0.250000 ^ _1561_/CLK (sky130_fd_sc_hd__dfxtp_2)
                                 -0.012801    0.237199   library hold time
                                              0.237199   data required time
---------------------------------------------------------------------------------------------
                                              0.237199   data required time
                                             -0.739151   data arrival time
---------------------------------------------------------------------------------------------
                                              0.501952   slack (MET)


Startpoint: _1567_ (rising edge-triggered flip-flop clocked by clk)
Endpoint: u_top.dataMemory.sram_odd_words
          (falling edge-triggered flip-flop clocked by clk)
Path Group: clk
Path Type: min

Fanout         Cap        Slew       Delay        Time   Description
---------------------------------------------------------------------------------------------
                      0.150000    0.000000    0.000000   clock clk (rise edge)
                                  0.000000    0.000000   clock network delay (ideal)
                      0.150000    0.000000    0.000000 ^ _1567_/CLK (sky130_fd_sc_hd__dfrtp_2)
     1    0.001807    0.034512    0.343846    0.343846 ^ _1567_/Q (sky130_fd_sc_hd__dfrtp_2)
                                                         u_top.dataMemory.clear_word[5] (net)
                      0.034512    0.000000    0.343846 ^ _1709_/A (sky130_fd_sc_hd__buf_2)
     5    0.009685    0.058407    0.106622    0.450468 ^ _1709_/X (sky130_fd_sc_hd__buf_2)
                                                         _0667_ (net)
                      0.058407    0.000000    0.450468 ^ _1226_/B (sky130_fd_sc_hd__and3_2)
     1    0.001807    0.038004    0.149697    0.600166 ^ _1226_/X (sky130_fd_sc_hd__and3_2)
                                                         _0687_ (net)
                      0.038004    0.000000    0.600166 ^ _1844_/A (sky130_fd_sc_hd__buf_2)
     1    0.006890    0.045883    0.098412    0.698577 ^ _1844_/X (sky130_fd_sc_hd__buf_2)
                                                         u_top.dataMemory.s1_addr0[4] (net)
                      0.061177    0.000000    0.698577 ^ u_top.dataMemory.sram_odd_words/addr0[4] (sky130_sram_2kbyte_1rw1r_32x512_8)
                                              0.698577   data arrival time

                      0.150000    0.000000    0.000000   clock clk (rise edge)
                                  0.000000    0.000000   clock network delay (ideal)
                                  0.250000    0.250000   clock uncertainty
                                  0.000000    0.250000   clock reconvergence pessimism
                                              0.250000 ^ u_top.dataMemory.sram_odd_words/clk0 (sky130_sram_2kbyte_1rw1r_32x512_8)
                                 -0.056000    0.194000   library hold time
                                              0.194000   data required time
---------------------------------------------------------------------------------------------
                                              0.194000   data required time
                                             -0.698577   data arrival time
---------------------------------------------------------------------------------------------
                                              0.504577   slack (MET)


Startpoint: _1569_ (rising edge-triggered flip-flop clocked by clk)
Endpoint: u_top.dataMemory.sram_odd_words
          (falling edge-triggered flip-flop clocked by clk)
Path Group: clk
Path Type: min

Fanout         Cap        Slew       Delay        Time   Description
---------------------------------------------------------------------------------------------
                      0.150000    0.000000    0.000000   clock clk (rise edge)
                                  0.000000    0.000000   clock network delay (ideal)
                      0.150000    0.000000    0.000000 ^ _1569_/CLK (sky130_fd_sc_hd__dfrtp_2)
     1    0.001807    0.034512    0.343846    0.343846 ^ _1569_/Q (sky130_fd_sc_hd__dfrtp_2)
                                                         u_top.dataMemory.clear_word[7] (net)
                      0.034512    0.000000    0.343846 ^ _1705_/A (sky130_fd_sc_hd__buf_2)
     5    0.009685    0.058407    0.106622    0.450468 ^ _1705_/X (sky130_fd_sc_hd__buf_2)
                                                         _0669_ (net)
                      0.058407    0.000000    0.450468 ^ _1228_/B (sky130_fd_sc_hd__and3_2)
     1    0.001807    0.038004    0.149697    0.600166 ^ _1228_/X (sky130_fd_sc_hd__and3_2)
                                                         _0689_ (net)
                      0.038004    0.000000    0.600166 ^ _1846_/A (sky130_fd_sc_hd__buf_2)
     1    0.006890    0.045883    0.098412    0.698577 ^ _1846_/X (sky130_fd_sc_hd__buf_2)
                                                         u_top.dataMemory.s1_addr0[6] (net)
                      0.061177    0.000000    0.698577 ^ u_top.dataMemory.sram_odd_words/addr0[6] (sky130_sram_2kbyte_1rw1r_32x512_8)
                                              0.698577   data arrival time

                      0.150000    0.000000    0.000000   clock clk (rise edge)
                                  0.000000    0.000000   clock network delay (ideal)
                                  0.250000    0.250000   clock uncertainty
                                  0.000000    0.250000   clock reconvergence pessimism
                                              0.250000 ^ u_top.dataMemory.sram_odd_words/clk0 (sky130_sram_2kbyte_1rw1r_32x512_8)
                                 -0.056000    0.194000   library hold time
                                              0.194000   data required time
---------------------------------------------------------------------------------------------
                                              0.194000   data required time
                                             -0.698577   data arrival time
---------------------------------------------------------------------------------------------
                                              0.504577   slack (MET)


Startpoint: _1565_ (rising edge-triggered flip-flop clocked by clk)
Endpoint: u_top.dataMemory.sram_odd_words
          (falling edge-triggered flip-flop clocked by clk)
Path Group: clk
Path Type: min

Fanout         Cap        Slew       Delay        Time   Description
---------------------------------------------------------------------------------------------
                      0.150000    0.000000    0.000000   clock clk (rise edge)
                                  0.000000    0.000000   clock network delay (ideal)
                      0.150000    0.000000    0.000000 ^ _1565_/CLK (sky130_fd_sc_hd__dfrtp_2)
     1    0.001807    0.034512    0.343846    0.343846 ^ _1565_/Q (sky130_fd_sc_hd__dfrtp_2)
                                                         u_top.dataMemory.clear_word[3] (net)
                      0.034512    0.000000    0.343846 ^ _1713_/A (sky130_fd_sc_hd__buf_2)
     5    0.009688    0.058420    0.106632    0.450478 ^ _1713_/X (sky130_fd_sc_hd__buf_2)
                                                         _0665_ (net)
                      0.058420    0.000000    0.450478 ^ _1224_/B (sky130_fd_sc_hd__and3_2)
     1    0.001807    0.038004    0.149701    0.600180 ^ _1224_/X (sky130_fd_sc_hd__and3_2)
                                                         _0685_ (net)
                      0.038004    0.000000    0.600180 ^ _1842_/A (sky130_fd_sc_hd__buf_2)
     1    0.006890    0.045883    0.098412    0.698591 ^ _1842_/X (sky130_fd_sc_hd__buf_2)
                                                         u_top.dataMemory.s1_addr0[2] (net)
                      0.061177    0.000000    0.698591 ^ u_top.dataMemory.sram_odd_words/addr0[2] (sky130_sram_2kbyte_1rw1r_32x512_8)
                                              0.698591   data arrival time

                      0.150000    0.000000    0.000000   clock clk (rise edge)
                                  0.000000    0.000000   clock network delay (ideal)
                                  0.250000    0.250000   clock uncertainty
                                  0.000000    0.250000   clock reconvergence pessimism
                                              0.250000 ^ u_top.dataMemory.sram_odd_words/clk0 (sky130_sram_2kbyte_1rw1r_32x512_8)
                                 -0.056000    0.194000   library hold time
                                              0.194000   data required time
---------------------------------------------------------------------------------------------
                                              0.194000   data required time
                                             -0.698591   data arrival time
---------------------------------------------------------------------------------------------
                                              0.504591   slack (MET)


Startpoint: _1564_ (rising edge-triggered flip-flop clocked by clk)
Endpoint: u_top.dataMemory.sram_even_words
          (falling edge-triggered flip-flop clocked by clk)
Path Group: clk
Path Type: min

Fanout         Cap        Slew       Delay        Time   Description
---------------------------------------------------------------------------------------------
                      0.150000    0.000000    0.000000   clock clk (rise edge)
                                  0.000000    0.000000   clock network delay (ideal)
                      0.150000    0.000000    0.000000 ^ _1564_/CLK (sky130_fd_sc_hd__dfrtp_2)
     1    0.001807    0.034512    0.343846    0.343846 ^ _1564_/Q (sky130_fd_sc_hd__dfrtp_2)
                                                         u_top.dataMemory.clear_word[2] (net)
                      0.034512    0.000000    0.343846 ^ _1715_/A (sky130_fd_sc_hd__buf_2)
     6    0.018495    0.099003    0.135030    0.478876 ^ _1715_/X (sky130_fd_sc_hd__buf_2)
                                                         _0664_ (net)
                      0.099003    0.000000    0.478876 ^ _1232_/A (sky130_fd_sc_hd__and2_2)
     1    0.001807    0.032979    0.130344    0.609219 ^ _1232_/X (sky130_fd_sc_hd__and2_2)
                                                         _0673_ (net)
                      0.032979    0.000000    0.609219 ^ _1851_/A (sky130_fd_sc_hd__buf_2)
     1    0.006890    0.045893    0.096629    0.705848 ^ _1851_/X (sky130_fd_sc_hd__buf_2)
                                                         u_top.dataMemory.s0_addr0[1] (net)
                      0.061190    0.000000    0.705848 ^ u_top.dataMemory.sram_even_words/addr0[1] (sky130_sram_2kbyte_1rw1r_32x512_8)
                                              0.705848   data arrival time

                      0.150000    0.000000    0.000000   clock clk (rise edge)
                                  0.000000    0.000000   clock network delay (ideal)
                                  0.250000    0.250000   clock uncertainty
                                  0.000000    0.250000   clock reconvergence pessimism
                                              0.250000 ^ u_top.dataMemory.sram_even_words/clk0 (sky130_sram_2kbyte_1rw1r_32x512_8)
                                 -0.056000    0.194000   library hold time
                                              0.194000   data required time
---------------------------------------------------------------------------------------------
                                              0.194000   data required time
                                             -0.705848   data arrival time
---------------------------------------------------------------------------------------------
                                              0.511848   slack (MET)


Startpoint: _1550_ (rising edge-triggered flip-flop clocked by clk)
Endpoint: _1550_ (rising edge-triggered flip-flop clocked by clk)
Path Group: clk
Path Type: min

Fanout         Cap        Slew       Delay        Time   Description
---------------------------------------------------------------------------------------------
                      0.150000    0.000000    0.000000   clock clk (rise edge)
                                  0.000000    0.000000   clock network delay (ideal)
                      0.150000    0.000000    0.000000 ^ _1550_/CLK (sky130_fd_sc_hd__dfxtp_2)
     1    0.001807    0.026610    0.319044    0.319044 ^ _1550_/Q (sky130_fd_sc_hd__dfxtp_2)
                                                         u_top.RV32I_Logic.Single_Cycle_Datapath.pcREG.q[20] (net)
                      0.026610    0.000000    0.319044 ^ _1769_/A (sky130_fd_sc_hd__buf_2)
     6    0.015260    0.083896    0.122029    0.441074 ^ _1769_/X (sky130_fd_sc_hd__buf_2)
                                                         _0640_ (net)
                      0.083896    0.000000    0.441074 ^ _1400_/B1 (sky130_fd_sc_hd__a21o_2)
     1    0.001584    0.022165    0.082414    0.523488 ^ _1400_/X (sky130_fd_sc_hd__a21o_2)
                                                         _0608_ (net)
                      0.022165    0.000000    0.523488 ^ _1402_/C (sky130_fd_sc_hd__and3b_2)
     1    0.001807    0.038284    0.149312    0.672799 ^ _1402_/X (sky130_fd_sc_hd__and3b_2)
                                                         _0409_ (net)
                      0.038284    0.000000    0.672799 ^ _1971_/A (sky130_fd_sc_hd__buf_2)
     1    0.001674    0.022674    0.079120    0.751919 ^ _1971_/X (sky130_fd_sc_hd__buf_2)
                                                         _1058_ (net)
                      0.022674    0.000000    0.751919 ^ _1550_/D (sky130_fd_sc_hd__dfxtp_2)
                                              0.751919   data arrival time

                      0.150000    0.000000    0.000000   clock clk (rise edge)
                                  0.000000    0.000000   clock network delay (ideal)
                                  0.250000    0.250000   clock uncertainty
                                  0.000000    0.250000   clock reconvergence pessimism
                                              0.250000 ^ _1550_/CLK (sky130_fd_sc_hd__dfxtp_2)
                                 -0.012801    0.237199   library hold time
                                              0.237199   data required time
---------------------------------------------------------------------------------------------
                                              0.237199   data required time
                                             -0.751919   data arrival time
---------------------------------------------------------------------------------------------
                                              0.514719   slack (MET)


Startpoint: _1563_ (rising edge-triggered flip-flop clocked by clk)
Endpoint: u_top.dataMemory.sram_odd_words
          (falling edge-triggered flip-flop clocked by clk)
Path Group: clk
Path Type: min

Fanout         Cap        Slew       Delay        Time   Description
---------------------------------------------------------------------------------------------
                      0.150000    0.000000    0.000000   clock clk (rise edge)
                                  0.000000    0.000000   clock network delay (ideal)
                      0.150000    0.000000    0.000000 ^ _1563_/CLK (sky130_fd_sc_hd__dfrtp_2)
     1    0.001807    0.034512    0.343846    0.343846 ^ _1563_/Q (sky130_fd_sc_hd__dfrtp_2)
                                                         u_top.dataMemory.clear_word[1] (net)
                      0.034512    0.000000    0.343846 ^ _1717_/A (sky130_fd_sc_hd__buf_2)
     6    0.014262    0.079231    0.121702    0.465548 ^ _1717_/X (sky130_fd_sc_hd__buf_2)
                                                         _0663_ (net)
                      0.079231    0.000000    0.465548 ^ _1091_/A (sky130_fd_sc_hd__nand2_2)
     3    0.014433    0.069777    0.077480    0.543028 v _1091_/Y (sky130_fd_sc_hd__nand2_2)
                                                         _0441_ (net)
                      0.069777    0.000000    0.543028 v _1222_/B (sky130_fd_sc_hd__nor2_2)
     1    0.001807    0.052868    0.067492    0.610521 ^ _1222_/Y (sky130_fd_sc_hd__nor2_2)
                                                         _0683_ (net)
                      0.052868    0.000000    0.610521 ^ _1840_/A (sky130_fd_sc_hd__buf_2)
     1    0.006890    0.045855    0.103685    0.714206 ^ _1840_/X (sky130_fd_sc_hd__buf_2)
                                                         u_top.dataMemory.s1_addr0[0] (net)
                      0.061140    0.000000    0.714206 ^ u_top.dataMemory.sram_odd_words/addr0[0] (sky130_sram_2kbyte_1rw1r_32x512_8)
                                              0.714206   data arrival time

                      0.150000    0.000000    0.000000   clock clk (rise edge)
                                  0.000000    0.000000   clock network delay (ideal)
                                  0.250000    0.250000   clock uncertainty
                                  0.000000    0.250000   clock reconvergence pessimism
                                              0.250000 ^ u_top.dataMemory.sram_odd_words/clk0 (sky130_sram_2kbyte_1rw1r_32x512_8)
                                 -0.056000    0.194000   library hold time
                                              0.194000   data required time
---------------------------------------------------------------------------------------------
                                              0.194000   data required time
                                             -0.714206   data arrival time
---------------------------------------------------------------------------------------------
                                              0.520206   slack (MET)


Startpoint: _1556_ (rising edge-triggered flip-flop clocked by clk)
Endpoint: _1556_ (rising edge-triggered flip-flop clocked by clk)
Path Group: clk
Path Type: min

Fanout         Cap        Slew       Delay        Time   Description
---------------------------------------------------------------------------------------------
                      0.150000    0.000000    0.000000   clock clk (rise edge)
                                  0.000000    0.000000   clock network delay (ideal)
                      0.150000    0.000000    0.000000 ^ _1556_/CLK (sky130_fd_sc_hd__dfxtp_2)
     1    0.001807    0.026610    0.319044    0.319044 ^ _1556_/Q (sky130_fd_sc_hd__dfxtp_2)
                                                         u_top.RV32I_Logic.Single_Cycle_Datapath.pcREG.q[26] (net)
                      0.026610    0.000000    0.319044 ^ _1799_/A (sky130_fd_sc_hd__buf_2)
     5    0.017050    0.092262    0.127659    0.446703 ^ _1799_/X (sky130_fd_sc_hd__buf_2)
                                                         _0646_ (net)
                      0.092262    0.000000    0.446703 ^ _1416_/B1 (sky130_fd_sc_hd__a21o_2)
     1    0.001584    0.022383    0.084959    0.531662 ^ _1416_/X (sky130_fd_sc_hd__a21o_2)
                                                         _0618_ (net)
                      0.022383    0.000000    0.531662 ^ _1418_/C (sky130_fd_sc_hd__and3b_2)
     1    0.001807    0.038249    0.149378    0.681041 ^ _1418_/X (sky130_fd_sc_hd__and3b_2)
                                                         _0415_ (net)
                      0.038249    0.000000    0.681041 ^ _1977_/A (sky130_fd_sc_hd__buf_2)
     1    0.001674    0.022674    0.079107    0.760148 ^ _1977_/X (sky130_fd_sc_hd__buf_2)
                                                         _1064_ (net)
                      0.022674    0.000000    0.760148 ^ _1556_/D (sky130_fd_sc_hd__dfxtp_2)
                                              0.760148   data arrival time

                      0.150000    0.000000    0.000000   clock clk (rise edge)
                                  0.000000    0.000000   clock network delay (ideal)
                                  0.250000    0.250000   clock uncertainty
                                  0.000000    0.250000   clock reconvergence pessimism
                                              0.250000 ^ _1556_/CLK (sky130_fd_sc_hd__dfxtp_2)
                                 -0.012801    0.237199   library hold time
                                              0.237199   data required time
---------------------------------------------------------------------------------------------
                                              0.237199   data required time
                                             -0.760148   data arrival time
---------------------------------------------------------------------------------------------
                                              0.522949   slack (MET)


Startpoint: _1562_ (rising edge-triggered flip-flop clocked by clk)
Endpoint: _1562_ (rising edge-triggered flip-flop clocked by clk)
Path Group: clk
Path Type: min

Fanout         Cap        Slew       Delay        Time   Description
---------------------------------------------------------------------------------------------
                      0.150000    0.000000    0.000000   clock clk (rise edge)
                                  0.000000    0.000000   clock network delay (ideal)
                      0.150000    0.000000    0.000000 ^ _1562_/CLK (sky130_fd_sc_hd__dfrtp_2)
     1    0.001807    0.034512    0.343846    0.343846 ^ _1562_/Q (sky130_fd_sc_hd__dfrtp_2)
                                                         u_top.dataMemory.clear_word[0] (net)
                      0.034512    0.000000    0.343846 ^ _1719_/A (sky130_fd_sc_hd__buf_2)
    15    0.035842    0.180029    0.189647    0.533493 ^ _1719_/X (sky130_fd_sc_hd__buf_2)
                                                         _0662_ (net)
                      0.180029    0.000000    0.533493 ^ _1125_/S (sky130_fd_sc_hd__mux2_1)
     1    0.001807    0.034953    0.144331    0.677824 ^ _1125_/X (sky130_fd_sc_hd__mux2_1)
                                                         _0421_ (net)
                      0.034953    0.000000    0.677824 ^ _1720_/A (sky130_fd_sc_hd__buf_2)
     1    0.002005    0.024144    0.079276    0.757100 ^ _1720_/X (sky130_fd_sc_hd__buf_2)
                                                         _1070_ (net)
                      0.024144    0.000000    0.757100 ^ _1562_/D (sky130_fd_sc_hd__dfrtp_2)
                                              0.757100   data arrival time

                      0.150000    0.000000    0.000000   clock clk (rise edge)
                                  0.000000    0.000000   clock network delay (ideal)
                                  0.250000    0.250000   clock uncertainty
                                  0.000000    0.250000   clock reconvergence pessimism
                                              0.250000 ^ _1562_/CLK (sky130_fd_sc_hd__dfrtp_2)
                                 -0.016066    0.233934   library hold time
                                              0.233934   data required time
---------------------------------------------------------------------------------------------
                                              0.233934   data required time
                                             -0.757100   data arrival time
---------------------------------------------------------------------------------------------
                                              0.523166   slack (MET)


Startpoint: _1570_ (rising edge-triggered flip-flop clocked by clk)
Endpoint: u_top.dataMemory.sram_odd_words
          (falling edge-triggered flip-flop clocked by clk)
Path Group: clk
Path Type: min

Fanout         Cap        Slew       Delay        Time   Description
---------------------------------------------------------------------------------------------
                      0.150000    0.000000    0.000000   clock clk (rise edge)
                                  0.000000    0.000000   clock network delay (ideal)
                      0.150000    0.000000    0.000000 ^ _1570_/CLK (sky130_fd_sc_hd__dfrtp_2)
     1    0.001807    0.034512    0.343846    0.343846 ^ _1570_/Q (sky130_fd_sc_hd__dfrtp_2)
                                                         u_top.dataMemory.clear_word[8] (net)
                      0.034512    0.000000    0.343846 ^ _1703_/A (sky130_fd_sc_hd__buf_2)
     6    0.014224    0.079054    0.121582    0.465429 ^ _1703_/X (sky130_fd_sc_hd__buf_2)
                                                         _0670_ (net)
                      0.079054    0.000000    0.465429 ^ _1229_/B (sky130_fd_sc_hd__and3_2)
     1    0.001807    0.037997    0.155506    0.620934 ^ _1229_/X (sky130_fd_sc_hd__and3_2)
                                                         _0690_ (net)
                      0.037997    0.000000    0.620934 ^ _1847_/A (sky130_fd_sc_hd__buf_2)
     1    0.006890    0.045883    0.098409    0.719343 ^ _1847_/X (sky130_fd_sc_hd__buf_2)
                                                         u_top.dataMemory.s1_addr0[7] (net)
                      0.061177    0.000000    0.719343 ^ u_top.dataMemory.sram_odd_words/addr0[7] (sky130_sram_2kbyte_1rw1r_32x512_8)
                                              0.719343   data arrival time

                      0.150000    0.000000    0.000000   clock clk (rise edge)
                                  0.000000    0.000000   clock network delay (ideal)
                                  0.250000    0.250000   clock uncertainty
                                  0.000000    0.250000   clock reconvergence pessimism
                                              0.250000 ^ u_top.dataMemory.sram_odd_words/clk0 (sky130_sram_2kbyte_1rw1r_32x512_8)
                                 -0.056000    0.194000   library hold time
                                              0.194000   data required time
---------------------------------------------------------------------------------------------
                                              0.194000   data required time
                                             -0.719343   data arrival time
---------------------------------------------------------------------------------------------
                                              0.525343   slack (MET)


Startpoint: _1553_ (rising edge-triggered flip-flop clocked by clk)
Endpoint: _1553_ (rising edge-triggered flip-flop clocked by clk)
Path Group: clk
Path Type: min

Fanout         Cap        Slew       Delay        Time   Description
---------------------------------------------------------------------------------------------
                      0.150000    0.000000    0.000000   clock clk (rise edge)
                                  0.000000    0.000000   clock network delay (ideal)
                      0.150000    0.000000    0.000000 ^ _1553_/CLK (sky130_fd_sc_hd__dfxtp_2)
     1    0.001807    0.026610    0.319044    0.319044 ^ _1553_/Q (sky130_fd_sc_hd__dfxtp_2)
                                                         u_top.RV32I_Logic.Single_Cycle_Datapath.pcREG.q[23] (net)
                      0.026610    0.000000    0.319044 ^ _1784_/A (sky130_fd_sc_hd__buf_2)
     7    0.018814    0.100507    0.133207    0.452252 ^ _1784_/X (sky130_fd_sc_hd__buf_2)
                                                         _0643_ (net)
                      0.100507    0.000000    0.452252 ^ _1408_/B1 (sky130_fd_sc_hd__a21o_2)
     1    0.001584    0.022599    0.087467    0.539718 ^ _1408_/X (sky130_fd_sc_hd__a21o_2)
                                                         _0613_ (net)
                      0.022599    0.000000    0.539718 ^ _1410_/C (sky130_fd_sc_hd__and3b_2)
     1    0.001807    0.038284    0.149444    0.689163 ^ _1410_/X (sky130_fd_sc_hd__and3b_2)
                                                         _0412_ (net)
                      0.038284    0.000000    0.689163 ^ _1974_/A (sky130_fd_sc_hd__buf_2)
     1    0.001674    0.022674    0.079120    0.768282 ^ _1974_/X (sky130_fd_sc_hd__buf_2)
                                                         _1061_ (net)
                      0.022674    0.000000    0.768282 ^ _1553_/D (sky130_fd_sc_hd__dfxtp_2)
                                              0.768282   data arrival time

                      0.150000    0.000000    0.000000   clock clk (rise edge)
                                  0.000000    0.000000   clock network delay (ideal)
                                  0.250000    0.250000   clock uncertainty
                                  0.000000    0.250000   clock reconvergence pessimism
                                              0.250000 ^ _1553_/CLK (sky130_fd_sc_hd__dfxtp_2)
                                 -0.012801    0.237199   library hold time
                                              0.237199   data required time
---------------------------------------------------------------------------------------------
                                              0.237199   data required time
                                             -0.768282   data arrival time
---------------------------------------------------------------------------------------------
                                              0.531083   slack (MET)


Startpoint: _1566_ (rising edge-triggered flip-flop clocked by clk)
Endpoint: u_top.dataMemory.sram_odd_words
          (falling edge-triggered flip-flop clocked by clk)
Path Group: clk
Path Type: min

Fanout         Cap        Slew       Delay        Time   Description
---------------------------------------------------------------------------------------------
                      0.150000    0.000000    0.000000   clock clk (rise edge)
                                  0.000000    0.000000   clock network delay (ideal)
                      0.150000    0.000000    0.000000 ^ _1566_/CLK (sky130_fd_sc_hd__dfrtp_2)
     1    0.001807    0.034512    0.343846    0.343846 ^ _1566_/Q (sky130_fd_sc_hd__dfrtp_2)
                                                         u_top.dataMemory.clear_word[4] (net)
                      0.034512    0.000000    0.343846 ^ _1711_/A (sky130_fd_sc_hd__buf_2)
     7    0.015780    0.086322    0.126481    0.470328 ^ _1711_/X (sky130_fd_sc_hd__buf_2)
                                                         _0666_ (net)
                      0.086322    0.000000    0.470328 ^ _1225_/B (sky130_fd_sc_hd__and3_2)
     1    0.001807    0.037994    0.157550    0.627878 ^ _1225_/X (sky130_fd_sc_hd__and3_2)
                                                         _0686_ (net)
                      0.037994    0.000000    0.627878 ^ _1843_/A (sky130_fd_sc_hd__buf_2)
     1    0.006890    0.045883    0.098408    0.726286 ^ _1843_/X (sky130_fd_sc_hd__buf_2)
                                                         u_top.dataMemory.s1_addr0[3] (net)
                      0.061177    0.000000    0.726286 ^ u_top.dataMemory.sram_odd_words/addr0[3] (sky130_sram_2kbyte_1rw1r_32x512_8)
                                              0.726286   data arrival time

                      0.150000    0.000000    0.000000   clock clk (rise edge)
                                  0.000000    0.000000   clock network delay (ideal)
                                  0.250000    0.250000   clock uncertainty
                                  0.000000    0.250000   clock reconvergence pessimism
                                              0.250000 ^ u_top.dataMemory.sram_odd_words/clk0 (sky130_sram_2kbyte_1rw1r_32x512_8)
                                 -0.056000    0.194000   library hold time
                                              0.194000   data required time
---------------------------------------------------------------------------------------------
                                              0.194000   data required time
                                             -0.726286   data arrival time
---------------------------------------------------------------------------------------------
                                              0.532286   slack (MET)


Startpoint: _1568_ (rising edge-triggered flip-flop clocked by clk)
Endpoint: u_top.dataMemory.sram_odd_words
          (falling edge-triggered flip-flop clocked by clk)
Path Group: clk
Path Type: min

Fanout         Cap        Slew       Delay        Time   Description
---------------------------------------------------------------------------------------------
                      0.150000    0.000000    0.000000   clock clk (rise edge)
                                  0.000000    0.000000   clock network delay (ideal)
                      0.150000    0.000000    0.000000 ^ _1568_/CLK (sky130_fd_sc_hd__dfrtp_2)
     1    0.001807    0.034512    0.343846    0.343846 ^ _1568_/Q (sky130_fd_sc_hd__dfrtp_2)
                                                         u_top.dataMemory.clear_word[6] (net)
                      0.034512    0.000000    0.343846 ^ _1707_/A (sky130_fd_sc_hd__buf_2)
     7    0.015780    0.086322    0.126481    0.470328 ^ _1707_/X (sky130_fd_sc_hd__buf_2)
                                                         _0668_ (net)
                      0.086322    0.000000    0.470328 ^ _1227_/B (sky130_fd_sc_hd__and3_2)
     1    0.001807    0.037994    0.157550    0.627878 ^ _1227_/X (sky130_fd_sc_hd__and3_2)
                                                         _0688_ (net)
                      0.037994    0.000000    0.627878 ^ _1845_/A (sky130_fd_sc_hd__buf_2)
     1    0.006890    0.045883    0.098408    0.726286 ^ _1845_/X (sky130_fd_sc_hd__buf_2)
                                                         u_top.dataMemory.s1_addr0[5] (net)
                      0.061177    0.000000    0.726286 ^ u_top.dataMemory.sram_odd_words/addr0[5] (sky130_sram_2kbyte_1rw1r_32x512_8)
                                              0.726286   data arrival time

                      0.150000    0.000000    0.000000   clock clk (rise edge)
                                  0.000000    0.000000   clock network delay (ideal)
                                  0.250000    0.250000   clock uncertainty
                                  0.000000    0.250000   clock reconvergence pessimism
                                              0.250000 ^ u_top.dataMemory.sram_odd_words/clk0 (sky130_sram_2kbyte_1rw1r_32x512_8)
                                 -0.056000    0.194000   library hold time
                                              0.194000   data required time
---------------------------------------------------------------------------------------------
                                              0.194000   data required time
                                             -0.726286   data arrival time
---------------------------------------------------------------------------------------------
                                              0.532286   slack (MET)


Startpoint: _1547_ (rising edge-triggered flip-flop clocked by clk)
Endpoint: _1547_ (rising edge-triggered flip-flop clocked by clk)
Path Group: clk
Path Type: min

Fanout         Cap        Slew       Delay        Time   Description
---------------------------------------------------------------------------------------------
                      0.150000    0.000000    0.000000   clock clk (rise edge)
                                  0.000000    0.000000   clock network delay (ideal)
                      0.150000    0.000000    0.000000 ^ _1547_/CLK (sky130_fd_sc_hd__dfxtp_2)
     1    0.001807    0.026610    0.319044    0.319044 ^ _1547_/Q (sky130_fd_sc_hd__dfxtp_2)
                                                         u_top.RV32I_Logic.Single_Cycle_Datapath.pcREG.q[17] (net)
                      0.026610    0.000000    0.319044 ^ _1754_/A (sky130_fd_sc_hd__buf_2)
     7    0.019907    0.105615    0.136645    0.455689 ^ _1754_/X (sky130_fd_sc_hd__buf_2)
                                                         _0637_ (net)
                      0.105615    0.000000    0.455689 ^ _1392_/B1 (sky130_fd_sc_hd__a21o_2)
     1    0.001584    0.022733    0.089021    0.544710 ^ _1392_/X (sky130_fd_sc_hd__a21o_2)
                                                         _0603_ (net)
                      0.022733    0.000000    0.544710 ^ _1394_/C (sky130_fd_sc_hd__and3b_2)
     1    0.001807    0.038284    0.149485    0.694195 ^ _1394_/X (sky130_fd_sc_hd__and3b_2)
                                                         _0406_ (net)
                      0.038284    0.000000    0.694195 ^ _1968_/A (sky130_fd_sc_hd__buf_2)
     1    0.001674    0.022674    0.079120    0.773315 ^ _1968_/X (sky130_fd_sc_hd__buf_2)
                                                         _1055_ (net)
                      0.022674    0.000000    0.773315 ^ _1547_/D (sky130_fd_sc_hd__dfxtp_2)
                                              0.773315   data arrival time

                      0.150000    0.000000    0.000000   clock clk (rise edge)
                                  0.000000    0.000000   clock network delay (ideal)
                                  0.250000    0.250000   clock uncertainty
                                  0.000000    0.250000   clock reconvergence pessimism
                                              0.250000 ^ _1547_/CLK (sky130_fd_sc_hd__dfxtp_2)
                                 -0.012801    0.237199   library hold time
                                              0.237199   data required time
---------------------------------------------------------------------------------------------
                                              0.237199   data required time
                                             -0.773315   data arrival time
---------------------------------------------------------------------------------------------
                                              0.536115   slack (MET)


Startpoint: _1564_ (rising edge-triggered flip-flop clocked by clk)
Endpoint: u_top.dataMemory.sram_odd_words
          (falling edge-triggered flip-flop clocked by clk)
Path Group: clk
Path Type: min

Fanout         Cap        Slew       Delay        Time   Description
---------------------------------------------------------------------------------------------
                      0.150000    0.000000    0.000000   clock clk (rise edge)
                                  0.000000    0.000000   clock network delay (ideal)
                      0.150000    0.000000    0.000000 ^ _1564_/CLK (sky130_fd_sc_hd__dfrtp_2)
     1    0.001807    0.034512    0.343846    0.343846 ^ _1564_/Q (sky130_fd_sc_hd__dfrtp_2)
                                                         u_top.dataMemory.clear_word[2] (net)
                      0.034512    0.000000    0.343846 ^ _1715_/A (sky130_fd_sc_hd__buf_2)
     6    0.018495    0.099003    0.135030    0.478876 ^ _1715_/X (sky130_fd_sc_hd__buf_2)
                                                         _0664_ (net)
                      0.099003    0.000000    0.478876 ^ _1223_/B (sky130_fd_sc_hd__and3_2)
     1    0.001807    0.037990    0.161118    0.639994 ^ _1223_/X (sky130_fd_sc_hd__and3_2)
                                                         _0684_ (net)
                      0.037990    0.000000    0.639994 ^ _1841_/A (sky130_fd_sc_hd__buf_2)
     1    0.006890    0.045883    0.098407    0.738400 ^ _1841_/X (sky130_fd_sc_hd__buf_2)
                                                         u_top.dataMemory.s1_addr0[1] (net)
                      0.061177    0.000000    0.738400 ^ u_top.dataMemory.sram_odd_words/addr0[1] (sky130_sram_2kbyte_1rw1r_32x512_8)
                                              0.738400   data arrival time

                      0.150000    0.000000    0.000000   clock clk (rise edge)
                                  0.000000    0.000000   clock network delay (ideal)
                                  0.250000    0.250000   clock uncertainty
                                  0.000000    0.250000   clock reconvergence pessimism
                                              0.250000 ^ u_top.dataMemory.sram_odd_words/clk0 (sky130_sram_2kbyte_1rw1r_32x512_8)
                                 -0.056000    0.194000   library hold time
                                              0.194000   data required time
---------------------------------------------------------------------------------------------
                                              0.194000   data required time
                                             -0.738400   data arrival time
---------------------------------------------------------------------------------------------
                                              0.544400   slack (MET)


Startpoint: _1562_ (rising edge-triggered flip-flop clocked by clk)
Endpoint: u_top.dataMemory.sram_odd_words
          (falling edge-triggered flip-flop clocked by clk)
Path Group: clk
Path Type: min

Fanout         Cap        Slew       Delay        Time   Description
---------------------------------------------------------------------------------------------
                      0.150000    0.000000    0.000000   clock clk (rise edge)
                                  0.000000    0.000000   clock network delay (ideal)
                      0.150000    0.000000    0.000000 ^ _1562_/CLK (sky130_fd_sc_hd__dfrtp_2)
     1    0.001807    0.034512    0.343846    0.343846 ^ _1562_/Q (sky130_fd_sc_hd__dfrtp_2)
                                                         u_top.dataMemory.clear_word[0] (net)
                      0.034512    0.000000    0.343846 ^ _1719_/A (sky130_fd_sc_hd__buf_2)
    15    0.035842    0.180029    0.189647    0.533493 ^ _1719_/X (sky130_fd_sc_hd__buf_2)
                                                         _0662_ (net)
                      0.180029    0.000000    0.533493 ^ _1123_/B (sky130_fd_sc_hd__nand2_2)
     2    0.005923    0.050971    0.075249    0.608742 v _1123_/Y (sky130_fd_sc_hd__nand2_2)
                                                         _0692_ (net)
                      0.050971    0.000000    0.608742 v _1849_/A (sky130_fd_sc_hd__buf_2)
     2    0.013780    0.048132    0.137657    0.746399 v _1849_/X (sky130_fd_sc_hd__buf_2)
                                                         u_top.dataMemory.s1_csb0 (net)
                      0.064176    0.000000    0.746399 v u_top.dataMemory.sram_odd_words/csb0 (sky130_sram_2kbyte_1rw1r_32x512_8)
                                              0.746399   data arrival time

                      0.150000    0.000000    0.000000   clock clk (rise edge)
                                  0.000000    0.000000   clock network delay (ideal)
                                  0.250000    0.250000   clock uncertainty
                                  0.000000    0.250000   clock reconvergence pessimism
                                              0.250000 ^ u_top.dataMemory.sram_odd_words/clk0 (sky130_sram_2kbyte_1rw1r_32x512_8)
                                 -0.056000    0.194000   library hold time
                                              0.194000   data required time
---------------------------------------------------------------------------------------------
                                              0.194000   data required time
                                             -0.746399   data arrival time
---------------------------------------------------------------------------------------------
                                              0.552399   slack (MET)


Startpoint: _1562_ (rising edge-triggered flip-flop clocked by clk)
Endpoint: u_top.dataMemory.sram_odd_words
          (falling edge-triggered flip-flop clocked by clk)
Path Group: clk
Path Type: min

Fanout         Cap        Slew       Delay        Time   Description
---------------------------------------------------------------------------------------------
                      0.150000    0.000000    0.000000   clock clk (rise edge)
                                  0.000000    0.000000   clock network delay (ideal)
                      0.150000    0.000000    0.000000 ^ _1562_/CLK (sky130_fd_sc_hd__dfrtp_2)
     1    0.001807    0.034512    0.343846    0.343846 ^ _1562_/Q (sky130_fd_sc_hd__dfrtp_2)
                                                         u_top.dataMemory.clear_word[0] (net)
                      0.034512    0.000000    0.343846 ^ _1719_/A (sky130_fd_sc_hd__buf_2)
    15    0.035842    0.180029    0.189647    0.533493 ^ _1719_/X (sky130_fd_sc_hd__buf_2)
                                                         _0662_ (net)
                      0.180029    0.000000    0.533493 ^ _1123_/B (sky130_fd_sc_hd__nand2_2)
     2    0.005923    0.050971    0.075249    0.608742 v _1123_/Y (sky130_fd_sc_hd__nand2_2)
                                                         _0692_ (net)
                      0.050971    0.000000    0.608742 v _1849_/A (sky130_fd_sc_hd__buf_2)
     2    0.013780    0.048132    0.137657    0.746399 v _1849_/X (sky130_fd_sc_hd__buf_2)
                                                         u_top.dataMemory.s1_csb0 (net)
                      0.085568    0.000000    0.746399 v u_top.dataMemory.sram_odd_words/web0 (sky130_sram_2kbyte_1rw1r_32x512_8)
                                              0.746399   data arrival time

                      0.150000    0.000000    0.000000   clock clk (rise edge)
                                  0.000000    0.000000   clock network delay (ideal)
                                  0.250000    0.250000   clock uncertainty
                                  0.000000    0.250000   clock reconvergence pessimism
                                              0.250000 ^ u_top.dataMemory.sram_odd_words/clk0 (sky130_sram_2kbyte_1rw1r_32x512_8)
                                 -0.056000    0.194000   library hold time
                                              0.194000   data required time
---------------------------------------------------------------------------------------------
                                              0.194000   data required time
                                             -0.746399   data arrival time
---------------------------------------------------------------------------------------------
                                              0.552399   slack (MET)


Startpoint: _1542_ (rising edge-triggered flip-flop clocked by clk)
Endpoint: _1542_ (rising edge-triggered flip-flop clocked by clk)
Path Group: clk
Path Type: min

Fanout         Cap        Slew       Delay        Time   Description
---------------------------------------------------------------------------------------------
                      0.150000    0.000000    0.000000   clock clk (rise edge)
                                  0.000000    0.000000   clock network delay (ideal)
                      0.150000    0.000000    0.000000 ^ _1542_/CLK (sky130_fd_sc_hd__dfxtp_2)
     1    0.001647    0.020500    0.317688    0.317688 v _1542_/Q (sky130_fd_sc_hd__dfxtp_2)
                                                         u_top.RV32I_Logic.Single_Cycle_Datapath.pcREG.q[12] (net)
                      0.020500    0.000000    0.317688 v _1722_/A (sky130_fd_sc_hd__buf_2)
    27    0.088817    0.203046    0.246928    0.564616 v _1722_/X (sky130_fd_sc_hd__buf_2)
                                                         _0632_ (net)
                      0.203046    0.000000    0.564616 v _1380_/A1 (sky130_fd_sc_hd__a21oi_2)
     1    0.001807    0.067735    0.146864    0.711480 ^ _1380_/Y (sky130_fd_sc_hd__a21oi_2)
                                                         _0401_ (net)
                      0.067735    0.000000    0.711480 ^ _1963_/A (sky130_fd_sc_hd__buf_2)
     1    0.001674    0.022805    0.089560    0.801040 ^ _1963_/X (sky130_fd_sc_hd__buf_2)
                                                         _1050_ (net)
                      0.022805    0.000000    0.801040 ^ _1542_/D (sky130_fd_sc_hd__dfxtp_2)
                                              0.801040   data arrival time

                      0.150000    0.000000    0.000000   clock clk (rise edge)
                                  0.000000    0.000000   clock network delay (ideal)
                                  0.250000    0.250000   clock uncertainty
                                  0.000000    0.250000   clock reconvergence pessimism
                                              0.250000 ^ _1542_/CLK (sky130_fd_sc_hd__dfxtp_2)
                                 -0.012827    0.237173   library hold time
                                              0.237173   data required time
---------------------------------------------------------------------------------------------
                                              0.237173   data required time
                                             -0.801040   data arrival time
---------------------------------------------------------------------------------------------
                                              0.563868   slack (MET)


Startpoint: _1562_ (rising edge-triggered flip-flop clocked by clk)
Endpoint: u_top.dataMemory.sram_even_words
          (falling edge-triggered flip-flop clocked by clk)
Path Group: clk
Path Type: min

Fanout         Cap        Slew       Delay        Time   Description
---------------------------------------------------------------------------------------------
                      0.150000    0.000000    0.000000   clock clk (rise edge)
                                  0.000000    0.000000   clock network delay (ideal)
                      0.150000    0.000000    0.000000 ^ _1562_/CLK (sky130_fd_sc_hd__dfrtp_2)
     1    0.001807    0.034512    0.343846    0.343846 ^ _1562_/Q (sky130_fd_sc_hd__dfrtp_2)
                                                         u_top.dataMemory.clear_word[0] (net)
                      0.034512    0.000000    0.343846 ^ _1719_/A (sky130_fd_sc_hd__buf_2)
    15    0.035842    0.180029    0.189647    0.533493 ^ _1719_/X (sky130_fd_sc_hd__buf_2)
                                                         _0662_ (net)
                      0.180029    0.000000    0.533493 ^ _1220_/B (sky130_fd_sc_hd__nor2_2)
    11    0.018550    0.062406    0.090767    0.624260 v _1220_/Y (sky130_fd_sc_hd__nor2_2)
                                                         _0682_ (net)
                      0.062406    0.000000    0.624260 v _1221_/A (sky130_fd_sc_hd__inv_2)
     1    0.001807    0.023497    0.040537    0.664797 ^ _1221_/Y (sky130_fd_sc_hd__inv_2)
                                                         _0681_ (net)
                      0.023497    0.000000    0.664797 ^ _1859_/A (sky130_fd_sc_hd__buf_2)
     2    0.013780    0.076978    0.116268    0.781064 ^ _1859_/X (sky130_fd_sc_hd__buf_2)
                                                         u_top.dataMemory.s0_csb0 (net)
                      0.102638    0.000000    0.781064 ^ u_top.dataMemory.sram_even_words/csb0 (sky130_sram_2kbyte_1rw1r_32x512_8)
                                              0.781064   data arrival time

                      0.150000    0.000000    0.000000   clock clk (rise edge)
                                  0.000000    0.000000   clock network delay (ideal)
                                  0.250000    0.250000   clock uncertainty
                                  0.000000    0.250000   clock reconvergence pessimism
                                              0.250000 ^ u_top.dataMemory.sram_even_words/clk0 (sky130_sram_2kbyte_1rw1r_32x512_8)
                                 -0.056000    0.194000   library hold time
                                              0.194000   data required time
---------------------------------------------------------------------------------------------
                                              0.194000   data required time
                                             -0.781064   data arrival time
---------------------------------------------------------------------------------------------
                                              0.587064   slack (MET)


Startpoint: _1562_ (rising edge-triggered flip-flop clocked by clk)
Endpoint: u_top.dataMemory.sram_even_words
          (falling edge-triggered flip-flop clocked by clk)
Path Group: clk
Path Type: min

Fanout         Cap        Slew       Delay        Time   Description
---------------------------------------------------------------------------------------------
                      0.150000    0.000000    0.000000   clock clk (rise edge)
                                  0.000000    0.000000   clock network delay (ideal)
                      0.150000    0.000000    0.000000 ^ _1562_/CLK (sky130_fd_sc_hd__dfrtp_2)
     1    0.001807    0.034512    0.343846    0.343846 ^ _1562_/Q (sky130_fd_sc_hd__dfrtp_2)
                                                         u_top.dataMemory.clear_word[0] (net)
                      0.034512    0.000000    0.343846 ^ _1719_/A (sky130_fd_sc_hd__buf_2)
    15    0.035842    0.180029    0.189647    0.533493 ^ _1719_/X (sky130_fd_sc_hd__buf_2)
                                                         _0662_ (net)
                      0.180029    0.000000    0.533493 ^ _1220_/B (sky130_fd_sc_hd__nor2_2)
    11    0.018550    0.062406    0.090767    0.624260 v _1220_/Y (sky130_fd_sc_hd__nor2_2)
                                                         _0682_ (net)
                      0.062406    0.000000    0.624260 v _1221_/A (sky130_fd_sc_hd__inv_2)
     1    0.001807    0.023497    0.040537    0.664797 ^ _1221_/Y (sky130_fd_sc_hd__inv_2)
                                                         _0681_ (net)
                      0.023497    0.000000    0.664797 ^ _1859_/A (sky130_fd_sc_hd__buf_2)
     2    0.013780    0.076978    0.116268    0.781064 ^ _1859_/X (sky130_fd_sc_hd__buf_2)
                                                         u_top.dataMemory.s0_csb0 (net)
                      0.136850    0.000000    0.781064 ^ u_top.dataMemory.sram_even_words/web0 (sky130_sram_2kbyte_1rw1r_32x512_8)
                                              0.781064   data arrival time

                      0.150000    0.000000    0.000000   clock clk (rise edge)
                                  0.000000    0.000000   clock network delay (ideal)
                                  0.250000    0.250000   clock uncertainty
                                  0.000000    0.250000   clock reconvergence pessimism
                                              0.250000 ^ u_top.dataMemory.sram_even_words/clk0 (sky130_sram_2kbyte_1rw1r_32x512_8)
                                 -0.056000    0.194000   library hold time
                                              0.194000   data required time
---------------------------------------------------------------------------------------------
                                              0.194000   data required time
                                             -0.781064   data arrival time
---------------------------------------------------------------------------------------------
                                              0.587064   slack (MET)


Startpoint: _1562_ (rising edge-triggered flip-flop clocked by clk)
Endpoint: u_top.dataMemory.sram_even_words
          (falling edge-triggered flip-flop clocked by clk)
Path Group: clk
Path Type: min

Fanout         Cap        Slew       Delay        Time   Description
---------------------------------------------------------------------------------------------
                      0.150000    0.000000    0.000000   clock clk (rise edge)
                                  0.000000    0.000000   clock network delay (ideal)
                      0.150000    0.000000    0.000000 ^ _1562_/CLK (sky130_fd_sc_hd__dfrtp_2)
     1    0.001807    0.034512    0.343846    0.343846 ^ _1562_/Q (sky130_fd_sc_hd__dfrtp_2)
                                                         u_top.dataMemory.clear_word[0] (net)
                      0.034512    0.000000    0.343846 ^ _1719_/A (sky130_fd_sc_hd__buf_2)
    15    0.035842    0.180029    0.189647    0.533493 ^ _1719_/X (sky130_fd_sc_hd__buf_2)
                                                         _0662_ (net)
                      0.180029    0.000000    0.533493 ^ _1220_/B (sky130_fd_sc_hd__nor2_2)
    11    0.018550    0.062406    0.090767    0.624260 v _1220_/Y (sky130_fd_sc_hd__nor2_2)
                                                         _0682_ (net)
                      0.062406    0.000000    0.624260 v _1829_/A (sky130_fd_sc_hd__buf_2)
     7    0.032501    0.085290    0.175796    0.800056 v _1829_/X (sky130_fd_sc_hd__buf_2)
                                                         u_top.dataMemory.s0_wmask0[3] (net)
                      0.269558    0.000000    0.800056 v u_top.dataMemory.sram_even_words/wmask0[0] (sky130_sram_2kbyte_1rw1r_32x512_8)
                                              0.800056   data arrival time

                      0.150000    0.000000    0.000000   clock clk (rise edge)
                                  0.000000    0.000000   clock network delay (ideal)
                                  0.250000    0.250000   clock uncertainty
                                  0.000000    0.250000   clock reconvergence pessimism
                                              0.250000 ^ u_top.dataMemory.sram_even_words/clk0 (sky130_sram_2kbyte_1rw1r_32x512_8)
                                 -0.056000    0.194000   library hold time
                                              0.194000   data required time
---------------------------------------------------------------------------------------------
                                              0.194000   data required time
                                             -0.800056   data arrival time
---------------------------------------------------------------------------------------------
                                              0.606056   slack (MET)


Startpoint: _1562_ (rising edge-triggered flip-flop clocked by clk)
Endpoint: u_top.dataMemory.sram_even_words
          (falling edge-triggered flip-flop clocked by clk)
Path Group: clk
Path Type: min

Fanout         Cap        Slew       Delay        Time   Description
---------------------------------------------------------------------------------------------
                      0.150000    0.000000    0.000000   clock clk (rise edge)
                                  0.000000    0.000000   clock network delay (ideal)
                      0.150000    0.000000    0.000000 ^ _1562_/CLK (sky130_fd_sc_hd__dfrtp_2)
     1    0.001807    0.034512    0.343846    0.343846 ^ _1562_/Q (sky130_fd_sc_hd__dfrtp_2)
                                                         u_top.dataMemory.clear_word[0] (net)
                      0.034512    0.000000    0.343846 ^ _1719_/A (sky130_fd_sc_hd__buf_2)
    15    0.035842    0.180029    0.189647    0.533493 ^ _1719_/X (sky130_fd_sc_hd__buf_2)
                                                         _0662_ (net)
                      0.180029    0.000000    0.533493 ^ _1220_/B (sky130_fd_sc_hd__nor2_2)
    11    0.018550    0.062406    0.090767    0.624260 v _1220_/Y (sky130_fd_sc_hd__nor2_2)
                                                         _0682_ (net)
                      0.062406    0.000000    0.624260 v _1829_/A (sky130_fd_sc_hd__buf_2)
     7    0.032501    0.085290    0.175796    0.800056 v _1829_/X (sky130_fd_sc_hd__buf_2)
                                                         u_top.dataMemory.s0_wmask0[3] (net)
                      0.202168    0.000000    0.800056 v u_top.dataMemory.sram_even_words/wmask0[1] (sky130_sram_2kbyte_1rw1r_32x512_8)
                                              0.800056   data arrival time

                      0.150000    0.000000    0.000000   clock clk (rise edge)
                                  0.000000    0.000000   clock network delay (ideal)
                                  0.250000    0.250000   clock uncertainty
                                  0.000000    0.250000   clock reconvergence pessimism
                                              0.250000 ^ u_top.dataMemory.sram_even_words/clk0 (sky130_sram_2kbyte_1rw1r_32x512_8)
                                 -0.056000    0.194000   library hold time
                                              0.194000   data required time
---------------------------------------------------------------------------------------------
                                              0.194000   data required time
                                             -0.800056   data arrival time
---------------------------------------------------------------------------------------------
                                              0.606056   slack (MET)


Startpoint: _1562_ (rising edge-triggered flip-flop clocked by clk)
Endpoint: u_top.dataMemory.sram_even_words
          (falling edge-triggered flip-flop clocked by clk)
Path Group: clk
Path Type: min

Fanout         Cap        Slew       Delay        Time   Description
---------------------------------------------------------------------------------------------
                      0.150000    0.000000    0.000000   clock clk (rise edge)
                                  0.000000    0.000000   clock network delay (ideal)
                      0.150000    0.000000    0.000000 ^ _1562_/CLK (sky130_fd_sc_hd__dfrtp_2)
     1    0.001807    0.034512    0.343846    0.343846 ^ _1562_/Q (sky130_fd_sc_hd__dfrtp_2)
                                                         u_top.dataMemory.clear_word[0] (net)
                      0.034512    0.000000    0.343846 ^ _1719_/A (sky130_fd_sc_hd__buf_2)
    15    0.035842    0.180029    0.189647    0.533493 ^ _1719_/X (sky130_fd_sc_hd__buf_2)
                                                         _0662_ (net)
                      0.180029    0.000000    0.533493 ^ _1220_/B (sky130_fd_sc_hd__nor2_2)
    11    0.018550    0.062406    0.090767    0.624260 v _1220_/Y (sky130_fd_sc_hd__nor2_2)
                                                         _0682_ (net)
                      0.062406    0.000000    0.624260 v _1829_/A (sky130_fd_sc_hd__buf_2)
     7    0.032501    0.085290    0.175796    0.800056 v _1829_/X (sky130_fd_sc_hd__buf_2)
                                                         u_top.dataMemory.s0_wmask0[3] (net)
                      0.151626    0.000000    0.800056 v u_top.dataMemory.sram_even_words/wmask0[2] (sky130_sram_2kbyte_1rw1r_32x512_8)
                                              0.800056   data arrival time

                      0.150000    0.000000    0.000000   clock clk (rise edge)
                                  0.000000    0.000000   clock network delay (ideal)
                                  0.250000    0.250000   clock uncertainty
                                  0.000000    0.250000   clock reconvergence pessimism
                                              0.250000 ^ u_top.dataMemory.sram_even_words/clk0 (sky130_sram_2kbyte_1rw1r_32x512_8)
                                 -0.056000    0.194000   library hold time
                                              0.194000   data required time
---------------------------------------------------------------------------------------------
                                              0.194000   data required time
                                             -0.800056   data arrival time
---------------------------------------------------------------------------------------------
                                              0.606056   slack (MET)


Startpoint: _1562_ (rising edge-triggered flip-flop clocked by clk)
Endpoint: u_top.dataMemory.sram_even_words
          (falling edge-triggered flip-flop clocked by clk)
Path Group: clk
Path Type: min

Fanout         Cap        Slew       Delay        Time   Description
---------------------------------------------------------------------------------------------
                      0.150000    0.000000    0.000000   clock clk (rise edge)
                                  0.000000    0.000000   clock network delay (ideal)
                      0.150000    0.000000    0.000000 ^ _1562_/CLK (sky130_fd_sc_hd__dfrtp_2)
     1    0.001807    0.034512    0.343846    0.343846 ^ _1562_/Q (sky130_fd_sc_hd__dfrtp_2)
                                                         u_top.dataMemory.clear_word[0] (net)
                      0.034512    0.000000    0.343846 ^ _1719_/A (sky130_fd_sc_hd__buf_2)
    15    0.035842    0.180029    0.189647    0.533493 ^ _1719_/X (sky130_fd_sc_hd__buf_2)
                                                         _0662_ (net)
                      0.180029    0.000000    0.533493 ^ _1220_/B (sky130_fd_sc_hd__nor2_2)
    11    0.018550    0.062406    0.090767    0.624260 v _1220_/Y (sky130_fd_sc_hd__nor2_2)
                                                         _0682_ (net)
                      0.062406    0.000000    0.624260 v _1829_/A (sky130_fd_sc_hd__buf_2)
     7    0.032501    0.085290    0.175796    0.800056 v _1829_/X (sky130_fd_sc_hd__buf_2)
                                                         u_top.dataMemory.s0_wmask0[3] (net)
                      0.113720    0.000000    0.800056 v u_top.dataMemory.sram_even_words/wmask0[3] (sky130_sram_2kbyte_1rw1r_32x512_8)
                                              0.800056   data arrival time

                      0.150000    0.000000    0.000000   clock clk (rise edge)
                                  0.000000    0.000000   clock network delay (ideal)
                                  0.250000    0.250000   clock uncertainty
                                  0.000000    0.250000   clock reconvergence pessimism
                                              0.250000 ^ u_top.dataMemory.sram_even_words/clk0 (sky130_sram_2kbyte_1rw1r_32x512_8)
                                 -0.056000    0.194000   library hold time
                                              0.194000   data required time
---------------------------------------------------------------------------------------------
                                              0.194000   data required time
                                             -0.800056   data arrival time
---------------------------------------------------------------------------------------------
                                              0.606056   slack (MET)


Startpoint: _1573_ (rising edge-triggered flip-flop clocked by clk)
Endpoint: u_top.dataMemory.sram_odd_words
          (falling edge-triggered flip-flop clocked by clk)
Path Group: clk
Path Type: min

Fanout         Cap        Slew       Delay        Time   Description
---------------------------------------------------------------------------------------------
                      0.150000    0.000000    0.000000   clock clk (rise edge)
                                  0.000000    0.000000   clock network delay (ideal)
                      0.150000    0.000000    0.000000 ^ _1573_/CLK (sky130_fd_sc_hd__dfstp_2)
     3    0.015427    0.048249    0.398196    0.398196 v _1573_/Q (sky130_fd_sc_hd__dfstp_2)
                                                         u_top.dataMemory.clear_active (net)
                      0.048249    0.000000    0.398196 v _1699_/A (sky130_fd_sc_hd__buf_2)
    12    0.026245    0.072899    0.158677    0.556873 v _1699_/X (sky130_fd_sc_hd__buf_2)
                                                         _0660_ (net)
                      0.072899    0.000000    0.556873 v _1123_/A (sky130_fd_sc_hd__nand2_2)
     2    0.006449    0.049634    0.068678    0.625551 ^ _1123_/Y (sky130_fd_sc_hd__nand2_2)
                                                         _0692_ (net)
                      0.049634    0.000000    0.625551 ^ _1124_/A (sky130_fd_sc_hd__inv_2)
     1    0.001647    0.013853    0.022658    0.648210 v _1124_/Y (sky130_fd_sc_hd__inv_2)
                                                         _0693_ (net)
                      0.013853    0.000000    0.648210 v _1828_/A (sky130_fd_sc_hd__buf_2)
     7    0.032501    0.085403    0.155947    0.804157 v _1828_/X (sky130_fd_sc_hd__buf_2)
                                                         u_top.dataMemory.s1_wmask0[3] (net)
                      0.269917    0.000000    0.804157 v u_top.dataMemory.sram_odd_words/wmask0[0] (sky130_sram_2kbyte_1rw1r_32x512_8)
                                              0.804157   data arrival time

                      0.150000    0.000000    0.000000   clock clk (rise edge)
                                  0.000000    0.000000   clock network delay (ideal)
                                  0.250000    0.250000   clock uncertainty
                                  0.000000    0.250000   clock reconvergence pessimism
                                              0.250000 ^ u_top.dataMemory.sram_odd_words/clk0 (sky130_sram_2kbyte_1rw1r_32x512_8)
                                 -0.056000    0.194000   library hold time
                                              0.194000   data required time
---------------------------------------------------------------------------------------------
                                              0.194000   data required time
                                             -0.804157   data arrival time
---------------------------------------------------------------------------------------------
                                              0.610157   slack (MET)


Startpoint: _1573_ (rising edge-triggered flip-flop clocked by clk)
Endpoint: u_top.dataMemory.sram_odd_words
          (falling edge-triggered flip-flop clocked by clk)
Path Group: clk
Path Type: min

Fanout         Cap        Slew       Delay        Time   Description
---------------------------------------------------------------------------------------------
                      0.150000    0.000000    0.000000   clock clk (rise edge)
                                  0.000000    0.000000   clock network delay (ideal)
                      0.150000    0.000000    0.000000 ^ _1573_/CLK (sky130_fd_sc_hd__dfstp_2)
     3    0.015427    0.048249    0.398196    0.398196 v _1573_/Q (sky130_fd_sc_hd__dfstp_2)
                                                         u_top.dataMemory.clear_active (net)
                      0.048249    0.000000    0.398196 v _1699_/A (sky130_fd_sc_hd__buf_2)
    12    0.026245    0.072899    0.158677    0.556873 v _1699_/X (sky130_fd_sc_hd__buf_2)
                                                         _0660_ (net)
                      0.072899    0.000000    0.556873 v _1123_/A (sky130_fd_sc_hd__nand2_2)
     2    0.006449    0.049634    0.068678    0.625551 ^ _1123_/Y (sky130_fd_sc_hd__nand2_2)
                                                         _0692_ (net)
                      0.049634    0.000000    0.625551 ^ _1124_/A (sky130_fd_sc_hd__inv_2)
     1    0.001647    0.013853    0.022658    0.648210 v _1124_/Y (sky130_fd_sc_hd__inv_2)
                                                         _0693_ (net)
                      0.013853    0.000000    0.648210 v _1828_/A (sky130_fd_sc_hd__buf_2)
     7    0.032501    0.085403    0.155947    0.804157 v _1828_/X (sky130_fd_sc_hd__buf_2)
                                                         u_top.dataMemory.s1_wmask0[3] (net)
                      0.202438    0.000000    0.804157 v u_top.dataMemory.sram_odd_words/wmask0[1] (sky130_sram_2kbyte_1rw1r_32x512_8)
                                              0.804157   data arrival time

                      0.150000    0.000000    0.000000   clock clk (rise edge)
                                  0.000000    0.000000   clock network delay (ideal)
                                  0.250000    0.250000   clock uncertainty
                                  0.000000    0.250000   clock reconvergence pessimism
                                              0.250000 ^ u_top.dataMemory.sram_odd_words/clk0 (sky130_sram_2kbyte_1rw1r_32x512_8)
                                 -0.056000    0.194000   library hold time
                                              0.194000   data required time
---------------------------------------------------------------------------------------------
                                              0.194000   data required time
                                             -0.804157   data arrival time
---------------------------------------------------------------------------------------------
                                              0.610157   slack (MET)


Startpoint: _1573_ (rising edge-triggered flip-flop clocked by clk)
Endpoint: u_top.dataMemory.sram_odd_words
          (falling edge-triggered flip-flop clocked by clk)
Path Group: clk
Path Type: min

Fanout         Cap        Slew       Delay        Time   Description
---------------------------------------------------------------------------------------------
                      0.150000    0.000000    0.000000   clock clk (rise edge)
                                  0.000000    0.000000   clock network delay (ideal)
                      0.150000    0.000000    0.000000 ^ _1573_/CLK (sky130_fd_sc_hd__dfstp_2)
     3    0.015427    0.048249    0.398196    0.398196 v _1573_/Q (sky130_fd_sc_hd__dfstp_2)
                                                         u_top.dataMemory.clear_active (net)
                      0.048249    0.000000    0.398196 v _1699_/A (sky130_fd_sc_hd__buf_2)
    12    0.026245    0.072899    0.158677    0.556873 v _1699_/X (sky130_fd_sc_hd__buf_2)
                                                         _0660_ (net)
                      0.072899    0.000000    0.556873 v _1123_/A (sky130_fd_sc_hd__nand2_2)
     2    0.006449    0.049634    0.068678    0.625551 ^ _1123_/Y (sky130_fd_sc_hd__nand2_2)
                                                         _0692_ (net)
                      0.049634    0.000000    0.625551 ^ _1124_/A (sky130_fd_sc_hd__inv_2)
     1    0.001647    0.013853    0.022658    0.648210 v _1124_/Y (sky130_fd_sc_hd__inv_2)
                                                         _0693_ (net)
                      0.013853    0.000000    0.648210 v _1828_/A (sky130_fd_sc_hd__buf_2)
     7    0.032501    0.085403    0.155947    0.804157 v _1828_/X (sky130_fd_sc_hd__buf_2)
                                                         u_top.dataMemory.s1_wmask0[3] (net)
                      0.151828    0.000000    0.804157 v u_top.dataMemory.sram_odd_words/wmask0[2] (sky130_sram_2kbyte_1rw1r_32x512_8)
                                              0.804157   data arrival time

                      0.150000    0.000000    0.000000   clock clk (rise edge)
                                  0.000000    0.000000   clock network delay (ideal)
                                  0.250000    0.250000   clock uncertainty
                                  0.000000    0.250000   clock reconvergence pessimism
                                              0.250000 ^ u_top.dataMemory.sram_odd_words/clk0 (sky130_sram_2kbyte_1rw1r_32x512_8)
                                 -0.056000    0.194000   library hold time
                                              0.194000   data required time
---------------------------------------------------------------------------------------------
                                              0.194000   data required time
                                             -0.804157   data arrival time
---------------------------------------------------------------------------------------------
                                              0.610157   slack (MET)


Startpoint: _1573_ (rising edge-triggered flip-flop clocked by clk)
Endpoint: u_top.dataMemory.sram_odd_words
          (falling edge-triggered flip-flop clocked by clk)
Path Group: clk
Path Type: min

Fanout         Cap        Slew       Delay        Time   Description
---------------------------------------------------------------------------------------------
                      0.150000    0.000000    0.000000   clock clk (rise edge)
                                  0.000000    0.000000   clock network delay (ideal)
                      0.150000    0.000000    0.000000 ^ _1573_/CLK (sky130_fd_sc_hd__dfstp_2)
     3    0.015427    0.048249    0.398196    0.398196 v _1573_/Q (sky130_fd_sc_hd__dfstp_2)
                                                         u_top.dataMemory.clear_active (net)
                      0.048249    0.000000    0.398196 v _1699_/A (sky130_fd_sc_hd__buf_2)
    12    0.026245    0.072899    0.158677    0.556873 v _1699_/X (sky130_fd_sc_hd__buf_2)
                                                         _0660_ (net)
                      0.072899    0.000000    0.556873 v _1123_/A (sky130_fd_sc_hd__nand2_2)
     2    0.006449    0.049634    0.068678    0.625551 ^ _1123_/Y (sky130_fd_sc_hd__nand2_2)
                                                         _0692_ (net)
                      0.049634    0.000000    0.625551 ^ _1124_/A (sky130_fd_sc_hd__inv_2)
     1    0.001647    0.013853    0.022658    0.648210 v _1124_/Y (sky130_fd_sc_hd__inv_2)
                                                         _0693_ (net)
                      0.013853    0.000000    0.648210 v _1828_/A (sky130_fd_sc_hd__buf_2)
     7    0.032501    0.085403    0.155947    0.804157 v _1828_/X (sky130_fd_sc_hd__buf_2)
                                                         u_top.dataMemory.s1_wmask0[3] (net)
                      0.113871    0.000000    0.804157 v u_top.dataMemory.sram_odd_words/wmask0[3] (sky130_sram_2kbyte_1rw1r_32x512_8)
                                              0.804157   data arrival time

                      0.150000    0.000000    0.000000   clock clk (rise edge)
                                  0.000000    0.000000   clock network delay (ideal)
                                  0.250000    0.250000   clock uncertainty
                                  0.000000    0.250000   clock reconvergence pessimism
                                              0.250000 ^ u_top.dataMemory.sram_odd_words/clk0 (sky130_sram_2kbyte_1rw1r_32x512_8)
                                 -0.056000    0.194000   library hold time
                                              0.194000   data required time
---------------------------------------------------------------------------------------------
                                              0.194000   data required time
                                             -0.804157   data arrival time
---------------------------------------------------------------------------------------------
                                              0.610157   slack (MET)


Startpoint: _1543_ (rising edge-triggered flip-flop clocked by clk)
Endpoint: _1543_ (rising edge-triggered flip-flop clocked by clk)
Path Group: clk
Path Type: min

Fanout         Cap        Slew       Delay        Time   Description
---------------------------------------------------------------------------------------------
                      0.150000    0.000000    0.000000   clock clk (rise edge)
                                  0.000000    0.000000   clock network delay (ideal)
                      0.150000    0.000000    0.000000 ^ _1543_/CLK (sky130_fd_sc_hd__dfxtp_2)
     1    0.001807    0.026610    0.319044    0.319044 ^ _1543_/Q (sky130_fd_sc_hd__dfxtp_2)
                                                         u_top.RV32I_Logic.Single_Cycle_Datapath.pcREG.q[13] (net)
                      0.026610    0.000000    0.319044 ^ _1721_/A (sky130_fd_sc_hd__buf_2)
    25    0.070363    0.343870    0.294304    0.613348 ^ _1721_/X (sky130_fd_sc_hd__buf_2)
                                                         _0633_ (net)
                      0.343870    0.000000    0.613348 ^ _1381_/B1 (sky130_fd_sc_hd__a21o_2)
     1    0.001584    0.025399    0.126850    0.740198 ^ _1381_/X (sky130_fd_sc_hd__a21o_2)
                                                         _0596_ (net)
                      0.025399    0.000000    0.740198 ^ _1383_/C (sky130_fd_sc_hd__and3b_2)
     1    0.001807    0.038283    0.150172    0.890370 ^ _1383_/X (sky130_fd_sc_hd__and3b_2)
                                                         _0402_ (net)
                      0.038283    0.000000    0.890370 ^ _1964_/A (sky130_fd_sc_hd__buf_2)
     1    0.001674    0.022674    0.079119    0.969490 ^ _1964_/X (sky130_fd_sc_hd__buf_2)
                                                         _1051_ (net)
                      0.022674    0.000000    0.969490 ^ _1543_/D (sky130_fd_sc_hd__dfxtp_2)
                                              0.969490   data arrival time

                      0.150000    0.000000    0.000000   clock clk (rise edge)
                                  0.000000    0.000000   clock network delay (ideal)
                                  0.250000    0.250000   clock uncertainty
                                  0.000000    0.250000   clock reconvergence pessimism
                                              0.250000 ^ _1543_/CLK (sky130_fd_sc_hd__dfxtp_2)
                                 -0.012801    0.237199   library hold time
                                              0.237199   data required time
---------------------------------------------------------------------------------------------
                                              0.237199   data required time
                                             -0.969490   data arrival time
---------------------------------------------------------------------------------------------
                                              0.732290   slack (MET)


Startpoint: reset (input port clocked by clk)
Endpoint: _1563_ (removal check against rising-edge clock clk)
Path Group: asynchronous
Path Type: min

Fanout         Cap        Slew       Delay        Time   Description
---------------------------------------------------------------------------------------------
                      0.150000    0.000000    0.000000   clock clk (rise edge)
                                  0.000000    0.000000   clock network delay (ideal)
                                  2.000000    2.000000 v input external delay
     1    0.001647    0.006202    0.002346    2.002346 v reset (in)
                                                         reset (net)
                      0.006202    0.000000    2.002346 v _1826_/A (sky130_fd_sc_hd__buf_2)
    14    0.059638    0.141777    0.196129    2.198475 v _1826_/X (sky130_fd_sc_hd__buf_2)
                                                         _0629_ (net)
                      0.141777    0.000000    2.198475 v _1433_/A (sky130_fd_sc_hd__inv_2)
     1    0.001807    0.037881    0.060231    2.258707 ^ _1433_/Y (sky130_fd_sc_hd__inv_2)
                                                         _0292_ (net)
                      0.037881    0.000000    2.258707 ^ _1984_/A (sky130_fd_sc_hd__buf_2)
     1    0.003612    0.031239    0.086830    2.345537 ^ _1984_/X (sky130_fd_sc_hd__buf_2)
                                                         _0878_ (net)
                      0.031239    0.000000    2.345537 ^ _1563_/RESET_B (sky130_fd_sc_hd__dfrtp_2)
                                              2.345537   data arrival time

                      0.150000    0.000000    0.000000   clock clk (rise edge)
                                  0.000000    0.000000   clock network delay (ideal)
                                  0.250000    0.250000   clock uncertainty
                                  0.000000    0.250000   clock reconvergence pessimism
                                              0.250000 ^ _1563_/CLK (sky130_fd_sc_hd__dfrtp_2)
                                  0.345388    0.595388   library removal time
                                              0.595388   data required time
---------------------------------------------------------------------------------------------
                                              0.595388   data required time
                                             -2.345537   data arrival time
---------------------------------------------------------------------------------------------
                                              1.750148   slack (MET)


Startpoint: reset (input port clocked by clk)
Endpoint: _1564_ (removal check against rising-edge clock clk)
Path Group: asynchronous
Path Type: min

Fanout         Cap        Slew       Delay        Time   Description
---------------------------------------------------------------------------------------------
                      0.150000    0.000000    0.000000   clock clk (rise edge)
                                  0.000000    0.000000   clock network delay (ideal)
                                  2.000000    2.000000 v input external delay
     1    0.001647    0.006202    0.002346    2.002346 v reset (in)
                                                         reset (net)
                      0.006202    0.000000    2.002346 v _1826_/A (sky130_fd_sc_hd__buf_2)
    14    0.059638    0.141777    0.196129    2.198475 v _1826_/X (sky130_fd_sc_hd__buf_2)
                                                         _0629_ (net)
                      0.141777    0.000000    2.198475 v _1434_/A (sky130_fd_sc_hd__inv_2)
     1    0.001807    0.037881    0.060231    2.258707 ^ _1434_/Y (sky130_fd_sc_hd__inv_2)
                                                         _0293_ (net)
                      0.037881    0.000000    2.258707 ^ _1985_/A (sky130_fd_sc_hd__buf_2)
     1    0.003612    0.031239    0.086830    2.345537 ^ _1985_/X (sky130_fd_sc_hd__buf_2)
                                                         _0879_ (net)
                      0.031239    0.000000    2.345537 ^ _1564_/RESET_B (sky130_fd_sc_hd__dfrtp_2)
                                              2.345537   data arrival time

                      0.150000    0.000000    0.000000   clock clk (rise edge)
                                  0.000000    0.000000   clock network delay (ideal)
                                  0.250000    0.250000   clock uncertainty
                                  0.000000    0.250000   clock reconvergence pessimism
                                              0.250000 ^ _1564_/CLK (sky130_fd_sc_hd__dfrtp_2)
                                  0.345388    0.595388   library removal time
                                              0.595388   data required time
---------------------------------------------------------------------------------------------
                                              0.595388   data required time
                                             -2.345537   data arrival time
---------------------------------------------------------------------------------------------
                                              1.750148   slack (MET)


Startpoint: reset (input port clocked by clk)
Endpoint: _1565_ (removal check against rising-edge clock clk)
Path Group: asynchronous
Path Type: min

Fanout         Cap        Slew       Delay        Time   Description
---------------------------------------------------------------------------------------------
                      0.150000    0.000000    0.000000   clock clk (rise edge)
                                  0.000000    0.000000   clock network delay (ideal)
                                  2.000000    2.000000 v input external delay
     1    0.001647    0.006202    0.002346    2.002346 v reset (in)
                                                         reset (net)
                      0.006202    0.000000    2.002346 v _1826_/A (sky130_fd_sc_hd__buf_2)
    14    0.059638    0.141777    0.196129    2.198475 v _1826_/X (sky130_fd_sc_hd__buf_2)
                                                         _0629_ (net)
                      0.141777    0.000000    2.198475 v _1435_/A (sky130_fd_sc_hd__inv_2)
     1    0.001807    0.037881    0.060231    2.258707 ^ _1435_/Y (sky130_fd_sc_hd__inv_2)
                                                         _0294_ (net)
                      0.037881    0.000000    2.258707 ^ _1986_/A (sky130_fd_sc_hd__buf_2)
     1    0.003612    0.031239    0.086830    2.345537 ^ _1986_/X (sky130_fd_sc_hd__buf_2)
                                                         _0880_ (net)
                      0.031239    0.000000    2.345537 ^ _1565_/RESET_B (sky130_fd_sc_hd__dfrtp_2)
                                              2.345537   data arrival time

                      0.150000    0.000000    0.000000   clock clk (rise edge)
                                  0.000000    0.000000   clock network delay (ideal)
                                  0.250000    0.250000   clock uncertainty
                                  0.000000    0.250000   clock reconvergence pessimism
                                              0.250000 ^ _1565_/CLK (sky130_fd_sc_hd__dfrtp_2)
                                  0.345388    0.595388   library removal time
                                              0.595388   data required time
---------------------------------------------------------------------------------------------
                                              0.595388   data required time
                                             -2.345537   data arrival time
---------------------------------------------------------------------------------------------
                                              1.750148   slack (MET)


Startpoint: reset (input port clocked by clk)
Endpoint: _1566_ (removal check against rising-edge clock clk)
Path Group: asynchronous
Path Type: min

Fanout         Cap        Slew       Delay        Time   Description
---------------------------------------------------------------------------------------------
                      0.150000    0.000000    0.000000   clock clk (rise edge)
                                  0.000000    0.000000   clock network delay (ideal)
                                  2.000000    2.000000 v input external delay
     1    0.001647    0.006202    0.002346    2.002346 v reset (in)
                                                         reset (net)
                      0.006202    0.000000    2.002346 v _1826_/A (sky130_fd_sc_hd__buf_2)
    14    0.059638    0.141777    0.196129    2.198475 v _1826_/X (sky130_fd_sc_hd__buf_2)
                                                         _0629_ (net)
                      0.141777    0.000000    2.198475 v _1436_/A (sky130_fd_sc_hd__inv_2)
     1    0.001807    0.037881    0.060231    2.258707 ^ _1436_/Y (sky130_fd_sc_hd__inv_2)
                                                         _0295_ (net)
                      0.037881    0.000000    2.258707 ^ _1987_/A (sky130_fd_sc_hd__buf_2)
     1    0.003612    0.031239    0.086830    2.345537 ^ _1987_/X (sky130_fd_sc_hd__buf_2)
                                                         _0881_ (net)
                      0.031239    0.000000    2.345537 ^ _1566_/RESET_B (sky130_fd_sc_hd__dfrtp_2)
                                              2.345537   data arrival time

                      0.150000    0.000000    0.000000   clock clk (rise edge)
                                  0.000000    0.000000   clock network delay (ideal)
                                  0.250000    0.250000   clock uncertainty
                                  0.000000    0.250000   clock reconvergence pessimism
                                              0.250000 ^ _1566_/CLK (sky130_fd_sc_hd__dfrtp_2)
                                  0.345388    0.595388   library removal time
                                              0.595388   data required time
---------------------------------------------------------------------------------------------
                                              0.595388   data required time
                                             -2.345537   data arrival time
---------------------------------------------------------------------------------------------
                                              1.750148   slack (MET)


Startpoint: reset (input port clocked by clk)
Endpoint: _1567_ (removal check against rising-edge clock clk)
Path Group: asynchronous
Path Type: min

Fanout         Cap        Slew       Delay        Time   Description
---------------------------------------------------------------------------------------------
                      0.150000    0.000000    0.000000   clock clk (rise edge)
                                  0.000000    0.000000   clock network delay (ideal)
                                  2.000000    2.000000 v input external delay
     1    0.001647    0.006202    0.002346    2.002346 v reset (in)
                                                         reset (net)
                      0.006202    0.000000    2.002346 v _1826_/A (sky130_fd_sc_hd__buf_2)
    14    0.059638    0.141777    0.196129    2.198475 v _1826_/X (sky130_fd_sc_hd__buf_2)
                                                         _0629_ (net)
                      0.141777    0.000000    2.198475 v _1437_/A (sky130_fd_sc_hd__inv_2)
     1    0.001807    0.037881    0.060231    2.258707 ^ _1437_/Y (sky130_fd_sc_hd__inv_2)
                                                         _0296_ (net)
                      0.037881    0.000000    2.258707 ^ _1988_/A (sky130_fd_sc_hd__buf_2)
     1    0.003612    0.031239    0.086830    2.345537 ^ _1988_/X (sky130_fd_sc_hd__buf_2)
                                                         _0882_ (net)
                      0.031239    0.000000    2.345537 ^ _1567_/RESET_B (sky130_fd_sc_hd__dfrtp_2)
                                              2.345537   data arrival time

                      0.150000    0.000000    0.000000   clock clk (rise edge)
                                  0.000000    0.000000   clock network delay (ideal)
                                  0.250000    0.250000   clock uncertainty
                                  0.000000    0.250000   clock reconvergence pessimism
                                              0.250000 ^ _1567_/CLK (sky130_fd_sc_hd__dfrtp_2)
                                  0.345388    0.595388   library removal time
                                              0.595388   data required time
---------------------------------------------------------------------------------------------
                                              0.595388   data required time
                                             -2.345537   data arrival time
---------------------------------------------------------------------------------------------
                                              1.750148   slack (MET)


Startpoint: reset (input port clocked by clk)
Endpoint: _1568_ (removal check against rising-edge clock clk)
Path Group: asynchronous
Path Type: min

Fanout         Cap        Slew       Delay        Time   Description
---------------------------------------------------------------------------------------------
                      0.150000    0.000000    0.000000   clock clk (rise edge)
                                  0.000000    0.000000   clock network delay (ideal)
                                  2.000000    2.000000 v input external delay
     1    0.001647    0.006202    0.002346    2.002346 v reset (in)
                                                         reset (net)
                      0.006202    0.000000    2.002346 v _1826_/A (sky130_fd_sc_hd__buf_2)
    14    0.059638    0.141777    0.196129    2.198475 v _1826_/X (sky130_fd_sc_hd__buf_2)
                                                         _0629_ (net)
                      0.141777    0.000000    2.198475 v _1438_/A (sky130_fd_sc_hd__inv_2)
     1    0.001807    0.037881    0.060231    2.258707 ^ _1438_/Y (sky130_fd_sc_hd__inv_2)
                                                         _0297_ (net)
                      0.037881    0.000000    2.258707 ^ _1989_/A (sky130_fd_sc_hd__buf_2)
     1    0.003612    0.031239    0.086830    2.345537 ^ _1989_/X (sky130_fd_sc_hd__buf_2)
                                                         _0883_ (net)
                      0.031239    0.000000    2.345537 ^ _1568_/RESET_B (sky130_fd_sc_hd__dfrtp_2)
                                              2.345537   data arrival time

                      0.150000    0.000000    0.000000   clock clk (rise edge)
                                  0.000000    0.000000   clock network delay (ideal)
                                  0.250000    0.250000   clock uncertainty
                                  0.000000    0.250000   clock reconvergence pessimism
                                              0.250000 ^ _1568_/CLK (sky130_fd_sc_hd__dfrtp_2)
                                  0.345388    0.595388   library removal time
                                              0.595388   data required time
---------------------------------------------------------------------------------------------
                                              0.595388   data required time
                                             -2.345537   data arrival time
---------------------------------------------------------------------------------------------
                                              1.750148   slack (MET)


Startpoint: reset (input port clocked by clk)
Endpoint: _1569_ (removal check against rising-edge clock clk)
Path Group: asynchronous
Path Type: min

Fanout         Cap        Slew       Delay        Time   Description
---------------------------------------------------------------------------------------------
                      0.150000    0.000000    0.000000   clock clk (rise edge)
                                  0.000000    0.000000   clock network delay (ideal)
                                  2.000000    2.000000 v input external delay
     1    0.001647    0.006202    0.002346    2.002346 v reset (in)
                                                         reset (net)
                      0.006202    0.000000    2.002346 v _1826_/A (sky130_fd_sc_hd__buf_2)
    14    0.059638    0.141777    0.196129    2.198475 v _1826_/X (sky130_fd_sc_hd__buf_2)
                                                         _0629_ (net)
                      0.141777    0.000000    2.198475 v _1439_/A (sky130_fd_sc_hd__inv_2)
     1    0.001807    0.037881    0.060231    2.258707 ^ _1439_/Y (sky130_fd_sc_hd__inv_2)
                                                         _0298_ (net)
                      0.037881    0.000000    2.258707 ^ _1990_/A (sky130_fd_sc_hd__buf_2)
     1    0.003612    0.031239    0.086830    2.345537 ^ _1990_/X (sky130_fd_sc_hd__buf_2)
                                                         _0884_ (net)
                      0.031239    0.000000    2.345537 ^ _1569_/RESET_B (sky130_fd_sc_hd__dfrtp_2)
                                              2.345537   data arrival time

                      0.150000    0.000000    0.000000   clock clk (rise edge)
                                  0.000000    0.000000   clock network delay (ideal)
                                  0.250000    0.250000   clock uncertainty
                                  0.000000    0.250000   clock reconvergence pessimism
                                              0.250000 ^ _1569_/CLK (sky130_fd_sc_hd__dfrtp_2)
                                  0.345388    0.595388   library removal time
                                              0.595388   data required time
---------------------------------------------------------------------------------------------
                                              0.595388   data required time
                                             -2.345537   data arrival time
---------------------------------------------------------------------------------------------
                                              1.750148   slack (MET)


Startpoint: reset (input port clocked by clk)
Endpoint: _1570_ (removal check against rising-edge clock clk)
Path Group: asynchronous
Path Type: min

Fanout         Cap        Slew       Delay        Time   Description
---------------------------------------------------------------------------------------------
                      0.150000    0.000000    0.000000   clock clk (rise edge)
                                  0.000000    0.000000   clock network delay (ideal)
                                  2.000000    2.000000 v input external delay
     1    0.001647    0.006202    0.002346    2.002346 v reset (in)
                                                         reset (net)
                      0.006202    0.000000    2.002346 v _1826_/A (sky130_fd_sc_hd__buf_2)
    14    0.059638    0.141777    0.196129    2.198475 v _1826_/X (sky130_fd_sc_hd__buf_2)
                                                         _0629_ (net)
                      0.141777    0.000000    2.198475 v _1440_/A (sky130_fd_sc_hd__inv_2)
     1    0.001807    0.037881    0.060231    2.258707 ^ _1440_/Y (sky130_fd_sc_hd__inv_2)
                                                         _0299_ (net)
                      0.037881    0.000000    2.258707 ^ _1991_/A (sky130_fd_sc_hd__buf_2)
     1    0.003612    0.031239    0.086830    2.345537 ^ _1991_/X (sky130_fd_sc_hd__buf_2)
                                                         _0885_ (net)
                      0.031239    0.000000    2.345537 ^ _1570_/RESET_B (sky130_fd_sc_hd__dfrtp_2)
                                              2.345537   data arrival time

                      0.150000    0.000000    0.000000   clock clk (rise edge)
                                  0.000000    0.000000   clock network delay (ideal)
                                  0.250000    0.250000   clock uncertainty
                                  0.000000    0.250000   clock reconvergence pessimism
                                              0.250000 ^ _1570_/CLK (sky130_fd_sc_hd__dfrtp_2)
                                  0.345388    0.595388   library removal time
                                              0.595388   data required time
---------------------------------------------------------------------------------------------
                                              0.595388   data required time
                                             -2.345537   data arrival time
---------------------------------------------------------------------------------------------
                                              1.750148   slack (MET)


Startpoint: reset (input port clocked by clk)
Endpoint: _1571_ (removal check against rising-edge clock clk)
Path Group: asynchronous
Path Type: min

Fanout         Cap        Slew       Delay        Time   Description
---------------------------------------------------------------------------------------------
                      0.150000    0.000000    0.000000   clock clk (rise edge)
                                  0.000000    0.000000   clock network delay (ideal)
                                  2.000000    2.000000 v input external delay
     1    0.001647    0.006202    0.002346    2.002346 v reset (in)
                                                         reset (net)
                      0.006202    0.000000    2.002346 v _1826_/A (sky130_fd_sc_hd__buf_2)
    14    0.059638    0.141777    0.196129    2.198475 v _1826_/X (sky130_fd_sc_hd__buf_2)
                                                         _0629_ (net)
                      0.141777    0.000000    2.198475 v _1441_/A (sky130_fd_sc_hd__inv_2)
     1    0.001807    0.037881    0.060231    2.258707 ^ _1441_/Y (sky130_fd_sc_hd__inv_2)
                                                         _0300_ (net)
                      0.037881    0.000000    2.258707 ^ _1992_/A (sky130_fd_sc_hd__buf_2)
     1    0.003612    0.031239    0.086830    2.345537 ^ _1992_/X (sky130_fd_sc_hd__buf_2)
                                                         _0886_ (net)
                      0.031239    0.000000    2.345537 ^ _1571_/RESET_B (sky130_fd_sc_hd__dfrtp_2)
                                              2.345537   data arrival time

                      0.150000    0.000000    0.000000   clock clk (rise edge)
                                  0.000000    0.000000   clock network delay (ideal)
                                  0.250000    0.250000   clock uncertainty
                                  0.000000    0.250000   clock reconvergence pessimism
                                              0.250000 ^ _1571_/CLK (sky130_fd_sc_hd__dfrtp_2)
                                  0.345388    0.595388   library removal time
                                              0.595388   data required time
---------------------------------------------------------------------------------------------
                                              0.595388   data required time
                                             -2.345537   data arrival time
---------------------------------------------------------------------------------------------
                                              1.750148   slack (MET)


Startpoint: reset (input port clocked by clk)
Endpoint: _1572_ (removal check against rising-edge clock clk)
Path Group: asynchronous
Path Type: min

Fanout         Cap        Slew       Delay        Time   Description
---------------------------------------------------------------------------------------------
                      0.150000    0.000000    0.000000   clock clk (rise edge)
                                  0.000000    0.000000   clock network delay (ideal)
                                  2.000000    2.000000 v input external delay
     1    0.001647    0.006202    0.002346    2.002346 v reset (in)
                                                         reset (net)
                      0.006202    0.000000    2.002346 v _1826_/A (sky130_fd_sc_hd__buf_2)
    14    0.059638    0.141777    0.196129    2.198475 v _1826_/X (sky130_fd_sc_hd__buf_2)
                                                         _0629_ (net)
                      0.141777    0.000000    2.198475 v _1442_/A (sky130_fd_sc_hd__inv_2)
     1    0.001807    0.037881    0.060231    2.258707 ^ _1442_/Y (sky130_fd_sc_hd__inv_2)
                                                         _0301_ (net)
                      0.037881    0.000000    2.258707 ^ _1993_/A (sky130_fd_sc_hd__buf_2)
     1    0.003612    0.031239    0.086830    2.345537 ^ _1993_/X (sky130_fd_sc_hd__buf_2)
                                                         _0887_ (net)
                      0.031239    0.000000    2.345537 ^ _1572_/RESET_B (sky130_fd_sc_hd__dfrtp_2)
                                              2.345537   data arrival time

                      0.150000    0.000000    0.000000   clock clk (rise edge)
                                  0.000000    0.000000   clock network delay (ideal)
                                  0.250000    0.250000   clock uncertainty
                                  0.000000    0.250000   clock reconvergence pessimism
                                              0.250000 ^ _1572_/CLK (sky130_fd_sc_hd__dfrtp_2)
                                  0.345388    0.595388   library removal time
                                              0.595388   data required time
---------------------------------------------------------------------------------------------
                                              0.595388   data required time
                                             -2.345537   data arrival time
---------------------------------------------------------------------------------------------
                                              1.750148   slack (MET)


Startpoint: reset (input port clocked by clk)
Endpoint: _1573_ (removal check against rising-edge clock clk)
Path Group: asynchronous
Path Type: min

Fanout         Cap        Slew       Delay        Time   Description
---------------------------------------------------------------------------------------------
                      0.150000    0.000000    0.000000   clock clk (rise edge)
                                  0.000000    0.000000   clock network delay (ideal)
                                  2.000000    2.000000 v input external delay
     1    0.001647    0.006202    0.002346    2.002346 v reset (in)
                                                         reset (net)
                      0.006202    0.000000    2.002346 v _1826_/A (sky130_fd_sc_hd__buf_2)
    14    0.059638    0.141777    0.196129    2.198475 v _1826_/X (sky130_fd_sc_hd__buf_2)
                                                         _0629_ (net)
                      0.141777    0.000000    2.198475 v _1443_/A (sky130_fd_sc_hd__inv_2)
     1    0.001807    0.037881    0.060231    2.258707 ^ _1443_/Y (sky130_fd_sc_hd__inv_2)
                                                         _0302_ (net)
                      0.037881    0.000000    2.258707 ^ _1994_/A (sky130_fd_sc_hd__buf_2)
     1    0.003420    0.030391    0.086052    2.344759 ^ _1994_/X (sky130_fd_sc_hd__buf_2)
                                                         _0888_ (net)
                      0.030391    0.000000    2.344759 ^ _1573_/SET_B (sky130_fd_sc_hd__dfstp_2)
                                              2.344759   data arrival time

                      0.150000    0.000000    0.000000   clock clk (rise edge)
                                  0.000000    0.000000   clock network delay (ideal)
                                  0.250000    0.250000   clock uncertainty
                                  0.000000    0.250000   clock reconvergence pessimism
                                              0.250000 ^ _1573_/CLK (sky130_fd_sc_hd__dfstp_2)
                                  0.186410    0.436410   library removal time
                                              0.436410   data required time
---------------------------------------------------------------------------------------------
                                              0.436410   data required time
                                             -2.344759   data arrival time
---------------------------------------------------------------------------------------------
                                              1.908349   slack (MET)


Startpoint: reset (input port clocked by clk)
Endpoint: _1562_ (removal check against rising-edge clock clk)
Path Group: asynchronous
Path Type: min

Fanout         Cap        Slew       Delay        Time   Description
---------------------------------------------------------------------------------------------
                      0.150000    0.000000    0.000000   clock clk (rise edge)
                                  0.000000    0.000000   clock network delay (ideal)
                                  2.000000    2.000000 v input external delay
     1    0.001647    0.006202    0.002346    2.002346 v reset (in)
                                                         reset (net)
                      0.006202    0.000000    2.002346 v _1826_/A (sky130_fd_sc_hd__buf_2)
    14    0.059638    0.141777    0.196129    2.198475 v _1826_/X (sky130_fd_sc_hd__buf_2)
                                                         _0629_ (net)
                      0.141777    0.000000    2.198475 v _1090_/A (sky130_fd_sc_hd__inv_2)
    71    0.112340    0.509688    0.403006    2.601481 ^ _1090_/Y (sky130_fd_sc_hd__inv_2)
                                                         _0291_ (net)
                      0.509688    0.000000    2.601481 ^ _1983_/A (sky130_fd_sc_hd__buf_2)
     1    0.003612    0.042851    0.188078    2.789559 ^ _1983_/X (sky130_fd_sc_hd__buf_2)
                                                         _0877_ (net)
                      0.042851    0.000000    2.789559 ^ _1562_/RESET_B (sky130_fd_sc_hd__dfrtp_2)
                                              2.789559   data arrival time

                      0.150000    0.000000    0.000000   clock clk (rise edge)
                                  0.000000    0.000000   clock network delay (ideal)
                                  0.250000    0.250000   clock uncertainty
                                  0.000000    0.250000   clock reconvergence pessimism
                                              0.250000 ^ _1562_/CLK (sky130_fd_sc_hd__dfrtp_2)
                                  0.348548    0.598548   library removal time
                                              0.598548   data required time
---------------------------------------------------------------------------------------------
                                              0.598548   data required time
                                             -2.789559   data arrival time
---------------------------------------------------------------------------------------------
                                              2.191012   slack (MET)


Startpoint: _1544_ (rising edge-triggered flip-flop clocked by clk)
Endpoint: gpio[3] (output port clocked by clk)
Path Group: clk
Path Type: min

Fanout         Cap        Slew       Delay        Time   Description
---------------------------------------------------------------------------------------------
                      0.150000    0.000000    0.000000   clock clk (rise edge)
                                  0.000000    0.000000   clock network delay (ideal)
                      0.150000    0.000000    0.000000 ^ _1544_/CLK (sky130_fd_sc_hd__dfxtp_2)
     1    0.001807    0.026610    0.319044    0.319044 ^ _1544_/Q (sky130_fd_sc_hd__dfxtp_2)
                                                         u_top.RV32I_Logic.Single_Cycle_Datapath.pcREG.q[14] (net)
                      0.026610    0.000000    0.319044 ^ _1724_/A (sky130_fd_sc_hd__buf_2)
     6    0.016164    0.088121    0.124872    0.443917 ^ _1724_/X (sky130_fd_sc_hd__buf_2)
                                                         _0634_ (net)
                      0.088121    0.000000    0.443917 ^ _1259_/B (sky130_fd_sc_hd__nor4_2)
     5    0.014215    0.045895    0.073246    0.517163 v _1259_/Y (sky130_fd_sc_hd__nor4_2)
                                                         _0574_ (net)
                      0.045895    0.000000    0.517163 v _1262_/A (sky130_fd_sc_hd__nor2_2)
     1    0.001807    0.051437    0.080292    0.597455 ^ _1262_/Y (sky130_fd_sc_hd__nor2_2)
                                                         _0694_ (net)
                      0.051437    0.000000    0.597455 ^ _1864_/A (sky130_fd_sc_hd__buf_2)
     1    0.001807    0.023235    0.084340    0.681795 ^ _1864_/X (sky130_fd_sc_hd__buf_2)
                                                         u_top.dbg_i_fault (net)
                      0.023235    0.000000    0.681795 ^ _1674_/A (sky130_fd_sc_hd__buf_2)
     1    0.033442    0.168899    0.177987    0.859782 ^ _1674_/X (sky130_fd_sc_hd__buf_2)
                                                         gpio[3] (net)
                      0.168899    0.000000    0.859782 ^ gpio[3] (out)
                                              0.859782   data arrival time

                      0.150000    0.000000    0.000000   clock clk (rise edge)
                                  0.000000    0.000000   clock network delay (ideal)
                                  0.250000    0.250000   clock uncertainty
                                  0.000000    0.250000   clock reconvergence pessimism
                                 -2.000000   -1.750000   output external delay
                                             -1.750000   data required time
---------------------------------------------------------------------------------------------
                                             -1.750000   data required time
                                             -0.859782   data arrival time
---------------------------------------------------------------------------------------------
                                              2.609782   slack (MET)


Startpoint: _1550_ (rising edge-triggered flip-flop clocked by clk)
Endpoint: gpio[1] (output port clocked by clk)
Path Group: clk
Path Type: min

Fanout         Cap        Slew       Delay        Time   Description
---------------------------------------------------------------------------------------------
                      0.150000    0.000000    0.000000   clock clk (rise edge)
                                  0.000000    0.000000   clock network delay (ideal)
                      0.150000    0.000000    0.000000 ^ _1550_/CLK (sky130_fd_sc_hd__dfxtp_2)
     1    0.001647    0.020500    0.317688    0.317688 v _1550_/Q (sky130_fd_sc_hd__dfxtp_2)
                                                         u_top.RV32I_Logic.Single_Cycle_Datapath.pcREG.q[20] (net)
                      0.020500    0.000000    0.317688 v _1769_/A (sky130_fd_sc_hd__buf_2)
     6    0.013966    0.048564    0.125503    0.443191 v _1769_/X (sky130_fd_sc_hd__buf_2)
                                                         _0640_ (net)
                      0.048564    0.000000    0.443191 v _1085_/A (sky130_fd_sc_hd__inv_2)
     2    0.009592    0.051542    0.060579    0.503770 ^ _1085_/Y (sky130_fd_sc_hd__inv_2)
                                                         _0436_ (net)
                      0.051542    0.000000    0.503770 ^ _1161_/A1 (sky130_fd_sc_hd__a2111oi_2)
     1    0.001497    0.026251    0.048048    0.551818 v _1161_/Y (sky130_fd_sc_hd__a2111oi_2)
                                                         _0497_ (net)
                      0.026251    0.000000    0.551818 v _1219_/B (sky130_fd_sc_hd__and4_2)
     1    0.001647    0.030928    0.174716    0.726534 v _1219_/X (sky130_fd_sc_hd__and4_2)
                                                         _0695_ (net)
                      0.030928    0.000000    0.726534 v _1825_/A (sky130_fd_sc_hd__buf_2)
     1    0.001647    0.021144    0.098162    0.824697 v _1825_/X (sky130_fd_sc_hd__buf_2)
                                                         u_top.dbg_i_tlb_hit (net)
                      0.021144    0.000000    0.824697 v _1672_/A (sky130_fd_sc_hd__buf_2)
     1    0.033442    0.087345    0.160415    0.985111 v _1672_/X (sky130_fd_sc_hd__buf_2)
                                                         gpio[1] (net)
                      0.087345    0.000000    0.985111 v gpio[1] (out)
                                              0.985111   data arrival time

                      0.150000    0.000000    0.000000   clock clk (rise edge)
                                  0.000000    0.000000   clock network delay (ideal)
                                  0.250000    0.250000   clock uncertainty
                                  0.000000    0.250000   clock reconvergence pessimism
                                 -2.000000   -1.750000   output external delay
                                             -1.750000   data required time
---------------------------------------------------------------------------------------------
                                             -1.750000   data required time
                                             -0.985111   data arrival time
---------------------------------------------------------------------------------------------
                                              2.735111   slack (MET)



