
===========================================================================
report_checks -path_delay max (Setup)
============================================================================
======================= nom_ff_n40C_1v95 Corner ===================================

Startpoint: _1543_ (rising edge-triggered flip-flop clocked by clk)
Endpoint: gpio[3] (output port clocked by clk)
Path Group: clk
Path Type: max

Fanout         Cap        Slew       Delay        Time   Description
---------------------------------------------------------------------------------------------
                                  0.000000    0.000000   clock clk (rise edge)
                                  0.000000    0.000000   clock source latency
     2    0.157459    0.537694    0.429212    0.429212 ^ clk (in)
                                                         clk (net)
                      0.571537    0.000000    0.429212 ^ clkbuf_regs_0_clk/A (sky130_fd_sc_hd__clkbuf_16)
     1    0.008638    0.038950    0.134933    0.564145 ^ clkbuf_regs_0_clk/X (sky130_fd_sc_hd__clkbuf_16)
                                                         clk_regs (net)
                      0.038950    0.000284    0.564429 ^ clkbuf_0_clk_regs/A (sky130_fd_sc_hd__clkbuf_16)
     8    0.079104    0.073558    0.125878    0.690307 ^ clkbuf_0_clk_regs/X (sky130_fd_sc_hd__clkbuf_16)
                                                         clknet_0_clk_regs (net)
                      0.073668    0.002386    0.692693 ^ clkbuf_3_4_0_clk_regs/A (sky130_fd_sc_hd__clkbuf_8)
     2    0.019130    0.036943    0.103719    0.796412 ^ clkbuf_3_4_0_clk_regs/X (sky130_fd_sc_hd__clkbuf_8)
                                                         clknet_3_4_0_clk_regs (net)
                      0.036952    0.000580    0.796991 ^ clkbuf_4_9__f_clk_regs/A (sky130_fd_sc_hd__clkbuf_16)
     9    0.030287    0.038292    0.097803    0.894794 ^ clkbuf_4_9__f_clk_regs/X (sky130_fd_sc_hd__clkbuf_16)
                                                         clknet_4_9__leaf_clk_regs (net)
                      0.038307    0.000733    0.895528 ^ _1543_/CLK (sky130_fd_sc_hd__dfxtp_4)
     2    0.010980    0.029091    0.229780    1.125308 v _1543_/Q (sky130_fd_sc_hd__dfxtp_4)
                                                         u_top.RV32I_Logic.Single_Cycle_Datapath.pcREG.q[13] (net)
                      0.029091    0.000304    1.125612 v fanout57/A (sky130_fd_sc_hd__buf_8)
     5    0.030434    0.027803    0.090105    1.215717 v fanout57/X (sky130_fd_sc_hd__buf_8)
                                                         net57 (net)
                      0.027829    0.000817    1.216534 v fanout55/A (sky130_fd_sc_hd__buf_8)
     2    0.008753    0.017819    0.076892    1.293426 v fanout55/X (sky130_fd_sc_hd__buf_8)
                                                         net55 (net)
                      0.017819    0.000246    1.293672 v rebuffer182/A (sky130_fd_sc_hd__buf_6)
     9    0.039962    0.035195    0.092333    1.386005 v rebuffer182/X (sky130_fd_sc_hd__buf_6)
                                                         net181 (net)
                      0.035234    0.001096    1.387101 v _1127_/A_N (sky130_fd_sc_hd__nand3b_2)
     1    0.002058    0.034906    0.121745    1.508846 v _1127_/Y (sky130_fd_sc_hd__nand3b_2)
                                                         _0463_ (net)
                      0.034906    0.000044    1.508890 v _1135_/D (sky130_fd_sc_hd__and4_2)
     2    0.012585    0.046969    0.174741    1.683631 v _1135_/X (sky130_fd_sc_hd__and4_2)
                                                         _0471_ (net)
                      0.046975    0.000580    1.684211 v _1136_/B (sky130_fd_sc_hd__or2_4)
     2    0.009285    0.037828    0.157251    1.841463 v _1136_/X (sky130_fd_sc_hd__or2_4)
                                                         _0472_ (net)
                      0.037828    0.000395    1.841858 v _1255_/B1 (sky130_fd_sc_hd__o2111a_2)
     1    0.005715    0.035397    0.109910    1.951768 v _1255_/X (sky130_fd_sc_hd__o2111a_2)
                                                         _0570_ (net)
                      0.035397    0.000176    1.951944 v _1256_/D1 (sky130_fd_sc_hd__o2111a_2)
     1    0.007100    0.037615    0.089590    2.041534 v _1256_/X (sky130_fd_sc_hd__o2111a_2)
                                                         _0571_ (net)
                      0.037637    0.000289    2.041823 v _1257_/C1 (sky130_fd_sc_hd__o211a_4)
     1    0.001943    0.025313    0.086040    2.127863 v _1257_/X (sky130_fd_sc_hd__o211a_4)
                                                         _0572_ (net)
                      0.025313    0.000040    2.127903 v _1258_/D (sky130_fd_sc_hd__and4b_2)
     2    0.022599    0.062981    0.193933    2.321836 v _1258_/X (sky130_fd_sc_hd__and4b_2)
                                                         _0573_ (net)
                      0.062986    0.000667    2.322502 v rebuffer170/A (sky130_fd_sc_hd__buf_6)
     1    0.008052    0.018001    0.091052    2.413554 v rebuffer170/X (sky130_fd_sc_hd__buf_6)
                                                         net169 (net)
                      0.018001    0.000246    2.413800 v _1259_/D (sky130_fd_sc_hd__nor4_4)
     3    0.027706    0.325590    0.242849    2.656649 ^ _1259_/Y (sky130_fd_sc_hd__nor4_4)
                                                         _0574_ (net)
                      0.325625    0.002740    2.659389 ^ _1262_/A (sky130_fd_sc_hd__nor2_4)
     1    0.068975    0.125344    0.097987    2.757375 v _1262_/Y (sky130_fd_sc_hd__nor2_4)
                                                         _0694_ (net)
                      0.131348    0.022434    2.779809 v wire3/A (sky130_fd_sc_hd__buf_8)
     1    0.034189    0.031141    0.136333    2.916143 v wire3/X (sky130_fd_sc_hd__buf_8)
                                                         gpio[3] (net)
                      0.031159    0.000712    2.916855 v gpio[3] (out)
                                              2.916855   data arrival time

                                 10.000000   10.000000   clock clk (rise edge)
                                  0.000000   10.000000   clock network delay (propagated)
                                 -0.100000    9.900001   clock uncertainty
                                  0.000000    9.900001   clock reconvergence pessimism
                                 -2.000000    7.900000   output external delay
                                              7.900000   data required time
---------------------------------------------------------------------------------------------
                                              7.900000   data required time
                                             -2.916855   data arrival time
---------------------------------------------------------------------------------------------
                                              4.983145   slack (MET)


Startpoint: _1543_ (rising edge-triggered flip-flop clocked by clk)
Endpoint: gpio[1] (output port clocked by clk)
Path Group: clk
Path Type: max

Fanout         Cap        Slew       Delay        Time   Description
---------------------------------------------------------------------------------------------
                                  0.000000    0.000000   clock clk (rise edge)
                                  0.000000    0.000000   clock source latency
     2    0.157459    0.537694    0.429212    0.429212 ^ clk (in)
                                                         clk (net)
                      0.571537    0.000000    0.429212 ^ clkbuf_regs_0_clk/A (sky130_fd_sc_hd__clkbuf_16)
     1    0.008638    0.038950    0.134933    0.564145 ^ clkbuf_regs_0_clk/X (sky130_fd_sc_hd__clkbuf_16)
                                                         clk_regs (net)
                      0.038950    0.000284    0.564429 ^ clkbuf_0_clk_regs/A (sky130_fd_sc_hd__clkbuf_16)
     8    0.079104    0.073558    0.125878    0.690307 ^ clkbuf_0_clk_regs/X (sky130_fd_sc_hd__clkbuf_16)
                                                         clknet_0_clk_regs (net)
                      0.073668    0.002386    0.692693 ^ clkbuf_3_4_0_clk_regs/A (sky130_fd_sc_hd__clkbuf_8)
     2    0.019130    0.036943    0.103719    0.796412 ^ clkbuf_3_4_0_clk_regs/X (sky130_fd_sc_hd__clkbuf_8)
                                                         clknet_3_4_0_clk_regs (net)
                      0.036952    0.000580    0.796991 ^ clkbuf_4_9__f_clk_regs/A (sky130_fd_sc_hd__clkbuf_16)
     9    0.030287    0.038292    0.097803    0.894794 ^ clkbuf_4_9__f_clk_regs/X (sky130_fd_sc_hd__clkbuf_16)
                                                         clknet_4_9__leaf_clk_regs (net)
                      0.038307    0.000733    0.895528 ^ _1543_/CLK (sky130_fd_sc_hd__dfxtp_4)
     2    0.010980    0.029091    0.229780    1.125308 v _1543_/Q (sky130_fd_sc_hd__dfxtp_4)
                                                         u_top.RV32I_Logic.Single_Cycle_Datapath.pcREG.q[13] (net)
                      0.029091    0.000253    1.125561 v rebuffer180/A (sky130_fd_sc_hd__buf_4)
     4    0.025096    0.035931    0.108384    1.233945 v rebuffer180/X (sky130_fd_sc_hd__buf_4)
                                                         net179 (net)
                      0.035994    0.001351    1.235296 v _1133_/A (sky130_fd_sc_hd__or2_4)
     3    0.017135    0.046275    0.180053    1.415349 v _1133_/X (sky130_fd_sc_hd__or2_4)
                                                         _0469_ (net)
                      0.046276    0.000355    1.415704 v fanout48/A (sky130_fd_sc_hd__buf_4)
    10    0.051532    0.056780    0.136522    1.552226 v fanout48/X (sky130_fd_sc_hd__buf_4)
                                                         net48 (net)
                      0.056819    0.001423    1.553649 v _1138_/B1 (sky130_fd_sc_hd__o221a_4)
     3    0.018898    0.046563    0.182796    1.736445 v _1138_/X (sky130_fd_sc_hd__o221a_4)
                                                         _0474_ (net)
                      0.046578    0.001211    1.737657 v _1189_/A2 (sky130_fd_sc_hd__a21o_2)
     1    0.005265    0.029641    0.148191    1.885847 v _1189_/X (sky130_fd_sc_hd__a21o_2)
                                                         _0525_ (net)
                      0.029641    0.000213    1.886061 v _1194_/C1 (sky130_fd_sc_hd__a211o_2)
     1    0.002633    0.032590    0.122257    2.008318 v _1194_/X (sky130_fd_sc_hd__a211o_2)
                                                         _0530_ (net)
                      0.032590    0.000080    2.008398 v _1217_/A_N (sky130_fd_sc_hd__and4b_2)
     1    0.003633    0.035093    0.165897    2.174294 ^ _1217_/X (sky130_fd_sc_hd__and4b_2)
                                                         _0553_ (net)
                      0.035093    0.000126    2.174420 ^ _1218_/A (sky130_fd_sc_hd__and4_2)
     1    0.007455    0.047662    0.130309    2.304729 ^ _1218_/X (sky130_fd_sc_hd__and4_2)
                                                         _0554_ (net)
                      0.047664    0.000375    2.305105 ^ _1219_/A (sky130_fd_sc_hd__and4_4)
     1    0.048711    0.120973    0.193474    2.498579 ^ _1219_/X (sky130_fd_sc_hd__and4_4)
                                                         _0695_ (net)
                      0.121838    0.008619    2.507198 ^ wire12/A (sky130_fd_sc_hd__buf_12)
     1    0.103505    0.092699    0.115836    2.623034 ^ wire12/X (sky130_fd_sc_hd__buf_12)
                                                         net12 (net)
                      0.120975    0.041440    2.664474 ^ wire4/A (sky130_fd_sc_hd__buf_12)
     1    0.034021    0.040448    0.092029    2.756503 ^ wire4/X (sky130_fd_sc_hd__buf_12)
                                                         gpio[1] (net)
                      0.040459    0.000657    2.757160 ^ gpio[1] (out)
                                              2.757160   data arrival time

                                 10.000000   10.000000   clock clk (rise edge)
                                  0.000000   10.000000   clock network delay (propagated)
                                 -0.100000    9.900001   clock uncertainty
                                  0.000000    9.900001   clock reconvergence pessimism
                                 -2.000000    7.900000   output external delay
                                              7.900000   data required time
---------------------------------------------------------------------------------------------
                                              7.900000   data required time
                                             -2.757160   data arrival time
---------------------------------------------------------------------------------------------
                                              5.142840   slack (MET)


Startpoint: reset (input port clocked by clk)
Endpoint: _1462_ (rising edge-triggered flip-flop clocked by clk)
Path Group: clk
Path Type: max

Fanout         Cap        Slew       Delay        Time   Description
---------------------------------------------------------------------------------------------
                                  0.000000    0.000000   clock clk (rise edge)
                                  0.000000    0.000000   clock network delay (propagated)
                                  2.000000    2.000000 ^ input external delay
     3    0.122379    0.415328    0.331209    2.331209 ^ reset (in)
                                                         reset (net)
                      0.434769    0.000000    2.331209 ^ _1826_/A (sky130_fd_sc_hd__buf_2)
     5    0.038184    0.143063    0.197619    2.528827 ^ _1826_/X (sky130_fd_sc_hd__buf_2)
                                                         _0629_ (net)
                      0.143125    0.002589    2.531416 ^ _1090_/A (sky130_fd_sc_hd__inv_2)
     4    0.049589    0.091304    0.101986    2.633402 v _1090_/Y (sky130_fd_sc_hd__inv_2)
                                                         _0291_ (net)
                      0.091405    0.002590    2.635992 v fanout67/A (sky130_fd_sc_hd__clkdlybuf4s25_1)
     5    0.023431    0.123287    0.272758    2.908750 v fanout67/X (sky130_fd_sc_hd__clkdlybuf4s25_1)
                                                         net67 (net)
                      0.123287    0.000418    2.909168 v fanout65/A (sky130_fd_sc_hd__clkdlybuf4s25_1)
    10    0.032386    0.167007    0.318530    3.227698 v fanout65/X (sky130_fd_sc_hd__clkdlybuf4s25_1)
                                                         net65 (net)
                      0.167022    0.001726    3.229424 v _1265_/A (sky130_fd_sc_hd__and2_2)
     2    0.022689    0.056303    0.201498    3.430922 v _1265_/X (sky130_fd_sc_hd__and2_2)
                                                         _0577_ (net)
                      0.056317    0.000921    3.431843 v fanout9/A (sky130_fd_sc_hd__clkdlybuf4s25_1)
     6    0.026248    0.136030    0.270246    3.702089 v fanout9/X (sky130_fd_sc_hd__clkdlybuf4s25_1)
                                                         net9 (net)
                      0.136030    0.000407    3.702496 v _1283_/A2 (sky130_fd_sc_hd__a22o_2)
     1    0.003047    0.026110    0.176386    3.878882 v _1283_/X (sky130_fd_sc_hd__a22o_2)
                                                         _0321_ (net)
                      0.026110    0.000078    3.878960 v _1883_/A (sky130_fd_sc_hd__buf_2)
     1    0.002619    0.016641    0.072153    3.951113 v _1883_/X (sky130_fd_sc_hd__buf_2)
                                                         _0926_ (net)
                      0.016641    0.000082    3.951195 v _1462_/D (sky130_fd_sc_hd__dfxtp_2)
                                              3.951195   data arrival time

                                 10.000000   10.000000   clock clk (rise edge)
                                  0.000000   10.000000   clock source latency
     2    0.157459    0.537694    0.388335   10.388335 ^ clk (in)
                                                         clk (net)
                      0.571537    0.000000   10.388335 ^ clkbuf_regs_0_clk/A (sky130_fd_sc_hd__clkbuf_16)
     1    0.008638    0.038950    0.122082   10.510417 ^ clkbuf_regs_0_clk/X (sky130_fd_sc_hd__clkbuf_16)
                                                         clk_regs (net)
                      0.038950    0.000258   10.510674 ^ clkbuf_0_clk_regs/A (sky130_fd_sc_hd__clkbuf_16)
     8    0.079104    0.073558    0.113889   10.624564 ^ clkbuf_0_clk_regs/X (sky130_fd_sc_hd__clkbuf_16)
                                                         clknet_0_clk_regs (net)
                      0.073668    0.002158   10.626722 ^ clkbuf_3_4_0_clk_regs/A (sky130_fd_sc_hd__clkbuf_8)
     2    0.019130    0.036943    0.093841   10.720563 ^ clkbuf_3_4_0_clk_regs/X (sky130_fd_sc_hd__clkbuf_8)
                                                         clknet_3_4_0_clk_regs (net)
                      0.036952    0.000524   10.721087 ^ clkbuf_4_9__f_clk_regs/A (sky130_fd_sc_hd__clkbuf_16)
     9    0.030287    0.038292    0.088488   10.809576 ^ clkbuf_4_9__f_clk_regs/X (sky130_fd_sc_hd__clkbuf_16)
                                                         clknet_4_9__leaf_clk_regs (net)
                      0.038310    0.000719   10.810295 ^ _1462_/CLK (sky130_fd_sc_hd__dfxtp_2)
                                 -0.100000   10.710295   clock uncertainty
                                  0.000000   10.710295   clock reconvergence pessimism
                                 -0.065133   10.645163   library setup time
                                             10.645163   data required time
---------------------------------------------------------------------------------------------
                                             10.645163   data required time
                                             -3.951195   data arrival time
---------------------------------------------------------------------------------------------
                                              6.693967   slack (MET)


Startpoint: reset (input port clocked by clk)
Endpoint: _1463_ (rising edge-triggered flip-flop clocked by clk)
Path Group: clk
Path Type: max

Fanout         Cap        Slew       Delay        Time   Description
---------------------------------------------------------------------------------------------
                                  0.000000    0.000000   clock clk (rise edge)
                                  0.000000    0.000000   clock network delay (propagated)
                                  2.000000    2.000000 ^ input external delay
     3    0.122379    0.415328    0.331209    2.331209 ^ reset (in)
                                                         reset (net)
                      0.434769    0.000000    2.331209 ^ _1826_/A (sky130_fd_sc_hd__buf_2)
     5    0.038184    0.143063    0.197619    2.528827 ^ _1826_/X (sky130_fd_sc_hd__buf_2)
                                                         _0629_ (net)
                      0.143125    0.002589    2.531416 ^ _1090_/A (sky130_fd_sc_hd__inv_2)
     4    0.049589    0.091304    0.101986    2.633402 v _1090_/Y (sky130_fd_sc_hd__inv_2)
                                                         _0291_ (net)
                      0.091405    0.002590    2.635992 v fanout67/A (sky130_fd_sc_hd__clkdlybuf4s25_1)
     5    0.023431    0.123287    0.272758    2.908750 v fanout67/X (sky130_fd_sc_hd__clkdlybuf4s25_1)
                                                         net67 (net)
                      0.123287    0.000418    2.909168 v fanout65/A (sky130_fd_sc_hd__clkdlybuf4s25_1)
    10    0.032386    0.167007    0.318530    3.227698 v fanout65/X (sky130_fd_sc_hd__clkdlybuf4s25_1)
                                                         net65 (net)
                      0.167022    0.001726    3.229424 v _1265_/A (sky130_fd_sc_hd__and2_2)
     2    0.022689    0.056303    0.201498    3.430922 v _1265_/X (sky130_fd_sc_hd__and2_2)
                                                         _0577_ (net)
                      0.056317    0.000921    3.431843 v fanout9/A (sky130_fd_sc_hd__clkdlybuf4s25_1)
     6    0.026248    0.136030    0.270246    3.702089 v fanout9/X (sky130_fd_sc_hd__clkdlybuf4s25_1)
                                                         net9 (net)
                      0.136031    0.000620    3.702709 v _1284_/A2 (sky130_fd_sc_hd__a22o_2)
     1    0.002689    0.025424    0.175163    3.877872 v _1284_/X (sky130_fd_sc_hd__a22o_2)
                                                         _0322_ (net)
                      0.025424    0.000082    3.877954 v _1884_/A (sky130_fd_sc_hd__buf_2)
     1    0.002600    0.016610    0.071818    3.949772 v _1884_/X (sky130_fd_sc_hd__buf_2)
                                                         _0928_ (net)
                      0.016610    0.000077    3.949849 v _1463_/D (sky130_fd_sc_hd__dfxtp_2)
                                              3.949849   data arrival time

                                 10.000000   10.000000   clock clk (rise edge)
                                  0.000000   10.000000   clock source latency
     2    0.157459    0.537694    0.388335   10.388335 ^ clk (in)
                                                         clk (net)
                      0.571537    0.000000   10.388335 ^ clkbuf_regs_0_clk/A (sky130_fd_sc_hd__clkbuf_16)
     1    0.008638    0.038950    0.122082   10.510417 ^ clkbuf_regs_0_clk/X (sky130_fd_sc_hd__clkbuf_16)
                                                         clk_regs (net)
                      0.038950    0.000258   10.510674 ^ clkbuf_0_clk_regs/A (sky130_fd_sc_hd__clkbuf_16)
     8    0.079104    0.073558    0.113889   10.624564 ^ clkbuf_0_clk_regs/X (sky130_fd_sc_hd__clkbuf_16)
                                                         clknet_0_clk_regs (net)
                      0.073668    0.002158   10.626722 ^ clkbuf_3_4_0_clk_regs/A (sky130_fd_sc_hd__clkbuf_8)
     2    0.019130    0.036943    0.093841   10.720563 ^ clkbuf_3_4_0_clk_regs/X (sky130_fd_sc_hd__clkbuf_8)
                                                         clknet_3_4_0_clk_regs (net)
                      0.036952    0.000524   10.721087 ^ clkbuf_4_9__f_clk_regs/A (sky130_fd_sc_hd__clkbuf_16)
     9    0.030287    0.038292    0.088488   10.809576 ^ clkbuf_4_9__f_clk_regs/X (sky130_fd_sc_hd__clkbuf_16)
                                                         clknet_4_9__leaf_clk_regs (net)
                      0.038301    0.000549   10.810124 ^ _1463_/CLK (sky130_fd_sc_hd__dfxtp_2)
                                 -0.100000   10.710125   clock uncertainty
                                  0.000000   10.710125   clock reconvergence pessimism
                                 -0.065123   10.645001   library setup time
                                             10.645001   data required time
---------------------------------------------------------------------------------------------
                                             10.645001   data required time
                                             -3.949849   data arrival time
---------------------------------------------------------------------------------------------
                                              6.695152   slack (MET)


Startpoint: reset (input port clocked by clk)
Endpoint: _1464_ (rising edge-triggered flip-flop clocked by clk)
Path Group: clk
Path Type: max

Fanout         Cap        Slew       Delay        Time   Description
---------------------------------------------------------------------------------------------
                                  0.000000    0.000000   clock clk (rise edge)
                                  0.000000    0.000000   clock network delay (propagated)
                                  2.000000    2.000000 ^ input external delay
     3    0.122379    0.415328    0.331209    2.331209 ^ reset (in)
                                                         reset (net)
                      0.434769    0.000000    2.331209 ^ _1826_/A (sky130_fd_sc_hd__buf_2)
     5    0.038184    0.143063    0.197619    2.528827 ^ _1826_/X (sky130_fd_sc_hd__buf_2)
                                                         _0629_ (net)
                      0.143125    0.002589    2.531416 ^ _1090_/A (sky130_fd_sc_hd__inv_2)
     4    0.049589    0.091304    0.101986    2.633402 v _1090_/Y (sky130_fd_sc_hd__inv_2)
                                                         _0291_ (net)
                      0.091405    0.002590    2.635992 v fanout67/A (sky130_fd_sc_hd__clkdlybuf4s25_1)
     5    0.023431    0.123287    0.272758    2.908750 v fanout67/X (sky130_fd_sc_hd__clkdlybuf4s25_1)
                                                         net67 (net)
                      0.123287    0.000418    2.909168 v fanout65/A (sky130_fd_sc_hd__clkdlybuf4s25_1)
    10    0.032386    0.167007    0.318530    3.227698 v fanout65/X (sky130_fd_sc_hd__clkdlybuf4s25_1)
                                                         net65 (net)
                      0.167022    0.001726    3.229424 v _1265_/A (sky130_fd_sc_hd__and2_2)
     2    0.022689    0.056303    0.201498    3.430922 v _1265_/X (sky130_fd_sc_hd__and2_2)
                                                         _0577_ (net)
                      0.056317    0.000921    3.431843 v fanout9/A (sky130_fd_sc_hd__clkdlybuf4s25_1)
     6    0.026248    0.136030    0.270246    3.702089 v fanout9/X (sky130_fd_sc_hd__clkdlybuf4s25_1)
                                                         net9 (net)
                      0.136032    0.000731    3.702820 v _1285_/A2 (sky130_fd_sc_hd__a22o_2)
     1    0.002106    0.024301    0.173176    3.875996 v _1285_/X (sky130_fd_sc_hd__a22o_2)
                                                         _0323_ (net)
                      0.024301    0.000045    3.876041 v _1885_/A (sky130_fd_sc_hd__buf_2)
     1    0.002658    0.016701    0.071498    3.947540 v _1885_/X (sky130_fd_sc_hd__buf_2)
                                                         _0930_ (net)
                      0.016701    0.000080    3.947620 v _1464_/D (sky130_fd_sc_hd__dfxtp_2)
                                              3.947620   data arrival time

                                 10.000000   10.000000   clock clk (rise edge)
                                  0.000000   10.000000   clock source latency
     2    0.157459    0.537694    0.388335   10.388335 ^ clk (in)
                                                         clk (net)
                      0.571537    0.000000   10.388335 ^ clkbuf_regs_0_clk/A (sky130_fd_sc_hd__clkbuf_16)
     1    0.008638    0.038950    0.122082   10.510417 ^ clkbuf_regs_0_clk/X (sky130_fd_sc_hd__clkbuf_16)
                                                         clk_regs (net)
                      0.038950    0.000258   10.510674 ^ clkbuf_0_clk_regs/A (sky130_fd_sc_hd__clkbuf_16)
     8    0.079104    0.073558    0.113889   10.624564 ^ clkbuf_0_clk_regs/X (sky130_fd_sc_hd__clkbuf_16)
                                                         clknet_0_clk_regs (net)
                      0.073729    0.002679   10.627242 ^ clkbuf_3_5_0_clk_regs/A (sky130_fd_sc_hd__clkbuf_8)
     2    0.019344    0.037186    0.094110   10.721353 ^ clkbuf_3_5_0_clk_regs/X (sky130_fd_sc_hd__clkbuf_8)
                                                         clknet_3_5_0_clk_regs (net)
                      0.037190    0.000393   10.721745 ^ clkbuf_4_11__f_clk_regs/A (sky130_fd_sc_hd__clkbuf_16)
     8    0.029132    0.037490    0.087618   10.809363 ^ clkbuf_4_11__f_clk_regs/X (sky130_fd_sc_hd__clkbuf_16)
                                                         clknet_4_11__leaf_clk_regs (net)
                      0.037548    0.001200   10.810563 ^ _1464_/CLK (sky130_fd_sc_hd__dfxtp_2)
                                 -0.100000   10.710564   clock uncertainty
                                  0.000000   10.710564   clock reconvergence pessimism
                                 -0.065227   10.645335   library setup time
                                             10.645335   data required time
---------------------------------------------------------------------------------------------
                                             10.645335   data required time
                                             -3.947620   data arrival time
---------------------------------------------------------------------------------------------
                                              6.697715   slack (MET)


Startpoint: reset (input port clocked by clk)
Endpoint: _1455_ (rising edge-triggered flip-flop clocked by clk)
Path Group: clk
Path Type: max

Fanout         Cap        Slew       Delay        Time   Description
---------------------------------------------------------------------------------------------
                                  0.000000    0.000000   clock clk (rise edge)
                                  0.000000    0.000000   clock network delay (propagated)
                                  2.000000    2.000000 ^ input external delay
     3    0.122379    0.415328    0.331209    2.331209 ^ reset (in)
                                                         reset (net)
                      0.434769    0.000000    2.331209 ^ _1826_/A (sky130_fd_sc_hd__buf_2)
     5    0.038184    0.143063    0.197619    2.528827 ^ _1826_/X (sky130_fd_sc_hd__buf_2)
                                                         _0629_ (net)
                      0.143125    0.002589    2.531416 ^ _1090_/A (sky130_fd_sc_hd__inv_2)
     4    0.049589    0.091304    0.101986    2.633402 v _1090_/Y (sky130_fd_sc_hd__inv_2)
                                                         _0291_ (net)
                      0.091405    0.002590    2.635992 v fanout67/A (sky130_fd_sc_hd__clkdlybuf4s25_1)
     5    0.023431    0.123287    0.272758    2.908750 v fanout67/X (sky130_fd_sc_hd__clkdlybuf4s25_1)
                                                         net67 (net)
                      0.123287    0.000418    2.909168 v fanout65/A (sky130_fd_sc_hd__clkdlybuf4s25_1)
    10    0.032386    0.167007    0.318530    3.227698 v fanout65/X (sky130_fd_sc_hd__clkdlybuf4s25_1)
                                                         net65 (net)
                      0.167022    0.001726    3.229424 v _1265_/A (sky130_fd_sc_hd__and2_2)
     2    0.022689    0.056303    0.201498    3.430922 v _1265_/X (sky130_fd_sc_hd__and2_2)
                                                         _0577_ (net)
                      0.056317    0.000921    3.431843 v fanout9/A (sky130_fd_sc_hd__clkdlybuf4s25_1)
     6    0.026248    0.136030    0.270246    3.702089 v fanout9/X (sky130_fd_sc_hd__clkdlybuf4s25_1)
                                                         net9 (net)
                      0.136030    0.000524    3.702613 v _1276_/A2 (sky130_fd_sc_hd__a22o_2)
     1    0.001940    0.023979    0.172604    3.875218 v _1276_/X (sky130_fd_sc_hd__a22o_2)
                                                         _0314_ (net)
                      0.023979    0.000057    3.875274 v _1876_/A (sky130_fd_sc_hd__buf_2)
     1    0.002034    0.015719    0.069730    3.945005 v _1876_/X (sky130_fd_sc_hd__buf_2)
                                                         _0912_ (net)
                      0.015719    0.000059    3.945064 v _1455_/D (sky130_fd_sc_hd__dfxtp_2)
                                              3.945064   data arrival time

                                 10.000000   10.000000   clock clk (rise edge)
                                  0.000000   10.000000   clock source latency
     2    0.157459    0.537694    0.388335   10.388335 ^ clk (in)
                                                         clk (net)
                      0.571537    0.000000   10.388335 ^ clkbuf_regs_0_clk/A (sky130_fd_sc_hd__clkbuf_16)
     1    0.008638    0.038950    0.122082   10.510417 ^ clkbuf_regs_0_clk/X (sky130_fd_sc_hd__clkbuf_16)
                                                         clk_regs (net)
                      0.038950    0.000258   10.510674 ^ clkbuf_0_clk_regs/A (sky130_fd_sc_hd__clkbuf_16)
     8    0.079104    0.073558    0.113889   10.624564 ^ clkbuf_0_clk_regs/X (sky130_fd_sc_hd__clkbuf_16)
                                                         clknet_0_clk_regs (net)
                      0.073634    0.001805   10.626369 ^ clkbuf_3_6_0_clk_regs/A (sky130_fd_sc_hd__clkbuf_8)
     2    0.019914    0.037846    0.094602   10.720970 ^ clkbuf_3_6_0_clk_regs/X (sky130_fd_sc_hd__clkbuf_8)
                                                         clknet_3_6_0_clk_regs (net)
                      0.037855    0.000515   10.721485 ^ clkbuf_4_13__f_clk_regs/A (sky130_fd_sc_hd__clkbuf_16)
     8    0.025961    0.035225    0.085784   10.807269 ^ clkbuf_4_13__f_clk_regs/X (sky130_fd_sc_hd__clkbuf_16)
                                                         clknet_4_13__leaf_clk_regs (net)
                      0.035239    0.000629   10.807898 ^ _1455_/CLK (sky130_fd_sc_hd__dfxtp_2)
                                 -0.100000   10.707898   clock uncertainty
                                  0.000000   10.707898   clock reconvergence pessimism
                                 -0.065098   10.642799   library setup time
                                             10.642799   data required time
---------------------------------------------------------------------------------------------
                                             10.642799   data required time
                                             -3.945064   data arrival time
---------------------------------------------------------------------------------------------
                                              6.697736   slack (MET)


Startpoint: reset (input port clocked by clk)
Endpoint: _1466_ (rising edge-triggered flip-flop clocked by clk)
Path Group: clk
Path Type: max

Fanout         Cap        Slew       Delay        Time   Description
---------------------------------------------------------------------------------------------
                                  0.000000    0.000000   clock clk (rise edge)
                                  0.000000    0.000000   clock network delay (propagated)
                                  2.000000    2.000000 ^ input external delay
     3    0.122379    0.415328    0.331209    2.331209 ^ reset (in)
                                                         reset (net)
                      0.434769    0.000000    2.331209 ^ _1826_/A (sky130_fd_sc_hd__buf_2)
     5    0.038184    0.143063    0.197619    2.528827 ^ _1826_/X (sky130_fd_sc_hd__buf_2)
                                                         _0629_ (net)
                      0.143125    0.002589    2.531416 ^ _1090_/A (sky130_fd_sc_hd__inv_2)
     4    0.049589    0.091304    0.101986    2.633402 v _1090_/Y (sky130_fd_sc_hd__inv_2)
                                                         _0291_ (net)
                      0.091405    0.002590    2.635992 v fanout67/A (sky130_fd_sc_hd__clkdlybuf4s25_1)
     5    0.023431    0.123287    0.272758    2.908750 v fanout67/X (sky130_fd_sc_hd__clkdlybuf4s25_1)
                                                         net67 (net)
                      0.123287    0.000418    2.909168 v fanout65/A (sky130_fd_sc_hd__clkdlybuf4s25_1)
    10    0.032386    0.167007    0.318530    3.227698 v fanout65/X (sky130_fd_sc_hd__clkdlybuf4s25_1)
                                                         net65 (net)
                      0.167022    0.001726    3.229424 v _1265_/A (sky130_fd_sc_hd__and2_2)
     2    0.022689    0.056303    0.201498    3.430922 v _1265_/X (sky130_fd_sc_hd__and2_2)
                                                         _0577_ (net)
                      0.056317    0.000921    3.431843 v fanout9/A (sky130_fd_sc_hd__clkdlybuf4s25_1)
     6    0.026248    0.136030    0.270246    3.702089 v fanout9/X (sky130_fd_sc_hd__clkdlybuf4s25_1)
                                                         net9 (net)
                      0.136032    0.000746    3.702835 v _1287_/A2 (sky130_fd_sc_hd__a22o_2)
     1    0.002401    0.023343    0.174179    3.877013 v _1287_/X (sky130_fd_sc_hd__a22o_2)
                                                         _0325_ (net)
                      0.023343    0.000074    3.877087 v _1887_/A (sky130_fd_sc_hd__buf_2)
     1    0.002077    0.015786    0.069575    3.946663 v _1887_/X (sky130_fd_sc_hd__buf_2)
                                                         _0934_ (net)
                      0.015786    0.000061    3.946724 v _1466_/D (sky130_fd_sc_hd__dfxtp_2)
                                              3.946724   data arrival time

                                 10.000000   10.000000   clock clk (rise edge)
                                  0.000000   10.000000   clock source latency
     2    0.157459    0.537694    0.388335   10.388335 ^ clk (in)
                                                         clk (net)
                      0.571537    0.000000   10.388335 ^ clkbuf_regs_0_clk/A (sky130_fd_sc_hd__clkbuf_16)
     1    0.008638    0.038950    0.122082   10.510417 ^ clkbuf_regs_0_clk/X (sky130_fd_sc_hd__clkbuf_16)
                                                         clk_regs (net)
                      0.038950    0.000258   10.510674 ^ clkbuf_0_clk_regs/A (sky130_fd_sc_hd__clkbuf_16)
     8    0.079104    0.073558    0.113889   10.624564 ^ clkbuf_0_clk_regs/X (sky130_fd_sc_hd__clkbuf_16)
                                                         clknet_0_clk_regs (net)
                      0.073668    0.002158   10.626722 ^ clkbuf_3_4_0_clk_regs/A (sky130_fd_sc_hd__clkbuf_8)
     2    0.019130    0.036943    0.093841   10.720563 ^ clkbuf_3_4_0_clk_regs/X (sky130_fd_sc_hd__clkbuf_8)
                                                         clknet_3_4_0_clk_regs (net)
                      0.036952    0.000524   10.721087 ^ clkbuf_4_9__f_clk_regs/A (sky130_fd_sc_hd__clkbuf_16)
     9    0.030287    0.038292    0.088488   10.809576 ^ clkbuf_4_9__f_clk_regs/X (sky130_fd_sc_hd__clkbuf_16)
                                                         clknet_4_9__leaf_clk_regs (net)
                      0.038299    0.000497   10.810073 ^ _1466_/CLK (sky130_fd_sc_hd__dfxtp_2)
                                 -0.100000   10.710073   clock uncertainty
                                  0.000000   10.710073   clock reconvergence pessimism
                                 -0.064829   10.645244   library setup time
                                             10.645244   data required time
---------------------------------------------------------------------------------------------
                                             10.645244   data required time
                                             -3.946724   data arrival time
---------------------------------------------------------------------------------------------
                                              6.698520   slack (MET)


Startpoint: reset (input port clocked by clk)
Endpoint: _1465_ (rising edge-triggered flip-flop clocked by clk)
Path Group: clk
Path Type: max

Fanout         Cap        Slew       Delay        Time   Description
---------------------------------------------------------------------------------------------
                                  0.000000    0.000000   clock clk (rise edge)
                                  0.000000    0.000000   clock network delay (propagated)
                                  2.000000    2.000000 ^ input external delay
     3    0.122379    0.415328    0.331209    2.331209 ^ reset (in)
                                                         reset (net)
                      0.434769    0.000000    2.331209 ^ _1826_/A (sky130_fd_sc_hd__buf_2)
     5    0.038184    0.143063    0.197619    2.528827 ^ _1826_/X (sky130_fd_sc_hd__buf_2)
                                                         _0629_ (net)
                      0.143125    0.002589    2.531416 ^ _1090_/A (sky130_fd_sc_hd__inv_2)
     4    0.049589    0.091304    0.101986    2.633402 v _1090_/Y (sky130_fd_sc_hd__inv_2)
                                                         _0291_ (net)
                      0.091405    0.002590    2.635992 v fanout67/A (sky130_fd_sc_hd__clkdlybuf4s25_1)
     5    0.023431    0.123287    0.272758    2.908750 v fanout67/X (sky130_fd_sc_hd__clkdlybuf4s25_1)
                                                         net67 (net)
                      0.123287    0.000418    2.909168 v fanout65/A (sky130_fd_sc_hd__clkdlybuf4s25_1)
    10    0.032386    0.167007    0.318530    3.227698 v fanout65/X (sky130_fd_sc_hd__clkdlybuf4s25_1)
                                                         net65 (net)
                      0.167022    0.001726    3.229424 v _1265_/A (sky130_fd_sc_hd__and2_2)
     2    0.022689    0.056303    0.201498    3.430922 v _1265_/X (sky130_fd_sc_hd__and2_2)
                                                         _0577_ (net)
                      0.056317    0.000921    3.431843 v fanout9/A (sky130_fd_sc_hd__clkdlybuf4s25_1)
     6    0.026248    0.136030    0.270246    3.702089 v fanout9/X (sky130_fd_sc_hd__clkdlybuf4s25_1)
                                                         net9 (net)
                      0.136031    0.000677    3.702766 v _1286_/A2 (sky130_fd_sc_hd__a22o_2)
     1    0.001952    0.024001    0.172651    3.875417 v _1286_/X (sky130_fd_sc_hd__a22o_2)
                                                         _0324_ (net)
                      0.024001    0.000040    3.875457 v _1886_/A (sky130_fd_sc_hd__buf_2)
     1    0.002417    0.016322    0.070740    3.946197 v _1886_/X (sky130_fd_sc_hd__buf_2)
                                                         _0932_ (net)
                      0.016322    0.000075    3.946271 v _1465_/D (sky130_fd_sc_hd__dfxtp_2)
                                              3.946271   data arrival time

                                 10.000000   10.000000   clock clk (rise edge)
                                  0.000000   10.000000   clock source latency
     2    0.157459    0.537694    0.388335   10.388335 ^ clk (in)
                                                         clk (net)
                      0.571537    0.000000   10.388335 ^ clkbuf_regs_0_clk/A (sky130_fd_sc_hd__clkbuf_16)
     1    0.008638    0.038950    0.122082   10.510417 ^ clkbuf_regs_0_clk/X (sky130_fd_sc_hd__clkbuf_16)
                                                         clk_regs (net)
                      0.038950    0.000258   10.510674 ^ clkbuf_0_clk_regs/A (sky130_fd_sc_hd__clkbuf_16)
     8    0.079104    0.073558    0.113889   10.624564 ^ clkbuf_0_clk_regs/X (sky130_fd_sc_hd__clkbuf_16)
                                                         clknet_0_clk_regs (net)
                      0.073729    0.002679   10.627242 ^ clkbuf_3_5_0_clk_regs/A (sky130_fd_sc_hd__clkbuf_8)
     2    0.019344    0.037186    0.094110   10.721353 ^ clkbuf_3_5_0_clk_regs/X (sky130_fd_sc_hd__clkbuf_8)
                                                         clknet_3_5_0_clk_regs (net)
                      0.037190    0.000393   10.721745 ^ clkbuf_4_11__f_clk_regs/A (sky130_fd_sc_hd__clkbuf_16)
     8    0.029132    0.037490    0.087618   10.809363 ^ clkbuf_4_11__f_clk_regs/X (sky130_fd_sc_hd__clkbuf_16)
                                                         clknet_4_11__leaf_clk_regs (net)
                      0.037553    0.001248   10.810612 ^ _1465_/CLK (sky130_fd_sc_hd__dfxtp_2)
                                 -0.100000   10.710611   clock uncertainty
                                  0.000000   10.710611   clock reconvergence pessimism
                                 -0.065092   10.645519   library setup time
                                             10.645519   data required time
---------------------------------------------------------------------------------------------
                                             10.645519   data required time
                                             -3.946271   data arrival time
---------------------------------------------------------------------------------------------
                                              6.699248   slack (MET)


Startpoint: reset (input port clocked by clk)
Endpoint: _1451_ (rising edge-triggered flip-flop clocked by clk)
Path Group: clk
Path Type: max

Fanout         Cap        Slew       Delay        Time   Description
---------------------------------------------------------------------------------------------
                                  0.000000    0.000000   clock clk (rise edge)
                                  0.000000    0.000000   clock network delay (propagated)
                                  2.000000    2.000000 ^ input external delay
     3    0.122379    0.415328    0.331209    2.331209 ^ reset (in)
                                                         reset (net)
                      0.434769    0.000000    2.331209 ^ _1826_/A (sky130_fd_sc_hd__buf_2)
     5    0.038184    0.143063    0.197619    2.528827 ^ _1826_/X (sky130_fd_sc_hd__buf_2)
                                                         _0629_ (net)
                      0.143125    0.002589    2.531416 ^ _1090_/A (sky130_fd_sc_hd__inv_2)
     4    0.049589    0.091304    0.101986    2.633402 v _1090_/Y (sky130_fd_sc_hd__inv_2)
                                                         _0291_ (net)
                      0.091405    0.002590    2.635992 v fanout67/A (sky130_fd_sc_hd__clkdlybuf4s25_1)
     5    0.023431    0.123287    0.272758    2.908750 v fanout67/X (sky130_fd_sc_hd__clkdlybuf4s25_1)
                                                         net67 (net)
                      0.123287    0.000418    2.909168 v fanout65/A (sky130_fd_sc_hd__clkdlybuf4s25_1)
    10    0.032386    0.167007    0.318530    3.227698 v fanout65/X (sky130_fd_sc_hd__clkdlybuf4s25_1)
                                                         net65 (net)
                      0.167022    0.001726    3.229424 v _1265_/A (sky130_fd_sc_hd__and2_2)
     2    0.022689    0.056303    0.201498    3.430922 v _1265_/X (sky130_fd_sc_hd__and2_2)
                                                         _0577_ (net)
                      0.056307    0.000559    3.431481 v fanout8/A (sky130_fd_sc_hd__buf_1)
    10    0.052289    0.204513    0.219822    3.651304 v fanout8/X (sky130_fd_sc_hd__buf_1)
                                                         net8 (net)
                      0.204617    0.004083    3.655386 v _1272_/A2 (sky130_fd_sc_hd__a22o_2)
     1    0.003188    0.026310    0.203589    3.858975 v _1272_/X (sky130_fd_sc_hd__a22o_2)
                                                         _0310_ (net)
                      0.026310    0.000108    3.859083 v _1872_/A (sky130_fd_sc_hd__buf_2)
     1    0.002588    0.016589    0.072164    3.931247 v _1872_/X (sky130_fd_sc_hd__buf_2)
                                                         _0904_ (net)
                      0.016589    0.000056    3.931303 v _1451_/D (sky130_fd_sc_hd__dfxtp_2)
                                              3.931303   data arrival time

                                 10.000000   10.000000   clock clk (rise edge)
                                  0.000000   10.000000   clock source latency
     2    0.157459    0.537694    0.388335   10.388335 ^ clk (in)
                                                         clk (net)
                      0.571537    0.000000   10.388335 ^ clkbuf_regs_0_clk/A (sky130_fd_sc_hd__clkbuf_16)
     1    0.008638    0.038950    0.122082   10.510417 ^ clkbuf_regs_0_clk/X (sky130_fd_sc_hd__clkbuf_16)
                                                         clk_regs (net)
                      0.038950    0.000258   10.510674 ^ clkbuf_0_clk_regs/A (sky130_fd_sc_hd__clkbuf_16)
     8    0.079104    0.073558    0.113889   10.624564 ^ clkbuf_0_clk_regs/X (sky130_fd_sc_hd__clkbuf_16)
                                                         clknet_0_clk_regs (net)
                      0.073634    0.001805   10.626369 ^ clkbuf_3_6_0_clk_regs/A (sky130_fd_sc_hd__clkbuf_8)
     2    0.019914    0.037846    0.094602   10.720970 ^ clkbuf_3_6_0_clk_regs/X (sky130_fd_sc_hd__clkbuf_8)
                                                         clknet_3_6_0_clk_regs (net)
                      0.037856    0.000550   10.721520 ^ clkbuf_4_12__f_clk_regs/A (sky130_fd_sc_hd__clkbuf_16)
     8    0.025119    0.034629    0.085468   10.806988 ^ clkbuf_4_12__f_clk_regs/X (sky130_fd_sc_hd__clkbuf_16)
                                                         clknet_4_12__leaf_clk_regs (net)
                      0.034635    0.000382   10.807369 ^ _1451_/CLK (sky130_fd_sc_hd__dfxtp_2)
                                 -0.100000   10.707370   clock uncertainty
                                  0.000000   10.707370   clock reconvergence pessimism
                                 -0.065467   10.641902   library setup time
                                             10.641902   data required time
---------------------------------------------------------------------------------------------
                                             10.641902   data required time
                                             -3.931303   data arrival time
---------------------------------------------------------------------------------------------
                                              6.710599   slack (MET)


Startpoint: reset (input port clocked by clk)
Endpoint: _1452_ (rising edge-triggered flip-flop clocked by clk)
Path Group: clk
Path Type: max

Fanout         Cap        Slew       Delay        Time   Description
---------------------------------------------------------------------------------------------
                                  0.000000    0.000000   clock clk (rise edge)
                                  0.000000    0.000000   clock network delay (propagated)
                                  2.000000    2.000000 ^ input external delay
     3    0.122379    0.415328    0.331209    2.331209 ^ reset (in)
                                                         reset (net)
                      0.434769    0.000000    2.331209 ^ _1826_/A (sky130_fd_sc_hd__buf_2)
     5    0.038184    0.143063    0.197619    2.528827 ^ _1826_/X (sky130_fd_sc_hd__buf_2)
                                                         _0629_ (net)
                      0.143125    0.002589    2.531416 ^ _1090_/A (sky130_fd_sc_hd__inv_2)
     4    0.049589    0.091304    0.101986    2.633402 v _1090_/Y (sky130_fd_sc_hd__inv_2)
                                                         _0291_ (net)
                      0.091405    0.002590    2.635992 v fanout67/A (sky130_fd_sc_hd__clkdlybuf4s25_1)
     5    0.023431    0.123287    0.272758    2.908750 v fanout67/X (sky130_fd_sc_hd__clkdlybuf4s25_1)
                                                         net67 (net)
                      0.123287    0.000418    2.909168 v fanout65/A (sky130_fd_sc_hd__clkdlybuf4s25_1)
    10    0.032386    0.167007    0.318530    3.227698 v fanout65/X (sky130_fd_sc_hd__clkdlybuf4s25_1)
                                                         net65 (net)
                      0.167022    0.001726    3.229424 v _1265_/A (sky130_fd_sc_hd__and2_2)
     2    0.022689    0.056303    0.201498    3.430922 v _1265_/X (sky130_fd_sc_hd__and2_2)
                                                         _0577_ (net)
                      0.056307    0.000559    3.431481 v fanout8/A (sky130_fd_sc_hd__buf_1)
    10    0.052289    0.204513    0.219822    3.651304 v fanout8/X (sky130_fd_sc_hd__buf_1)
                                                         net8 (net)
                      0.204520    0.001041    3.652344 v _1273_/A2 (sky130_fd_sc_hd__a22o_2)
     1    0.002891    0.025231    0.202520    3.854864 v _1273_/X (sky130_fd_sc_hd__a22o_2)
                                                         _0311_ (net)
                      0.025231    0.000094    3.854958 v _1873_/A (sky130_fd_sc_hd__buf_2)
     1    0.002690    0.016753    0.071972    3.926929 v _1873_/X (sky130_fd_sc_hd__buf_2)
                                                         _0906_ (net)
                      0.016753    0.000084    3.927013 v _1452_/D (sky130_fd_sc_hd__dfxtp_2)
                                              3.927013   data arrival time

                                 10.000000   10.000000   clock clk (rise edge)
                                  0.000000   10.000000   clock source latency
     2    0.157459    0.537694    0.388335   10.388335 ^ clk (in)
                                                         clk (net)
                      0.571537    0.000000   10.388335 ^ clkbuf_regs_0_clk/A (sky130_fd_sc_hd__clkbuf_16)
     1    0.008638    0.038950    0.122082   10.510417 ^ clkbuf_regs_0_clk/X (sky130_fd_sc_hd__clkbuf_16)
                                                         clk_regs (net)
                      0.038950    0.000258   10.510674 ^ clkbuf_0_clk_regs/A (sky130_fd_sc_hd__clkbuf_16)
     8    0.079104    0.073558    0.113889   10.624564 ^ clkbuf_0_clk_regs/X (sky130_fd_sc_hd__clkbuf_16)
                                                         clknet_0_clk_regs (net)
                      0.073626    0.001701   10.626265 ^ clkbuf_3_3_0_clk_regs/A (sky130_fd_sc_hd__clkbuf_8)
     2    0.019215    0.037042    0.093889   10.720154 ^ clkbuf_3_3_0_clk_regs/X (sky130_fd_sc_hd__clkbuf_8)
                                                         clknet_3_3_0_clk_regs (net)
                      0.037051    0.000535   10.720689 ^ clkbuf_4_6__f_clk_regs/A (sky130_fd_sc_hd__clkbuf_16)
     8    0.025823    0.035115    0.085665   10.806354 ^ clkbuf_4_6__f_clk_regs/X (sky130_fd_sc_hd__clkbuf_16)
                                                         clknet_4_6__leaf_clk_regs (net)
                      0.035115    0.000130   10.806483 ^ _1452_/CLK (sky130_fd_sc_hd__dfxtp_2)
                                 -0.100000   10.706483   clock uncertainty
                                  0.000000   10.706483   clock reconvergence pessimism
                                 -0.065479   10.641004   library setup time
                                             10.641004   data required time
---------------------------------------------------------------------------------------------
                                             10.641004   data required time
                                             -3.927013   data arrival time
---------------------------------------------------------------------------------------------
                                              6.713990   slack (MET)


Startpoint: reset (input port clocked by clk)
Endpoint: _1456_ (rising edge-triggered flip-flop clocked by clk)
Path Group: clk
Path Type: max

Fanout         Cap        Slew       Delay        Time   Description
---------------------------------------------------------------------------------------------
                                  0.000000    0.000000   clock clk (rise edge)
                                  0.000000    0.000000   clock network delay (propagated)
                                  2.000000    2.000000 ^ input external delay
     3    0.122379    0.415328    0.331209    2.331209 ^ reset (in)
                                                         reset (net)
                      0.434769    0.000000    2.331209 ^ _1826_/A (sky130_fd_sc_hd__buf_2)
     5    0.038184    0.143063    0.197619    2.528827 ^ _1826_/X (sky130_fd_sc_hd__buf_2)
                                                         _0629_ (net)
                      0.143125    0.002589    2.531416 ^ _1090_/A (sky130_fd_sc_hd__inv_2)
     4    0.049589    0.091304    0.101986    2.633402 v _1090_/Y (sky130_fd_sc_hd__inv_2)
                                                         _0291_ (net)
                      0.091405    0.002590    2.635992 v fanout67/A (sky130_fd_sc_hd__clkdlybuf4s25_1)
     5    0.023431    0.123287    0.272758    2.908750 v fanout67/X (sky130_fd_sc_hd__clkdlybuf4s25_1)
                                                         net67 (net)
                      0.123287    0.000418    2.909168 v fanout65/A (sky130_fd_sc_hd__clkdlybuf4s25_1)
    10    0.032386    0.167007    0.318530    3.227698 v fanout65/X (sky130_fd_sc_hd__clkdlybuf4s25_1)
                                                         net65 (net)
                      0.167022    0.001726    3.229424 v _1265_/A (sky130_fd_sc_hd__and2_2)
     2    0.022689    0.056303    0.201498    3.430922 v _1265_/X (sky130_fd_sc_hd__and2_2)
                                                         _0577_ (net)
                      0.056307    0.000559    3.431481 v fanout8/A (sky130_fd_sc_hd__buf_1)
    10    0.052289    0.204513    0.219822    3.651304 v fanout8/X (sky130_fd_sc_hd__buf_1)
                                                         net8 (net)
                      0.204515    0.000584    3.651888 v _1277_/A2 (sky130_fd_sc_hd__a22o_2)
     1    0.002587    0.024606    0.201466    3.853354 v _1277_/X (sky130_fd_sc_hd__a22o_2)
                                                         _0315_ (net)
                      0.024606    0.000061    3.853415 v _1877_/A (sky130_fd_sc_hd__buf_2)
     1    0.003106    0.017405    0.072804    3.926220 v _1877_/X (sky130_fd_sc_hd__buf_2)
                                                         _0914_ (net)
                      0.017405    0.000079    3.926299 v _1456_/D (sky130_fd_sc_hd__dfxtp_2)
                                              3.926299   data arrival time

                                 10.000000   10.000000   clock clk (rise edge)
                                  0.000000   10.000000   clock source latency
     2    0.157459    0.537694    0.388335   10.388335 ^ clk (in)
                                                         clk (net)
                      0.571537    0.000000   10.388335 ^ clkbuf_regs_0_clk/A (sky130_fd_sc_hd__clkbuf_16)
     1    0.008638    0.038950    0.122082   10.510417 ^ clkbuf_regs_0_clk/X (sky130_fd_sc_hd__clkbuf_16)
                                                         clk_regs (net)
                      0.038950    0.000258   10.510674 ^ clkbuf_0_clk_regs/A (sky130_fd_sc_hd__clkbuf_16)
     8    0.079104    0.073558    0.113889   10.624564 ^ clkbuf_0_clk_regs/X (sky130_fd_sc_hd__clkbuf_16)
                                                         clknet_0_clk_regs (net)
                      0.073626    0.001701   10.626265 ^ clkbuf_3_3_0_clk_regs/A (sky130_fd_sc_hd__clkbuf_8)
     2    0.019215    0.037042    0.093889   10.720154 ^ clkbuf_3_3_0_clk_regs/X (sky130_fd_sc_hd__clkbuf_8)
                                                         clknet_3_3_0_clk_regs (net)
                      0.037051    0.000535   10.720689 ^ clkbuf_4_6__f_clk_regs/A (sky130_fd_sc_hd__clkbuf_16)
     8    0.025823    0.035115    0.085665   10.806354 ^ clkbuf_4_6__f_clk_regs/X (sky130_fd_sc_hd__clkbuf_16)
                                                         clknet_4_6__leaf_clk_regs (net)
                      0.035122    0.000439   10.806792 ^ _1456_/CLK (sky130_fd_sc_hd__dfxtp_2)
                                 -0.100000   10.706792   clock uncertainty
                                  0.000000   10.706792   clock reconvergence pessimism
                                 -0.065712   10.641080   library setup time
                                             10.641080   data required time
---------------------------------------------------------------------------------------------
                                             10.641080   data required time
                                             -3.926299   data arrival time
---------------------------------------------------------------------------------------------
                                              6.714781   slack (MET)


Startpoint: reset (input port clocked by clk)
Endpoint: _1454_ (rising edge-triggered flip-flop clocked by clk)
Path Group: clk
Path Type: max

Fanout         Cap        Slew       Delay        Time   Description
---------------------------------------------------------------------------------------------
                                  0.000000    0.000000   clock clk (rise edge)
                                  0.000000    0.000000   clock network delay (propagated)
                                  2.000000    2.000000 ^ input external delay
     3    0.122379    0.415328    0.331209    2.331209 ^ reset (in)
                                                         reset (net)
                      0.434769    0.000000    2.331209 ^ _1826_/A (sky130_fd_sc_hd__buf_2)
     5    0.038184    0.143063    0.197619    2.528827 ^ _1826_/X (sky130_fd_sc_hd__buf_2)
                                                         _0629_ (net)
                      0.143125    0.002589    2.531416 ^ _1090_/A (sky130_fd_sc_hd__inv_2)
     4    0.049589    0.091304    0.101986    2.633402 v _1090_/Y (sky130_fd_sc_hd__inv_2)
                                                         _0291_ (net)
                      0.091405    0.002590    2.635992 v fanout67/A (sky130_fd_sc_hd__clkdlybuf4s25_1)
     5    0.023431    0.123287    0.272758    2.908750 v fanout67/X (sky130_fd_sc_hd__clkdlybuf4s25_1)
                                                         net67 (net)
                      0.123287    0.000418    2.909168 v fanout65/A (sky130_fd_sc_hd__clkdlybuf4s25_1)
    10    0.032386    0.167007    0.318530    3.227698 v fanout65/X (sky130_fd_sc_hd__clkdlybuf4s25_1)
                                                         net65 (net)
                      0.167022    0.001726    3.229424 v _1265_/A (sky130_fd_sc_hd__and2_2)
     2    0.022689    0.056303    0.201498    3.430922 v _1265_/X (sky130_fd_sc_hd__and2_2)
                                                         _0577_ (net)
                      0.056307    0.000559    3.431481 v fanout8/A (sky130_fd_sc_hd__buf_1)
    10    0.052289    0.204513    0.219822    3.651304 v fanout8/X (sky130_fd_sc_hd__buf_1)
                                                         net8 (net)
                      0.204523    0.001275    3.652578 v _1275_/A2 (sky130_fd_sc_hd__a22o_2)
     1    0.003039    0.025468    0.203043    3.855621 v _1275_/X (sky130_fd_sc_hd__a22o_2)
                                                         _0313_ (net)
                      0.025468    0.000076    3.855697 v _1875_/A (sky130_fd_sc_hd__buf_2)
     1    0.002399    0.016295    0.071310    3.927007 v _1875_/X (sky130_fd_sc_hd__buf_2)
                                                         _0910_ (net)
                      0.016295    0.000072    3.927079 v _1454_/D (sky130_fd_sc_hd__dfxtp_2)
                                              3.927079   data arrival time

                                 10.000000   10.000000   clock clk (rise edge)
                                  0.000000   10.000000   clock source latency
     2    0.157459    0.537694    0.388335   10.388335 ^ clk (in)
                                                         clk (net)
                      0.571537    0.000000   10.388335 ^ clkbuf_regs_0_clk/A (sky130_fd_sc_hd__clkbuf_16)
     1    0.008638    0.038950    0.122082   10.510417 ^ clkbuf_regs_0_clk/X (sky130_fd_sc_hd__clkbuf_16)
                                                         clk_regs (net)
                      0.038950    0.000258   10.510674 ^ clkbuf_0_clk_regs/A (sky130_fd_sc_hd__clkbuf_16)
     8    0.079104    0.073558    0.113889   10.624564 ^ clkbuf_0_clk_regs/X (sky130_fd_sc_hd__clkbuf_16)
                                                         clknet_0_clk_regs (net)
                      0.073612    0.001520   10.626083 ^ clkbuf_3_1_0_clk_regs/A (sky130_fd_sc_hd__clkbuf_8)
     2    0.019811    0.037729    0.094480   10.720563 ^ clkbuf_3_1_0_clk_regs/X (sky130_fd_sc_hd__clkbuf_8)
                                                         clknet_3_1_0_clk_regs (net)
                      0.037740    0.000576   10.721139 ^ clkbuf_4_3__f_clk_regs/A (sky130_fd_sc_hd__clkbuf_16)
     8    0.025926    0.035199    0.085835   10.806974 ^ clkbuf_4_3__f_clk_regs/X (sky130_fd_sc_hd__clkbuf_16)
                                                         clknet_4_3__leaf_clk_regs (net)
                      0.035213    0.000600   10.807574 ^ _1454_/CLK (sky130_fd_sc_hd__dfxtp_2)
                                 -0.100000   10.707574   clock uncertainty
                                  0.000000   10.707574   clock reconvergence pessimism
                                 -0.065307   10.642267   library setup time
                                             10.642267   data required time
---------------------------------------------------------------------------------------------
                                             10.642267   data required time
                                             -3.927079   data arrival time
---------------------------------------------------------------------------------------------
                                              6.715188   slack (MET)


Startpoint: reset (input port clocked by clk)
Endpoint: _1457_ (rising edge-triggered flip-flop clocked by clk)
Path Group: clk
Path Type: max

Fanout         Cap        Slew       Delay        Time   Description
---------------------------------------------------------------------------------------------
                                  0.000000    0.000000   clock clk (rise edge)
                                  0.000000    0.000000   clock network delay (propagated)
                                  2.000000    2.000000 ^ input external delay
     3    0.122379    0.415328    0.331209    2.331209 ^ reset (in)
                                                         reset (net)
                      0.434769    0.000000    2.331209 ^ _1826_/A (sky130_fd_sc_hd__buf_2)
     5    0.038184    0.143063    0.197619    2.528827 ^ _1826_/X (sky130_fd_sc_hd__buf_2)
                                                         _0629_ (net)
                      0.143125    0.002589    2.531416 ^ _1090_/A (sky130_fd_sc_hd__inv_2)
     4    0.049589    0.091304    0.101986    2.633402 v _1090_/Y (sky130_fd_sc_hd__inv_2)
                                                         _0291_ (net)
                      0.091405    0.002590    2.635992 v fanout67/A (sky130_fd_sc_hd__clkdlybuf4s25_1)
     5    0.023431    0.123287    0.272758    2.908750 v fanout67/X (sky130_fd_sc_hd__clkdlybuf4s25_1)
                                                         net67 (net)
                      0.123287    0.000418    2.909168 v fanout65/A (sky130_fd_sc_hd__clkdlybuf4s25_1)
    10    0.032386    0.167007    0.318530    3.227698 v fanout65/X (sky130_fd_sc_hd__clkdlybuf4s25_1)
                                                         net65 (net)
                      0.167022    0.001726    3.229424 v _1265_/A (sky130_fd_sc_hd__and2_2)
     2    0.022689    0.056303    0.201498    3.430922 v _1265_/X (sky130_fd_sc_hd__and2_2)
                                                         _0577_ (net)
                      0.056307    0.000559    3.431481 v fanout8/A (sky130_fd_sc_hd__buf_1)
    10    0.052289    0.204513    0.219822    3.651304 v fanout8/X (sky130_fd_sc_hd__buf_1)
                                                         net8 (net)
                      0.204520    0.001046    3.652350 v _1278_/A2 (sky130_fd_sc_hd__a22o_2)
     1    0.002569    0.024570    0.201401    3.853751 v _1278_/X (sky130_fd_sc_hd__a22o_2)
                                                         _0316_ (net)
                      0.024570    0.000079    3.853830 v _1878_/A (sky130_fd_sc_hd__buf_2)
     1    0.002870    0.017035    0.072165    3.925995 v _1878_/X (sky130_fd_sc_hd__buf_2)
                                                         _0916_ (net)
                      0.017035    0.000090    3.926085 v _1457_/D (sky130_fd_sc_hd__dfxtp_2)
                                              3.926085   data arrival time

                                 10.000000   10.000000   clock clk (rise edge)
                                  0.000000   10.000000   clock source latency
     2    0.157459    0.537694    0.388335   10.388335 ^ clk (in)
                                                         clk (net)
                      0.571537    0.000000   10.388335 ^ clkbuf_regs_0_clk/A (sky130_fd_sc_hd__clkbuf_16)
     1    0.008638    0.038950    0.122082   10.510417 ^ clkbuf_regs_0_clk/X (sky130_fd_sc_hd__clkbuf_16)
                                                         clk_regs (net)
                      0.038950    0.000258   10.510674 ^ clkbuf_0_clk_regs/A (sky130_fd_sc_hd__clkbuf_16)
     8    0.079104    0.073558    0.113889   10.624564 ^ clkbuf_0_clk_regs/X (sky130_fd_sc_hd__clkbuf_16)
                                                         clknet_0_clk_regs (net)
                      0.073626    0.001701   10.626265 ^ clkbuf_3_3_0_clk_regs/A (sky130_fd_sc_hd__clkbuf_8)
     2    0.019215    0.037042    0.093889   10.720154 ^ clkbuf_3_3_0_clk_regs/X (sky130_fd_sc_hd__clkbuf_8)
                                                         clknet_3_3_0_clk_regs (net)
                      0.037054    0.000594   10.720748 ^ clkbuf_4_7__f_clk_regs/A (sky130_fd_sc_hd__clkbuf_16)
     8    0.026926    0.035893    0.086390   10.807138 ^ clkbuf_4_7__f_clk_regs/X (sky130_fd_sc_hd__clkbuf_16)
                                                         clknet_4_7__leaf_clk_regs (net)
                      0.035897    0.000363   10.807502 ^ _1457_/CLK (sky130_fd_sc_hd__dfxtp_2)
                                 -0.100000   10.707501   clock uncertainty
                                  0.000000   10.707501   clock reconvergence pessimism
                                 -0.065505   10.641997   library setup time
                                             10.641997   data required time
---------------------------------------------------------------------------------------------
                                             10.641997   data required time
                                             -3.926085   data arrival time
---------------------------------------------------------------------------------------------
                                              6.715912   slack (MET)


Startpoint: reset (input port clocked by clk)
Endpoint: _1453_ (rising edge-triggered flip-flop clocked by clk)
Path Group: clk
Path Type: max

Fanout         Cap        Slew       Delay        Time   Description
---------------------------------------------------------------------------------------------
                                  0.000000    0.000000   clock clk (rise edge)
                                  0.000000    0.000000   clock network delay (propagated)
                                  2.000000    2.000000 ^ input external delay
     3    0.122379    0.415328    0.331209    2.331209 ^ reset (in)
                                                         reset (net)
                      0.434769    0.000000    2.331209 ^ _1826_/A (sky130_fd_sc_hd__buf_2)
     5    0.038184    0.143063    0.197619    2.528827 ^ _1826_/X (sky130_fd_sc_hd__buf_2)
                                                         _0629_ (net)
                      0.143125    0.002589    2.531416 ^ _1090_/A (sky130_fd_sc_hd__inv_2)
     4    0.049589    0.091304    0.101986    2.633402 v _1090_/Y (sky130_fd_sc_hd__inv_2)
                                                         _0291_ (net)
                      0.091405    0.002590    2.635992 v fanout67/A (sky130_fd_sc_hd__clkdlybuf4s25_1)
     5    0.023431    0.123287    0.272758    2.908750 v fanout67/X (sky130_fd_sc_hd__clkdlybuf4s25_1)
                                                         net67 (net)
                      0.123287    0.000418    2.909168 v fanout65/A (sky130_fd_sc_hd__clkdlybuf4s25_1)
    10    0.032386    0.167007    0.318530    3.227698 v fanout65/X (sky130_fd_sc_hd__clkdlybuf4s25_1)
                                                         net65 (net)
                      0.167022    0.001726    3.229424 v _1265_/A (sky130_fd_sc_hd__and2_2)
     2    0.022689    0.056303    0.201498    3.430922 v _1265_/X (sky130_fd_sc_hd__and2_2)
                                                         _0577_ (net)
                      0.056307    0.000559    3.431481 v fanout8/A (sky130_fd_sc_hd__buf_1)
    10    0.052289    0.204513    0.219822    3.651304 v fanout8/X (sky130_fd_sc_hd__buf_1)
                                                         net8 (net)
                      0.204613    0.004010    3.655314 v _1274_/A2 (sky130_fd_sc_hd__a22o_2)
     1    0.002817    0.025672    0.202299    3.857613 v _1274_/X (sky130_fd_sc_hd__a22o_2)
                                                         _0312_ (net)
                      0.025672    0.000090    3.857703 v _1874_/A (sky130_fd_sc_hd__buf_2)
     1    0.002236    0.016037    0.070973    3.928677 v _1874_/X (sky130_fd_sc_hd__buf_2)
                                                         _0908_ (net)
                      0.016037    0.000047    3.928724 v _1453_/D (sky130_fd_sc_hd__dfxtp_2)
                                              3.928724   data arrival time

                                 10.000000   10.000000   clock clk (rise edge)
                                  0.000000   10.000000   clock source latency
     2    0.157459    0.537694    0.388335   10.388335 ^ clk (in)
                                                         clk (net)
                      0.571537    0.000000   10.388335 ^ clkbuf_regs_0_clk/A (sky130_fd_sc_hd__clkbuf_16)
     1    0.008638    0.038950    0.122082   10.510417 ^ clkbuf_regs_0_clk/X (sky130_fd_sc_hd__clkbuf_16)
                                                         clk_regs (net)
                      0.038950    0.000258   10.510674 ^ clkbuf_0_clk_regs/A (sky130_fd_sc_hd__clkbuf_16)
     8    0.079104    0.073558    0.113889   10.624564 ^ clkbuf_0_clk_regs/X (sky130_fd_sc_hd__clkbuf_16)
                                                         clknet_0_clk_regs (net)
                      0.073668    0.002158   10.626722 ^ clkbuf_3_4_0_clk_regs/A (sky130_fd_sc_hd__clkbuf_8)
     2    0.019130    0.036943    0.093841   10.720563 ^ clkbuf_3_4_0_clk_regs/X (sky130_fd_sc_hd__clkbuf_8)
                                                         clknet_3_4_0_clk_regs (net)
                      0.036952    0.000524   10.721087 ^ clkbuf_4_9__f_clk_regs/A (sky130_fd_sc_hd__clkbuf_16)
     9    0.030287    0.038292    0.088488   10.809576 ^ clkbuf_4_9__f_clk_regs/X (sky130_fd_sc_hd__clkbuf_16)
                                                         clknet_4_9__leaf_clk_regs (net)
                      0.038310    0.000725   10.810301 ^ _1453_/CLK (sky130_fd_sc_hd__dfxtp_2)
                                 -0.100000   10.710300   clock uncertainty
                                  0.000000   10.710300   clock reconvergence pessimism
                                 -0.064917   10.645384   library setup time
                                             10.645384   data required time
---------------------------------------------------------------------------------------------
                                             10.645384   data required time
                                             -3.928724   data arrival time
---------------------------------------------------------------------------------------------
                                              6.716660   slack (MET)


Startpoint: reset (input port clocked by clk)
Endpoint: _1461_ (rising edge-triggered flip-flop clocked by clk)
Path Group: clk
Path Type: max

Fanout         Cap        Slew       Delay        Time   Description
---------------------------------------------------------------------------------------------
                                  0.000000    0.000000   clock clk (rise edge)
                                  0.000000    0.000000   clock network delay (propagated)
                                  2.000000    2.000000 ^ input external delay
     3    0.122379    0.415328    0.331209    2.331209 ^ reset (in)
                                                         reset (net)
                      0.434769    0.000000    2.331209 ^ _1826_/A (sky130_fd_sc_hd__buf_2)
     5    0.038184    0.143063    0.197619    2.528827 ^ _1826_/X (sky130_fd_sc_hd__buf_2)
                                                         _0629_ (net)
                      0.143125    0.002589    2.531416 ^ _1090_/A (sky130_fd_sc_hd__inv_2)
     4    0.049589    0.091304    0.101986    2.633402 v _1090_/Y (sky130_fd_sc_hd__inv_2)
                                                         _0291_ (net)
                      0.091405    0.002590    2.635992 v fanout67/A (sky130_fd_sc_hd__clkdlybuf4s25_1)
     5    0.023431    0.123287    0.272758    2.908750 v fanout67/X (sky130_fd_sc_hd__clkdlybuf4s25_1)
                                                         net67 (net)
                      0.123287    0.000418    2.909168 v fanout65/A (sky130_fd_sc_hd__clkdlybuf4s25_1)
    10    0.032386    0.167007    0.318530    3.227698 v fanout65/X (sky130_fd_sc_hd__clkdlybuf4s25_1)
                                                         net65 (net)
                      0.167022    0.001726    3.229424 v _1265_/A (sky130_fd_sc_hd__and2_2)
     2    0.022689    0.056303    0.201498    3.430922 v _1265_/X (sky130_fd_sc_hd__and2_2)
                                                         _0577_ (net)
                      0.056307    0.000559    3.431481 v fanout8/A (sky130_fd_sc_hd__buf_1)
    10    0.052289    0.204513    0.219822    3.651304 v fanout8/X (sky130_fd_sc_hd__buf_1)
                                                         net8 (net)
                      0.204536    0.001929    3.653232 v _1282_/A2 (sky130_fd_sc_hd__a22o_2)
     1    0.002408    0.024878    0.200846    3.854079 v _1282_/X (sky130_fd_sc_hd__a22o_2)
                                                         _0320_ (net)
                      0.024878    0.000074    3.854153 v _1882_/A (sky130_fd_sc_hd__buf_2)
     1    0.002327    0.016181    0.070873    3.925026 v _1882_/X (sky130_fd_sc_hd__buf_2)
                                                         _0924_ (net)
                      0.016181    0.000071    3.925096 v _1461_/D (sky130_fd_sc_hd__dfxtp_2)
                                              3.925096   data arrival time

                                 10.000000   10.000000   clock clk (rise edge)
                                  0.000000   10.000000   clock source latency
     2    0.157459    0.537694    0.388335   10.388335 ^ clk (in)
                                                         clk (net)
                      0.571537    0.000000   10.388335 ^ clkbuf_regs_0_clk/A (sky130_fd_sc_hd__clkbuf_16)
     1    0.008638    0.038950    0.122082   10.510417 ^ clkbuf_regs_0_clk/X (sky130_fd_sc_hd__clkbuf_16)
                                                         clk_regs (net)
                      0.038950    0.000258   10.510674 ^ clkbuf_0_clk_regs/A (sky130_fd_sc_hd__clkbuf_16)
     8    0.079104    0.073558    0.113889   10.624564 ^ clkbuf_0_clk_regs/X (sky130_fd_sc_hd__clkbuf_16)
                                                         clknet_0_clk_regs (net)
                      0.073612    0.001520   10.626083 ^ clkbuf_3_1_0_clk_regs/A (sky130_fd_sc_hd__clkbuf_8)
     2    0.019811    0.037729    0.094480   10.720563 ^ clkbuf_3_1_0_clk_regs/X (sky130_fd_sc_hd__clkbuf_8)
                                                         clknet_3_1_0_clk_regs (net)
                      0.037739    0.000549   10.721112 ^ clkbuf_4_2__f_clk_regs/A (sky130_fd_sc_hd__clkbuf_16)
     8    0.026248    0.035431    0.085910   10.807022 ^ clkbuf_4_2__f_clk_regs/X (sky130_fd_sc_hd__clkbuf_16)
                                                         clknet_4_2__leaf_clk_regs (net)
                      0.035473    0.000978   10.808001 ^ _1461_/CLK (sky130_fd_sc_hd__dfxtp_2)
                                 -0.100000   10.708000   clock uncertainty
                                  0.000000   10.708000   clock reconvergence pessimism
                                 -0.065241   10.642759   library setup time
                                             10.642759   data required time
---------------------------------------------------------------------------------------------
                                             10.642759   data required time
                                             -3.925096   data arrival time
---------------------------------------------------------------------------------------------
                                              6.717663   slack (MET)


Startpoint: reset (input port clocked by clk)
Endpoint: _1458_ (rising edge-triggered flip-flop clocked by clk)
Path Group: clk
Path Type: max

Fanout         Cap        Slew       Delay        Time   Description
---------------------------------------------------------------------------------------------
                                  0.000000    0.000000   clock clk (rise edge)
                                  0.000000    0.000000   clock network delay (propagated)
                                  2.000000    2.000000 ^ input external delay
     3    0.122379    0.415328    0.331209    2.331209 ^ reset (in)
                                                         reset (net)
                      0.434769    0.000000    2.331209 ^ _1826_/A (sky130_fd_sc_hd__buf_2)
     5    0.038184    0.143063    0.197619    2.528827 ^ _1826_/X (sky130_fd_sc_hd__buf_2)
                                                         _0629_ (net)
                      0.143125    0.002589    2.531416 ^ _1090_/A (sky130_fd_sc_hd__inv_2)
     4    0.049589    0.091304    0.101986    2.633402 v _1090_/Y (sky130_fd_sc_hd__inv_2)
                                                         _0291_ (net)
                      0.091405    0.002590    2.635992 v fanout67/A (sky130_fd_sc_hd__clkdlybuf4s25_1)
     5    0.023431    0.123287    0.272758    2.908750 v fanout67/X (sky130_fd_sc_hd__clkdlybuf4s25_1)
                                                         net67 (net)
                      0.123287    0.000418    2.909168 v fanout65/A (sky130_fd_sc_hd__clkdlybuf4s25_1)
    10    0.032386    0.167007    0.318530    3.227698 v fanout65/X (sky130_fd_sc_hd__clkdlybuf4s25_1)
                                                         net65 (net)
                      0.167022    0.001726    3.229424 v _1265_/A (sky130_fd_sc_hd__and2_2)
     2    0.022689    0.056303    0.201498    3.430922 v _1265_/X (sky130_fd_sc_hd__and2_2)
                                                         _0577_ (net)
                      0.056307    0.000559    3.431481 v fanout8/A (sky130_fd_sc_hd__buf_1)
    10    0.052289    0.204513    0.219822    3.651304 v fanout8/X (sky130_fd_sc_hd__buf_1)
                                                         net8 (net)
                      0.204520    0.001058    3.652362 v _1279_/A2 (sky130_fd_sc_hd__a22o_2)
     1    0.002361    0.024145    0.200679    3.853041 v _1279_/X (sky130_fd_sc_hd__a22o_2)
                                                         _0317_ (net)
                      0.024145    0.000071    3.853112 v _1879_/A (sky130_fd_sc_hd__buf_2)
     1    0.002444    0.016365    0.070871    3.923983 v _1879_/X (sky130_fd_sc_hd__buf_2)
                                                         _0918_ (net)
                      0.016365    0.000076    3.924059 v _1458_/D (sky130_fd_sc_hd__dfxtp_2)
                                              3.924059   data arrival time

                                 10.000000   10.000000   clock clk (rise edge)
                                  0.000000   10.000000   clock source latency
     2    0.157459    0.537694    0.388335   10.388335 ^ clk (in)
                                                         clk (net)
                      0.571537    0.000000   10.388335 ^ clkbuf_regs_0_clk/A (sky130_fd_sc_hd__clkbuf_16)
     1    0.008638    0.038950    0.122082   10.510417 ^ clkbuf_regs_0_clk/X (sky130_fd_sc_hd__clkbuf_16)
                                                         clk_regs (net)
                      0.038950    0.000258   10.510674 ^ clkbuf_0_clk_regs/A (sky130_fd_sc_hd__clkbuf_16)
     8    0.079104    0.073558    0.113889   10.624564 ^ clkbuf_0_clk_regs/X (sky130_fd_sc_hd__clkbuf_16)
                                                         clknet_0_clk_regs (net)
                      0.073626    0.001701   10.626265 ^ clkbuf_3_3_0_clk_regs/A (sky130_fd_sc_hd__clkbuf_8)
     2    0.019215    0.037042    0.093889   10.720154 ^ clkbuf_3_3_0_clk_regs/X (sky130_fd_sc_hd__clkbuf_8)
                                                         clknet_3_3_0_clk_regs (net)
                      0.037054    0.000594   10.720748 ^ clkbuf_4_7__f_clk_regs/A (sky130_fd_sc_hd__clkbuf_16)
     8    0.026926    0.035893    0.086390   10.807138 ^ clkbuf_4_7__f_clk_regs/X (sky130_fd_sc_hd__clkbuf_16)
                                                         clknet_4_7__leaf_clk_regs (net)
                      0.035895    0.000264   10.807403 ^ _1458_/CLK (sky130_fd_sc_hd__dfxtp_2)
                                 -0.100000   10.707402   clock uncertainty
                                  0.000000   10.707402   clock reconvergence pessimism
                                 -0.065266   10.642137   library setup time
                                             10.642137   data required time
---------------------------------------------------------------------------------------------
                                             10.642137   data required time
                                             -3.924059   data arrival time
---------------------------------------------------------------------------------------------
                                              6.718077   slack (MET)


Startpoint: reset (input port clocked by clk)
Endpoint: _1459_ (rising edge-triggered flip-flop clocked by clk)
Path Group: clk
Path Type: max

Fanout         Cap        Slew       Delay        Time   Description
---------------------------------------------------------------------------------------------
                                  0.000000    0.000000   clock clk (rise edge)
                                  0.000000    0.000000   clock network delay (propagated)
                                  2.000000    2.000000 ^ input external delay
     3    0.122379    0.415328    0.331209    2.331209 ^ reset (in)
                                                         reset (net)
                      0.434769    0.000000    2.331209 ^ _1826_/A (sky130_fd_sc_hd__buf_2)
     5    0.038184    0.143063    0.197619    2.528827 ^ _1826_/X (sky130_fd_sc_hd__buf_2)
                                                         _0629_ (net)
                      0.143125    0.002589    2.531416 ^ _1090_/A (sky130_fd_sc_hd__inv_2)
     4    0.049589    0.091304    0.101986    2.633402 v _1090_/Y (sky130_fd_sc_hd__inv_2)
                                                         _0291_ (net)
                      0.091405    0.002590    2.635992 v fanout67/A (sky130_fd_sc_hd__clkdlybuf4s25_1)
     5    0.023431    0.123287    0.272758    2.908750 v fanout67/X (sky130_fd_sc_hd__clkdlybuf4s25_1)
                                                         net67 (net)
                      0.123287    0.000418    2.909168 v fanout65/A (sky130_fd_sc_hd__clkdlybuf4s25_1)
    10    0.032386    0.167007    0.318530    3.227698 v fanout65/X (sky130_fd_sc_hd__clkdlybuf4s25_1)
                                                         net65 (net)
                      0.167022    0.001726    3.229424 v _1265_/A (sky130_fd_sc_hd__and2_2)
     2    0.022689    0.056303    0.201498    3.430922 v _1265_/X (sky130_fd_sc_hd__and2_2)
                                                         _0577_ (net)
                      0.056307    0.000559    3.431481 v fanout8/A (sky130_fd_sc_hd__buf_1)
    10    0.052289    0.204513    0.219822    3.651304 v fanout8/X (sky130_fd_sc_hd__buf_1)
                                                         net8 (net)
                      0.204520    0.001078    3.652382 v _1280_/A2 (sky130_fd_sc_hd__a22o_2)
     1    0.002359    0.024139    0.200677    3.853059 v _1280_/X (sky130_fd_sc_hd__a22o_2)
                                                         _0318_ (net)
                      0.024139    0.000051    3.853110 v _1880_/A (sky130_fd_sc_hd__buf_2)
     1    0.002146    0.015894    0.070096    3.923206 v _1880_/X (sky130_fd_sc_hd__buf_2)
                                                         _0920_ (net)
                      0.015894    0.000044    3.923250 v _1459_/D (sky130_fd_sc_hd__dfxtp_2)
                                              3.923250   data arrival time

                                 10.000000   10.000000   clock clk (rise edge)
                                  0.000000   10.000000   clock source latency
     2    0.157459    0.537694    0.388335   10.388335 ^ clk (in)
                                                         clk (net)
                      0.571537    0.000000   10.388335 ^ clkbuf_regs_0_clk/A (sky130_fd_sc_hd__clkbuf_16)
     1    0.008638    0.038950    0.122082   10.510417 ^ clkbuf_regs_0_clk/X (sky130_fd_sc_hd__clkbuf_16)
                                                         clk_regs (net)
                      0.038950    0.000258   10.510674 ^ clkbuf_0_clk_regs/A (sky130_fd_sc_hd__clkbuf_16)
     8    0.079104    0.073558    0.113889   10.624564 ^ clkbuf_0_clk_regs/X (sky130_fd_sc_hd__clkbuf_16)
                                                         clknet_0_clk_regs (net)
                      0.073626    0.001701   10.626265 ^ clkbuf_3_3_0_clk_regs/A (sky130_fd_sc_hd__clkbuf_8)
     2    0.019215    0.037042    0.093889   10.720154 ^ clkbuf_3_3_0_clk_regs/X (sky130_fd_sc_hd__clkbuf_8)
                                                         clknet_3_3_0_clk_regs (net)
                      0.037051    0.000535   10.720689 ^ clkbuf_4_6__f_clk_regs/A (sky130_fd_sc_hd__clkbuf_16)
     8    0.025823    0.035115    0.085665   10.806354 ^ clkbuf_4_6__f_clk_regs/X (sky130_fd_sc_hd__clkbuf_16)
                                                         clknet_4_6__leaf_clk_regs (net)
                      0.035115    0.000163   10.806517 ^ _1459_/CLK (sky130_fd_sc_hd__dfxtp_2)
                                 -0.100000   10.706517   clock uncertainty
                                  0.000000   10.706517   clock reconvergence pessimism
                                 -0.065173   10.641344   library setup time
                                             10.641344   data required time
---------------------------------------------------------------------------------------------
                                             10.641344   data required time
                                             -3.923250   data arrival time
---------------------------------------------------------------------------------------------
                                              6.718094   slack (MET)


Startpoint: reset (input port clocked by clk)
Endpoint: _1460_ (rising edge-triggered flip-flop clocked by clk)
Path Group: clk
Path Type: max

Fanout         Cap        Slew       Delay        Time   Description
---------------------------------------------------------------------------------------------
                                  0.000000    0.000000   clock clk (rise edge)
                                  0.000000    0.000000   clock network delay (propagated)
                                  2.000000    2.000000 ^ input external delay
     3    0.122379    0.415328    0.331209    2.331209 ^ reset (in)
                                                         reset (net)
                      0.434769    0.000000    2.331209 ^ _1826_/A (sky130_fd_sc_hd__buf_2)
     5    0.038184    0.143063    0.197619    2.528827 ^ _1826_/X (sky130_fd_sc_hd__buf_2)
                                                         _0629_ (net)
                      0.143125    0.002589    2.531416 ^ _1090_/A (sky130_fd_sc_hd__inv_2)
     4    0.049589    0.091304    0.101986    2.633402 v _1090_/Y (sky130_fd_sc_hd__inv_2)
                                                         _0291_ (net)
                      0.091405    0.002590    2.635992 v fanout67/A (sky130_fd_sc_hd__clkdlybuf4s25_1)
     5    0.023431    0.123287    0.272758    2.908750 v fanout67/X (sky130_fd_sc_hd__clkdlybuf4s25_1)
                                                         net67 (net)
                      0.123287    0.000418    2.909168 v fanout65/A (sky130_fd_sc_hd__clkdlybuf4s25_1)
    10    0.032386    0.167007    0.318530    3.227698 v fanout65/X (sky130_fd_sc_hd__clkdlybuf4s25_1)
                                                         net65 (net)
                      0.167022    0.001726    3.229424 v _1265_/A (sky130_fd_sc_hd__and2_2)
     2    0.022689    0.056303    0.201498    3.430922 v _1265_/X (sky130_fd_sc_hd__and2_2)
                                                         _0577_ (net)
                      0.056307    0.000559    3.431481 v fanout8/A (sky130_fd_sc_hd__buf_1)
    10    0.052289    0.204513    0.219822    3.651304 v fanout8/X (sky130_fd_sc_hd__buf_1)
                                                         net8 (net)
                      0.204550    0.002446    3.653750 v _1281_/A2 (sky130_fd_sc_hd__a22o_2)
     1    0.002130    0.023670    0.199886    3.853636 v _1281_/X (sky130_fd_sc_hd__a22o_2)
                                                         _0319_ (net)
                      0.023670    0.000062    3.853698 v _1881_/A (sky130_fd_sc_hd__buf_2)
     1    0.002175    0.015939    0.069974    3.923672 v _1881_/X (sky130_fd_sc_hd__buf_2)
                                                         _0922_ (net)
                      0.015939    0.000046    3.923717 v _1460_/D (sky130_fd_sc_hd__dfxtp_2)
                                              3.923717   data arrival time

                                 10.000000   10.000000   clock clk (rise edge)
                                  0.000000   10.000000   clock source latency
     2    0.157459    0.537694    0.388335   10.388335 ^ clk (in)
                                                         clk (net)
                      0.571537    0.000000   10.388335 ^ clkbuf_regs_0_clk/A (sky130_fd_sc_hd__clkbuf_16)
     1    0.008638    0.038950    0.122082   10.510417 ^ clkbuf_regs_0_clk/X (sky130_fd_sc_hd__clkbuf_16)
                                                         clk_regs (net)
                      0.038950    0.000258   10.510674 ^ clkbuf_0_clk_regs/A (sky130_fd_sc_hd__clkbuf_16)
     8    0.079104    0.073558    0.113889   10.624564 ^ clkbuf_0_clk_regs/X (sky130_fd_sc_hd__clkbuf_16)
                                                         clknet_0_clk_regs (net)
                      0.073612    0.001520   10.626083 ^ clkbuf_3_1_0_clk_regs/A (sky130_fd_sc_hd__clkbuf_8)
     2    0.019811    0.037729    0.094480   10.720563 ^ clkbuf_3_1_0_clk_regs/X (sky130_fd_sc_hd__clkbuf_8)
                                                         clknet_3_1_0_clk_regs (net)
                      0.037739    0.000549   10.721112 ^ clkbuf_4_2__f_clk_regs/A (sky130_fd_sc_hd__clkbuf_16)
     8    0.026248    0.035431    0.085910   10.807022 ^ clkbuf_4_2__f_clk_regs/X (sky130_fd_sc_hd__clkbuf_16)
                                                         clknet_4_2__leaf_clk_regs (net)
                      0.035478    0.001035   10.808057 ^ _1460_/CLK (sky130_fd_sc_hd__dfxtp_2)
                                 -0.100000   10.708057   clock uncertainty
                                  0.000000   10.708057   clock reconvergence pessimism
                                 -0.065154   10.642903   library setup time
                                             10.642903   data required time
---------------------------------------------------------------------------------------------
                                             10.642903   data required time
                                             -3.923717   data arrival time
---------------------------------------------------------------------------------------------
                                              6.719185   slack (MET)


Startpoint: reset (input port clocked by clk)
Endpoint: _1491_ (rising edge-triggered flip-flop clocked by clk)
Path Group: clk
Path Type: max

Fanout         Cap        Slew       Delay        Time   Description
---------------------------------------------------------------------------------------------
                                  0.000000    0.000000   clock clk (rise edge)
                                  0.000000    0.000000   clock network delay (propagated)
                                  2.000000    2.000000 ^ input external delay
     3    0.122379    0.415328    0.331209    2.331209 ^ reset (in)
                                                         reset (net)
                      0.434769    0.000000    2.331209 ^ _1826_/A (sky130_fd_sc_hd__buf_2)
     5    0.038184    0.143063    0.197619    2.528827 ^ _1826_/X (sky130_fd_sc_hd__buf_2)
                                                         _0629_ (net)
                      0.143125    0.002589    2.531416 ^ _1090_/A (sky130_fd_sc_hd__inv_2)
     4    0.049589    0.091304    0.101986    2.633402 v _1090_/Y (sky130_fd_sc_hd__inv_2)
                                                         _0291_ (net)
                      0.091456    0.003165    2.636567 v fanout70/A (sky130_fd_sc_hd__buf_1)
    10    0.052447    0.206087    0.230217    2.866784 v fanout70/X (sky130_fd_sc_hd__buf_1)
                                                         net70 (net)
                      0.206373    0.006777    2.873561 v fanout69/A (sky130_fd_sc_hd__clkdlybuf4s25_1)
    10    0.030227    0.156148    0.333700    3.207261 v fanout69/X (sky130_fd_sc_hd__clkdlybuf4s25_1)
                                                         net69 (net)
                      0.156148    0.000063    3.207323 v fanout68/A (sky130_fd_sc_hd__clkdlybuf4s25_1)
    10    0.029443    0.152547    0.316719    3.524042 v fanout68/X (sky130_fd_sc_hd__clkdlybuf4s25_1)
                                                         net68 (net)
                      0.152573    0.002037    3.526079 v _1312_/B (sky130_fd_sc_hd__and2_2)
     1    0.001917    0.025612    0.167827    3.693906 v _1312_/X (sky130_fd_sc_hd__and2_2)
                                                         _0350_ (net)
                      0.025612    0.000056    3.693962 v _1912_/A (sky130_fd_sc_hd__buf_2)
     1    0.002832    0.016974    0.072502    3.766464 v _1912_/X (sky130_fd_sc_hd__buf_2)
                                                         _0984_ (net)
                      0.016974    0.000090    3.766554 v _1491_/D (sky130_fd_sc_hd__dfxtp_2)
                                              3.766554   data arrival time

                                 10.000000   10.000000   clock clk (rise edge)
                                  0.000000   10.000000   clock source latency
     2    0.157459    0.537694    0.388335   10.388335 ^ clk (in)
                                                         clk (net)
                      0.571537    0.000000   10.388335 ^ clkbuf_regs_0_clk/A (sky130_fd_sc_hd__clkbuf_16)
     1    0.008638    0.038950    0.122082   10.510417 ^ clkbuf_regs_0_clk/X (sky130_fd_sc_hd__clkbuf_16)
                                                         clk_regs (net)
                      0.038950    0.000258   10.510674 ^ clkbuf_0_clk_regs/A (sky130_fd_sc_hd__clkbuf_16)
     8    0.079104    0.073558    0.113889   10.624564 ^ clkbuf_0_clk_regs/X (sky130_fd_sc_hd__clkbuf_16)
                                                         clknet_0_clk_regs (net)
                      0.073740    0.002760   10.627323 ^ clkbuf_3_7_0_clk_regs/A (sky130_fd_sc_hd__clkbuf_8)
     2    0.018292    0.035983    0.093038   10.720362 ^ clkbuf_3_7_0_clk_regs/X (sky130_fd_sc_hd__clkbuf_8)
                                                         clknet_3_7_0_clk_regs (net)
                      0.035992    0.000491   10.720853 ^ clkbuf_4_15__f_clk_regs/A (sky130_fd_sc_hd__clkbuf_16)
     8    0.024233    0.033990    0.084117   10.804970 ^ clkbuf_4_15__f_clk_regs/X (sky130_fd_sc_hd__clkbuf_16)
                                                         clknet_4_15__leaf_clk_regs (net)
                      0.034037    0.000965   10.805934 ^ _1491_/CLK (sky130_fd_sc_hd__dfxtp_2)
                                 -0.100000   10.705935   clock uncertainty
                                  0.000000   10.705935   clock reconvergence pessimism
                                 -0.065662   10.640272   library setup time
                                             10.640272   data required time
---------------------------------------------------------------------------------------------
                                             10.640272   data required time
                                             -3.766554   data arrival time
---------------------------------------------------------------------------------------------
                                              6.873718   slack (MET)


Startpoint: reset (input port clocked by clk)
Endpoint: _1529_ (rising edge-triggered flip-flop clocked by clk)
Path Group: clk
Path Type: max

Fanout         Cap        Slew       Delay        Time   Description
---------------------------------------------------------------------------------------------
                                  0.000000    0.000000   clock clk (rise edge)
                                  0.000000    0.000000   clock network delay (propagated)
                                  2.000000    2.000000 ^ input external delay
     3    0.122379    0.415328    0.331209    2.331209 ^ reset (in)
                                                         reset (net)
                      0.434769    0.000000    2.331209 ^ _1826_/A (sky130_fd_sc_hd__buf_2)
     5    0.038184    0.143063    0.197619    2.528827 ^ _1826_/X (sky130_fd_sc_hd__buf_2)
                                                         _0629_ (net)
                      0.143125    0.002589    2.531416 ^ _1090_/A (sky130_fd_sc_hd__inv_2)
     4    0.049589    0.091304    0.101986    2.633402 v _1090_/Y (sky130_fd_sc_hd__inv_2)
                                                         _0291_ (net)
                      0.091456    0.003165    2.636567 v fanout70/A (sky130_fd_sc_hd__buf_1)
    10    0.052447    0.206087    0.230217    2.866784 v fanout70/X (sky130_fd_sc_hd__buf_1)
                                                         net70 (net)
                      0.206373    0.006777    2.873561 v fanout69/A (sky130_fd_sc_hd__clkdlybuf4s25_1)
    10    0.030227    0.156148    0.333700    3.207261 v fanout69/X (sky130_fd_sc_hd__clkdlybuf4s25_1)
                                                         net69 (net)
                      0.156148    0.000063    3.207323 v fanout68/A (sky130_fd_sc_hd__clkdlybuf4s25_1)
    10    0.029443    0.152547    0.316719    3.524042 v fanout68/X (sky130_fd_sc_hd__clkdlybuf4s25_1)
                                                         net68 (net)
                      0.152552    0.001113    3.525155 v _1350_/B (sky130_fd_sc_hd__and2_2)
     1    0.002489    0.026719    0.169696    3.694852 v _1350_/X (sky130_fd_sc_hd__and2_2)
                                                         _0388_ (net)
                      0.026719    0.000075    3.694927 v _1950_/A (sky130_fd_sc_hd__buf_2)
     1    0.002798    0.016920    0.072878    3.767805 v _1950_/X (sky130_fd_sc_hd__buf_2)
                                                         _1037_ (net)
                      0.016920    0.000088    3.767893 v _1529_/D (sky130_fd_sc_hd__dfxtp_2)
                                              3.767893   data arrival time

                                 10.000000   10.000000   clock clk (rise edge)
                                  0.000000   10.000000   clock source latency
     2    0.157459    0.537694    0.388335   10.388335 ^ clk (in)
                                                         clk (net)
                      0.571537    0.000000   10.388335 ^ clkbuf_regs_0_clk/A (sky130_fd_sc_hd__clkbuf_16)
     1    0.008638    0.038950    0.122082   10.510417 ^ clkbuf_regs_0_clk/X (sky130_fd_sc_hd__clkbuf_16)
                                                         clk_regs (net)
                      0.038950    0.000258   10.510674 ^ clkbuf_0_clk_regs/A (sky130_fd_sc_hd__clkbuf_16)
     8    0.079104    0.073558    0.113889   10.624564 ^ clkbuf_0_clk_regs/X (sky130_fd_sc_hd__clkbuf_16)
                                                         clknet_0_clk_regs (net)
                      0.073729    0.002679   10.627242 ^ clkbuf_3_5_0_clk_regs/A (sky130_fd_sc_hd__clkbuf_8)
     2    0.019344    0.037186    0.094110   10.721353 ^ clkbuf_3_5_0_clk_regs/X (sky130_fd_sc_hd__clkbuf_8)
                                                         clknet_3_5_0_clk_regs (net)
                      0.037192    0.000457   10.721809 ^ clkbuf_4_10__f_clk_regs/A (sky130_fd_sc_hd__clkbuf_16)
     8    0.025141    0.034645    0.085153   10.806963 ^ clkbuf_4_10__f_clk_regs/X (sky130_fd_sc_hd__clkbuf_16)
                                                         clknet_4_10__leaf_clk_regs (net)
                      0.034665    0.000683   10.807646 ^ _1529_/CLK (sky130_fd_sc_hd__dfxtp_2)
                                 -0.100000   10.707645   clock uncertainty
                                  0.000000   10.707645   clock reconvergence pessimism
                                 -0.065582   10.642063   library setup time
                                             10.642063   data required time
---------------------------------------------------------------------------------------------
                                             10.642063   data required time
                                             -3.767893   data arrival time
---------------------------------------------------------------------------------------------
                                              6.874171   slack (MET)


Startpoint: reset (input port clocked by clk)
Endpoint: _1473_ (rising edge-triggered flip-flop clocked by clk)
Path Group: clk
Path Type: max

Fanout         Cap        Slew       Delay        Time   Description
---------------------------------------------------------------------------------------------
                                  0.000000    0.000000   clock clk (rise edge)
                                  0.000000    0.000000   clock network delay (propagated)
                                  2.000000    2.000000 ^ input external delay
     3    0.122379    0.415328    0.331209    2.331209 ^ reset (in)
                                                         reset (net)
                      0.434769    0.000000    2.331209 ^ _1826_/A (sky130_fd_sc_hd__buf_2)
     5    0.038184    0.143063    0.197619    2.528827 ^ _1826_/X (sky130_fd_sc_hd__buf_2)
                                                         _0629_ (net)
                      0.143125    0.002589    2.531416 ^ _1090_/A (sky130_fd_sc_hd__inv_2)
     4    0.049589    0.091304    0.101986    2.633402 v _1090_/Y (sky130_fd_sc_hd__inv_2)
                                                         _0291_ (net)
                      0.091456    0.003165    2.636567 v fanout70/A (sky130_fd_sc_hd__buf_1)
    10    0.052447    0.206087    0.230217    2.866784 v fanout70/X (sky130_fd_sc_hd__buf_1)
                                                         net70 (net)
                      0.206373    0.006777    2.873561 v fanout69/A (sky130_fd_sc_hd__clkdlybuf4s25_1)
    10    0.030227    0.156148    0.333700    3.207261 v fanout69/X (sky130_fd_sc_hd__clkdlybuf4s25_1)
                                                         net69 (net)
                      0.156148    0.000063    3.207323 v fanout68/A (sky130_fd_sc_hd__clkdlybuf4s25_1)
    10    0.029443    0.152547    0.316719    3.524042 v fanout68/X (sky130_fd_sc_hd__clkdlybuf4s25_1)
                                                         net68 (net)
                      0.152573    0.002037    3.526079 v _1294_/B (sky130_fd_sc_hd__and2_2)
     1    0.002299    0.026354    0.169079    3.695158 v _1294_/X (sky130_fd_sc_hd__and2_2)
                                                         _0332_ (net)
                      0.026354    0.000070    3.695229 v _1894_/A (sky130_fd_sc_hd__buf_2)
     1    0.002192    0.015969    0.071138    3.766366 v _1894_/X (sky130_fd_sc_hd__buf_2)
                                                         _0948_ (net)
                      0.015969    0.000065    3.766431 v _1473_/D (sky130_fd_sc_hd__dfxtp_2)
                                              3.766431   data arrival time

                                 10.000000   10.000000   clock clk (rise edge)
                                  0.000000   10.000000   clock source latency
     2    0.157459    0.537694    0.388335   10.388335 ^ clk (in)
                                                         clk (net)
                      0.571537    0.000000   10.388335 ^ clkbuf_regs_0_clk/A (sky130_fd_sc_hd__clkbuf_16)
     1    0.008638    0.038950    0.122082   10.510417 ^ clkbuf_regs_0_clk/X (sky130_fd_sc_hd__clkbuf_16)
                                                         clk_regs (net)
                      0.038950    0.000258   10.510674 ^ clkbuf_0_clk_regs/A (sky130_fd_sc_hd__clkbuf_16)
     8    0.079104    0.073558    0.113889   10.624564 ^ clkbuf_0_clk_regs/X (sky130_fd_sc_hd__clkbuf_16)
                                                         clknet_0_clk_regs (net)
                      0.073740    0.002760   10.627323 ^ clkbuf_3_7_0_clk_regs/A (sky130_fd_sc_hd__clkbuf_8)
     2    0.018292    0.035983    0.093038   10.720362 ^ clkbuf_3_7_0_clk_regs/X (sky130_fd_sc_hd__clkbuf_8)
                                                         clknet_3_7_0_clk_regs (net)
                      0.035992    0.000491   10.720853 ^ clkbuf_4_15__f_clk_regs/A (sky130_fd_sc_hd__clkbuf_16)
     8    0.024233    0.033990    0.084117   10.804970 ^ clkbuf_4_15__f_clk_regs/X (sky130_fd_sc_hd__clkbuf_16)
                                                         clknet_4_15__leaf_clk_regs (net)
                      0.034059    0.001176   10.806146 ^ _1473_/CLK (sky130_fd_sc_hd__dfxtp_2)
                                 -0.100000   10.706145   clock uncertainty
                                  0.000000   10.706145   clock reconvergence pessimism
                                 -0.065301   10.640845   library setup time
                                             10.640845   data required time
---------------------------------------------------------------------------------------------
                                             10.640845   data required time
                                             -3.766431   data arrival time
---------------------------------------------------------------------------------------------
                                              6.874413   slack (MET)


Startpoint: reset (input port clocked by clk)
Endpoint: _1486_ (rising edge-triggered flip-flop clocked by clk)
Path Group: clk
Path Type: max

Fanout         Cap        Slew       Delay        Time   Description
---------------------------------------------------------------------------------------------
                                  0.000000    0.000000   clock clk (rise edge)
                                  0.000000    0.000000   clock network delay (propagated)
                                  2.000000    2.000000 ^ input external delay
     3    0.122379    0.415328    0.331209    2.331209 ^ reset (in)
                                                         reset (net)
                      0.434769    0.000000    2.331209 ^ _1826_/A (sky130_fd_sc_hd__buf_2)
     5    0.038184    0.143063    0.197619    2.528827 ^ _1826_/X (sky130_fd_sc_hd__buf_2)
                                                         _0629_ (net)
                      0.143125    0.002589    2.531416 ^ _1090_/A (sky130_fd_sc_hd__inv_2)
     4    0.049589    0.091304    0.101986    2.633402 v _1090_/Y (sky130_fd_sc_hd__inv_2)
                                                         _0291_ (net)
                      0.091456    0.003165    2.636567 v fanout70/A (sky130_fd_sc_hd__buf_1)
    10    0.052447    0.206087    0.230217    2.866784 v fanout70/X (sky130_fd_sc_hd__buf_1)
                                                         net70 (net)
                      0.206373    0.006777    2.873561 v fanout69/A (sky130_fd_sc_hd__clkdlybuf4s25_1)
    10    0.030227    0.156148    0.333700    3.207261 v fanout69/X (sky130_fd_sc_hd__clkdlybuf4s25_1)
                                                         net69 (net)
                      0.156148    0.000063    3.207323 v fanout68/A (sky130_fd_sc_hd__clkdlybuf4s25_1)
    10    0.029443    0.152547    0.316719    3.524042 v fanout68/X (sky130_fd_sc_hd__clkdlybuf4s25_1)
                                                         net68 (net)
                      0.152548    0.000712    3.524754 v _1307_/B (sky130_fd_sc_hd__and2_2)
     1    0.002452    0.026646    0.169572    3.694326 v _1307_/X (sky130_fd_sc_hd__and2_2)
                                                         _0345_ (net)
                      0.026646    0.000073    3.694399 v _1907_/A (sky130_fd_sc_hd__buf_2)
     1    0.002704    0.016773    0.072599    3.766998 v _1907_/X (sky130_fd_sc_hd__buf_2)
                                                         _0974_ (net)
                      0.016773    0.000085    3.767083 v _1486_/D (sky130_fd_sc_hd__dfxtp_2)
                                              3.767083   data arrival time

                                 10.000000   10.000000   clock clk (rise edge)
                                  0.000000   10.000000   clock source latency
     2    0.157459    0.537694    0.388335   10.388335 ^ clk (in)
                                                         clk (net)
                      0.571537    0.000000   10.388335 ^ clkbuf_regs_0_clk/A (sky130_fd_sc_hd__clkbuf_16)
     1    0.008638    0.038950    0.122082   10.510417 ^ clkbuf_regs_0_clk/X (sky130_fd_sc_hd__clkbuf_16)
                                                         clk_regs (net)
                      0.038950    0.000258   10.510674 ^ clkbuf_0_clk_regs/A (sky130_fd_sc_hd__clkbuf_16)
     8    0.079104    0.073558    0.113889   10.624564 ^ clkbuf_0_clk_regs/X (sky130_fd_sc_hd__clkbuf_16)
                                                         clknet_0_clk_regs (net)
                      0.073729    0.002679   10.627242 ^ clkbuf_3_5_0_clk_regs/A (sky130_fd_sc_hd__clkbuf_8)
     2    0.019344    0.037186    0.094110   10.721353 ^ clkbuf_3_5_0_clk_regs/X (sky130_fd_sc_hd__clkbuf_8)
                                                         clknet_3_5_0_clk_regs (net)
                      0.037192    0.000457   10.721809 ^ clkbuf_4_10__f_clk_regs/A (sky130_fd_sc_hd__clkbuf_16)
     8    0.025141    0.034645    0.085153   10.806963 ^ clkbuf_4_10__f_clk_regs/X (sky130_fd_sc_hd__clkbuf_16)
                                                         clknet_4_10__leaf_clk_regs (net)
                      0.034664    0.000671   10.807634 ^ _1486_/CLK (sky130_fd_sc_hd__dfxtp_2)
                                 -0.100000   10.707634   clock uncertainty
                                  0.000000   10.707634   clock reconvergence pessimism
                                 -0.065530   10.642104   library setup time
                                             10.642104   data required time
---------------------------------------------------------------------------------------------
                                             10.642104   data required time
                                             -3.767083   data arrival time
---------------------------------------------------------------------------------------------
                                              6.875021   slack (MET)


Startpoint: reset (input port clocked by clk)
Endpoint: _1483_ (rising edge-triggered flip-flop clocked by clk)
Path Group: clk
Path Type: max

Fanout         Cap        Slew       Delay        Time   Description
---------------------------------------------------------------------------------------------
                                  0.000000    0.000000   clock clk (rise edge)
                                  0.000000    0.000000   clock network delay (propagated)
                                  2.000000    2.000000 ^ input external delay
     3    0.122379    0.415328    0.331209    2.331209 ^ reset (in)
                                                         reset (net)
                      0.434769    0.000000    2.331209 ^ _1826_/A (sky130_fd_sc_hd__buf_2)
     5    0.038184    0.143063    0.197619    2.528827 ^ _1826_/X (sky130_fd_sc_hd__buf_2)
                                                         _0629_ (net)
                      0.143125    0.002589    2.531416 ^ _1090_/A (sky130_fd_sc_hd__inv_2)
     4    0.049589    0.091304    0.101986    2.633402 v _1090_/Y (sky130_fd_sc_hd__inv_2)
                                                         _0291_ (net)
                      0.091456    0.003165    2.636567 v fanout70/A (sky130_fd_sc_hd__buf_1)
    10    0.052447    0.206087    0.230217    2.866784 v fanout70/X (sky130_fd_sc_hd__buf_1)
                                                         net70 (net)
                      0.206373    0.006777    2.873561 v fanout69/A (sky130_fd_sc_hd__clkdlybuf4s25_1)
    10    0.030227    0.156148    0.333700    3.207261 v fanout69/X (sky130_fd_sc_hd__clkdlybuf4s25_1)
                                                         net69 (net)
                      0.156148    0.000063    3.207323 v fanout68/A (sky130_fd_sc_hd__clkdlybuf4s25_1)
    10    0.029443    0.152547    0.316719    3.524042 v fanout68/X (sky130_fd_sc_hd__clkdlybuf4s25_1)
                                                         net68 (net)
                      0.152548    0.000753    3.524795 v _1304_/B (sky130_fd_sc_hd__and2_2)
     1    0.002582    0.026895    0.170002    3.694797 v _1304_/X (sky130_fd_sc_hd__and2_2)
                                                         _0342_ (net)
                      0.026895    0.000059    3.694856 v _1904_/A (sky130_fd_sc_hd__buf_2)
     1    0.002499    0.016451    0.072167    3.767023 v _1904_/X (sky130_fd_sc_hd__buf_2)
                                                         _0968_ (net)
                      0.016451    0.000076    3.767099 v _1483_/D (sky130_fd_sc_hd__dfxtp_2)
                                              3.767099   data arrival time

                                 10.000000   10.000000   clock clk (rise edge)
                                  0.000000   10.000000   clock source latency
     2    0.157459    0.537694    0.388335   10.388335 ^ clk (in)
                                                         clk (net)
                      0.571537    0.000000   10.388335 ^ clkbuf_regs_0_clk/A (sky130_fd_sc_hd__clkbuf_16)
     1    0.008638    0.038950    0.122082   10.510417 ^ clkbuf_regs_0_clk/X (sky130_fd_sc_hd__clkbuf_16)
                                                         clk_regs (net)
                      0.038950    0.000258   10.510674 ^ clkbuf_0_clk_regs/A (sky130_fd_sc_hd__clkbuf_16)
     8    0.079104    0.073558    0.113889   10.624564 ^ clkbuf_0_clk_regs/X (sky130_fd_sc_hd__clkbuf_16)
                                                         clknet_0_clk_regs (net)
                      0.073729    0.002679   10.627242 ^ clkbuf_3_5_0_clk_regs/A (sky130_fd_sc_hd__clkbuf_8)
     2    0.019344    0.037186    0.094110   10.721353 ^ clkbuf_3_5_0_clk_regs/X (sky130_fd_sc_hd__clkbuf_8)
                                                         clknet_3_5_0_clk_regs (net)
                      0.037192    0.000457   10.721809 ^ clkbuf_4_10__f_clk_regs/A (sky130_fd_sc_hd__clkbuf_16)
     8    0.025141    0.034645    0.085153   10.806963 ^ clkbuf_4_10__f_clk_regs/X (sky130_fd_sc_hd__clkbuf_16)
                                                         clknet_4_10__leaf_clk_regs (net)
                      0.034661    0.000626   10.807589 ^ _1483_/CLK (sky130_fd_sc_hd__dfxtp_2)
                                 -0.100000   10.707589   clock uncertainty
                                  0.000000   10.707589   clock reconvergence pessimism
                                 -0.065415   10.642174   library setup time
                                             10.642174   data required time
---------------------------------------------------------------------------------------------
                                             10.642174   data required time
                                             -3.767099   data arrival time
---------------------------------------------------------------------------------------------
                                              6.875074   slack (MET)


Startpoint: reset (input port clocked by clk)
Endpoint: _1471_ (rising edge-triggered flip-flop clocked by clk)
Path Group: clk
Path Type: max

Fanout         Cap        Slew       Delay        Time   Description
---------------------------------------------------------------------------------------------
                                  0.000000    0.000000   clock clk (rise edge)
                                  0.000000    0.000000   clock network delay (propagated)
                                  2.000000    2.000000 ^ input external delay
     3    0.122379    0.415328    0.331209    2.331209 ^ reset (in)
                                                         reset (net)
                      0.434769    0.000000    2.331209 ^ _1826_/A (sky130_fd_sc_hd__buf_2)
     5    0.038184    0.143063    0.197619    2.528827 ^ _1826_/X (sky130_fd_sc_hd__buf_2)
                                                         _0629_ (net)
                      0.143125    0.002589    2.531416 ^ _1090_/A (sky130_fd_sc_hd__inv_2)
     4    0.049589    0.091304    0.101986    2.633402 v _1090_/Y (sky130_fd_sc_hd__inv_2)
                                                         _0291_ (net)
                      0.091456    0.003165    2.636567 v fanout70/A (sky130_fd_sc_hd__buf_1)
    10    0.052447    0.206087    0.230217    2.866784 v fanout70/X (sky130_fd_sc_hd__buf_1)
                                                         net70 (net)
                      0.206373    0.006777    2.873561 v fanout69/A (sky130_fd_sc_hd__clkdlybuf4s25_1)
    10    0.030227    0.156148    0.333700    3.207261 v fanout69/X (sky130_fd_sc_hd__clkdlybuf4s25_1)
                                                         net69 (net)
                      0.156148    0.000063    3.207323 v fanout68/A (sky130_fd_sc_hd__clkdlybuf4s25_1)
    10    0.029443    0.152547    0.316719    3.524042 v fanout68/X (sky130_fd_sc_hd__clkdlybuf4s25_1)
                                                         net68 (net)
                      0.152572    0.002020    3.526062 v _1292_/B (sky130_fd_sc_hd__and2_2)
     1    0.001953    0.025683    0.167947    3.694009 v _1292_/X (sky130_fd_sc_hd__and2_2)
                                                         _0330_ (net)
                      0.025683    0.000057    3.694066 v _1892_/A (sky130_fd_sc_hd__buf_2)
     1    0.002266    0.016085    0.071051    3.765116 v _1892_/X (sky130_fd_sc_hd__buf_2)
                                                         _0944_ (net)
                      0.016085    0.000067    3.765183 v _1471_/D (sky130_fd_sc_hd__dfxtp_2)
                                              3.765183   data arrival time

                                 10.000000   10.000000   clock clk (rise edge)
                                  0.000000   10.000000   clock source latency
     2    0.157459    0.537694    0.388335   10.388335 ^ clk (in)
                                                         clk (net)
                      0.571537    0.000000   10.388335 ^ clkbuf_regs_0_clk/A (sky130_fd_sc_hd__clkbuf_16)
     1    0.008638    0.038950    0.122082   10.510417 ^ clkbuf_regs_0_clk/X (sky130_fd_sc_hd__clkbuf_16)
                                                         clk_regs (net)
                      0.038950    0.000258   10.510674 ^ clkbuf_0_clk_regs/A (sky130_fd_sc_hd__clkbuf_16)
     8    0.079104    0.073558    0.113889   10.624564 ^ clkbuf_0_clk_regs/X (sky130_fd_sc_hd__clkbuf_16)
                                                         clknet_0_clk_regs (net)
                      0.073740    0.002760   10.627323 ^ clkbuf_3_7_0_clk_regs/A (sky130_fd_sc_hd__clkbuf_8)
     2    0.018292    0.035983    0.093038   10.720362 ^ clkbuf_3_7_0_clk_regs/X (sky130_fd_sc_hd__clkbuf_8)
                                                         clknet_3_7_0_clk_regs (net)
                      0.035992    0.000491   10.720853 ^ clkbuf_4_15__f_clk_regs/A (sky130_fd_sc_hd__clkbuf_16)
     8    0.024233    0.033990    0.084117   10.804970 ^ clkbuf_4_15__f_clk_regs/X (sky130_fd_sc_hd__clkbuf_16)
                                                         clknet_4_15__leaf_clk_regs (net)
                      0.034046    0.001050   10.806020 ^ _1471_/CLK (sky130_fd_sc_hd__dfxtp_2)
                                 -0.100000   10.706019   clock uncertainty
                                  0.000000   10.706019   clock reconvergence pessimism
                                 -0.065344   10.640676   library setup time
                                             10.640676   data required time
---------------------------------------------------------------------------------------------
                                             10.640676   data required time
                                             -3.765183   data arrival time
---------------------------------------------------------------------------------------------
                                              6.875493   slack (MET)


Startpoint: reset (input port clocked by clk)
Endpoint: _1503_ (rising edge-triggered flip-flop clocked by clk)
Path Group: clk
Path Type: max

Fanout         Cap        Slew       Delay        Time   Description
---------------------------------------------------------------------------------------------
                                  0.000000    0.000000   clock clk (rise edge)
                                  0.000000    0.000000   clock network delay (propagated)
                                  2.000000    2.000000 ^ input external delay
     3    0.122379    0.415328    0.331209    2.331209 ^ reset (in)
                                                         reset (net)
                      0.434769    0.000000    2.331209 ^ _1826_/A (sky130_fd_sc_hd__buf_2)
     5    0.038184    0.143063    0.197619    2.528827 ^ _1826_/X (sky130_fd_sc_hd__buf_2)
                                                         _0629_ (net)
                      0.143125    0.002589    2.531416 ^ _1090_/A (sky130_fd_sc_hd__inv_2)
     4    0.049589    0.091304    0.101986    2.633402 v _1090_/Y (sky130_fd_sc_hd__inv_2)
                                                         _0291_ (net)
                      0.091456    0.003165    2.636567 v fanout70/A (sky130_fd_sc_hd__buf_1)
    10    0.052447    0.206087    0.230217    2.866784 v fanout70/X (sky130_fd_sc_hd__buf_1)
                                                         net70 (net)
                      0.206373    0.006777    2.873561 v fanout69/A (sky130_fd_sc_hd__clkdlybuf4s25_1)
    10    0.030227    0.156148    0.333700    3.207261 v fanout69/X (sky130_fd_sc_hd__clkdlybuf4s25_1)
                                                         net69 (net)
                      0.156148    0.000063    3.207323 v fanout68/A (sky130_fd_sc_hd__clkdlybuf4s25_1)
    10    0.029443    0.152547    0.316719    3.524042 v fanout68/X (sky130_fd_sc_hd__clkdlybuf4s25_1)
                                                         net68 (net)
                      0.152548    0.000746    3.524788 v _1324_/B (sky130_fd_sc_hd__and2_2)
     1    0.002383    0.026514    0.169351    3.694139 v _1324_/X (sky130_fd_sc_hd__and2_2)
                                                         _0362_ (net)
                      0.026514    0.000052    3.694191 v _1924_/A (sky130_fd_sc_hd__buf_2)
     1    0.002983    0.017210    0.073280    3.767471 v _1924_/X (sky130_fd_sc_hd__buf_2)
                                                         _1008_ (net)
                      0.017210    0.000088    3.767559 v _1503_/D (sky130_fd_sc_hd__dfxtp_2)
                                              3.767559   data arrival time

                                 10.000000   10.000000   clock clk (rise edge)
                                  0.000000   10.000000   clock source latency
     2    0.157459    0.537694    0.388335   10.388335 ^ clk (in)
                                                         clk (net)
                      0.571537    0.000000   10.388335 ^ clkbuf_regs_0_clk/A (sky130_fd_sc_hd__clkbuf_16)
     1    0.008638    0.038950    0.122082   10.510417 ^ clkbuf_regs_0_clk/X (sky130_fd_sc_hd__clkbuf_16)
                                                         clk_regs (net)
                      0.038950    0.000258   10.510674 ^ clkbuf_0_clk_regs/A (sky130_fd_sc_hd__clkbuf_16)
     8    0.079104    0.073558    0.113889   10.624564 ^ clkbuf_0_clk_regs/X (sky130_fd_sc_hd__clkbuf_16)
                                                         clknet_0_clk_regs (net)
                      0.073729    0.002679   10.627242 ^ clkbuf_3_5_0_clk_regs/A (sky130_fd_sc_hd__clkbuf_8)
     2    0.019344    0.037186    0.094110   10.721353 ^ clkbuf_3_5_0_clk_regs/X (sky130_fd_sc_hd__clkbuf_8)
                                                         clknet_3_5_0_clk_regs (net)
                      0.037190    0.000393   10.721745 ^ clkbuf_4_11__f_clk_regs/A (sky130_fd_sc_hd__clkbuf_16)
     8    0.029132    0.037490    0.087618   10.809363 ^ clkbuf_4_11__f_clk_regs/X (sky130_fd_sc_hd__clkbuf_16)
                                                         clknet_4_11__leaf_clk_regs (net)
                      0.037514    0.000815   10.810179 ^ _1503_/CLK (sky130_fd_sc_hd__dfxtp_2)
                                 -0.100000   10.710178   clock uncertainty
                                  0.000000   10.710178   clock reconvergence pessimism
                                 -0.065412   10.644766   library setup time
                                             10.644766   data required time
---------------------------------------------------------------------------------------------
                                             10.644766   data required time
                                             -3.767559   data arrival time
---------------------------------------------------------------------------------------------
                                              6.877207   slack (MET)


Startpoint: reset (input port clocked by clk)
Endpoint: _1485_ (rising edge-triggered flip-flop clocked by clk)
Path Group: clk
Path Type: max

Fanout         Cap        Slew       Delay        Time   Description
---------------------------------------------------------------------------------------------
                                  0.000000    0.000000   clock clk (rise edge)
                                  0.000000    0.000000   clock network delay (propagated)
                                  2.000000    2.000000 ^ input external delay
     3    0.122379    0.415328    0.331209    2.331209 ^ reset (in)
                                                         reset (net)
                      0.434769    0.000000    2.331209 ^ _1826_/A (sky130_fd_sc_hd__buf_2)
     5    0.038184    0.143063    0.197619    2.528827 ^ _1826_/X (sky130_fd_sc_hd__buf_2)
                                                         _0629_ (net)
                      0.143125    0.002589    2.531416 ^ _1090_/A (sky130_fd_sc_hd__inv_2)
     4    0.049589    0.091304    0.101986    2.633402 v _1090_/Y (sky130_fd_sc_hd__inv_2)
                                                         _0291_ (net)
                      0.091456    0.003165    2.636567 v fanout70/A (sky130_fd_sc_hd__buf_1)
    10    0.052447    0.206087    0.230217    2.866784 v fanout70/X (sky130_fd_sc_hd__buf_1)
                                                         net70 (net)
                      0.206373    0.006777    2.873561 v fanout69/A (sky130_fd_sc_hd__clkdlybuf4s25_1)
    10    0.030227    0.156148    0.333700    3.207261 v fanout69/X (sky130_fd_sc_hd__clkdlybuf4s25_1)
                                                         net69 (net)
                      0.156148    0.000063    3.207323 v fanout68/A (sky130_fd_sc_hd__clkdlybuf4s25_1)
    10    0.029443    0.152547    0.316719    3.524042 v fanout68/X (sky130_fd_sc_hd__clkdlybuf4s25_1)
                                                         net68 (net)
                      0.152565    0.001763    3.525805 v _1306_/B (sky130_fd_sc_hd__and2_2)
     1    0.002159    0.026084    0.168619    3.694424 v _1306_/X (sky130_fd_sc_hd__and2_2)
                                                         _0344_ (net)
                      0.026084    0.000064    3.694488 v _1906_/A (sky130_fd_sc_hd__buf_2)
     1    0.002107    0.015835    0.070802    3.765290 v _1906_/X (sky130_fd_sc_hd__buf_2)
                                                         _0972_ (net)
                      0.015835    0.000063    3.765352 v _1485_/D (sky130_fd_sc_hd__dfxtp_2)
                                              3.765352   data arrival time

                                 10.000000   10.000000   clock clk (rise edge)
                                  0.000000   10.000000   clock source latency
     2    0.157459    0.537694    0.388335   10.388335 ^ clk (in)
                                                         clk (net)
                      0.571537    0.000000   10.388335 ^ clkbuf_regs_0_clk/A (sky130_fd_sc_hd__clkbuf_16)
     1    0.008638    0.038950    0.122082   10.510417 ^ clkbuf_regs_0_clk/X (sky130_fd_sc_hd__clkbuf_16)
                                                         clk_regs (net)
                      0.038950    0.000258   10.510674 ^ clkbuf_0_clk_regs/A (sky130_fd_sc_hd__clkbuf_16)
     8    0.079104    0.073558    0.113889   10.624564 ^ clkbuf_0_clk_regs/X (sky130_fd_sc_hd__clkbuf_16)
                                                         clknet_0_clk_regs (net)
                      0.073740    0.002760   10.627323 ^ clkbuf_3_7_0_clk_regs/A (sky130_fd_sc_hd__clkbuf_8)
     2    0.018292    0.035983    0.093038   10.720362 ^ clkbuf_3_7_0_clk_regs/X (sky130_fd_sc_hd__clkbuf_8)
                                                         clknet_3_7_0_clk_regs (net)
                      0.035990    0.000443   10.720805 ^ clkbuf_4_14__f_clk_regs/A (sky130_fd_sc_hd__clkbuf_16)
     8    0.027397    0.036234    0.086277   10.807082 ^ clkbuf_4_14__f_clk_regs/X (sky130_fd_sc_hd__clkbuf_16)
                                                         clknet_4_14__leaf_clk_regs (net)
                      0.036255    0.000732   10.807814 ^ _1485_/CLK (sky130_fd_sc_hd__dfxtp_2)
                                 -0.100000   10.707813   clock uncertainty
                                  0.000000   10.707813   clock reconvergence pessimism
                                 -0.065042   10.642772   library setup time
                                             10.642772   data required time
---------------------------------------------------------------------------------------------
                                             10.642772   data required time
                                             -3.765352   data arrival time
---------------------------------------------------------------------------------------------
                                              6.877419   slack (MET)


Startpoint: reset (input port clocked by clk)
Endpoint: _1504_ (rising edge-triggered flip-flop clocked by clk)
Path Group: clk
Path Type: max

Fanout         Cap        Slew       Delay        Time   Description
---------------------------------------------------------------------------------------------
                                  0.000000    0.000000   clock clk (rise edge)
                                  0.000000    0.000000   clock network delay (propagated)
                                  2.000000    2.000000 ^ input external delay
     3    0.122379    0.415328    0.331209    2.331209 ^ reset (in)
                                                         reset (net)
                      0.434769    0.000000    2.331209 ^ _1826_/A (sky130_fd_sc_hd__buf_2)
     5    0.038184    0.143063    0.197619    2.528827 ^ _1826_/X (sky130_fd_sc_hd__buf_2)
                                                         _0629_ (net)
                      0.143125    0.002589    2.531416 ^ _1090_/A (sky130_fd_sc_hd__inv_2)
     4    0.049589    0.091304    0.101986    2.633402 v _1090_/Y (sky130_fd_sc_hd__inv_2)
                                                         _0291_ (net)
                      0.091456    0.003165    2.636567 v fanout70/A (sky130_fd_sc_hd__buf_1)
    10    0.052447    0.206087    0.230217    2.866784 v fanout70/X (sky130_fd_sc_hd__buf_1)
                                                         net70 (net)
                      0.206373    0.006777    2.873561 v fanout69/A (sky130_fd_sc_hd__clkdlybuf4s25_1)
    10    0.030227    0.156148    0.333700    3.207261 v fanout69/X (sky130_fd_sc_hd__clkdlybuf4s25_1)
                                                         net69 (net)
                      0.156148    0.000063    3.207323 v fanout68/A (sky130_fd_sc_hd__clkdlybuf4s25_1)
    10    0.029443    0.152547    0.316719    3.524042 v fanout68/X (sky130_fd_sc_hd__clkdlybuf4s25_1)
                                                         net68 (net)
                      0.152555    0.001295    3.525337 v _1325_/B (sky130_fd_sc_hd__and2_2)
     1    0.002358    0.026467    0.169267    3.694603 v _1325_/X (sky130_fd_sc_hd__and2_2)
                                                         _0363_ (net)
                      0.026467    0.000070    3.694674 v _1925_/A (sky130_fd_sc_hd__buf_2)
     1    0.002207    0.015993    0.071224    3.765898 v _1925_/X (sky130_fd_sc_hd__buf_2)
                                                         _1010_ (net)
                      0.015993    0.000066    3.765964 v _1504_/D (sky130_fd_sc_hd__dfxtp_2)
                                              3.765964   data arrival time

                                 10.000000   10.000000   clock clk (rise edge)
                                  0.000000   10.000000   clock source latency
     2    0.157459    0.537694    0.388335   10.388335 ^ clk (in)
                                                         clk (net)
                      0.571537    0.000000   10.388335 ^ clkbuf_regs_0_clk/A (sky130_fd_sc_hd__clkbuf_16)
     1    0.008638    0.038950    0.122082   10.510417 ^ clkbuf_regs_0_clk/X (sky130_fd_sc_hd__clkbuf_16)
                                                         clk_regs (net)
                      0.038950    0.000258   10.510674 ^ clkbuf_0_clk_regs/A (sky130_fd_sc_hd__clkbuf_16)
     8    0.079104    0.073558    0.113889   10.624564 ^ clkbuf_0_clk_regs/X (sky130_fd_sc_hd__clkbuf_16)
                                                         clknet_0_clk_regs (net)
                      0.073729    0.002679   10.627242 ^ clkbuf_3_5_0_clk_regs/A (sky130_fd_sc_hd__clkbuf_8)
     2    0.019344    0.037186    0.094110   10.721353 ^ clkbuf_3_5_0_clk_regs/X (sky130_fd_sc_hd__clkbuf_8)
                                                         clknet_3_5_0_clk_regs (net)
                      0.037190    0.000393   10.721745 ^ clkbuf_4_11__f_clk_regs/A (sky130_fd_sc_hd__clkbuf_16)
     8    0.029132    0.037490    0.087618   10.809363 ^ clkbuf_4_11__f_clk_regs/X (sky130_fd_sc_hd__clkbuf_16)
                                                         clknet_4_11__leaf_clk_regs (net)
                      0.037512    0.000795   10.810159 ^ _1504_/CLK (sky130_fd_sc_hd__dfxtp_2)
                                 -0.100000   10.710158   clock uncertainty
                                  0.000000   10.710158   clock reconvergence pessimism
                                 -0.064978   10.645180   library setup time
                                             10.645180   data required time
---------------------------------------------------------------------------------------------
                                             10.645180   data required time
                                             -3.765964   data arrival time
---------------------------------------------------------------------------------------------
                                              6.879217   slack (MET)


Startpoint: reset (input port clocked by clk)
Endpoint: _1484_ (rising edge-triggered flip-flop clocked by clk)
Path Group: clk
Path Type: max

Fanout         Cap        Slew       Delay        Time   Description
---------------------------------------------------------------------------------------------
                                  0.000000    0.000000   clock clk (rise edge)
                                  0.000000    0.000000   clock network delay (propagated)
                                  2.000000    2.000000 ^ input external delay
     3    0.122379    0.415328    0.331209    2.331209 ^ reset (in)
                                                         reset (net)
                      0.434769    0.000000    2.331209 ^ _1826_/A (sky130_fd_sc_hd__buf_2)
     5    0.038184    0.143063    0.197619    2.528827 ^ _1826_/X (sky130_fd_sc_hd__buf_2)
                                                         _0629_ (net)
                      0.143125    0.002589    2.531416 ^ _1090_/A (sky130_fd_sc_hd__inv_2)
     4    0.049589    0.091304    0.101986    2.633402 v _1090_/Y (sky130_fd_sc_hd__inv_2)
                                                         _0291_ (net)
                      0.091456    0.003165    2.636567 v fanout70/A (sky130_fd_sc_hd__buf_1)
    10    0.052447    0.206087    0.230217    2.866784 v fanout70/X (sky130_fd_sc_hd__buf_1)
                                                         net70 (net)
                      0.206373    0.006777    2.873561 v fanout69/A (sky130_fd_sc_hd__clkdlybuf4s25_1)
    10    0.030227    0.156148    0.333700    3.207261 v fanout69/X (sky130_fd_sc_hd__clkdlybuf4s25_1)
                                                         net69 (net)
                      0.156148    0.000063    3.207323 v fanout68/A (sky130_fd_sc_hd__clkdlybuf4s25_1)
    10    0.029443    0.152547    0.316719    3.524042 v fanout68/X (sky130_fd_sc_hd__clkdlybuf4s25_1)
                                                         net68 (net)
                      0.152559    0.001513    3.525555 v _1305_/B (sky130_fd_sc_hd__and2_2)
     1    0.001891    0.025559    0.167739    3.693294 v _1305_/X (sky130_fd_sc_hd__and2_2)
                                                         _0343_ (net)
                      0.025559    0.000038    3.693331 v _1905_/A (sky130_fd_sc_hd__buf_2)
     1    0.002195    0.015974    0.070813    3.764145 v _1905_/X (sky130_fd_sc_hd__buf_2)
                                                         _0970_ (net)
                      0.015974    0.000065    3.764210 v _1484_/D (sky130_fd_sc_hd__dfxtp_2)
                                              3.764210   data arrival time

                                 10.000000   10.000000   clock clk (rise edge)
                                  0.000000   10.000000   clock source latency
     2    0.157459    0.537694    0.388335   10.388335 ^ clk (in)
                                                         clk (net)
                      0.571537    0.000000   10.388335 ^ clkbuf_regs_0_clk/A (sky130_fd_sc_hd__clkbuf_16)
     1    0.008638    0.038950    0.122082   10.510417 ^ clkbuf_regs_0_clk/X (sky130_fd_sc_hd__clkbuf_16)
                                                         clk_regs (net)
                      0.038950    0.000258   10.510674 ^ clkbuf_0_clk_regs/A (sky130_fd_sc_hd__clkbuf_16)
     8    0.079104    0.073558    0.113889   10.624564 ^ clkbuf_0_clk_regs/X (sky130_fd_sc_hd__clkbuf_16)
                                                         clknet_0_clk_regs (net)
                      0.073729    0.002679   10.627242 ^ clkbuf_3_5_0_clk_regs/A (sky130_fd_sc_hd__clkbuf_8)
     2    0.019344    0.037186    0.094110   10.721353 ^ clkbuf_3_5_0_clk_regs/X (sky130_fd_sc_hd__clkbuf_8)
                                                         clknet_3_5_0_clk_regs (net)
                      0.037190    0.000393   10.721745 ^ clkbuf_4_11__f_clk_regs/A (sky130_fd_sc_hd__clkbuf_16)
     8    0.029132    0.037490    0.087618   10.809363 ^ clkbuf_4_11__f_clk_regs/X (sky130_fd_sc_hd__clkbuf_16)
                                                         clknet_4_11__leaf_clk_regs (net)
                      0.037503    0.000653   10.810017 ^ _1484_/CLK (sky130_fd_sc_hd__dfxtp_2)
                                 -0.100000   10.710016   clock uncertainty
                                  0.000000   10.710016   clock reconvergence pessimism
                                 -0.064972   10.645044   library setup time
                                             10.645044   data required time
---------------------------------------------------------------------------------------------
                                             10.645044   data required time
                                             -3.764210   data arrival time
---------------------------------------------------------------------------------------------
                                              6.880835   slack (MET)


Startpoint: _1542_ (rising edge-triggered flip-flop clocked by clk)
Endpoint: _1450_ (rising edge-triggered flip-flop clocked by clk)
Path Group: clk
Path Type: max

Fanout         Cap        Slew       Delay        Time   Description
---------------------------------------------------------------------------------------------
                                  0.000000    0.000000   clock clk (rise edge)
                                  0.000000    0.000000   clock source latency
     2    0.157459    0.537694    0.429212    0.429212 ^ clk (in)
                                                         clk (net)
                      0.571537    0.000000    0.429212 ^ clkbuf_regs_0_clk/A (sky130_fd_sc_hd__clkbuf_16)
     1    0.008638    0.038950    0.134933    0.564145 ^ clkbuf_regs_0_clk/X (sky130_fd_sc_hd__clkbuf_16)
                                                         clk_regs (net)
                      0.038950    0.000284    0.564429 ^ clkbuf_0_clk_regs/A (sky130_fd_sc_hd__clkbuf_16)
     8    0.079104    0.073558    0.125878    0.690307 ^ clkbuf_0_clk_regs/X (sky130_fd_sc_hd__clkbuf_16)
                                                         clknet_0_clk_regs (net)
                      0.073729    0.002960    0.693267 ^ clkbuf_3_5_0_clk_regs/A (sky130_fd_sc_hd__clkbuf_8)
     2    0.019344    0.037186    0.104017    0.797284 ^ clkbuf_3_5_0_clk_regs/X (sky130_fd_sc_hd__clkbuf_8)
                                                         clknet_3_5_0_clk_regs (net)
                      0.037190    0.000434    0.797718 ^ clkbuf_4_11__f_clk_regs/A (sky130_fd_sc_hd__clkbuf_16)
     8    0.029132    0.037490    0.096841    0.894559 ^ clkbuf_4_11__f_clk_regs/X (sky130_fd_sc_hd__clkbuf_16)
                                                         clknet_4_11__leaf_clk_regs (net)
                      0.037497    0.000576    0.895135 ^ _1542_/CLK (sky130_fd_sc_hd__dfxtp_4)
     3    0.024782    0.040399    0.244984    1.140119 v _1542_/Q (sky130_fd_sc_hd__dfxtp_4)
                                                         u_top.RV32I_Logic.Single_Cycle_Datapath.pcREG.q[12] (net)
                      0.040440    0.001433    1.141552 v rebuffer183/A (sky130_fd_sc_hd__buf_2)
     2    0.014815    0.034523    0.101513    1.243065 v rebuffer183/X (sky130_fd_sc_hd__buf_2)
                                                         net182 (net)
                      0.034546    0.000839    1.243904 v _1128_/A_N (sky130_fd_sc_hd__nand2b_2)
     2    0.013278    0.050477    0.135932    1.379835 v _1128_/Y (sky130_fd_sc_hd__nand2b_2)
                                                         _0464_ (net)
                      0.050481    0.000497    1.380333 v fanout49/A (sky130_fd_sc_hd__buf_6)
    10    0.042832    0.037124    0.107220    1.487552 v fanout49/X (sky130_fd_sc_hd__buf_6)
                                                         net49 (net)
                      0.037353    0.002234    1.489787 v _1198_/A (sky130_fd_sc_hd__or3b_4)
     1    0.008044    0.051359    0.256869    1.746656 v _1198_/X (sky130_fd_sc_hd__or3b_4)
                                                         _0534_ (net)
                      0.051359    0.000327    1.746984 v _1201_/B1 (sky130_fd_sc_hd__o31ai_2)
     1    0.008139    0.184256    0.062471    1.809454 ^ _1201_/Y (sky130_fd_sc_hd__o31ai_2)
                                                         _0537_ (net)
                      0.184257    0.000365    1.809819 ^ _1202_/B (sky130_fd_sc_hd__or2_4)
     1    0.004861    0.026896    0.098854    1.908674 ^ _1202_/X (sky130_fd_sc_hd__or2_4)
                                                         _0538_ (net)
                      0.026896    0.000172    1.908846 ^ _1204_/B1 (sky130_fd_sc_hd__o211a_2)
     2    0.009807    0.055728    0.106703    2.015549 ^ _1204_/X (sky130_fd_sc_hd__o211a_2)
                                                         _0540_ (net)
                      0.055730    0.000397    2.015947 ^ _1252_/A (sky130_fd_sc_hd__and4_2)
     1    0.004604    0.038348    0.125561    2.141507 ^ _1252_/X (sky130_fd_sc_hd__and4_2)
                                                         _0567_ (net)
                      0.038348    0.000161    2.141668 ^ _1258_/C (sky130_fd_sc_hd__and4b_2)
     2    0.023382    0.104528    0.192494    2.334162 ^ _1258_/X (sky130_fd_sc_hd__and4b_2)
                                                         _0573_ (net)
                      0.104530    0.000696    2.334857 ^ rebuffer170/A (sky130_fd_sc_hd__buf_6)
     1    0.009631    0.025398    0.076100    2.410958 ^ rebuffer170/X (sky130_fd_sc_hd__buf_6)
                                                         net169 (net)
                      0.025399    0.000295    2.411252 ^ _1259_/D (sky130_fd_sc_hd__nor4_4)
     3    0.026520    0.071937    0.033125    2.444377 v _1259_/Y (sky130_fd_sc_hd__nor4_4)
                                                         _0574_ (net)
                      0.071941    0.001062    2.445440 v rebuffer165/A (sky130_fd_sc_hd__buf_2)
     3    0.015213    0.035191    0.115538    2.560978 v rebuffer165/X (sky130_fd_sc_hd__buf_2)
                                                         net164 (net)
                      0.035202    0.000618    2.561596 v _1267_/B (sky130_fd_sc_hd__nor2_2)
     2    0.031515    0.252515    0.210388    2.771984 ^ _1267_/Y (sky130_fd_sc_hd__nor2_2)
                                                         _0578_ (net)
                      0.252516    0.000418    2.772402 ^ fanout7/A (sky130_fd_sc_hd__buf_1)
    10    0.064338    0.554534    0.437642    3.210043 ^ fanout7/X (sky130_fd_sc_hd__buf_1)
                                                         net7 (net)
                      0.554538    0.001319    3.211362 ^ fanout6/A (sky130_fd_sc_hd__buf_1)
    10    0.046130    0.399650    0.312500    3.523862 ^ fanout6/X (sky130_fd_sc_hd__buf_1)
                                                         net6 (net)
                      0.399651    0.000575    3.524437 ^ _1271_/B (sky130_fd_sc_hd__and2_2)
     1    0.002604    0.032095    0.122408    3.646846 ^ _1271_/X (sky130_fd_sc_hd__and2_2)
                                                         _0309_ (net)
                      0.032095    0.000081    3.646926 ^ _1871_/A (sky130_fd_sc_hd__buf_2)
     1    0.002278    0.017542    0.059980    3.706907 ^ _1871_/X (sky130_fd_sc_hd__buf_2)
                                                         _0902_ (net)
                      0.017542    0.000070    3.706977 ^ _1450_/D (sky130_fd_sc_hd__dfxtp_2)
                                              3.706977   data arrival time

                                 10.000000   10.000000   clock clk (rise edge)
                                  0.000000   10.000000   clock source latency
     2    0.157459    0.537694    0.388335   10.388335 ^ clk (in)
                                                         clk (net)
                      0.571537    0.000000   10.388335 ^ clkbuf_regs_0_clk/A (sky130_fd_sc_hd__clkbuf_16)
     1    0.008638    0.038950    0.122082   10.510417 ^ clkbuf_regs_0_clk/X (sky130_fd_sc_hd__clkbuf_16)
                                                         clk_regs (net)
                      0.038950    0.000258   10.510674 ^ clkbuf_0_clk_regs/A (sky130_fd_sc_hd__clkbuf_16)
     8    0.079104    0.073558    0.113889   10.624564 ^ clkbuf_0_clk_regs/X (sky130_fd_sc_hd__clkbuf_16)
                                                         clknet_0_clk_regs (net)
                      0.073626    0.001701   10.626265 ^ clkbuf_3_3_0_clk_regs/A (sky130_fd_sc_hd__clkbuf_8)
     2    0.019215    0.037042    0.093889   10.720154 ^ clkbuf_3_3_0_clk_regs/X (sky130_fd_sc_hd__clkbuf_8)
                                                         clknet_3_3_0_clk_regs (net)
                      0.037051    0.000535   10.720689 ^ clkbuf_4_6__f_clk_regs/A (sky130_fd_sc_hd__clkbuf_16)
     8    0.025823    0.035115    0.085665   10.806354 ^ clkbuf_4_6__f_clk_regs/X (sky130_fd_sc_hd__clkbuf_16)
                                                         clknet_4_6__leaf_clk_regs (net)
                      0.035126    0.000533   10.806887 ^ _1450_/CLK (sky130_fd_sc_hd__dfxtp_2)
                                 -0.100000   10.706886   clock uncertainty
                                  0.065744   10.772630   clock reconvergence pessimism
                                 -0.030027   10.742603   library setup time
                                             10.742603   data required time
---------------------------------------------------------------------------------------------
                                             10.742603   data required time
                                             -3.706977   data arrival time
---------------------------------------------------------------------------------------------
                                              7.035626   slack (MET)


Startpoint: _1542_ (rising edge-triggered flip-flop clocked by clk)
Endpoint: _1448_ (rising edge-triggered flip-flop clocked by clk)
Path Group: clk
Path Type: max

Fanout         Cap        Slew       Delay        Time   Description
---------------------------------------------------------------------------------------------
                                  0.000000    0.000000   clock clk (rise edge)
                                  0.000000    0.000000   clock source latency
     2    0.157459    0.537694    0.429212    0.429212 ^ clk (in)
                                                         clk (net)
                      0.571537    0.000000    0.429212 ^ clkbuf_regs_0_clk/A (sky130_fd_sc_hd__clkbuf_16)
     1    0.008638    0.038950    0.134933    0.564145 ^ clkbuf_regs_0_clk/X (sky130_fd_sc_hd__clkbuf_16)
                                                         clk_regs (net)
                      0.038950    0.000284    0.564429 ^ clkbuf_0_clk_regs/A (sky130_fd_sc_hd__clkbuf_16)
     8    0.079104    0.073558    0.125878    0.690307 ^ clkbuf_0_clk_regs/X (sky130_fd_sc_hd__clkbuf_16)
                                                         clknet_0_clk_regs (net)
                      0.073729    0.002960    0.693267 ^ clkbuf_3_5_0_clk_regs/A (sky130_fd_sc_hd__clkbuf_8)
     2    0.019344    0.037186    0.104017    0.797284 ^ clkbuf_3_5_0_clk_regs/X (sky130_fd_sc_hd__clkbuf_8)
                                                         clknet_3_5_0_clk_regs (net)
                      0.037190    0.000434    0.797718 ^ clkbuf_4_11__f_clk_regs/A (sky130_fd_sc_hd__clkbuf_16)
     8    0.029132    0.037490    0.096841    0.894559 ^ clkbuf_4_11__f_clk_regs/X (sky130_fd_sc_hd__clkbuf_16)
                                                         clknet_4_11__leaf_clk_regs (net)
                      0.037497    0.000576    0.895135 ^ _1542_/CLK (sky130_fd_sc_hd__dfxtp_4)
     3    0.024782    0.040399    0.244984    1.140119 v _1542_/Q (sky130_fd_sc_hd__dfxtp_4)
                                                         u_top.RV32I_Logic.Single_Cycle_Datapath.pcREG.q[12] (net)
                      0.040440    0.001433    1.141552 v rebuffer183/A (sky130_fd_sc_hd__buf_2)
     2    0.014815    0.034523    0.101513    1.243065 v rebuffer183/X (sky130_fd_sc_hd__buf_2)
                                                         net182 (net)
                      0.034546    0.000839    1.243904 v _1128_/A_N (sky130_fd_sc_hd__nand2b_2)
     2    0.013278    0.050477    0.135932    1.379835 v _1128_/Y (sky130_fd_sc_hd__nand2b_2)
                                                         _0464_ (net)
                      0.050481    0.000497    1.380333 v fanout49/A (sky130_fd_sc_hd__buf_6)
    10    0.042832    0.037124    0.107220    1.487552 v fanout49/X (sky130_fd_sc_hd__buf_6)
                                                         net49 (net)
                      0.037353    0.002234    1.489787 v _1198_/A (sky130_fd_sc_hd__or3b_4)
     1    0.008044    0.051359    0.256869    1.746656 v _1198_/X (sky130_fd_sc_hd__or3b_4)
                                                         _0534_ (net)
                      0.051359    0.000327    1.746984 v _1201_/B1 (sky130_fd_sc_hd__o31ai_2)
     1    0.008139    0.184256    0.062471    1.809454 ^ _1201_/Y (sky130_fd_sc_hd__o31ai_2)
                                                         _0537_ (net)
                      0.184257    0.000365    1.809819 ^ _1202_/B (sky130_fd_sc_hd__or2_4)
     1    0.004861    0.026896    0.098854    1.908674 ^ _1202_/X (sky130_fd_sc_hd__or2_4)
                                                         _0538_ (net)
                      0.026896    0.000172    1.908846 ^ _1204_/B1 (sky130_fd_sc_hd__o211a_2)
     2    0.009807    0.055728    0.106703    2.015549 ^ _1204_/X (sky130_fd_sc_hd__o211a_2)
                                                         _0540_ (net)
                      0.055730    0.000397    2.015947 ^ _1252_/A (sky130_fd_sc_hd__and4_2)
     1    0.004604    0.038348    0.125561    2.141507 ^ _1252_/X (sky130_fd_sc_hd__and4_2)
                                                         _0567_ (net)
                      0.038348    0.000161    2.141668 ^ _1258_/C (sky130_fd_sc_hd__and4b_2)
     2    0.023382    0.104528    0.192494    2.334162 ^ _1258_/X (sky130_fd_sc_hd__and4b_2)
                                                         _0573_ (net)
                      0.104530    0.000696    2.334857 ^ rebuffer170/A (sky130_fd_sc_hd__buf_6)
     1    0.009631    0.025398    0.076100    2.410958 ^ rebuffer170/X (sky130_fd_sc_hd__buf_6)
                                                         net169 (net)
                      0.025399    0.000295    2.411252 ^ _1259_/D (sky130_fd_sc_hd__nor4_4)
     3    0.026520    0.071937    0.033125    2.444377 v _1259_/Y (sky130_fd_sc_hd__nor4_4)
                                                         _0574_ (net)
                      0.071941    0.001062    2.445440 v rebuffer165/A (sky130_fd_sc_hd__buf_2)
     3    0.015213    0.035191    0.115538    2.560978 v rebuffer165/X (sky130_fd_sc_hd__buf_2)
                                                         net164 (net)
                      0.035202    0.000618    2.561596 v _1267_/B (sky130_fd_sc_hd__nor2_2)
     2    0.031515    0.252515    0.210388    2.771984 ^ _1267_/Y (sky130_fd_sc_hd__nor2_2)
                                                         _0578_ (net)
                      0.252516    0.000418    2.772402 ^ fanout7/A (sky130_fd_sc_hd__buf_1)
    10    0.064338    0.554534    0.437642    3.210043 ^ fanout7/X (sky130_fd_sc_hd__buf_1)
                                                         net7 (net)
                      0.554538    0.001319    3.211362 ^ fanout6/A (sky130_fd_sc_hd__buf_1)
    10    0.046130    0.399650    0.312500    3.523862 ^ fanout6/X (sky130_fd_sc_hd__buf_1)
                                                         net6 (net)
                      0.399652    0.000761    3.524623 ^ _1269_/B (sky130_fd_sc_hd__and2_2)
     1    0.002490    0.031755    0.121921    3.646544 ^ _1269_/X (sky130_fd_sc_hd__and2_2)
                                                         _0307_ (net)
                      0.031755    0.000073    3.646616 ^ _1869_/A (sky130_fd_sc_hd__buf_2)
     1    0.002636    0.018614    0.060974    3.707591 ^ _1869_/X (sky130_fd_sc_hd__buf_2)
                                                         _0898_ (net)
                      0.018614    0.000084    3.707675 ^ _1448_/D (sky130_fd_sc_hd__dfxtp_2)
                                              3.707675   data arrival time

                                 10.000000   10.000000   clock clk (rise edge)
                                  0.000000   10.000000   clock source latency
     2    0.157459    0.537694    0.388335   10.388335 ^ clk (in)
                                                         clk (net)
                      0.571537    0.000000   10.388335 ^ clkbuf_regs_0_clk/A (sky130_fd_sc_hd__clkbuf_16)
     1    0.008638    0.038950    0.122082   10.510417 ^ clkbuf_regs_0_clk/X (sky130_fd_sc_hd__clkbuf_16)
                                                         clk_regs (net)
                      0.038950    0.000258   10.510674 ^ clkbuf_0_clk_regs/A (sky130_fd_sc_hd__clkbuf_16)
     8    0.079104    0.073558    0.113889   10.624564 ^ clkbuf_0_clk_regs/X (sky130_fd_sc_hd__clkbuf_16)
                                                         clknet_0_clk_regs (net)
                      0.073743    0.002785   10.627349 ^ clkbuf_3_0_0_clk_regs/A (sky130_fd_sc_hd__clkbuf_8)
     2    0.018319    0.036012    0.093100   10.720448 ^ clkbuf_3_0_0_clk_regs/X (sky130_fd_sc_hd__clkbuf_8)
                                                         clknet_3_0_0_clk_regs (net)
                      0.036019    0.000455   10.720903 ^ clkbuf_4_0__f_clk_regs/A (sky130_fd_sc_hd__clkbuf_16)
     9    0.034417    0.041219    0.090552   10.811456 ^ clkbuf_4_0__f_clk_regs/X (sky130_fd_sc_hd__clkbuf_16)
                                                         clknet_4_0__leaf_clk_regs (net)
                      0.041221    0.000418   10.811874 ^ _1448_/CLK (sky130_fd_sc_hd__dfxtp_2)
                                 -0.100000   10.711874   clock uncertainty
                                  0.065744   10.777618   clock reconvergence pessimism
                                 -0.029938   10.747680   library setup time
                                             10.747680   data required time
---------------------------------------------------------------------------------------------
                                             10.747680   data required time
                                             -3.707675   data arrival time
---------------------------------------------------------------------------------------------
                                              7.040005   slack (MET)


Startpoint: _1542_ (rising edge-triggered flip-flop clocked by clk)
Endpoint: _1447_ (rising edge-triggered flip-flop clocked by clk)
Path Group: clk
Path Type: max

Fanout         Cap        Slew       Delay        Time   Description
---------------------------------------------------------------------------------------------
                                  0.000000    0.000000   clock clk (rise edge)
                                  0.000000    0.000000   clock source latency
     2    0.157459    0.537694    0.429212    0.429212 ^ clk (in)
                                                         clk (net)
                      0.571537    0.000000    0.429212 ^ clkbuf_regs_0_clk/A (sky130_fd_sc_hd__clkbuf_16)
     1    0.008638    0.038950    0.134933    0.564145 ^ clkbuf_regs_0_clk/X (sky130_fd_sc_hd__clkbuf_16)
                                                         clk_regs (net)
                      0.038950    0.000284    0.564429 ^ clkbuf_0_clk_regs/A (sky130_fd_sc_hd__clkbuf_16)
     8    0.079104    0.073558    0.125878    0.690307 ^ clkbuf_0_clk_regs/X (sky130_fd_sc_hd__clkbuf_16)
                                                         clknet_0_clk_regs (net)
                      0.073729    0.002960    0.693267 ^ clkbuf_3_5_0_clk_regs/A (sky130_fd_sc_hd__clkbuf_8)
     2    0.019344    0.037186    0.104017    0.797284 ^ clkbuf_3_5_0_clk_regs/X (sky130_fd_sc_hd__clkbuf_8)
                                                         clknet_3_5_0_clk_regs (net)
                      0.037190    0.000434    0.797718 ^ clkbuf_4_11__f_clk_regs/A (sky130_fd_sc_hd__clkbuf_16)
     8    0.029132    0.037490    0.096841    0.894559 ^ clkbuf_4_11__f_clk_regs/X (sky130_fd_sc_hd__clkbuf_16)
                                                         clknet_4_11__leaf_clk_regs (net)
                      0.037497    0.000576    0.895135 ^ _1542_/CLK (sky130_fd_sc_hd__dfxtp_4)
     3    0.024782    0.040399    0.244984    1.140119 v _1542_/Q (sky130_fd_sc_hd__dfxtp_4)
                                                         u_top.RV32I_Logic.Single_Cycle_Datapath.pcREG.q[12] (net)
                      0.040440    0.001433    1.141552 v rebuffer183/A (sky130_fd_sc_hd__buf_2)
     2    0.014815    0.034523    0.101513    1.243065 v rebuffer183/X (sky130_fd_sc_hd__buf_2)
                                                         net182 (net)
                      0.034546    0.000839    1.243904 v _1128_/A_N (sky130_fd_sc_hd__nand2b_2)
     2    0.013278    0.050477    0.135932    1.379835 v _1128_/Y (sky130_fd_sc_hd__nand2b_2)
                                                         _0464_ (net)
                      0.050481    0.000497    1.380333 v fanout49/A (sky130_fd_sc_hd__buf_6)
    10    0.042832    0.037124    0.107220    1.487552 v fanout49/X (sky130_fd_sc_hd__buf_6)
                                                         net49 (net)
                      0.037353    0.002234    1.489787 v _1198_/A (sky130_fd_sc_hd__or3b_4)
     1    0.008044    0.051359    0.256869    1.746656 v _1198_/X (sky130_fd_sc_hd__or3b_4)
                                                         _0534_ (net)
                      0.051359    0.000327    1.746984 v _1201_/B1 (sky130_fd_sc_hd__o31ai_2)
     1    0.008139    0.184256    0.062471    1.809454 ^ _1201_/Y (sky130_fd_sc_hd__o31ai_2)
                                                         _0537_ (net)
                      0.184257    0.000365    1.809819 ^ _1202_/B (sky130_fd_sc_hd__or2_4)
     1    0.004861    0.026896    0.098854    1.908674 ^ _1202_/X (sky130_fd_sc_hd__or2_4)
                                                         _0538_ (net)
                      0.026896    0.000172    1.908846 ^ _1204_/B1 (sky130_fd_sc_hd__o211a_2)
     2    0.009807    0.055728    0.106703    2.015549 ^ _1204_/X (sky130_fd_sc_hd__o211a_2)
                                                         _0540_ (net)
                      0.055730    0.000397    2.015947 ^ _1252_/A (sky130_fd_sc_hd__and4_2)
     1    0.004604    0.038348    0.125561    2.141507 ^ _1252_/X (sky130_fd_sc_hd__and4_2)
                                                         _0567_ (net)
                      0.038348    0.000161    2.141668 ^ _1258_/C (sky130_fd_sc_hd__and4b_2)
     2    0.023382    0.104528    0.192494    2.334162 ^ _1258_/X (sky130_fd_sc_hd__and4b_2)
                                                         _0573_ (net)
                      0.104530    0.000696    2.334857 ^ rebuffer170/A (sky130_fd_sc_hd__buf_6)
     1    0.009631    0.025398    0.076100    2.410958 ^ rebuffer170/X (sky130_fd_sc_hd__buf_6)
                                                         net169 (net)
                      0.025399    0.000295    2.411252 ^ _1259_/D (sky130_fd_sc_hd__nor4_4)
     3    0.026520    0.071937    0.033125    2.444377 v _1259_/Y (sky130_fd_sc_hd__nor4_4)
                                                         _0574_ (net)
                      0.071941    0.001062    2.445440 v rebuffer165/A (sky130_fd_sc_hd__buf_2)
     3    0.015213    0.035191    0.115538    2.560978 v rebuffer165/X (sky130_fd_sc_hd__buf_2)
                                                         net164 (net)
                      0.035202    0.000618    2.561596 v _1267_/B (sky130_fd_sc_hd__nor2_2)
     2    0.031515    0.252515    0.210388    2.771984 ^ _1267_/Y (sky130_fd_sc_hd__nor2_2)
                                                         _0578_ (net)
                      0.252516    0.000418    2.772402 ^ fanout7/A (sky130_fd_sc_hd__buf_1)
    10    0.064338    0.554534    0.437642    3.210043 ^ fanout7/X (sky130_fd_sc_hd__buf_1)
                                                         net7 (net)
                      0.554538    0.001319    3.211362 ^ fanout6/A (sky130_fd_sc_hd__buf_1)
    10    0.046130    0.399650    0.312500    3.523862 ^ fanout6/X (sky130_fd_sc_hd__buf_1)
                                                         net6 (net)
                      0.399651    0.000743    3.524606 ^ _1268_/B (sky130_fd_sc_hd__and2_2)
     1    0.002690    0.032352    0.122779    3.647384 ^ _1268_/X (sky130_fd_sc_hd__and2_2)
                                                         _0306_ (net)
                      0.032352    0.000083    3.647467 ^ _1868_/A (sky130_fd_sc_hd__buf_2)
     1    0.002297    0.017601    0.060124    3.707591 ^ _1868_/X (sky130_fd_sc_hd__buf_2)
                                                         _0896_ (net)
                      0.017601    0.000068    3.707660 ^ _1447_/D (sky130_fd_sc_hd__dfxtp_2)
                                              3.707660   data arrival time

                                 10.000000   10.000000   clock clk (rise edge)
                                  0.000000   10.000000   clock source latency
     2    0.157459    0.537694    0.388335   10.388335 ^ clk (in)
                                                         clk (net)
                      0.571537    0.000000   10.388335 ^ clkbuf_regs_0_clk/A (sky130_fd_sc_hd__clkbuf_16)
     1    0.008638    0.038950    0.122082   10.510417 ^ clkbuf_regs_0_clk/X (sky130_fd_sc_hd__clkbuf_16)
                                                         clk_regs (net)
                      0.038950    0.000258   10.510674 ^ clkbuf_0_clk_regs/A (sky130_fd_sc_hd__clkbuf_16)
     8    0.079104    0.073558    0.113889   10.624564 ^ clkbuf_0_clk_regs/X (sky130_fd_sc_hd__clkbuf_16)
                                                         clknet_0_clk_regs (net)
                      0.073743    0.002785   10.627349 ^ clkbuf_3_0_0_clk_regs/A (sky130_fd_sc_hd__clkbuf_8)
     2    0.018319    0.036012    0.093100   10.720448 ^ clkbuf_3_0_0_clk_regs/X (sky130_fd_sc_hd__clkbuf_8)
                                                         clknet_3_0_0_clk_regs (net)
                      0.036019    0.000455   10.720903 ^ clkbuf_4_0__f_clk_regs/A (sky130_fd_sc_hd__clkbuf_16)
     9    0.034417    0.041219    0.090552   10.811456 ^ clkbuf_4_0__f_clk_regs/X (sky130_fd_sc_hd__clkbuf_16)
                                                         clknet_4_0__leaf_clk_regs (net)
                      0.041221    0.000445   10.811901 ^ _1447_/CLK (sky130_fd_sc_hd__dfxtp_2)
                                 -0.100000   10.711901   clock uncertainty
                                  0.065744   10.777645   clock reconvergence pessimism
                                 -0.029840   10.747805   library setup time
                                             10.747805   data required time
---------------------------------------------------------------------------------------------
                                             10.747805   data required time
                                             -3.707660   data arrival time
---------------------------------------------------------------------------------------------
                                              7.040145   slack (MET)


Startpoint: reset (input port clocked by clk)
Endpoint: _1540_ (rising edge-triggered flip-flop clocked by clk)
Path Group: clk
Path Type: max

Fanout         Cap        Slew       Delay        Time   Description
---------------------------------------------------------------------------------------------
                                  0.000000    0.000000   clock clk (rise edge)
                                  0.000000    0.000000   clock network delay (propagated)
                                  2.000000    2.000000 ^ input external delay
     3    0.122379    0.415328    0.331209    2.331209 ^ reset (in)
                                                         reset (net)
                      0.434769    0.000000    2.331209 ^ _1826_/A (sky130_fd_sc_hd__buf_2)
     5    0.038184    0.143063    0.197619    2.528827 ^ _1826_/X (sky130_fd_sc_hd__buf_2)
                                                         _0629_ (net)
                      0.143114    0.002349    2.531177 ^ _1353_/B (sky130_fd_sc_hd__nor2_2)
     1    0.010147    0.043814    0.038144    2.569321 v _1353_/Y (sky130_fd_sc_hd__nor2_2)
                                                         _0579_ (net)
                      0.043825    0.000580    2.569901 v fanout47/A (sky130_fd_sc_hd__clkdlybuf4s25_1)
     5    0.042019    0.213327    0.322865    2.892766 v fanout47/X (sky130_fd_sc_hd__clkdlybuf4s25_1)
                                                         net47 (net)
                      0.213464    0.005150    2.897916 v fanout45/A (sky130_fd_sc_hd__clkdlybuf4s25_1)
     6    0.027804    0.144461    0.326219    3.224135 v fanout45/X (sky130_fd_sc_hd__clkdlybuf4s25_1)
                                                         net45 (net)
                      0.144464    0.000921    3.225057 v load_slew46/A (sky130_fd_sc_hd__clkbuf_2)
     5    0.021839    0.062294    0.154477    3.379534 v load_slew46/X (sky130_fd_sc_hd__clkbuf_2)
                                                         net46 (net)
                      0.062297    0.000529    3.380063 v _1375_/B (sky130_fd_sc_hd__and3b_2)
     1    0.002479    0.027052    0.133338    3.513401 v _1375_/X (sky130_fd_sc_hd__and3b_2)
                                                         _0399_ (net)
                      0.027052    0.000075    3.513475 v _1961_/A (sky130_fd_sc_hd__buf_2)
     1    0.002179    0.015949    0.071396    3.584872 v _1961_/X (sky130_fd_sc_hd__buf_2)
                                                         _1048_ (net)
                      0.015949    0.000065    3.584936 v _1540_/D (sky130_fd_sc_hd__dfxtp_2)
                                              3.584936   data arrival time

                                 10.000000   10.000000   clock clk (rise edge)
                                  0.000000   10.000000   clock source latency
     2    0.157459    0.537694    0.388335   10.388335 ^ clk (in)
                                                         clk (net)
                      0.571537    0.000000   10.388335 ^ clkbuf_regs_0_clk/A (sky130_fd_sc_hd__clkbuf_16)
     1    0.008638    0.038950    0.122082   10.510417 ^ clkbuf_regs_0_clk/X (sky130_fd_sc_hd__clkbuf_16)
                                                         clk_regs (net)
                      0.038950    0.000258   10.510674 ^ clkbuf_0_clk_regs/A (sky130_fd_sc_hd__clkbuf_16)
     8    0.079104    0.073558    0.113889   10.624564 ^ clkbuf_0_clk_regs/X (sky130_fd_sc_hd__clkbuf_16)
                                                         clknet_0_clk_regs (net)
                      0.073729    0.002679   10.627242 ^ clkbuf_3_5_0_clk_regs/A (sky130_fd_sc_hd__clkbuf_8)
     2    0.019344    0.037186    0.094110   10.721353 ^ clkbuf_3_5_0_clk_regs/X (sky130_fd_sc_hd__clkbuf_8)
                                                         clknet_3_5_0_clk_regs (net)
                      0.037192    0.000457   10.721809 ^ clkbuf_4_10__f_clk_regs/A (sky130_fd_sc_hd__clkbuf_16)
     8    0.025141    0.034645    0.085153   10.806963 ^ clkbuf_4_10__f_clk_regs/X (sky130_fd_sc_hd__clkbuf_16)
                                                         clknet_4_10__leaf_clk_regs (net)
                      0.034652    0.000463   10.807425 ^ _1540_/CLK (sky130_fd_sc_hd__dfxtp_2)
                                 -0.100000   10.707425   clock uncertainty
                                  0.000000   10.707425   clock reconvergence pessimism
                                 -0.065237   10.642189   library setup time
                                             10.642189   data required time
---------------------------------------------------------------------------------------------
                                             10.642189   data required time
                                             -3.584936   data arrival time
---------------------------------------------------------------------------------------------
                                              7.057253   slack (MET)


Startpoint: reset (input port clocked by clk)
Endpoint: _1537_ (rising edge-triggered flip-flop clocked by clk)
Path Group: clk
Path Type: max

Fanout         Cap        Slew       Delay        Time   Description
---------------------------------------------------------------------------------------------
                                  0.000000    0.000000   clock clk (rise edge)
                                  0.000000    0.000000   clock network delay (propagated)
                                  2.000000    2.000000 ^ input external delay
     3    0.122379    0.415328    0.331209    2.331209 ^ reset (in)
                                                         reset (net)
                      0.434769    0.000000    2.331209 ^ _1826_/A (sky130_fd_sc_hd__buf_2)
     5    0.038184    0.143063    0.197619    2.528827 ^ _1826_/X (sky130_fd_sc_hd__buf_2)
                                                         _0629_ (net)
                      0.143114    0.002349    2.531177 ^ _1353_/B (sky130_fd_sc_hd__nor2_2)
     1    0.010147    0.043814    0.038144    2.569321 v _1353_/Y (sky130_fd_sc_hd__nor2_2)
                                                         _0579_ (net)
                      0.043825    0.000580    2.569901 v fanout47/A (sky130_fd_sc_hd__clkdlybuf4s25_1)
     5    0.042019    0.213327    0.322865    2.892766 v fanout47/X (sky130_fd_sc_hd__clkdlybuf4s25_1)
                                                         net47 (net)
                      0.213464    0.005150    2.897916 v fanout45/A (sky130_fd_sc_hd__clkdlybuf4s25_1)
     6    0.027804    0.144461    0.326219    3.224135 v fanout45/X (sky130_fd_sc_hd__clkdlybuf4s25_1)
                                                         net45 (net)
                      0.144464    0.000921    3.225057 v load_slew46/A (sky130_fd_sc_hd__clkbuf_2)
     5    0.021839    0.062294    0.154477    3.379534 v load_slew46/X (sky130_fd_sc_hd__clkbuf_2)
                                                         net46 (net)
                      0.062297    0.000492    3.380026 v _1367_/B (sky130_fd_sc_hd__and3b_2)
     1    0.002220    0.026505    0.132429    3.512455 v _1367_/X (sky130_fd_sc_hd__and3b_2)
                                                         _0396_ (net)
                      0.026505    0.000066    3.512521 v _1958_/A (sky130_fd_sc_hd__buf_2)
     1    0.002239    0.016043    0.071324    3.583845 v _1958_/X (sky130_fd_sc_hd__buf_2)
                                                         _1045_ (net)
                      0.016043    0.000067    3.583911 v _1537_/D (sky130_fd_sc_hd__dfxtp_2)
                                              3.583911   data arrival time

                                 10.000000   10.000000   clock clk (rise edge)
                                  0.000000   10.000000   clock source latency
     2    0.157459    0.537694    0.388335   10.388335 ^ clk (in)
                                                         clk (net)
                      0.571537    0.000000   10.388335 ^ clkbuf_regs_0_clk/A (sky130_fd_sc_hd__clkbuf_16)
     1    0.008638    0.038950    0.122082   10.510417 ^ clkbuf_regs_0_clk/X (sky130_fd_sc_hd__clkbuf_16)
                                                         clk_regs (net)
                      0.038950    0.000258   10.510674 ^ clkbuf_0_clk_regs/A (sky130_fd_sc_hd__clkbuf_16)
     8    0.079104    0.073558    0.113889   10.624564 ^ clkbuf_0_clk_regs/X (sky130_fd_sc_hd__clkbuf_16)
                                                         clknet_0_clk_regs (net)
                      0.073729    0.002679   10.627242 ^ clkbuf_3_5_0_clk_regs/A (sky130_fd_sc_hd__clkbuf_8)
     2    0.019344    0.037186    0.094110   10.721353 ^ clkbuf_3_5_0_clk_regs/X (sky130_fd_sc_hd__clkbuf_8)
                                                         clknet_3_5_0_clk_regs (net)
                      0.037190    0.000393   10.721745 ^ clkbuf_4_11__f_clk_regs/A (sky130_fd_sc_hd__clkbuf_16)
     8    0.029132    0.037490    0.087618   10.809363 ^ clkbuf_4_11__f_clk_regs/X (sky130_fd_sc_hd__clkbuf_16)
                                                         clknet_4_11__leaf_clk_regs (net)
                      0.037502    0.000616   10.809979 ^ _1537_/CLK (sky130_fd_sc_hd__dfxtp_2)
                                 -0.100000   10.709980   clock uncertainty
                                  0.000000   10.709980   clock reconvergence pessimism
                                 -0.064997   10.644983   library setup time
                                             10.644983   data required time
---------------------------------------------------------------------------------------------
                                             10.644983   data required time
                                             -3.583911   data arrival time
---------------------------------------------------------------------------------------------
                                              7.061071   slack (MET)


Startpoint: reset (input port clocked by clk)
Endpoint: _1541_ (rising edge-triggered flip-flop clocked by clk)
Path Group: clk
Path Type: max

Fanout         Cap        Slew       Delay        Time   Description
---------------------------------------------------------------------------------------------
                                  0.000000    0.000000   clock clk (rise edge)
                                  0.000000    0.000000   clock network delay (propagated)
                                  2.000000    2.000000 ^ input external delay
     3    0.122379    0.415328    0.331209    2.331209 ^ reset (in)
                                                         reset (net)
                      0.434769    0.000000    2.331209 ^ _1826_/A (sky130_fd_sc_hd__buf_2)
     5    0.038184    0.143063    0.197619    2.528827 ^ _1826_/X (sky130_fd_sc_hd__buf_2)
                                                         _0629_ (net)
                      0.143114    0.002349    2.531177 ^ _1353_/B (sky130_fd_sc_hd__nor2_2)
     1    0.010147    0.043814    0.038144    2.569321 v _1353_/Y (sky130_fd_sc_hd__nor2_2)
                                                         _0579_ (net)
                      0.043825    0.000580    2.569901 v fanout47/A (sky130_fd_sc_hd__clkdlybuf4s25_1)
     5    0.042019    0.213327    0.322865    2.892766 v fanout47/X (sky130_fd_sc_hd__clkdlybuf4s25_1)
                                                         net47 (net)
                      0.213464    0.005150    2.897916 v fanout45/A (sky130_fd_sc_hd__clkdlybuf4s25_1)
     6    0.027804    0.144461    0.326219    3.224135 v fanout45/X (sky130_fd_sc_hd__clkdlybuf4s25_1)
                                                         net45 (net)
                      0.144464    0.000921    3.225057 v load_slew46/A (sky130_fd_sc_hd__clkbuf_2)
     5    0.021839    0.062294    0.154477    3.379534 v load_slew46/X (sky130_fd_sc_hd__clkbuf_2)
                                                         net46 (net)
                      0.062296    0.000435    3.379969 v _1377_/B1 (sky130_fd_sc_hd__o21ai_2)
     1    0.005851    0.082069    0.056562    3.436531 ^ _1377_/Y (sky130_fd_sc_hd__o21ai_2)
                                                         _0594_ (net)
                      0.082069    0.000193    3.436723 ^ _1378_/B (sky130_fd_sc_hd__nor2_2)
     1    0.001884    0.032714    0.015533    3.452257 v _1378_/Y (sky130_fd_sc_hd__nor2_2)
                                                         _0400_ (net)
                      0.032714    0.000038    3.452295 v _1962_/A (sky130_fd_sc_hd__buf_2)
     1    0.002138    0.015887    0.073661    3.525956 v _1962_/X (sky130_fd_sc_hd__buf_2)
                                                         _1049_ (net)
                      0.015887    0.000063    3.526018 v _1541_/D (sky130_fd_sc_hd__dfxtp_2)
                                              3.526018   data arrival time

                                 10.000000   10.000000   clock clk (rise edge)
                                  0.000000   10.000000   clock source latency
     2    0.157459    0.537694    0.388335   10.388335 ^ clk (in)
                                                         clk (net)
                      0.571537    0.000000   10.388335 ^ clkbuf_regs_0_clk/A (sky130_fd_sc_hd__clkbuf_16)
     1    0.008638    0.038950    0.122082   10.510417 ^ clkbuf_regs_0_clk/X (sky130_fd_sc_hd__clkbuf_16)
                                                         clk_regs (net)
                      0.038950    0.000258   10.510674 ^ clkbuf_0_clk_regs/A (sky130_fd_sc_hd__clkbuf_16)
     8    0.079104    0.073558    0.113889   10.624564 ^ clkbuf_0_clk_regs/X (sky130_fd_sc_hd__clkbuf_16)
                                                         clknet_0_clk_regs (net)
                      0.073740    0.002760   10.627323 ^ clkbuf_3_7_0_clk_regs/A (sky130_fd_sc_hd__clkbuf_8)
     2    0.018292    0.035983    0.093038   10.720362 ^ clkbuf_3_7_0_clk_regs/X (sky130_fd_sc_hd__clkbuf_8)
                                                         clknet_3_7_0_clk_regs (net)
                      0.035990    0.000443   10.720805 ^ clkbuf_4_14__f_clk_regs/A (sky130_fd_sc_hd__clkbuf_16)
     8    0.027397    0.036234    0.086277   10.807082 ^ clkbuf_4_14__f_clk_regs/X (sky130_fd_sc_hd__clkbuf_16)
                                                         clknet_4_14__leaf_clk_regs (net)
                      0.036243    0.000527   10.807609 ^ _1541_/CLK (sky130_fd_sc_hd__dfxtp_2)
                                 -0.100000   10.707608   clock uncertainty
                                  0.000000   10.707608   clock reconvergence pessimism
                                 -0.065062   10.642547   library setup time
                                             10.642547   data required time
---------------------------------------------------------------------------------------------
                                             10.642547   data required time
                                             -3.526018   data arrival time
---------------------------------------------------------------------------------------------
                                              7.116529   slack (MET)


Startpoint: reset (input port clocked by clk)
Endpoint: _1538_ (rising edge-triggered flip-flop clocked by clk)
Path Group: clk
Path Type: max

Fanout         Cap        Slew       Delay        Time   Description
---------------------------------------------------------------------------------------------
                                  0.000000    0.000000   clock clk (rise edge)
                                  0.000000    0.000000   clock network delay (propagated)
                                  2.000000    2.000000 ^ input external delay
     3    0.122379    0.415328    0.331209    2.331209 ^ reset (in)
                                                         reset (net)
                      0.434769    0.000000    2.331209 ^ _1826_/A (sky130_fd_sc_hd__buf_2)
     5    0.038184    0.143063    0.197619    2.528827 ^ _1826_/X (sky130_fd_sc_hd__buf_2)
                                                         _0629_ (net)
                      0.143114    0.002349    2.531177 ^ _1353_/B (sky130_fd_sc_hd__nor2_2)
     1    0.010147    0.043814    0.038144    2.569321 v _1353_/Y (sky130_fd_sc_hd__nor2_2)
                                                         _0579_ (net)
                      0.043825    0.000580    2.569901 v fanout47/A (sky130_fd_sc_hd__clkdlybuf4s25_1)
     5    0.042019    0.213327    0.322865    2.892766 v fanout47/X (sky130_fd_sc_hd__clkdlybuf4s25_1)
                                                         net47 (net)
                      0.213464    0.005150    2.897916 v fanout45/A (sky130_fd_sc_hd__clkdlybuf4s25_1)
     6    0.027804    0.144461    0.326219    3.224135 v fanout45/X (sky130_fd_sc_hd__clkdlybuf4s25_1)
                                                         net45 (net)
                      0.144464    0.000921    3.225057 v load_slew46/A (sky130_fd_sc_hd__clkbuf_2)
     5    0.021839    0.062294    0.154477    3.379534 v load_slew46/X (sky130_fd_sc_hd__clkbuf_2)
                                                         net46 (net)
                      0.062299    0.000592    3.380126 v _1369_/B1 (sky130_fd_sc_hd__o21ai_2)
     1    0.005158    0.077283    0.054472    3.434597 ^ _1369_/Y (sky130_fd_sc_hd__o21ai_2)
                                                         _0589_ (net)
                      0.077283    0.000157    3.434754 ^ _1370_/B (sky130_fd_sc_hd__nor2_2)
     1    0.002088    0.027145    0.016365    3.451119 v _1370_/Y (sky130_fd_sc_hd__nor2_2)
                                                         _0397_ (net)
                      0.027145    0.000062    3.451181 v _1959_/A (sky130_fd_sc_hd__buf_2)
     1    0.002104    0.015829    0.071244    3.522424 v _1959_/X (sky130_fd_sc_hd__buf_2)
                                                         _1046_ (net)
                      0.015829    0.000043    3.522468 v _1538_/D (sky130_fd_sc_hd__dfxtp_2)
                                              3.522468   data arrival time

                                 10.000000   10.000000   clock clk (rise edge)
                                  0.000000   10.000000   clock source latency
     2    0.157459    0.537694    0.388335   10.388335 ^ clk (in)
                                                         clk (net)
                      0.571537    0.000000   10.388335 ^ clkbuf_regs_0_clk/A (sky130_fd_sc_hd__clkbuf_16)
     1    0.008638    0.038950    0.122082   10.510417 ^ clkbuf_regs_0_clk/X (sky130_fd_sc_hd__clkbuf_16)
                                                         clk_regs (net)
                      0.038950    0.000258   10.510674 ^ clkbuf_0_clk_regs/A (sky130_fd_sc_hd__clkbuf_16)
     8    0.079104    0.073558    0.113889   10.624564 ^ clkbuf_0_clk_regs/X (sky130_fd_sc_hd__clkbuf_16)
                                                         clknet_0_clk_regs (net)
                      0.073729    0.002679   10.627242 ^ clkbuf_3_5_0_clk_regs/A (sky130_fd_sc_hd__clkbuf_8)
     2    0.019344    0.037186    0.094110   10.721353 ^ clkbuf_3_5_0_clk_regs/X (sky130_fd_sc_hd__clkbuf_8)
                                                         clknet_3_5_0_clk_regs (net)
                      0.037192    0.000457   10.721809 ^ clkbuf_4_10__f_clk_regs/A (sky130_fd_sc_hd__clkbuf_16)
     8    0.025141    0.034645    0.085153   10.806963 ^ clkbuf_4_10__f_clk_regs/X (sky130_fd_sc_hd__clkbuf_16)
                                                         clknet_4_10__leaf_clk_regs (net)
                      0.034655    0.000520   10.807484 ^ _1538_/CLK (sky130_fd_sc_hd__dfxtp_2)
                                 -0.100000   10.707483   clock uncertainty
                                  0.000000   10.707483   clock reconvergence pessimism
                                 -0.065194   10.642289   library setup time
                                             10.642289   data required time
---------------------------------------------------------------------------------------------
                                             10.642289   data required time
                                             -3.522468   data arrival time
---------------------------------------------------------------------------------------------
                                              7.119822   slack (MET)


Startpoint: reset (input port clocked by clk)
Endpoint: _1539_ (rising edge-triggered flip-flop clocked by clk)
Path Group: clk
Path Type: max

Fanout         Cap        Slew       Delay        Time   Description
---------------------------------------------------------------------------------------------
                                  0.000000    0.000000   clock clk (rise edge)
                                  0.000000    0.000000   clock network delay (propagated)
                                  2.000000    2.000000 ^ input external delay
     3    0.122379    0.415328    0.331209    2.331209 ^ reset (in)
                                                         reset (net)
                      0.434769    0.000000    2.331209 ^ _1826_/A (sky130_fd_sc_hd__buf_2)
     5    0.038184    0.143063    0.197619    2.528827 ^ _1826_/X (sky130_fd_sc_hd__buf_2)
                                                         _0629_ (net)
                      0.143114    0.002349    2.531177 ^ _1353_/B (sky130_fd_sc_hd__nor2_2)
     1    0.010147    0.043814    0.038144    2.569321 v _1353_/Y (sky130_fd_sc_hd__nor2_2)
                                                         _0579_ (net)
                      0.043825    0.000580    2.569901 v fanout47/A (sky130_fd_sc_hd__clkdlybuf4s25_1)
     5    0.042019    0.213327    0.322865    2.892766 v fanout47/X (sky130_fd_sc_hd__clkdlybuf4s25_1)
                                                         net47 (net)
                      0.213464    0.005150    2.897916 v fanout45/A (sky130_fd_sc_hd__clkdlybuf4s25_1)
     6    0.027804    0.144461    0.326219    3.224135 v fanout45/X (sky130_fd_sc_hd__clkdlybuf4s25_1)
                                                         net45 (net)
                      0.144464    0.000921    3.225057 v load_slew46/A (sky130_fd_sc_hd__clkbuf_2)
     5    0.021839    0.062294    0.154477    3.379534 v load_slew46/X (sky130_fd_sc_hd__clkbuf_2)
                                                         net46 (net)
                      0.062298    0.000569    3.380102 v _1371_/B1 (sky130_fd_sc_hd__o21ai_2)
     1    0.004999    0.076680    0.053991    3.434093 ^ _1371_/Y (sky130_fd_sc_hd__o21ai_2)
                                                         _0590_ (net)
                      0.076680    0.000152    3.434246 ^ _1372_/B1 (sky130_fd_sc_hd__a21oi_2)
     1    0.002222    0.029308    0.015808    3.450053 v _1372_/Y (sky130_fd_sc_hd__a21oi_2)
                                                         _0398_ (net)
                      0.029308    0.000067    3.450120 v _1960_/A (sky130_fd_sc_hd__buf_2)
     1    0.002097    0.015821    0.072126    3.522247 v _1960_/X (sky130_fd_sc_hd__buf_2)
                                                         _1047_ (net)
                      0.015821    0.000062    3.522308 v _1539_/D (sky130_fd_sc_hd__dfxtp_2)
                                              3.522308   data arrival time

                                 10.000000   10.000000   clock clk (rise edge)
                                  0.000000   10.000000   clock source latency
     2    0.157459    0.537694    0.388335   10.388335 ^ clk (in)
                                                         clk (net)
                      0.571537    0.000000   10.388335 ^ clkbuf_regs_0_clk/A (sky130_fd_sc_hd__clkbuf_16)
     1    0.008638    0.038950    0.122082   10.510417 ^ clkbuf_regs_0_clk/X (sky130_fd_sc_hd__clkbuf_16)
                                                         clk_regs (net)
                      0.038950    0.000258   10.510674 ^ clkbuf_0_clk_regs/A (sky130_fd_sc_hd__clkbuf_16)
     8    0.079104    0.073558    0.113889   10.624564 ^ clkbuf_0_clk_regs/X (sky130_fd_sc_hd__clkbuf_16)
                                                         clknet_0_clk_regs (net)
                      0.073729    0.002679   10.627242 ^ clkbuf_3_5_0_clk_regs/A (sky130_fd_sc_hd__clkbuf_8)
     2    0.019344    0.037186    0.094110   10.721353 ^ clkbuf_3_5_0_clk_regs/X (sky130_fd_sc_hd__clkbuf_8)
                                                         clknet_3_5_0_clk_regs (net)
                      0.037192    0.000457   10.721809 ^ clkbuf_4_10__f_clk_regs/A (sky130_fd_sc_hd__clkbuf_16)
     8    0.025141    0.034645    0.085153   10.806963 ^ clkbuf_4_10__f_clk_regs/X (sky130_fd_sc_hd__clkbuf_16)
                                                         clknet_4_10__leaf_clk_regs (net)
                      0.034654    0.000500   10.807463 ^ _1539_/CLK (sky130_fd_sc_hd__dfxtp_2)
                                 -0.100000   10.707462   clock uncertainty
                                  0.000000   10.707462   clock reconvergence pessimism
                                 -0.065191   10.642271   library setup time
                                             10.642271   data required time
---------------------------------------------------------------------------------------------
                                             10.642271   data required time
                                             -3.522308   data arrival time
---------------------------------------------------------------------------------------------
                                              7.119963   slack (MET)


Startpoint: reset (input port clocked by clk)
Endpoint: _1550_ (rising edge-triggered flip-flop clocked by clk)
Path Group: clk
Path Type: max

Fanout         Cap        Slew       Delay        Time   Description
---------------------------------------------------------------------------------------------
                                  0.000000    0.000000   clock clk (rise edge)
                                  0.000000    0.000000   clock network delay (propagated)
                                  2.000000    2.000000 ^ input external delay
     3    0.122379    0.415328    0.331209    2.331209 ^ reset (in)
                                                         reset (net)
                      0.434769    0.000000    2.331209 ^ _1826_/A (sky130_fd_sc_hd__buf_2)
     5    0.038184    0.143063    0.197619    2.528827 ^ _1826_/X (sky130_fd_sc_hd__buf_2)
                                                         _0629_ (net)
                      0.143114    0.002349    2.531177 ^ _1353_/B (sky130_fd_sc_hd__nor2_2)
     1    0.010147    0.043814    0.038144    2.569321 v _1353_/Y (sky130_fd_sc_hd__nor2_2)
                                                         _0579_ (net)
                      0.043825    0.000580    2.569901 v fanout47/A (sky130_fd_sc_hd__clkdlybuf4s25_1)
     5    0.042019    0.213327    0.322865    2.892766 v fanout47/X (sky130_fd_sc_hd__clkdlybuf4s25_1)
                                                         net47 (net)
                      0.213328    0.000959    2.893725 v fanout42/A (sky130_fd_sc_hd__clkdlybuf4s25_1)
     4    0.016034    0.088028    0.280987    3.174711 v fanout42/X (sky130_fd_sc_hd__clkdlybuf4s25_1)
                                                         net42 (net)
                      0.088028    0.000308    3.175019 v load_slew43/A (sky130_fd_sc_hd__buf_4)
     7    0.042530    0.049544    0.147729    3.322748 v load_slew43/X (sky130_fd_sc_hd__buf_4)
                                                         net43 (net)
                      0.049590    0.001463    3.324211 v _1402_/B (sky130_fd_sc_hd__and3b_2)
     1    0.002180    0.026422    0.126855    3.451065 v _1402_/X (sky130_fd_sc_hd__and3b_2)
                                                         _0409_ (net)
                      0.026422    0.000065    3.451130 v _1971_/A (sky130_fd_sc_hd__buf_2)
     1    0.002115    0.015848    0.070965    3.522096 v _1971_/X (sky130_fd_sc_hd__buf_2)
                                                         _1058_ (net)
                      0.015848    0.000063    3.522158 v _1550_/D (sky130_fd_sc_hd__dfxtp_2)
                                              3.522158   data arrival time

                                 10.000000   10.000000   clock clk (rise edge)
                                  0.000000   10.000000   clock source latency
     2    0.157459    0.537694    0.388335   10.388335 ^ clk (in)
                                                         clk (net)
                      0.571537    0.000000   10.388335 ^ clkbuf_regs_0_clk/A (sky130_fd_sc_hd__clkbuf_16)
     1    0.008638    0.038950    0.122082   10.510417 ^ clkbuf_regs_0_clk/X (sky130_fd_sc_hd__clkbuf_16)
                                                         clk_regs (net)
                      0.038950    0.000258   10.510674 ^ clkbuf_0_clk_regs/A (sky130_fd_sc_hd__clkbuf_16)
     8    0.079104    0.073558    0.113889   10.624564 ^ clkbuf_0_clk_regs/X (sky130_fd_sc_hd__clkbuf_16)
                                                         clknet_0_clk_regs (net)
                      0.073634    0.001805   10.626369 ^ clkbuf_3_6_0_clk_regs/A (sky130_fd_sc_hd__clkbuf_8)
     2    0.019914    0.037846    0.094602   10.720970 ^ clkbuf_3_6_0_clk_regs/X (sky130_fd_sc_hd__clkbuf_8)
                                                         clknet_3_6_0_clk_regs (net)
                      0.037855    0.000515   10.721485 ^ clkbuf_4_13__f_clk_regs/A (sky130_fd_sc_hd__clkbuf_16)
     8    0.025961    0.035225    0.085784   10.807269 ^ clkbuf_4_13__f_clk_regs/X (sky130_fd_sc_hd__clkbuf_16)
                                                         clknet_4_13__leaf_clk_regs (net)
                      0.035245    0.000718   10.807987 ^ _1550_/CLK (sky130_fd_sc_hd__dfxtp_2)
                                 -0.100000   10.707987   clock uncertainty
                                  0.000000   10.707987   clock reconvergence pessimism
                                 -0.065144   10.642842   library setup time
                                             10.642842   data required time
---------------------------------------------------------------------------------------------
                                             10.642842   data required time
                                             -3.522158   data arrival time
---------------------------------------------------------------------------------------------
                                              7.120684   slack (MET)


Startpoint: reset (input port clocked by clk)
Endpoint: _1556_ (rising edge-triggered flip-flop clocked by clk)
Path Group: clk
Path Type: max

Fanout         Cap        Slew       Delay        Time   Description
---------------------------------------------------------------------------------------------
                                  0.000000    0.000000   clock clk (rise edge)
                                  0.000000    0.000000   clock network delay (propagated)
                                  2.000000    2.000000 ^ input external delay
     3    0.122379    0.415328    0.331209    2.331209 ^ reset (in)
                                                         reset (net)
                      0.434769    0.000000    2.331209 ^ _1826_/A (sky130_fd_sc_hd__buf_2)
     5    0.038184    0.143063    0.197619    2.528827 ^ _1826_/X (sky130_fd_sc_hd__buf_2)
                                                         _0629_ (net)
                      0.143114    0.002349    2.531177 ^ _1353_/B (sky130_fd_sc_hd__nor2_2)
     1    0.010147    0.043814    0.038144    2.569321 v _1353_/Y (sky130_fd_sc_hd__nor2_2)
                                                         _0579_ (net)
                      0.043825    0.000580    2.569901 v fanout47/A (sky130_fd_sc_hd__clkdlybuf4s25_1)
     5    0.042019    0.213327    0.322865    2.892766 v fanout47/X (sky130_fd_sc_hd__clkdlybuf4s25_1)
                                                         net47 (net)
                      0.213328    0.000959    2.893725 v fanout42/A (sky130_fd_sc_hd__clkdlybuf4s25_1)
     4    0.016034    0.088028    0.280987    3.174711 v fanout42/X (sky130_fd_sc_hd__clkdlybuf4s25_1)
                                                         net42 (net)
                      0.088028    0.000308    3.175019 v load_slew43/A (sky130_fd_sc_hd__buf_4)
     7    0.042530    0.049544    0.147729    3.322748 v load_slew43/X (sky130_fd_sc_hd__buf_4)
                                                         net43 (net)
                      0.049654    0.002148    3.324895 v _1418_/B (sky130_fd_sc_hd__and3b_2)
     1    0.001851    0.025719    0.125729    3.450624 v _1418_/X (sky130_fd_sc_hd__and3b_2)
                                                         _0415_ (net)
                      0.025719    0.000037    3.450661 v _1977_/A (sky130_fd_sc_hd__buf_2)
     1    0.002626    0.016651    0.072008    3.522670 v _1977_/X (sky130_fd_sc_hd__buf_2)
                                                         _1064_ (net)
                      0.016651    0.000081    3.522751 v _1556_/D (sky130_fd_sc_hd__dfxtp_2)
                                              3.522751   data arrival time

                                 10.000000   10.000000   clock clk (rise edge)
                                  0.000000   10.000000   clock source latency
     2    0.157459    0.537694    0.388335   10.388335 ^ clk (in)
                                                         clk (net)
                      0.571537    0.000000   10.388335 ^ clkbuf_regs_0_clk/A (sky130_fd_sc_hd__clkbuf_16)
     1    0.008638    0.038950    0.122082   10.510417 ^ clkbuf_regs_0_clk/X (sky130_fd_sc_hd__clkbuf_16)
                                                         clk_regs (net)
                      0.038950    0.000258   10.510674 ^ clkbuf_0_clk_regs/A (sky130_fd_sc_hd__clkbuf_16)
     8    0.079104    0.073558    0.113889   10.624564 ^ clkbuf_0_clk_regs/X (sky130_fd_sc_hd__clkbuf_16)
                                                         clknet_0_clk_regs (net)
                      0.073668    0.002158   10.626722 ^ clkbuf_3_4_0_clk_regs/A (sky130_fd_sc_hd__clkbuf_8)
     2    0.019130    0.036943    0.093841   10.720563 ^ clkbuf_3_4_0_clk_regs/X (sky130_fd_sc_hd__clkbuf_8)
                                                         clknet_3_4_0_clk_regs (net)
                      0.036951    0.000496   10.721059 ^ clkbuf_4_8__f_clk_regs/A (sky130_fd_sc_hd__clkbuf_16)
     9    0.029937    0.038069    0.088134   10.809193 ^ clkbuf_4_8__f_clk_regs/X (sky130_fd_sc_hd__clkbuf_16)
                                                         clknet_4_8__leaf_clk_regs (net)
                      0.038100    0.000904   10.810097 ^ _1556_/CLK (sky130_fd_sc_hd__dfxtp_2)
                                 -0.100000   10.710097   clock uncertainty
                                  0.000000   10.710097   clock reconvergence pessimism
                                 -0.065157   10.644940   library setup time
                                             10.644940   data required time
---------------------------------------------------------------------------------------------
                                             10.644940   data required time
                                             -3.522751   data arrival time
---------------------------------------------------------------------------------------------
                                              7.122189   slack (MET)


Startpoint: reset (input port clocked by clk)
Endpoint: _1547_ (rising edge-triggered flip-flop clocked by clk)
Path Group: clk
Path Type: max

Fanout         Cap        Slew       Delay        Time   Description
---------------------------------------------------------------------------------------------
                                  0.000000    0.000000   clock clk (rise edge)
                                  0.000000    0.000000   clock network delay (propagated)
                                  2.000000    2.000000 ^ input external delay
     3    0.122379    0.415328    0.331209    2.331209 ^ reset (in)
                                                         reset (net)
                      0.434769    0.000000    2.331209 ^ _1826_/A (sky130_fd_sc_hd__buf_2)
     5    0.038184    0.143063    0.197619    2.528827 ^ _1826_/X (sky130_fd_sc_hd__buf_2)
                                                         _0629_ (net)
                      0.143114    0.002349    2.531177 ^ _1353_/B (sky130_fd_sc_hd__nor2_2)
     1    0.010147    0.043814    0.038144    2.569321 v _1353_/Y (sky130_fd_sc_hd__nor2_2)
                                                         _0579_ (net)
                      0.043825    0.000580    2.569901 v fanout47/A (sky130_fd_sc_hd__clkdlybuf4s25_1)
     5    0.042019    0.213327    0.322865    2.892766 v fanout47/X (sky130_fd_sc_hd__clkdlybuf4s25_1)
                                                         net47 (net)
                      0.213383    0.003463    2.896229 v fanout44/A (sky130_fd_sc_hd__clkdlybuf4s25_1)
     7    0.037304    0.190264    0.363081    3.259310 v fanout44/X (sky130_fd_sc_hd__clkdlybuf4s25_1)
                                                         net44 (net)
                      0.190264    0.000402    3.259712 v _1394_/B (sky130_fd_sc_hd__and3b_2)
     1    0.002204    0.026742    0.187587    3.447299 v _1394_/X (sky130_fd_sc_hd__and3b_2)
                                                         _0406_ (net)
                      0.026742    0.000066    3.447365 v _1968_/A (sky130_fd_sc_hd__buf_2)
     1    0.002243    0.016049    0.071433    3.518798 v _1968_/X (sky130_fd_sc_hd__buf_2)
                                                         _1055_ (net)
                      0.016049    0.000066    3.518864 v _1547_/D (sky130_fd_sc_hd__dfxtp_2)
                                              3.518864   data arrival time

                                 10.000000   10.000000   clock clk (rise edge)
                                  0.000000   10.000000   clock source latency
     2    0.157459    0.537694    0.388335   10.388335 ^ clk (in)
                                                         clk (net)
                      0.571537    0.000000   10.388335 ^ clkbuf_regs_0_clk/A (sky130_fd_sc_hd__clkbuf_16)
     1    0.008638    0.038950    0.122082   10.510417 ^ clkbuf_regs_0_clk/X (sky130_fd_sc_hd__clkbuf_16)
                                                         clk_regs (net)
                      0.038950    0.000258   10.510674 ^ clkbuf_0_clk_regs/A (sky130_fd_sc_hd__clkbuf_16)
     8    0.079104    0.073558    0.113889   10.624564 ^ clkbuf_0_clk_regs/X (sky130_fd_sc_hd__clkbuf_16)
                                                         clknet_0_clk_regs (net)
                      0.073634    0.001805   10.626369 ^ clkbuf_3_6_0_clk_regs/A (sky130_fd_sc_hd__clkbuf_8)
     2    0.019914    0.037846    0.094602   10.720970 ^ clkbuf_3_6_0_clk_regs/X (sky130_fd_sc_hd__clkbuf_8)
                                                         clknet_3_6_0_clk_regs (net)
                      0.037855    0.000515   10.721485 ^ clkbuf_4_13__f_clk_regs/A (sky130_fd_sc_hd__clkbuf_16)
     8    0.025961    0.035225    0.085784   10.807269 ^ clkbuf_4_13__f_clk_regs/X (sky130_fd_sc_hd__clkbuf_16)
                                                         clknet_4_13__leaf_clk_regs (net)
                      0.035237    0.000607   10.807876 ^ _1547_/CLK (sky130_fd_sc_hd__dfxtp_2)
                                 -0.100000   10.707876   clock uncertainty
                                  0.000000   10.707876   clock reconvergence pessimism
                                 -0.065216   10.642659   library setup time
                                             10.642659   data required time
---------------------------------------------------------------------------------------------
                                             10.642659   data required time
                                             -3.518864   data arrival time
---------------------------------------------------------------------------------------------
                                              7.123796   slack (MET)


Startpoint: reset (input port clocked by clk)
Endpoint: _1543_ (rising edge-triggered flip-flop clocked by clk)
Path Group: clk
Path Type: max

Fanout         Cap        Slew       Delay        Time   Description
---------------------------------------------------------------------------------------------
                                  0.000000    0.000000   clock clk (rise edge)
                                  0.000000    0.000000   clock network delay (propagated)
                                  2.000000    2.000000 ^ input external delay
     3    0.122379    0.415328    0.331209    2.331209 ^ reset (in)
                                                         reset (net)
                      0.434769    0.000000    2.331209 ^ _1826_/A (sky130_fd_sc_hd__buf_2)
     5    0.038184    0.143063    0.197619    2.528827 ^ _1826_/X (sky130_fd_sc_hd__buf_2)
                                                         _0629_ (net)
                      0.143114    0.002349    2.531177 ^ _1353_/B (sky130_fd_sc_hd__nor2_2)
     1    0.010147    0.043814    0.038144    2.569321 v _1353_/Y (sky130_fd_sc_hd__nor2_2)
                                                         _0579_ (net)
                      0.043825    0.000580    2.569901 v fanout47/A (sky130_fd_sc_hd__clkdlybuf4s25_1)
     5    0.042019    0.213327    0.322865    2.892766 v fanout47/X (sky130_fd_sc_hd__clkdlybuf4s25_1)
                                                         net47 (net)
                      0.213328    0.000959    2.893725 v fanout42/A (sky130_fd_sc_hd__clkdlybuf4s25_1)
     4    0.016034    0.088028    0.280987    3.174711 v fanout42/X (sky130_fd_sc_hd__clkdlybuf4s25_1)
                                                         net42 (net)
                      0.088028    0.000308    3.175019 v load_slew43/A (sky130_fd_sc_hd__buf_4)
     7    0.042530    0.049544    0.147729    3.322748 v load_slew43/X (sky130_fd_sc_hd__buf_4)
                                                         net43 (net)
                      0.049664    0.002236    3.324984 v _1383_/B (sky130_fd_sc_hd__and3b_2)
     1    0.001893    0.025809    0.125881    3.450866 v _1383_/X (sky130_fd_sc_hd__and3b_2)
                                                         _0402_ (net)
                      0.025809    0.000038    3.450904 v _1964_/A (sky130_fd_sc_hd__buf_2)
     1    0.002183    0.015953    0.070891    3.521795 v _1964_/X (sky130_fd_sc_hd__buf_2)
                                                         _1051_ (net)
                      0.015953    0.000047    3.521842 v _1543_/D (sky130_fd_sc_hd__dfxtp_4)
                                              3.521842   data arrival time

                                 10.000000   10.000000   clock clk (rise edge)
                                  0.000000   10.000000   clock source latency
     2    0.157459    0.537694    0.388335   10.388335 ^ clk (in)
                                                         clk (net)
                      0.571537    0.000000   10.388335 ^ clkbuf_regs_0_clk/A (sky130_fd_sc_hd__clkbuf_16)
     1    0.008638    0.038950    0.122082   10.510417 ^ clkbuf_regs_0_clk/X (sky130_fd_sc_hd__clkbuf_16)
                                                         clk_regs (net)
                      0.038950    0.000258   10.510674 ^ clkbuf_0_clk_regs/A (sky130_fd_sc_hd__clkbuf_16)
     8    0.079104    0.073558    0.113889   10.624564 ^ clkbuf_0_clk_regs/X (sky130_fd_sc_hd__clkbuf_16)
                                                         clknet_0_clk_regs (net)
                      0.073668    0.002158   10.626722 ^ clkbuf_3_4_0_clk_regs/A (sky130_fd_sc_hd__clkbuf_8)
     2    0.019130    0.036943    0.093841   10.720563 ^ clkbuf_3_4_0_clk_regs/X (sky130_fd_sc_hd__clkbuf_8)
                                                         clknet_3_4_0_clk_regs (net)
                      0.036952    0.000524   10.721087 ^ clkbuf_4_9__f_clk_regs/A (sky130_fd_sc_hd__clkbuf_16)
     9    0.030287    0.038292    0.088488   10.809576 ^ clkbuf_4_9__f_clk_regs/X (sky130_fd_sc_hd__clkbuf_16)
                                                         clknet_4_9__leaf_clk_regs (net)
                      0.038307    0.000664   10.810240 ^ _1543_/CLK (sky130_fd_sc_hd__dfxtp_4)
                                 -0.100000   10.710240   clock uncertainty
                                  0.000000   10.710240   clock reconvergence pessimism
                                 -0.063850   10.646391   library setup time
                                             10.646391   data required time
---------------------------------------------------------------------------------------------
                                             10.646391   data required time
                                             -3.521842   data arrival time
---------------------------------------------------------------------------------------------
                                              7.124548   slack (MET)


Startpoint: reset (input port clocked by clk)
Endpoint: _1557_ (rising edge-triggered flip-flop clocked by clk)
Path Group: clk
Path Type: max

Fanout         Cap        Slew       Delay        Time   Description
---------------------------------------------------------------------------------------------
                                  0.000000    0.000000   clock clk (rise edge)
                                  0.000000    0.000000   clock network delay (propagated)
                                  2.000000    2.000000 ^ input external delay
     3    0.122379    0.415328    0.331209    2.331209 ^ reset (in)
                                                         reset (net)
                      0.434769    0.000000    2.331209 ^ _1826_/A (sky130_fd_sc_hd__buf_2)
     5    0.038184    0.143063    0.197619    2.528827 ^ _1826_/X (sky130_fd_sc_hd__buf_2)
                                                         _0629_ (net)
                      0.143114    0.002349    2.531177 ^ _1353_/B (sky130_fd_sc_hd__nor2_2)
     1    0.010147    0.043814    0.038144    2.569321 v _1353_/Y (sky130_fd_sc_hd__nor2_2)
                                                         _0579_ (net)
                      0.043825    0.000580    2.569901 v fanout47/A (sky130_fd_sc_hd__clkdlybuf4s25_1)
     5    0.042019    0.213327    0.322865    2.892766 v fanout47/X (sky130_fd_sc_hd__clkdlybuf4s25_1)
                                                         net47 (net)
                      0.213383    0.003463    2.896229 v fanout44/A (sky130_fd_sc_hd__clkdlybuf4s25_1)
     7    0.037304    0.190264    0.363081    3.259310 v fanout44/X (sky130_fd_sc_hd__clkdlybuf4s25_1)
                                                         net44 (net)
                      0.190265    0.000752    3.260062 v _1422_/B (sky130_fd_sc_hd__and3b_2)
     1    0.002143    0.026621    0.187374    3.447436 v _1422_/X (sky130_fd_sc_hd__and3b_2)
                                                         _0416_ (net)
                      0.026621    0.000046    3.447482 v _1978_/A (sky130_fd_sc_hd__buf_2)
     1    0.002180    0.015948    0.071223    3.518705 v _1978_/X (sky130_fd_sc_hd__buf_2)
                                                         _1065_ (net)
                      0.015948    0.000046    3.518751 v _1557_/D (sky130_fd_sc_hd__dfxtp_2)
                                              3.518751   data arrival time

                                 10.000000   10.000000   clock clk (rise edge)
                                  0.000000   10.000000   clock source latency
     2    0.157459    0.537694    0.388335   10.388335 ^ clk (in)
                                                         clk (net)
                      0.571537    0.000000   10.388335 ^ clkbuf_regs_0_clk/A (sky130_fd_sc_hd__clkbuf_16)
     1    0.008638    0.038950    0.122082   10.510417 ^ clkbuf_regs_0_clk/X (sky130_fd_sc_hd__clkbuf_16)
                                                         clk_regs (net)
                      0.038950    0.000258   10.510674 ^ clkbuf_0_clk_regs/A (sky130_fd_sc_hd__clkbuf_16)
     8    0.079104    0.073558    0.113889   10.624564 ^ clkbuf_0_clk_regs/X (sky130_fd_sc_hd__clkbuf_16)
                                                         clknet_0_clk_regs (net)
                      0.073668    0.002158   10.626722 ^ clkbuf_3_4_0_clk_regs/A (sky130_fd_sc_hd__clkbuf_8)
     2    0.019130    0.036943    0.093841   10.720563 ^ clkbuf_3_4_0_clk_regs/X (sky130_fd_sc_hd__clkbuf_8)
                                                         clknet_3_4_0_clk_regs (net)
                      0.036951    0.000496   10.721059 ^ clkbuf_4_8__f_clk_regs/A (sky130_fd_sc_hd__clkbuf_16)
     9    0.029937    0.038069    0.088134   10.809193 ^ clkbuf_4_8__f_clk_regs/X (sky130_fd_sc_hd__clkbuf_16)
                                                         clknet_4_8__leaf_clk_regs (net)
                      0.038075    0.000473   10.809667 ^ _1557_/CLK (sky130_fd_sc_hd__dfxtp_2)
                                 -0.100000   10.709666   clock uncertainty
                                  0.000000   10.709666   clock reconvergence pessimism
                                 -0.064908   10.644758   library setup time
                                             10.644758   data required time
---------------------------------------------------------------------------------------------
                                             10.644758   data required time
                                             -3.518751   data arrival time
---------------------------------------------------------------------------------------------
                                              7.126008   slack (MET)


Startpoint: reset (input port clocked by clk)
Endpoint: _1560_ (rising edge-triggered flip-flop clocked by clk)
Path Group: clk
Path Type: max

Fanout         Cap        Slew       Delay        Time   Description
---------------------------------------------------------------------------------------------
                                  0.000000    0.000000   clock clk (rise edge)
                                  0.000000    0.000000   clock network delay (propagated)
                                  2.000000    2.000000 ^ input external delay
     3    0.122379    0.415328    0.331209    2.331209 ^ reset (in)
                                                         reset (net)
                      0.434769    0.000000    2.331209 ^ _1826_/A (sky130_fd_sc_hd__buf_2)
     5    0.038184    0.143063    0.197619    2.528827 ^ _1826_/X (sky130_fd_sc_hd__buf_2)
                                                         _0629_ (net)
                      0.143114    0.002349    2.531177 ^ _1353_/B (sky130_fd_sc_hd__nor2_2)
     1    0.010147    0.043814    0.038144    2.569321 v _1353_/Y (sky130_fd_sc_hd__nor2_2)
                                                         _0579_ (net)
                      0.043825    0.000580    2.569901 v fanout47/A (sky130_fd_sc_hd__clkdlybuf4s25_1)
     5    0.042019    0.213327    0.322865    2.892766 v fanout47/X (sky130_fd_sc_hd__clkdlybuf4s25_1)
                                                         net47 (net)
                      0.213383    0.003463    2.896229 v fanout44/A (sky130_fd_sc_hd__clkdlybuf4s25_1)
     7    0.037304    0.190264    0.363081    3.259310 v fanout44/X (sky130_fd_sc_hd__clkdlybuf4s25_1)
                                                         net44 (net)
                      0.190265    0.000804    3.260114 v _1430_/A (sky130_fd_sc_hd__and3_2)
     1    0.001794    0.025453    0.169629    3.429743 v _1430_/X (sky130_fd_sc_hd__and3_2)
                                                         _0419_ (net)
                      0.025453    0.000036    3.429779 v _1981_/A (sky130_fd_sc_hd__buf_2)
     1    0.002784    0.016899    0.072312    3.502090 v _1981_/X (sky130_fd_sc_hd__buf_2)
                                                         _1068_ (net)
                      0.016899    0.000085    3.502175 v _1560_/D (sky130_fd_sc_hd__dfxtp_2)
                                              3.502175   data arrival time

                                 10.000000   10.000000   clock clk (rise edge)
                                  0.000000   10.000000   clock source latency
     2    0.157459    0.537694    0.388335   10.388335 ^ clk (in)
                                                         clk (net)
                      0.571537    0.000000   10.388335 ^ clkbuf_regs_0_clk/A (sky130_fd_sc_hd__clkbuf_16)
     1    0.008638    0.038950    0.122082   10.510417 ^ clkbuf_regs_0_clk/X (sky130_fd_sc_hd__clkbuf_16)
                                                         clk_regs (net)
                      0.038950    0.000258   10.510674 ^ clkbuf_0_clk_regs/A (sky130_fd_sc_hd__clkbuf_16)
     8    0.079104    0.073558    0.113889   10.624564 ^ clkbuf_0_clk_regs/X (sky130_fd_sc_hd__clkbuf_16)
                                                         clknet_0_clk_regs (net)
                      0.073668    0.002158   10.626722 ^ clkbuf_3_4_0_clk_regs/A (sky130_fd_sc_hd__clkbuf_8)
     2    0.019130    0.036943    0.093841   10.720563 ^ clkbuf_3_4_0_clk_regs/X (sky130_fd_sc_hd__clkbuf_8)
                                                         clknet_3_4_0_clk_regs (net)
                      0.036952    0.000524   10.721087 ^ clkbuf_4_9__f_clk_regs/A (sky130_fd_sc_hd__clkbuf_16)
     9    0.030287    0.038292    0.088488   10.809576 ^ clkbuf_4_9__f_clk_regs/X (sky130_fd_sc_hd__clkbuf_16)
                                                         clknet_4_9__leaf_clk_regs (net)
                      0.038297    0.000448   10.810023 ^ _1560_/CLK (sky130_fd_sc_hd__dfxtp_2)
                                 -0.100000   10.710023   clock uncertainty
                                  0.000000   10.710023   clock reconvergence pessimism
                                 -0.065226   10.644797   library setup time
                                             10.644797   data required time
---------------------------------------------------------------------------------------------
                                             10.644797   data required time
                                             -3.502175   data arrival time
---------------------------------------------------------------------------------------------
                                              7.142622   slack (MET)


Startpoint: reset (input port clocked by clk)
Endpoint: _1515_ (rising edge-triggered flip-flop clocked by clk)
Path Group: clk
Path Type: max

Fanout         Cap        Slew       Delay        Time   Description
---------------------------------------------------------------------------------------------
                                  0.000000    0.000000   clock clk (rise edge)
                                  0.000000    0.000000   clock network delay (propagated)
                                  2.000000    2.000000 ^ input external delay
     3    0.122379    0.415328    0.331209    2.331209 ^ reset (in)
                                                         reset (net)
                      0.434769    0.000000    2.331209 ^ _1826_/A (sky130_fd_sc_hd__buf_2)
     5    0.038184    0.143063    0.197619    2.528827 ^ _1826_/X (sky130_fd_sc_hd__buf_2)
                                                         _0629_ (net)
                      0.143125    0.002589    2.531416 ^ _1090_/A (sky130_fd_sc_hd__inv_2)
     4    0.049589    0.091304    0.101986    2.633402 v _1090_/Y (sky130_fd_sc_hd__inv_2)
                                                         _0291_ (net)
                      0.091333    0.001405    2.634807 v fanout64/A (sky130_fd_sc_hd__clkdlybuf4s25_1)
     9    0.027931    0.144468    0.290149    2.924957 v fanout64/X (sky130_fd_sc_hd__clkdlybuf4s25_1)
                                                         net64 (net)
                      0.144468    0.000490    2.925447 v fanout62/A (sky130_fd_sc_hd__clkdlybuf4s25_1)
    10    0.030836    0.159119    0.319399    3.244846 v fanout62/X (sky130_fd_sc_hd__clkdlybuf4s25_1)
                                                         net62 (net)
                      0.159126    0.001192    3.246038 v _1336_/B (sky130_fd_sc_hd__and2_2)
     1    0.002534    0.026967    0.172642    3.418680 v _1336_/X (sky130_fd_sc_hd__and2_2)
                                                         _0374_ (net)
                      0.026967    0.000078    3.418758 v _1936_/A (sky130_fd_sc_hd__buf_2)
     1    0.002085    0.015801    0.071114    3.489872 v _1936_/X (sky130_fd_sc_hd__buf_2)
                                                         _1023_ (net)
                      0.015801    0.000061    3.489933 v _1515_/D (sky130_fd_sc_hd__dfxtp_2)
                                              3.489933   data arrival time

                                 10.000000   10.000000   clock clk (rise edge)
                                  0.000000   10.000000   clock source latency
     2    0.157459    0.537694    0.388335   10.388335 ^ clk (in)
                                                         clk (net)
                      0.571537    0.000000   10.388335 ^ clkbuf_regs_0_clk/A (sky130_fd_sc_hd__clkbuf_16)
     1    0.008638    0.038950    0.122082   10.510417 ^ clkbuf_regs_0_clk/X (sky130_fd_sc_hd__clkbuf_16)
                                                         clk_regs (net)
                      0.038950    0.000258   10.510674 ^ clkbuf_0_clk_regs/A (sky130_fd_sc_hd__clkbuf_16)
     8    0.079104    0.073558    0.113889   10.624564 ^ clkbuf_0_clk_regs/X (sky130_fd_sc_hd__clkbuf_16)
                                                         clknet_0_clk_regs (net)
                      0.073612    0.001520   10.626083 ^ clkbuf_3_1_0_clk_regs/A (sky130_fd_sc_hd__clkbuf_8)
     2    0.019811    0.037729    0.094480   10.720563 ^ clkbuf_3_1_0_clk_regs/X (sky130_fd_sc_hd__clkbuf_8)
                                                         clknet_3_1_0_clk_regs (net)
                      0.037740    0.000576   10.721139 ^ clkbuf_4_3__f_clk_regs/A (sky130_fd_sc_hd__clkbuf_16)
     8    0.025926    0.035199    0.085835   10.806974 ^ clkbuf_4_3__f_clk_regs/X (sky130_fd_sc_hd__clkbuf_16)
                                                         clknet_4_3__leaf_clk_regs (net)
                      0.035213    0.000597   10.807571 ^ _1515_/CLK (sky130_fd_sc_hd__dfxtp_2)
                                 -0.100000   10.707571   clock uncertainty
                                  0.000000   10.707571   clock reconvergence pessimism
                                 -0.065130   10.642441   library setup time
                                             10.642441   data required time
---------------------------------------------------------------------------------------------
                                             10.642441   data required time
                                             -3.489933   data arrival time
---------------------------------------------------------------------------------------------
                                              7.152507   slack (MET)


Startpoint: reset (input port clocked by clk)
Endpoint: _1492_ (rising edge-triggered flip-flop clocked by clk)
Path Group: clk
Path Type: max

Fanout         Cap        Slew       Delay        Time   Description
---------------------------------------------------------------------------------------------
                                  0.000000    0.000000   clock clk (rise edge)
                                  0.000000    0.000000   clock network delay (propagated)
                                  2.000000    2.000000 ^ input external delay
     3    0.122379    0.415328    0.331209    2.331209 ^ reset (in)
                                                         reset (net)
                      0.434769    0.000000    2.331209 ^ _1826_/A (sky130_fd_sc_hd__buf_2)
     5    0.038184    0.143063    0.197619    2.528827 ^ _1826_/X (sky130_fd_sc_hd__buf_2)
                                                         _0629_ (net)
                      0.143125    0.002589    2.531416 ^ _1090_/A (sky130_fd_sc_hd__inv_2)
     4    0.049589    0.091304    0.101986    2.633402 v _1090_/Y (sky130_fd_sc_hd__inv_2)
                                                         _0291_ (net)
                      0.091333    0.001405    2.634807 v fanout64/A (sky130_fd_sc_hd__clkdlybuf4s25_1)
     9    0.027931    0.144468    0.290149    2.924957 v fanout64/X (sky130_fd_sc_hd__clkdlybuf4s25_1)
                                                         net64 (net)
                      0.144468    0.000490    2.925447 v fanout62/A (sky130_fd_sc_hd__clkdlybuf4s25_1)
    10    0.030836    0.159119    0.319399    3.244846 v fanout62/X (sky130_fd_sc_hd__clkdlybuf4s25_1)
                                                         net62 (net)
                      0.159126    0.001214    3.246060 v _1313_/B (sky130_fd_sc_hd__and2_2)
     1    0.002040    0.026016    0.171021    3.417080 v _1313_/X (sky130_fd_sc_hd__and2_2)
                                                         _0351_ (net)
                      0.026016    0.000042    3.417123 v _1913_/A (sky130_fd_sc_hd__buf_2)
     1    0.002387    0.016276    0.071509    3.488631 v _1913_/X (sky130_fd_sc_hd__buf_2)
                                                         _0986_ (net)
                      0.016276    0.000071    3.488702 v _1492_/D (sky130_fd_sc_hd__dfxtp_2)
                                              3.488702   data arrival time

                                 10.000000   10.000000   clock clk (rise edge)
                                  0.000000   10.000000   clock source latency
     2    0.157459    0.537694    0.388335   10.388335 ^ clk (in)
                                                         clk (net)
                      0.571537    0.000000   10.388335 ^ clkbuf_regs_0_clk/A (sky130_fd_sc_hd__clkbuf_16)
     1    0.008638    0.038950    0.122082   10.510417 ^ clkbuf_regs_0_clk/X (sky130_fd_sc_hd__clkbuf_16)
                                                         clk_regs (net)
                      0.038950    0.000258   10.510674 ^ clkbuf_0_clk_regs/A (sky130_fd_sc_hd__clkbuf_16)
     8    0.079104    0.073558    0.113889   10.624564 ^ clkbuf_0_clk_regs/X (sky130_fd_sc_hd__clkbuf_16)
                                                         clknet_0_clk_regs (net)
                      0.073626    0.001701   10.626265 ^ clkbuf_3_3_0_clk_regs/A (sky130_fd_sc_hd__clkbuf_8)
     2    0.019215    0.037042    0.093889   10.720154 ^ clkbuf_3_3_0_clk_regs/X (sky130_fd_sc_hd__clkbuf_8)
                                                         clknet_3_3_0_clk_regs (net)
                      0.037054    0.000594   10.720748 ^ clkbuf_4_7__f_clk_regs/A (sky130_fd_sc_hd__clkbuf_16)
     8    0.026926    0.035893    0.086390   10.807138 ^ clkbuf_4_7__f_clk_regs/X (sky130_fd_sc_hd__clkbuf_16)
                                                         clknet_4_7__leaf_clk_regs (net)
                      0.035899    0.000425   10.807563 ^ _1492_/CLK (sky130_fd_sc_hd__dfxtp_2)
                                 -0.100000   10.707563   clock uncertainty
                                  0.000000   10.707563   clock reconvergence pessimism
                                 -0.065234   10.642329   library setup time
                                             10.642329   data required time
---------------------------------------------------------------------------------------------
                                             10.642329   data required time
                                             -3.488702   data arrival time
---------------------------------------------------------------------------------------------
                                              7.153627   slack (MET)


Startpoint: reset (input port clocked by clk)
Endpoint: _1519_ (rising edge-triggered flip-flop clocked by clk)
Path Group: clk
Path Type: max

Fanout         Cap        Slew       Delay        Time   Description
---------------------------------------------------------------------------------------------
                                  0.000000    0.000000   clock clk (rise edge)
                                  0.000000    0.000000   clock network delay (propagated)
                                  2.000000    2.000000 ^ input external delay
     3    0.122379    0.415328    0.331209    2.331209 ^ reset (in)
                                                         reset (net)
                      0.434769    0.000000    2.331209 ^ _1826_/A (sky130_fd_sc_hd__buf_2)
     5    0.038184    0.143063    0.197619    2.528827 ^ _1826_/X (sky130_fd_sc_hd__buf_2)
                                                         _0629_ (net)
                      0.143125    0.002589    2.531416 ^ _1090_/A (sky130_fd_sc_hd__inv_2)
     4    0.049589    0.091304    0.101986    2.633402 v _1090_/Y (sky130_fd_sc_hd__inv_2)
                                                         _0291_ (net)
                      0.091333    0.001405    2.634807 v fanout64/A (sky130_fd_sc_hd__clkdlybuf4s25_1)
     9    0.027931    0.144468    0.290149    2.924957 v fanout64/X (sky130_fd_sc_hd__clkdlybuf4s25_1)
                                                         net64 (net)
                      0.144468    0.000490    2.925447 v fanout62/A (sky130_fd_sc_hd__clkdlybuf4s25_1)
    10    0.030836    0.159119    0.319399    3.244846 v fanout62/X (sky130_fd_sc_hd__clkdlybuf4s25_1)
                                                         net62 (net)
                      0.159119    0.000516    3.245362 v _1340_/B (sky130_fd_sc_hd__and2_2)
     1    0.003107    0.028050    0.174523    3.419885 v _1340_/X (sky130_fd_sc_hd__and2_2)
                                                         _0378_ (net)
                      0.028050    0.000099    3.419983 v _1940_/A (sky130_fd_sc_hd__buf_2)
     1    0.002533    0.016505    0.072739    3.492723 v _1940_/X (sky130_fd_sc_hd__buf_2)
                                                         _1027_ (net)
                      0.016505    0.000080    3.492803 v _1519_/D (sky130_fd_sc_hd__dfxtp_2)
                                              3.492803   data arrival time

                                 10.000000   10.000000   clock clk (rise edge)
                                  0.000000   10.000000   clock source latency
     2    0.157459    0.537694    0.388335   10.388335 ^ clk (in)
                                                         clk (net)
                      0.571537    0.000000   10.388335 ^ clkbuf_regs_0_clk/A (sky130_fd_sc_hd__clkbuf_16)
     1    0.008638    0.038950    0.122082   10.510417 ^ clkbuf_regs_0_clk/X (sky130_fd_sc_hd__clkbuf_16)
                                                         clk_regs (net)
                      0.038950    0.000258   10.510674 ^ clkbuf_0_clk_regs/A (sky130_fd_sc_hd__clkbuf_16)
     8    0.079104    0.073558    0.113889   10.624564 ^ clkbuf_0_clk_regs/X (sky130_fd_sc_hd__clkbuf_16)
                                                         clknet_0_clk_regs (net)
                      0.073743    0.002785   10.627349 ^ clkbuf_3_0_0_clk_regs/A (sky130_fd_sc_hd__clkbuf_8)
     2    0.018319    0.036012    0.093100   10.720448 ^ clkbuf_3_0_0_clk_regs/X (sky130_fd_sc_hd__clkbuf_8)
                                                         clknet_3_0_0_clk_regs (net)
                      0.036019    0.000455   10.720903 ^ clkbuf_4_0__f_clk_regs/A (sky130_fd_sc_hd__clkbuf_16)
     9    0.034417    0.041219    0.090552   10.811456 ^ clkbuf_4_0__f_clk_regs/X (sky130_fd_sc_hd__clkbuf_16)
                                                         clknet_4_0__leaf_clk_regs (net)
                      0.041220    0.000226   10.811683 ^ _1519_/CLK (sky130_fd_sc_hd__dfxtp_2)
                                 -0.100000   10.711682   clock uncertainty
                                  0.000000   10.711682   clock reconvergence pessimism
                                 -0.064805   10.646877   library setup time
                                             10.646877   data required time
---------------------------------------------------------------------------------------------
                                             10.646877   data required time
                                             -3.492803   data arrival time
---------------------------------------------------------------------------------------------
                                              7.154074   slack (MET)


Startpoint: reset (input port clocked by clk)
Endpoint: _1480_ (rising edge-triggered flip-flop clocked by clk)
Path Group: clk
Path Type: max

Fanout         Cap        Slew       Delay        Time   Description
---------------------------------------------------------------------------------------------
                                  0.000000    0.000000   clock clk (rise edge)
                                  0.000000    0.000000   clock network delay (propagated)
                                  2.000000    2.000000 ^ input external delay
     3    0.122379    0.415328    0.331209    2.331209 ^ reset (in)
                                                         reset (net)
                      0.434769    0.000000    2.331209 ^ _1826_/A (sky130_fd_sc_hd__buf_2)
     5    0.038184    0.143063    0.197619    2.528827 ^ _1826_/X (sky130_fd_sc_hd__buf_2)
                                                         _0629_ (net)
                      0.143125    0.002589    2.531416 ^ _1090_/A (sky130_fd_sc_hd__inv_2)
     4    0.049589    0.091304    0.101986    2.633402 v _1090_/Y (sky130_fd_sc_hd__inv_2)
                                                         _0291_ (net)
                      0.091333    0.001405    2.634807 v fanout64/A (sky130_fd_sc_hd__clkdlybuf4s25_1)
     9    0.027931    0.144468    0.290149    2.924957 v fanout64/X (sky130_fd_sc_hd__clkdlybuf4s25_1)
                                                         net64 (net)
                      0.144468    0.000490    2.925447 v fanout62/A (sky130_fd_sc_hd__clkdlybuf4s25_1)
    10    0.030836    0.159119    0.319399    3.244846 v fanout62/X (sky130_fd_sc_hd__clkdlybuf4s25_1)
                                                         net62 (net)
                      0.159121    0.000817    3.245662 v _1301_/B (sky130_fd_sc_hd__and2_2)
     1    0.002904    0.027668    0.173858    3.419521 v _1301_/X (sky130_fd_sc_hd__and2_2)
                                                         _0339_ (net)
                      0.027668    0.000090    3.419611 v _1901_/A (sky130_fd_sc_hd__buf_2)
     1    0.002740    0.016830    0.073120    3.492730 v _1901_/X (sky130_fd_sc_hd__buf_2)
                                                         _0962_ (net)
                      0.016830    0.000089    3.492820 v _1480_/D (sky130_fd_sc_hd__dfxtp_2)
                                              3.492820   data arrival time

                                 10.000000   10.000000   clock clk (rise edge)
                                  0.000000   10.000000   clock source latency
     2    0.157459    0.537694    0.388335   10.388335 ^ clk (in)
                                                         clk (net)
                      0.571537    0.000000   10.388335 ^ clkbuf_regs_0_clk/A (sky130_fd_sc_hd__clkbuf_16)
     1    0.008638    0.038950    0.122082   10.510417 ^ clkbuf_regs_0_clk/X (sky130_fd_sc_hd__clkbuf_16)
                                                         clk_regs (net)
                      0.038950    0.000258   10.510674 ^ clkbuf_0_clk_regs/A (sky130_fd_sc_hd__clkbuf_16)
     8    0.079104    0.073558    0.113889   10.624564 ^ clkbuf_0_clk_regs/X (sky130_fd_sc_hd__clkbuf_16)
                                                         clknet_0_clk_regs (net)
                      0.073743    0.002785   10.627349 ^ clkbuf_3_0_0_clk_regs/A (sky130_fd_sc_hd__clkbuf_8)
     2    0.018319    0.036012    0.093100   10.720448 ^ clkbuf_3_0_0_clk_regs/X (sky130_fd_sc_hd__clkbuf_8)
                                                         clknet_3_0_0_clk_regs (net)
                      0.036019    0.000455   10.720903 ^ clkbuf_4_0__f_clk_regs/A (sky130_fd_sc_hd__clkbuf_16)
     9    0.034417    0.041219    0.090552   10.811456 ^ clkbuf_4_0__f_clk_regs/X (sky130_fd_sc_hd__clkbuf_16)
                                                         clknet_4_0__leaf_clk_regs (net)
                      0.041221    0.000411   10.811868 ^ _1480_/CLK (sky130_fd_sc_hd__dfxtp_2)
                                 -0.100000   10.711867   clock uncertainty
                                  0.000000   10.711867   clock reconvergence pessimism
                                 -0.064921   10.646947   library setup time
                                             10.646947   data required time
---------------------------------------------------------------------------------------------
                                             10.646947   data required time
                                             -3.492820   data arrival time
---------------------------------------------------------------------------------------------
                                              7.154127   slack (MET)


Startpoint: reset (input port clocked by clk)
Endpoint: _1494_ (rising edge-triggered flip-flop clocked by clk)
Path Group: clk
Path Type: max

Fanout         Cap        Slew       Delay        Time   Description
---------------------------------------------------------------------------------------------
                                  0.000000    0.000000   clock clk (rise edge)
                                  0.000000    0.000000   clock network delay (propagated)
                                  2.000000    2.000000 ^ input external delay
     3    0.122379    0.415328    0.331209    2.331209 ^ reset (in)
                                                         reset (net)
                      0.434769    0.000000    2.331209 ^ _1826_/A (sky130_fd_sc_hd__buf_2)
     5    0.038184    0.143063    0.197619    2.528827 ^ _1826_/X (sky130_fd_sc_hd__buf_2)
                                                         _0629_ (net)
                      0.143125    0.002589    2.531416 ^ _1090_/A (sky130_fd_sc_hd__inv_2)
     4    0.049589    0.091304    0.101986    2.633402 v _1090_/Y (sky130_fd_sc_hd__inv_2)
                                                         _0291_ (net)
                      0.091333    0.001405    2.634807 v fanout64/A (sky130_fd_sc_hd__clkdlybuf4s25_1)
     9    0.027931    0.144468    0.290149    2.924957 v fanout64/X (sky130_fd_sc_hd__clkdlybuf4s25_1)
                                                         net64 (net)
                      0.144468    0.000490    2.925447 v fanout62/A (sky130_fd_sc_hd__clkdlybuf4s25_1)
    10    0.030836    0.159119    0.319399    3.244846 v fanout62/X (sky130_fd_sc_hd__clkdlybuf4s25_1)
                                                         net62 (net)
                      0.159120    0.000580    3.245425 v _1315_/B (sky130_fd_sc_hd__and2_2)
     1    0.003180    0.028187    0.174764    3.420189 v _1315_/X (sky130_fd_sc_hd__and2_2)
                                                         _0353_ (net)
                      0.028187    0.000100    3.420289 v _1915_/A (sky130_fd_sc_hd__buf_2)
     1    0.002417    0.016323    0.072494    3.492783 v _1915_/X (sky130_fd_sc_hd__buf_2)
                                                         _0990_ (net)
                      0.016323    0.000073    3.492856 v _1494_/D (sky130_fd_sc_hd__dfxtp_2)
                                              3.492856   data arrival time

                                 10.000000   10.000000   clock clk (rise edge)
                                  0.000000   10.000000   clock source latency
     2    0.157459    0.537694    0.388335   10.388335 ^ clk (in)
                                                         clk (net)
                      0.571537    0.000000   10.388335 ^ clkbuf_regs_0_clk/A (sky130_fd_sc_hd__clkbuf_16)
     1    0.008638    0.038950    0.122082   10.510417 ^ clkbuf_regs_0_clk/X (sky130_fd_sc_hd__clkbuf_16)
                                                         clk_regs (net)
                      0.038950    0.000258   10.510674 ^ clkbuf_0_clk_regs/A (sky130_fd_sc_hd__clkbuf_16)
     8    0.079104    0.073558    0.113889   10.624564 ^ clkbuf_0_clk_regs/X (sky130_fd_sc_hd__clkbuf_16)
                                                         clknet_0_clk_regs (net)
                      0.073743    0.002785   10.627349 ^ clkbuf_3_0_0_clk_regs/A (sky130_fd_sc_hd__clkbuf_8)
     2    0.018319    0.036012    0.093100   10.720448 ^ clkbuf_3_0_0_clk_regs/X (sky130_fd_sc_hd__clkbuf_8)
                                                         clknet_3_0_0_clk_regs (net)
                      0.036019    0.000455   10.720903 ^ clkbuf_4_0__f_clk_regs/A (sky130_fd_sc_hd__clkbuf_16)
     9    0.034417    0.041219    0.090552   10.811456 ^ clkbuf_4_0__f_clk_regs/X (sky130_fd_sc_hd__clkbuf_16)
                                                         clknet_4_0__leaf_clk_regs (net)
                      0.041220    0.000270   10.811726 ^ _1494_/CLK (sky130_fd_sc_hd__dfxtp_2)
                                 -0.100000   10.711726   clock uncertainty
                                  0.000000   10.711726   clock reconvergence pessimism
                                 -0.064740   10.646986   library setup time
                                             10.646986   data required time
---------------------------------------------------------------------------------------------
                                             10.646986   data required time
                                             -3.492856   data arrival time
---------------------------------------------------------------------------------------------
                                              7.154130   slack (MET)


Startpoint: reset (input port clocked by clk)
Endpoint: _1479_ (rising edge-triggered flip-flop clocked by clk)
Path Group: clk
Path Type: max

Fanout         Cap        Slew       Delay        Time   Description
---------------------------------------------------------------------------------------------
                                  0.000000    0.000000   clock clk (rise edge)
                                  0.000000    0.000000   clock network delay (propagated)
                                  2.000000    2.000000 ^ input external delay
     3    0.122379    0.415328    0.331209    2.331209 ^ reset (in)
                                                         reset (net)
                      0.434769    0.000000    2.331209 ^ _1826_/A (sky130_fd_sc_hd__buf_2)
     5    0.038184    0.143063    0.197619    2.528827 ^ _1826_/X (sky130_fd_sc_hd__buf_2)
                                                         _0629_ (net)
                      0.143125    0.002589    2.531416 ^ _1090_/A (sky130_fd_sc_hd__inv_2)
     4    0.049589    0.091304    0.101986    2.633402 v _1090_/Y (sky130_fd_sc_hd__inv_2)
                                                         _0291_ (net)
                      0.091333    0.001405    2.634807 v fanout64/A (sky130_fd_sc_hd__clkdlybuf4s25_1)
     9    0.027931    0.144468    0.290149    2.924957 v fanout64/X (sky130_fd_sc_hd__clkdlybuf4s25_1)
                                                         net64 (net)
                      0.144468    0.000490    2.925447 v fanout62/A (sky130_fd_sc_hd__clkdlybuf4s25_1)
    10    0.030836    0.159119    0.319399    3.244846 v fanout62/X (sky130_fd_sc_hd__clkdlybuf4s25_1)
                                                         net62 (net)
                      0.159122    0.000875    3.245720 v _1300_/B (sky130_fd_sc_hd__and2_2)
     1    0.002228    0.026381    0.171640    3.417361 v _1300_/X (sky130_fd_sc_hd__and2_2)
                                                         _0338_ (net)
                      0.026381    0.000049    3.417410 v _1900_/A (sky130_fd_sc_hd__buf_2)
     1    0.002498    0.016450    0.071952    3.489362 v _1900_/X (sky130_fd_sc_hd__buf_2)
                                                         _0960_ (net)
                      0.016450    0.000076    3.489438 v _1479_/D (sky130_fd_sc_hd__dfxtp_2)
                                              3.489438   data arrival time

                                 10.000000   10.000000   clock clk (rise edge)
                                  0.000000   10.000000   clock source latency
     2    0.157459    0.537694    0.388335   10.388335 ^ clk (in)
                                                         clk (net)
                      0.571537    0.000000   10.388335 ^ clkbuf_regs_0_clk/A (sky130_fd_sc_hd__clkbuf_16)
     1    0.008638    0.038950    0.122082   10.510417 ^ clkbuf_regs_0_clk/X (sky130_fd_sc_hd__clkbuf_16)
                                                         clk_regs (net)
                      0.038950    0.000258   10.510674 ^ clkbuf_0_clk_regs/A (sky130_fd_sc_hd__clkbuf_16)
     8    0.079104    0.073558    0.113889   10.624564 ^ clkbuf_0_clk_regs/X (sky130_fd_sc_hd__clkbuf_16)
                                                         clknet_0_clk_regs (net)
                      0.073728    0.002673   10.627236 ^ clkbuf_3_2_0_clk_regs/A (sky130_fd_sc_hd__clkbuf_8)
     2    0.019079    0.036888    0.093786   10.721023 ^ clkbuf_3_2_0_clk_regs/X (sky130_fd_sc_hd__clkbuf_8)
                                                         clknet_3_2_0_clk_regs (net)
                      0.036898    0.000548   10.721571 ^ clkbuf_4_5__f_clk_regs/A (sky130_fd_sc_hd__clkbuf_16)
     8    0.028842    0.037284    0.087352   10.808923 ^ clkbuf_4_5__f_clk_regs/X (sky130_fd_sc_hd__clkbuf_16)
                                                         clknet_4_5__leaf_clk_regs (net)
                      0.037305    0.000775   10.809698 ^ _1479_/CLK (sky130_fd_sc_hd__dfxtp_2)
                                 -0.100000   10.709699   clock uncertainty
                                  0.000000   10.709699   clock reconvergence pessimism
                                 -0.065161   10.644537   library setup time
                                             10.644537   data required time
---------------------------------------------------------------------------------------------
                                             10.644537   data required time
                                             -3.489438   data arrival time
---------------------------------------------------------------------------------------------
                                              7.155099   slack (MET)


Startpoint: reset (input port clocked by clk)
Endpoint: _1476_ (rising edge-triggered flip-flop clocked by clk)
Path Group: clk
Path Type: max

Fanout         Cap        Slew       Delay        Time   Description
---------------------------------------------------------------------------------------------
                                  0.000000    0.000000   clock clk (rise edge)
                                  0.000000    0.000000   clock network delay (propagated)
                                  2.000000    2.000000 ^ input external delay
     3    0.122379    0.415328    0.331209    2.331209 ^ reset (in)
                                                         reset (net)
                      0.434769    0.000000    2.331209 ^ _1826_/A (sky130_fd_sc_hd__buf_2)
     5    0.038184    0.143063    0.197619    2.528827 ^ _1826_/X (sky130_fd_sc_hd__buf_2)
                                                         _0629_ (net)
                      0.143125    0.002589    2.531416 ^ _1090_/A (sky130_fd_sc_hd__inv_2)
     4    0.049589    0.091304    0.101986    2.633402 v _1090_/Y (sky130_fd_sc_hd__inv_2)
                                                         _0291_ (net)
                      0.091333    0.001405    2.634807 v fanout64/A (sky130_fd_sc_hd__clkdlybuf4s25_1)
     9    0.027931    0.144468    0.290149    2.924957 v fanout64/X (sky130_fd_sc_hd__clkdlybuf4s25_1)
                                                         net64 (net)
                      0.144468    0.000490    2.925447 v fanout62/A (sky130_fd_sc_hd__clkdlybuf4s25_1)
    10    0.030836    0.159119    0.319399    3.244846 v fanout62/X (sky130_fd_sc_hd__clkdlybuf4s25_1)
                                                         net62 (net)
                      0.159124    0.001044    3.245890 v _1297_/B (sky130_fd_sc_hd__and2_2)
     1    0.002198    0.026322    0.171541    3.417431 v _1297_/X (sky130_fd_sc_hd__and2_2)
                                                         _0335_ (net)
                      0.026322    0.000048    3.417478 v _1897_/A (sky130_fd_sc_hd__buf_2)
     1    0.002355    0.016225    0.071550    3.489028 v _1897_/X (sky130_fd_sc_hd__buf_2)
                                                         _0954_ (net)
                      0.016225    0.000073    3.489101 v _1476_/D (sky130_fd_sc_hd__dfxtp_2)
                                              3.489101   data arrival time

                                 10.000000   10.000000   clock clk (rise edge)
                                  0.000000   10.000000   clock source latency
     2    0.157459    0.537694    0.388335   10.388335 ^ clk (in)
                                                         clk (net)
                      0.571537    0.000000   10.388335 ^ clkbuf_regs_0_clk/A (sky130_fd_sc_hd__clkbuf_16)
     1    0.008638    0.038950    0.122082   10.510417 ^ clkbuf_regs_0_clk/X (sky130_fd_sc_hd__clkbuf_16)
                                                         clk_regs (net)
                      0.038950    0.000258   10.510674 ^ clkbuf_0_clk_regs/A (sky130_fd_sc_hd__clkbuf_16)
     8    0.079104    0.073558    0.113889   10.624564 ^ clkbuf_0_clk_regs/X (sky130_fd_sc_hd__clkbuf_16)
                                                         clknet_0_clk_regs (net)
                      0.073728    0.002673   10.627236 ^ clkbuf_3_2_0_clk_regs/A (sky130_fd_sc_hd__clkbuf_8)
     2    0.019079    0.036888    0.093786   10.721023 ^ clkbuf_3_2_0_clk_regs/X (sky130_fd_sc_hd__clkbuf_8)
                                                         clknet_3_2_0_clk_regs (net)
                      0.036898    0.000548   10.721571 ^ clkbuf_4_5__f_clk_regs/A (sky130_fd_sc_hd__clkbuf_16)
     8    0.028842    0.037284    0.087352   10.808923 ^ clkbuf_4_5__f_clk_regs/X (sky130_fd_sc_hd__clkbuf_16)
                                                         clknet_4_5__leaf_clk_regs (net)
                      0.037300    0.000698   10.809621 ^ _1476_/CLK (sky130_fd_sc_hd__dfxtp_2)
                                 -0.100000   10.709621   clock uncertainty
                                  0.000000   10.709621   clock reconvergence pessimism
                                 -0.065081   10.644540   library setup time
                                             10.644540   data required time
---------------------------------------------------------------------------------------------
                                             10.644540   data required time
                                             -3.489101   data arrival time
---------------------------------------------------------------------------------------------
                                              7.155439   slack (MET)


Startpoint: reset (input port clocked by clk)
Endpoint: _1501_ (rising edge-triggered flip-flop clocked by clk)
Path Group: clk
Path Type: max

Fanout         Cap        Slew       Delay        Time   Description
---------------------------------------------------------------------------------------------
                                  0.000000    0.000000   clock clk (rise edge)
                                  0.000000    0.000000   clock network delay (propagated)
                                  2.000000    2.000000 ^ input external delay
     3    0.122379    0.415328    0.331209    2.331209 ^ reset (in)
                                                         reset (net)
                      0.434769    0.000000    2.331209 ^ _1826_/A (sky130_fd_sc_hd__buf_2)
     5    0.038184    0.143063    0.197619    2.528827 ^ _1826_/X (sky130_fd_sc_hd__buf_2)
                                                         _0629_ (net)
                      0.143125    0.002589    2.531416 ^ _1090_/A (sky130_fd_sc_hd__inv_2)
     4    0.049589    0.091304    0.101986    2.633402 v _1090_/Y (sky130_fd_sc_hd__inv_2)
                                                         _0291_ (net)
                      0.091333    0.001405    2.634807 v fanout64/A (sky130_fd_sc_hd__clkdlybuf4s25_1)
     9    0.027931    0.144468    0.290149    2.924957 v fanout64/X (sky130_fd_sc_hd__clkdlybuf4s25_1)
                                                         net64 (net)
                      0.144468    0.000490    2.925447 v fanout62/A (sky130_fd_sc_hd__clkdlybuf4s25_1)
    10    0.030836    0.159119    0.319399    3.244846 v fanout62/X (sky130_fd_sc_hd__clkdlybuf4s25_1)
                                                         net62 (net)
                      0.159121    0.000744    3.245590 v _1322_/B (sky130_fd_sc_hd__and2_2)
     1    0.002676    0.027237    0.173107    3.418697 v _1322_/X (sky130_fd_sc_hd__and2_2)
                                                         _0360_ (net)
                      0.027237    0.000083    3.418781 v _1922_/A (sky130_fd_sc_hd__buf_2)
     1    0.002389    0.016279    0.072024    3.490804 v _1922_/X (sky130_fd_sc_hd__buf_2)
                                                         _1004_ (net)
                      0.016279    0.000072    3.490876 v _1501_/D (sky130_fd_sc_hd__dfxtp_2)
                                              3.490876   data arrival time

                                 10.000000   10.000000   clock clk (rise edge)
                                  0.000000   10.000000   clock source latency
     2    0.157459    0.537694    0.388335   10.388335 ^ clk (in)
                                                         clk (net)
                      0.571537    0.000000   10.388335 ^ clkbuf_regs_0_clk/A (sky130_fd_sc_hd__clkbuf_16)
     1    0.008638    0.038950    0.122082   10.510417 ^ clkbuf_regs_0_clk/X (sky130_fd_sc_hd__clkbuf_16)
                                                         clk_regs (net)
                      0.038950    0.000258   10.510674 ^ clkbuf_0_clk_regs/A (sky130_fd_sc_hd__clkbuf_16)
     8    0.079104    0.073558    0.113889   10.624564 ^ clkbuf_0_clk_regs/X (sky130_fd_sc_hd__clkbuf_16)
                                                         clknet_0_clk_regs (net)
                      0.073743    0.002785   10.627349 ^ clkbuf_3_0_0_clk_regs/A (sky130_fd_sc_hd__clkbuf_8)
     2    0.018319    0.036012    0.093100   10.720448 ^ clkbuf_3_0_0_clk_regs/X (sky130_fd_sc_hd__clkbuf_8)
                                                         clknet_3_0_0_clk_regs (net)
                      0.036015    0.000345   10.720794 ^ clkbuf_4_1__f_clk_regs/A (sky130_fd_sc_hd__clkbuf_16)
     9    0.035385    0.041843    0.090975   10.811769 ^ clkbuf_4_1__f_clk_regs/X (sky130_fd_sc_hd__clkbuf_16)
                                                         clknet_4_1__leaf_clk_regs (net)
                      0.041844    0.000437   10.812205 ^ _1501_/CLK (sky130_fd_sc_hd__dfxtp_2)
                                 -0.100000   10.712206   clock uncertainty
                                  0.000000   10.712206   clock reconvergence pessimism
                                 -0.064664   10.647541   library setup time
                                             10.647541   data required time
---------------------------------------------------------------------------------------------
                                             10.647541   data required time
                                             -3.490876   data arrival time
---------------------------------------------------------------------------------------------
                                              7.156665   slack (MET)


Startpoint: reset (input port clocked by clk)
Endpoint: _1488_ (rising edge-triggered flip-flop clocked by clk)
Path Group: clk
Path Type: max

Fanout         Cap        Slew       Delay        Time   Description
---------------------------------------------------------------------------------------------
                                  0.000000    0.000000   clock clk (rise edge)
                                  0.000000    0.000000   clock network delay (propagated)
                                  2.000000    2.000000 ^ input external delay
     3    0.122379    0.415328    0.331209    2.331209 ^ reset (in)
                                                         reset (net)
                      0.434769    0.000000    2.331209 ^ _1826_/A (sky130_fd_sc_hd__buf_2)
     5    0.038184    0.143063    0.197619    2.528827 ^ _1826_/X (sky130_fd_sc_hd__buf_2)
                                                         _0629_ (net)
                      0.143125    0.002589    2.531416 ^ _1090_/A (sky130_fd_sc_hd__inv_2)
     4    0.049589    0.091304    0.101986    2.633402 v _1090_/Y (sky130_fd_sc_hd__inv_2)
                                                         _0291_ (net)
                      0.091333    0.001405    2.634807 v fanout64/A (sky130_fd_sc_hd__clkdlybuf4s25_1)
     9    0.027931    0.144468    0.290149    2.924957 v fanout64/X (sky130_fd_sc_hd__clkdlybuf4s25_1)
                                                         net64 (net)
                      0.144468    0.000490    2.925447 v fanout62/A (sky130_fd_sc_hd__clkdlybuf4s25_1)
    10    0.030836    0.159119    0.319399    3.244846 v fanout62/X (sky130_fd_sc_hd__clkdlybuf4s25_1)
                                                         net62 (net)
                      0.159120    0.000606    3.245452 v _1309_/B (sky130_fd_sc_hd__and2_2)
     1    0.002454    0.026813    0.172378    3.417830 v _1309_/X (sky130_fd_sc_hd__and2_2)
                                                         _0347_ (net)
                      0.026813    0.000074    3.417904 v _1909_/A (sky130_fd_sc_hd__buf_2)
     1    0.002371    0.016250    0.071800    3.489704 v _1909_/X (sky130_fd_sc_hd__buf_2)
                                                         _0978_ (net)
                      0.016250    0.000071    3.489775 v _1488_/D (sky130_fd_sc_hd__dfxtp_2)
                                              3.489775   data arrival time

                                 10.000000   10.000000   clock clk (rise edge)
                                  0.000000   10.000000   clock source latency
     2    0.157459    0.537694    0.388335   10.388335 ^ clk (in)
                                                         clk (net)
                      0.571537    0.000000   10.388335 ^ clkbuf_regs_0_clk/A (sky130_fd_sc_hd__clkbuf_16)
     1    0.008638    0.038950    0.122082   10.510417 ^ clkbuf_regs_0_clk/X (sky130_fd_sc_hd__clkbuf_16)
                                                         clk_regs (net)
                      0.038950    0.000258   10.510674 ^ clkbuf_0_clk_regs/A (sky130_fd_sc_hd__clkbuf_16)
     8    0.079104    0.073558    0.113889   10.624564 ^ clkbuf_0_clk_regs/X (sky130_fd_sc_hd__clkbuf_16)
                                                         clknet_0_clk_regs (net)
                      0.073743    0.002785   10.627349 ^ clkbuf_3_0_0_clk_regs/A (sky130_fd_sc_hd__clkbuf_8)
     2    0.018319    0.036012    0.093100   10.720448 ^ clkbuf_3_0_0_clk_regs/X (sky130_fd_sc_hd__clkbuf_8)
                                                         clknet_3_0_0_clk_regs (net)
                      0.036019    0.000455   10.720903 ^ clkbuf_4_0__f_clk_regs/A (sky130_fd_sc_hd__clkbuf_16)
     9    0.034417    0.041219    0.090552   10.811456 ^ clkbuf_4_0__f_clk_regs/X (sky130_fd_sc_hd__clkbuf_16)
                                                         clknet_4_0__leaf_clk_regs (net)
                      0.041220    0.000322   10.811778 ^ _1488_/CLK (sky130_fd_sc_hd__dfxtp_2)
                                 -0.100000   10.711779   clock uncertainty
                                  0.000000   10.711779   clock reconvergence pessimism
                                 -0.064714   10.647064   library setup time
                                             10.647064   data required time
---------------------------------------------------------------------------------------------
                                             10.647064   data required time
                                             -3.489775   data arrival time
---------------------------------------------------------------------------------------------
                                              7.157289   slack (MET)


Startpoint: reset (input port clocked by clk)
Endpoint: _1526_ (rising edge-triggered flip-flop clocked by clk)
Path Group: clk
Path Type: max

Fanout         Cap        Slew       Delay        Time   Description
---------------------------------------------------------------------------------------------
                                  0.000000    0.000000   clock clk (rise edge)
                                  0.000000    0.000000   clock network delay (propagated)
                                  2.000000    2.000000 ^ input external delay
     3    0.122379    0.415328    0.331209    2.331209 ^ reset (in)
                                                         reset (net)
                      0.434769    0.000000    2.331209 ^ _1826_/A (sky130_fd_sc_hd__buf_2)
     5    0.038184    0.143063    0.197619    2.528827 ^ _1826_/X (sky130_fd_sc_hd__buf_2)
                                                         _0629_ (net)
                      0.143125    0.002589    2.531416 ^ _1090_/A (sky130_fd_sc_hd__inv_2)
     4    0.049589    0.091304    0.101986    2.633402 v _1090_/Y (sky130_fd_sc_hd__inv_2)
                                                         _0291_ (net)
                      0.091333    0.001405    2.634807 v fanout64/A (sky130_fd_sc_hd__clkdlybuf4s25_1)
     9    0.027931    0.144468    0.290149    2.924957 v fanout64/X (sky130_fd_sc_hd__clkdlybuf4s25_1)
                                                         net64 (net)
                      0.144468    0.000490    2.925447 v fanout62/A (sky130_fd_sc_hd__clkdlybuf4s25_1)
    10    0.030836    0.159119    0.319399    3.244846 v fanout62/X (sky130_fd_sc_hd__clkdlybuf4s25_1)
                                                         net62 (net)
                      0.159120    0.000551    3.245396 v _1347_/B (sky130_fd_sc_hd__and2_2)
     1    0.002614    0.027119    0.172903    3.418299 v _1347_/X (sky130_fd_sc_hd__and2_2)
                                                         _0385_ (net)
                      0.027119    0.000081    3.418381 v _1947_/A (sky130_fd_sc_hd__buf_2)
     1    0.002149    0.015901    0.071345    3.489726 v _1947_/X (sky130_fd_sc_hd__buf_2)
                                                         _1034_ (net)
                      0.015901    0.000063    3.489789 v _1526_/D (sky130_fd_sc_hd__dfxtp_2)
                                              3.489789   data arrival time

                                 10.000000   10.000000   clock clk (rise edge)
                                  0.000000   10.000000   clock source latency
     2    0.157459    0.537694    0.388335   10.388335 ^ clk (in)
                                                         clk (net)
                      0.571537    0.000000   10.388335 ^ clkbuf_regs_0_clk/A (sky130_fd_sc_hd__clkbuf_16)
     1    0.008638    0.038950    0.122082   10.510417 ^ clkbuf_regs_0_clk/X (sky130_fd_sc_hd__clkbuf_16)
                                                         clk_regs (net)
                      0.038950    0.000258   10.510674 ^ clkbuf_0_clk_regs/A (sky130_fd_sc_hd__clkbuf_16)
     8    0.079104    0.073558    0.113889   10.624564 ^ clkbuf_0_clk_regs/X (sky130_fd_sc_hd__clkbuf_16)
                                                         clknet_0_clk_regs (net)
                      0.073743    0.002785   10.627349 ^ clkbuf_3_0_0_clk_regs/A (sky130_fd_sc_hd__clkbuf_8)
     2    0.018319    0.036012    0.093100   10.720448 ^ clkbuf_3_0_0_clk_regs/X (sky130_fd_sc_hd__clkbuf_8)
                                                         clknet_3_0_0_clk_regs (net)
                      0.036015    0.000345   10.720794 ^ clkbuf_4_1__f_clk_regs/A (sky130_fd_sc_hd__clkbuf_16)
     9    0.035385    0.041843    0.090975   10.811769 ^ clkbuf_4_1__f_clk_regs/X (sky130_fd_sc_hd__clkbuf_16)
                                                         clknet_4_1__leaf_clk_regs (net)
                      0.041844    0.000398   10.812166 ^ _1526_/CLK (sky130_fd_sc_hd__dfxtp_2)
                                 -0.100000   10.712167   clock uncertainty
                                  0.000000   10.712167   clock reconvergence pessimism
                                 -0.064530   10.647636   library setup time
                                             10.647636   data required time
---------------------------------------------------------------------------------------------
                                             10.647636   data required time
                                             -3.489789   data arrival time
---------------------------------------------------------------------------------------------
                                              7.157848   slack (MET)


Startpoint: reset (input port clocked by clk)
Endpoint: _1468_ (rising edge-triggered flip-flop clocked by clk)
Path Group: clk
Path Type: max

Fanout         Cap        Slew       Delay        Time   Description
---------------------------------------------------------------------------------------------
                                  0.000000    0.000000   clock clk (rise edge)
                                  0.000000    0.000000   clock network delay (propagated)
                                  2.000000    2.000000 ^ input external delay
     3    0.122379    0.415328    0.331209    2.331209 ^ reset (in)
                                                         reset (net)
                      0.434769    0.000000    2.331209 ^ _1826_/A (sky130_fd_sc_hd__buf_2)
     5    0.038184    0.143063    0.197619    2.528827 ^ _1826_/X (sky130_fd_sc_hd__buf_2)
                                                         _0629_ (net)
                      0.143125    0.002589    2.531416 ^ _1090_/A (sky130_fd_sc_hd__inv_2)
     4    0.049589    0.091304    0.101986    2.633402 v _1090_/Y (sky130_fd_sc_hd__inv_2)
                                                         _0291_ (net)
                      0.091405    0.002590    2.635992 v fanout67/A (sky130_fd_sc_hd__clkdlybuf4s25_1)
     5    0.023431    0.123287    0.272758    2.908750 v fanout67/X (sky130_fd_sc_hd__clkdlybuf4s25_1)
                                                         net67 (net)
                      0.123287    0.000418    2.909168 v fanout65/A (sky130_fd_sc_hd__clkdlybuf4s25_1)
    10    0.032386    0.167007    0.318530    3.227698 v fanout65/X (sky130_fd_sc_hd__clkdlybuf4s25_1)
                                                         net65 (net)
                      0.167041    0.002410    3.230108 v _1289_/B (sky130_fd_sc_hd__and2_2)
     1    0.002753    0.027576    0.176738    3.406846 v _1289_/X (sky130_fd_sc_hd__and2_2)
                                                         _0327_ (net)
                      0.027576    0.000084    3.406930 v _1889_/A (sky130_fd_sc_hd__buf_2)
     1    0.002706    0.016776    0.072992    3.479923 v _1889_/X (sky130_fd_sc_hd__buf_2)
                                                         _0938_ (net)
                      0.016776    0.000089    3.480012 v _1468_/D (sky130_fd_sc_hd__dfxtp_2)
                                              3.480012   data arrival time

                                 10.000000   10.000000   clock clk (rise edge)
                                  0.000000   10.000000   clock source latency
     2    0.157459    0.537694    0.388335   10.388335 ^ clk (in)
                                                         clk (net)
                      0.571537    0.000000   10.388335 ^ clkbuf_regs_0_clk/A (sky130_fd_sc_hd__clkbuf_16)
     1    0.008638    0.038950    0.122082   10.510417 ^ clkbuf_regs_0_clk/X (sky130_fd_sc_hd__clkbuf_16)
                                                         clk_regs (net)
                      0.038950    0.000258   10.510674 ^ clkbuf_0_clk_regs/A (sky130_fd_sc_hd__clkbuf_16)
     8    0.079104    0.073558    0.113889   10.624564 ^ clkbuf_0_clk_regs/X (sky130_fd_sc_hd__clkbuf_16)
                                                         clknet_0_clk_regs (net)
                      0.073612    0.001520   10.626083 ^ clkbuf_3_1_0_clk_regs/A (sky130_fd_sc_hd__clkbuf_8)
     2    0.019811    0.037729    0.094480   10.720563 ^ clkbuf_3_1_0_clk_regs/X (sky130_fd_sc_hd__clkbuf_8)
                                                         clknet_3_1_0_clk_regs (net)
                      0.037739    0.000549   10.721112 ^ clkbuf_4_2__f_clk_regs/A (sky130_fd_sc_hd__clkbuf_16)
     8    0.026248    0.035431    0.085910   10.807022 ^ clkbuf_4_2__f_clk_regs/X (sky130_fd_sc_hd__clkbuf_16)
                                                         clknet_4_2__leaf_clk_regs (net)
                      0.035457    0.000792   10.807815 ^ _1468_/CLK (sky130_fd_sc_hd__dfxtp_2)
                                 -0.100000   10.707814   clock uncertainty
                                  0.000000   10.707814   clock reconvergence pessimism
                                 -0.065455   10.642360   library setup time
                                             10.642360   data required time
---------------------------------------------------------------------------------------------
                                             10.642360   data required time
                                             -3.480012   data arrival time
---------------------------------------------------------------------------------------------
                                              7.162347   slack (MET)


Startpoint: reset (input port clocked by clk)
Endpoint: _1500_ (rising edge-triggered flip-flop clocked by clk)
Path Group: clk
Path Type: max

Fanout         Cap        Slew       Delay        Time   Description
---------------------------------------------------------------------------------------------
                                  0.000000    0.000000   clock clk (rise edge)
                                  0.000000    0.000000   clock network delay (propagated)
                                  2.000000    2.000000 ^ input external delay
     3    0.122379    0.415328    0.331209    2.331209 ^ reset (in)
                                                         reset (net)
                      0.434769    0.000000    2.331209 ^ _1826_/A (sky130_fd_sc_hd__buf_2)
     5    0.038184    0.143063    0.197619    2.528827 ^ _1826_/X (sky130_fd_sc_hd__buf_2)
                                                         _0629_ (net)
                      0.143125    0.002589    2.531416 ^ _1090_/A (sky130_fd_sc_hd__inv_2)
     4    0.049589    0.091304    0.101986    2.633402 v _1090_/Y (sky130_fd_sc_hd__inv_2)
                                                         _0291_ (net)
                      0.091405    0.002590    2.635992 v fanout67/A (sky130_fd_sc_hd__clkdlybuf4s25_1)
     5    0.023431    0.123287    0.272758    2.908750 v fanout67/X (sky130_fd_sc_hd__clkdlybuf4s25_1)
                                                         net67 (net)
                      0.123287    0.000418    2.909168 v fanout65/A (sky130_fd_sc_hd__clkdlybuf4s25_1)
    10    0.032386    0.167007    0.318530    3.227698 v fanout65/X (sky130_fd_sc_hd__clkdlybuf4s25_1)
                                                         net65 (net)
                      0.167057    0.002859    3.230557 v _1321_/B (sky130_fd_sc_hd__and2_2)
     1    0.002662    0.027406    0.176445    3.407002 v _1321_/X (sky130_fd_sc_hd__and2_2)
                                                         _0359_ (net)
                      0.027406    0.000083    3.407085 v _1921_/A (sky130_fd_sc_hd__buf_2)
     1    0.002525    0.016493    0.072449    3.479535 v _1921_/X (sky130_fd_sc_hd__buf_2)
                                                         _1002_ (net)
                      0.016493    0.000081    3.479615 v _1500_/D (sky130_fd_sc_hd__dfxtp_2)
                                              3.479615   data arrival time

                                 10.000000   10.000000   clock clk (rise edge)
                                  0.000000   10.000000   clock source latency
     2    0.157459    0.537694    0.388335   10.388335 ^ clk (in)
                                                         clk (net)
                      0.571537    0.000000   10.388335 ^ clkbuf_regs_0_clk/A (sky130_fd_sc_hd__clkbuf_16)
     1    0.008638    0.038950    0.122082   10.510417 ^ clkbuf_regs_0_clk/X (sky130_fd_sc_hd__clkbuf_16)
                                                         clk_regs (net)
                      0.038950    0.000258   10.510674 ^ clkbuf_0_clk_regs/A (sky130_fd_sc_hd__clkbuf_16)
     8    0.079104    0.073558    0.113889   10.624564 ^ clkbuf_0_clk_regs/X (sky130_fd_sc_hd__clkbuf_16)
                                                         clknet_0_clk_regs (net)
                      0.073612    0.001520   10.626083 ^ clkbuf_3_1_0_clk_regs/A (sky130_fd_sc_hd__clkbuf_8)
     2    0.019811    0.037729    0.094480   10.720563 ^ clkbuf_3_1_0_clk_regs/X (sky130_fd_sc_hd__clkbuf_8)
                                                         clknet_3_1_0_clk_regs (net)
                      0.037740    0.000576   10.721139 ^ clkbuf_4_3__f_clk_regs/A (sky130_fd_sc_hd__clkbuf_16)
     8    0.025926    0.035199    0.085835   10.806974 ^ clkbuf_4_3__f_clk_regs/X (sky130_fd_sc_hd__clkbuf_16)
                                                         clknet_4_3__leaf_clk_regs (net)
                      0.035213    0.000597   10.807571 ^ _1500_/CLK (sky130_fd_sc_hd__dfxtp_2)
                                 -0.100000   10.707571   clock uncertainty
                                  0.000000   10.707571   clock reconvergence pessimism
                                 -0.065378   10.642193   library setup time
                                             10.642193   data required time
---------------------------------------------------------------------------------------------
                                             10.642193   data required time
                                             -3.479615   data arrival time
---------------------------------------------------------------------------------------------
                                              7.162578   slack (MET)


Startpoint: reset (input port clocked by clk)
Endpoint: _1474_ (rising edge-triggered flip-flop clocked by clk)
Path Group: clk
Path Type: max

Fanout         Cap        Slew       Delay        Time   Description
---------------------------------------------------------------------------------------------
                                  0.000000    0.000000   clock clk (rise edge)
                                  0.000000    0.000000   clock network delay (propagated)
                                  2.000000    2.000000 ^ input external delay
     3    0.122379    0.415328    0.331209    2.331209 ^ reset (in)
                                                         reset (net)
                      0.434769    0.000000    2.331209 ^ _1826_/A (sky130_fd_sc_hd__buf_2)
     5    0.038184    0.143063    0.197619    2.528827 ^ _1826_/X (sky130_fd_sc_hd__buf_2)
                                                         _0629_ (net)
                      0.143125    0.002589    2.531416 ^ _1090_/A (sky130_fd_sc_hd__inv_2)
     4    0.049589    0.091304    0.101986    2.633402 v _1090_/Y (sky130_fd_sc_hd__inv_2)
                                                         _0291_ (net)
                      0.091405    0.002590    2.635992 v fanout67/A (sky130_fd_sc_hd__clkdlybuf4s25_1)
     5    0.023431    0.123287    0.272758    2.908750 v fanout67/X (sky130_fd_sc_hd__clkdlybuf4s25_1)
                                                         net67 (net)
                      0.123287    0.000418    2.909168 v fanout65/A (sky130_fd_sc_hd__clkdlybuf4s25_1)
    10    0.032386    0.167007    0.318530    3.227698 v fanout65/X (sky130_fd_sc_hd__clkdlybuf4s25_1)
                                                         net65 (net)
                      0.167055    0.002795    3.230493 v _1295_/B (sky130_fd_sc_hd__and2_2)
     1    0.002353    0.026818    0.175423    3.405916 v _1295_/X (sky130_fd_sc_hd__and2_2)
                                                         _0333_ (net)
                      0.026818    0.000072    3.405988 v _1895_/A (sky130_fd_sc_hd__buf_2)
     1    0.002483    0.016427    0.072095    3.478083 v _1895_/X (sky130_fd_sc_hd__buf_2)
                                                         _0950_ (net)
                      0.016427    0.000076    3.478159 v _1474_/D (sky130_fd_sc_hd__dfxtp_2)
                                              3.478159   data arrival time

                                 10.000000   10.000000   clock clk (rise edge)
                                  0.000000   10.000000   clock source latency
     2    0.157459    0.537694    0.388335   10.388335 ^ clk (in)
                                                         clk (net)
                      0.571537    0.000000   10.388335 ^ clkbuf_regs_0_clk/A (sky130_fd_sc_hd__clkbuf_16)
     1    0.008638    0.038950    0.122082   10.510417 ^ clkbuf_regs_0_clk/X (sky130_fd_sc_hd__clkbuf_16)
                                                         clk_regs (net)
                      0.038950    0.000258   10.510674 ^ clkbuf_0_clk_regs/A (sky130_fd_sc_hd__clkbuf_16)
     8    0.079104    0.073558    0.113889   10.624564 ^ clkbuf_0_clk_regs/X (sky130_fd_sc_hd__clkbuf_16)
                                                         clknet_0_clk_regs (net)
                      0.073612    0.001520   10.626083 ^ clkbuf_3_1_0_clk_regs/A (sky130_fd_sc_hd__clkbuf_8)
     2    0.019811    0.037729    0.094480   10.720563 ^ clkbuf_3_1_0_clk_regs/X (sky130_fd_sc_hd__clkbuf_8)
                                                         clknet_3_1_0_clk_regs (net)
                      0.037740    0.000576   10.721139 ^ clkbuf_4_3__f_clk_regs/A (sky130_fd_sc_hd__clkbuf_16)
     8    0.025926    0.035199    0.085835   10.806974 ^ clkbuf_4_3__f_clk_regs/X (sky130_fd_sc_hd__clkbuf_16)
                                                         clknet_4_3__leaf_clk_regs (net)
                      0.035213    0.000592   10.807567 ^ _1474_/CLK (sky130_fd_sc_hd__dfxtp_2)
                                 -0.100000   10.707566   clock uncertainty
                                  0.000000   10.707566   clock reconvergence pessimism
                                 -0.065354   10.642213   library setup time
                                             10.642213   data required time
---------------------------------------------------------------------------------------------
                                             10.642213   data required time
                                             -3.478159   data arrival time
---------------------------------------------------------------------------------------------
                                              7.164054   slack (MET)


Startpoint: reset (input port clocked by clk)
Endpoint: _1444_ (rising edge-triggered flip-flop clocked by clk)
Path Group: clk
Path Type: max

Fanout         Cap        Slew       Delay        Time   Description
---------------------------------------------------------------------------------------------
                                  0.000000    0.000000   clock clk (rise edge)
                                  0.000000    0.000000   clock network delay (propagated)
                                  2.000000    2.000000 ^ input external delay
     3    0.122379    0.415328    0.331209    2.331209 ^ reset (in)
                                                         reset (net)
                      0.434769    0.000000    2.331209 ^ _1826_/A (sky130_fd_sc_hd__buf_2)
     5    0.038184    0.143063    0.197619    2.528827 ^ _1826_/X (sky130_fd_sc_hd__buf_2)
                                                         _0629_ (net)
                      0.143125    0.002589    2.531416 ^ _1090_/A (sky130_fd_sc_hd__inv_2)
     4    0.049589    0.091304    0.101986    2.633402 v _1090_/Y (sky130_fd_sc_hd__inv_2)
                                                         _0291_ (net)
                      0.091405    0.002590    2.635992 v fanout67/A (sky130_fd_sc_hd__clkdlybuf4s25_1)
     5    0.023431    0.123287    0.272758    2.908750 v fanout67/X (sky130_fd_sc_hd__clkdlybuf4s25_1)
                                                         net67 (net)
                      0.123287    0.000418    2.909168 v fanout65/A (sky130_fd_sc_hd__clkdlybuf4s25_1)
    10    0.032386    0.167007    0.318530    3.227698 v fanout65/X (sky130_fd_sc_hd__clkdlybuf4s25_1)
                                                         net65 (net)
                      0.167049    0.002644    3.230342 v _1263_/B (sky130_fd_sc_hd__and2_2)
     1    0.002310    0.026737    0.175281    3.405623 v _1263_/X (sky130_fd_sc_hd__and2_2)
                                                         _0303_ (net)
                      0.026737    0.000069    3.405692 v _1865_/A (sky130_fd_sc_hd__buf_2)
     1    0.002264    0.016083    0.071488    3.477180 v _1865_/X (sky130_fd_sc_hd__buf_2)
                                                         _0890_ (net)
                      0.016083    0.000068    3.477248 v _1444_/D (sky130_fd_sc_hd__dfxtp_2)
                                              3.477248   data arrival time

                                 10.000000   10.000000   clock clk (rise edge)
                                  0.000000   10.000000   clock source latency
     2    0.157459    0.537694    0.388335   10.388335 ^ clk (in)
                                                         clk (net)
                      0.571537    0.000000   10.388335 ^ clkbuf_regs_0_clk/A (sky130_fd_sc_hd__clkbuf_16)
     1    0.008638    0.038950    0.122082   10.510417 ^ clkbuf_regs_0_clk/X (sky130_fd_sc_hd__clkbuf_16)
                                                         clk_regs (net)
                      0.038950    0.000258   10.510674 ^ clkbuf_0_clk_regs/A (sky130_fd_sc_hd__clkbuf_16)
     8    0.079104    0.073558    0.113889   10.624564 ^ clkbuf_0_clk_regs/X (sky130_fd_sc_hd__clkbuf_16)
                                                         clknet_0_clk_regs (net)
                      0.073612    0.001520   10.626083 ^ clkbuf_3_1_0_clk_regs/A (sky130_fd_sc_hd__clkbuf_8)
     2    0.019811    0.037729    0.094480   10.720563 ^ clkbuf_3_1_0_clk_regs/X (sky130_fd_sc_hd__clkbuf_8)
                                                         clknet_3_1_0_clk_regs (net)
                      0.037739    0.000549   10.721112 ^ clkbuf_4_2__f_clk_regs/A (sky130_fd_sc_hd__clkbuf_16)
     8    0.026248    0.035431    0.085910   10.807022 ^ clkbuf_4_2__f_clk_regs/X (sky130_fd_sc_hd__clkbuf_16)
                                                         clknet_4_2__leaf_clk_regs (net)
                      0.035453    0.000745   10.807768 ^ _1444_/CLK (sky130_fd_sc_hd__dfxtp_2)
                                 -0.100000   10.707767   clock uncertainty
                                  0.000000   10.707767   clock reconvergence pessimism
                                 -0.065208   10.642559   library setup time
                                             10.642559   data required time
---------------------------------------------------------------------------------------------
                                             10.642559   data required time
                                             -3.477248   data arrival time
---------------------------------------------------------------------------------------------
                                              7.165311   slack (MET)


Startpoint: reset (input port clocked by clk)
Endpoint: _1511_ (rising edge-triggered flip-flop clocked by clk)
Path Group: clk
Path Type: max

Fanout         Cap        Slew       Delay        Time   Description
---------------------------------------------------------------------------------------------
                                  0.000000    0.000000   clock clk (rise edge)
                                  0.000000    0.000000   clock network delay (propagated)
                                  2.000000    2.000000 ^ input external delay
     3    0.122379    0.415328    0.331209    2.331209 ^ reset (in)
                                                         reset (net)
                      0.434769    0.000000    2.331209 ^ _1826_/A (sky130_fd_sc_hd__buf_2)
     5    0.038184    0.143063    0.197619    2.528827 ^ _1826_/X (sky130_fd_sc_hd__buf_2)
                                                         _0629_ (net)
                      0.143125    0.002589    2.531416 ^ _1090_/A (sky130_fd_sc_hd__inv_2)
     4    0.049589    0.091304    0.101986    2.633402 v _1090_/Y (sky130_fd_sc_hd__inv_2)
                                                         _0291_ (net)
                      0.091405    0.002590    2.635992 v fanout67/A (sky130_fd_sc_hd__clkdlybuf4s25_1)
     5    0.023431    0.123287    0.272758    2.908750 v fanout67/X (sky130_fd_sc_hd__clkdlybuf4s25_1)
                                                         net67 (net)
                      0.123287    0.000418    2.909168 v fanout65/A (sky130_fd_sc_hd__clkdlybuf4s25_1)
    10    0.032386    0.167007    0.318530    3.227698 v fanout65/X (sky130_fd_sc_hd__clkdlybuf4s25_1)
                                                         net65 (net)
                      0.167044    0.002501    3.230199 v _1332_/B (sky130_fd_sc_hd__and2_2)
     1    0.002254    0.026630    0.175094    3.405293 v _1332_/X (sky130_fd_sc_hd__and2_2)
                                                         _0370_ (net)
                      0.026630    0.000069    3.405361 v _1932_/A (sky130_fd_sc_hd__buf_2)
     1    0.002371    0.016250    0.071721    3.477082 v _1932_/X (sky130_fd_sc_hd__buf_2)
                                                         _1019_ (net)
                      0.016250    0.000072    3.477154 v _1511_/D (sky130_fd_sc_hd__dfxtp_2)
                                              3.477154   data arrival time

                                 10.000000   10.000000   clock clk (rise edge)
                                  0.000000   10.000000   clock source latency
     2    0.157459    0.537694    0.388335   10.388335 ^ clk (in)
                                                         clk (net)
                      0.571537    0.000000   10.388335 ^ clkbuf_regs_0_clk/A (sky130_fd_sc_hd__clkbuf_16)
     1    0.008638    0.038950    0.122082   10.510417 ^ clkbuf_regs_0_clk/X (sky130_fd_sc_hd__clkbuf_16)
                                                         clk_regs (net)
                      0.038950    0.000258   10.510674 ^ clkbuf_0_clk_regs/A (sky130_fd_sc_hd__clkbuf_16)
     8    0.079104    0.073558    0.113889   10.624564 ^ clkbuf_0_clk_regs/X (sky130_fd_sc_hd__clkbuf_16)
                                                         clknet_0_clk_regs (net)
                      0.073612    0.001520   10.626083 ^ clkbuf_3_1_0_clk_regs/A (sky130_fd_sc_hd__clkbuf_8)
     2    0.019811    0.037729    0.094480   10.720563 ^ clkbuf_3_1_0_clk_regs/X (sky130_fd_sc_hd__clkbuf_8)
                                                         clknet_3_1_0_clk_regs (net)
                      0.037739    0.000549   10.721112 ^ clkbuf_4_2__f_clk_regs/A (sky130_fd_sc_hd__clkbuf_16)
     8    0.026248    0.035431    0.085910   10.807022 ^ clkbuf_4_2__f_clk_regs/X (sky130_fd_sc_hd__clkbuf_16)
                                                         clknet_4_2__leaf_clk_regs (net)
                      0.035451    0.000720   10.807742 ^ _1511_/CLK (sky130_fd_sc_hd__dfxtp_2)
                                 -0.100000   10.707743   clock uncertainty
                                  0.000000   10.707743   clock reconvergence pessimism
                                 -0.065268   10.642475   library setup time
                                             10.642475   data required time
---------------------------------------------------------------------------------------------
                                             10.642475   data required time
                                             -3.477154   data arrival time
---------------------------------------------------------------------------------------------
                                              7.165320   slack (MET)


Startpoint: reset (input port clocked by clk)
Endpoint: _1481_ (rising edge-triggered flip-flop clocked by clk)
Path Group: clk
Path Type: max

Fanout         Cap        Slew       Delay        Time   Description
---------------------------------------------------------------------------------------------
                                  0.000000    0.000000   clock clk (rise edge)
                                  0.000000    0.000000   clock network delay (propagated)
                                  2.000000    2.000000 ^ input external delay
     3    0.122379    0.415328    0.331209    2.331209 ^ reset (in)
                                                         reset (net)
                      0.434769    0.000000    2.331209 ^ _1826_/A (sky130_fd_sc_hd__buf_2)
     5    0.038184    0.143063    0.197619    2.528827 ^ _1826_/X (sky130_fd_sc_hd__buf_2)
                                                         _0629_ (net)
                      0.143125    0.002589    2.531416 ^ _1090_/A (sky130_fd_sc_hd__inv_2)
     4    0.049589    0.091304    0.101986    2.633402 v _1090_/Y (sky130_fd_sc_hd__inv_2)
                                                         _0291_ (net)
                      0.091405    0.002590    2.635992 v fanout67/A (sky130_fd_sc_hd__clkdlybuf4s25_1)
     5    0.023431    0.123287    0.272758    2.908750 v fanout67/X (sky130_fd_sc_hd__clkdlybuf4s25_1)
                                                         net67 (net)
                      0.123287    0.000418    2.909168 v fanout65/A (sky130_fd_sc_hd__clkdlybuf4s25_1)
    10    0.032386    0.167007    0.318530    3.227698 v fanout65/X (sky130_fd_sc_hd__clkdlybuf4s25_1)
                                                         net65 (net)
                      0.167056    0.002817    3.230515 v _1302_/B (sky130_fd_sc_hd__and2_2)
     1    0.001956    0.026054    0.174117    3.404631 v _1302_/X (sky130_fd_sc_hd__and2_2)
                                                         _0340_ (net)
                      0.026054    0.000040    3.404671 v _1902_/A (sky130_fd_sc_hd__buf_2)
     1    0.002304    0.016146    0.071304    3.475975 v _1902_/X (sky130_fd_sc_hd__buf_2)
                                                         _0964_ (net)
                      0.016146    0.000071    3.476047 v _1481_/D (sky130_fd_sc_hd__dfxtp_2)
                                              3.476047   data arrival time

                                 10.000000   10.000000   clock clk (rise edge)
                                  0.000000   10.000000   clock source latency
     2    0.157459    0.537694    0.388335   10.388335 ^ clk (in)
                                                         clk (net)
                      0.571537    0.000000   10.388335 ^ clkbuf_regs_0_clk/A (sky130_fd_sc_hd__clkbuf_16)
     1    0.008638    0.038950    0.122082   10.510417 ^ clkbuf_regs_0_clk/X (sky130_fd_sc_hd__clkbuf_16)
                                                         clk_regs (net)
                      0.038950    0.000258   10.510674 ^ clkbuf_0_clk_regs/A (sky130_fd_sc_hd__clkbuf_16)
     8    0.079104    0.073558    0.113889   10.624564 ^ clkbuf_0_clk_regs/X (sky130_fd_sc_hd__clkbuf_16)
                                                         clknet_0_clk_regs (net)
                      0.073612    0.001520   10.626083 ^ clkbuf_3_1_0_clk_regs/A (sky130_fd_sc_hd__clkbuf_8)
     2    0.019811    0.037729    0.094480   10.720563 ^ clkbuf_3_1_0_clk_regs/X (sky130_fd_sc_hd__clkbuf_8)
                                                         clknet_3_1_0_clk_regs (net)
                      0.037740    0.000576   10.721139 ^ clkbuf_4_3__f_clk_regs/A (sky130_fd_sc_hd__clkbuf_16)
     8    0.025926    0.035199    0.085835   10.806974 ^ clkbuf_4_3__f_clk_regs/X (sky130_fd_sc_hd__clkbuf_16)
                                                         clknet_4_3__leaf_clk_regs (net)
                      0.035211    0.000556   10.807530 ^ _1481_/CLK (sky130_fd_sc_hd__dfxtp_2)
                                 -0.100000   10.707530   clock uncertainty
                                  0.000000   10.707530   clock reconvergence pessimism
                                 -0.065254   10.642277   library setup time
                                             10.642277   data required time
---------------------------------------------------------------------------------------------
                                             10.642277   data required time
                                             -3.476047   data arrival time
---------------------------------------------------------------------------------------------
                                              7.166230   slack (MET)


Startpoint: reset (input port clocked by clk)
Endpoint: _1499_ (rising edge-triggered flip-flop clocked by clk)
Path Group: clk
Path Type: max

Fanout         Cap        Slew       Delay        Time   Description
---------------------------------------------------------------------------------------------
                                  0.000000    0.000000   clock clk (rise edge)
                                  0.000000    0.000000   clock network delay (propagated)
                                  2.000000    2.000000 ^ input external delay
     3    0.122379    0.415328    0.331209    2.331209 ^ reset (in)
                                                         reset (net)
                      0.434769    0.000000    2.331209 ^ _1826_/A (sky130_fd_sc_hd__buf_2)
     5    0.038184    0.143063    0.197619    2.528827 ^ _1826_/X (sky130_fd_sc_hd__buf_2)
                                                         _0629_ (net)
                      0.143125    0.002589    2.531416 ^ _1090_/A (sky130_fd_sc_hd__inv_2)
     4    0.049589    0.091304    0.101986    2.633402 v _1090_/Y (sky130_fd_sc_hd__inv_2)
                                                         _0291_ (net)
                      0.091405    0.002590    2.635992 v fanout67/A (sky130_fd_sc_hd__clkdlybuf4s25_1)
     5    0.023431    0.123287    0.272758    2.908750 v fanout67/X (sky130_fd_sc_hd__clkdlybuf4s25_1)
                                                         net67 (net)
                      0.123287    0.000418    2.909168 v fanout65/A (sky130_fd_sc_hd__clkdlybuf4s25_1)
    10    0.032386    0.167007    0.318530    3.227698 v fanout65/X (sky130_fd_sc_hd__clkdlybuf4s25_1)
                                                         net65 (net)
                      0.167010    0.000951    3.228649 v _1320_/B (sky130_fd_sc_hd__and2_2)
     1    0.001904    0.025952    0.173926    3.402576 v _1320_/X (sky130_fd_sc_hd__and2_2)
                                                         _0358_ (net)
                      0.025952    0.000039    3.402615 v _1920_/A (sky130_fd_sc_hd__buf_2)
     1    0.002635    0.016665    0.072128    3.474743 v _1920_/X (sky130_fd_sc_hd__buf_2)
                                                         _1000_ (net)
                      0.016665    0.000082    3.474824 v _1499_/D (sky130_fd_sc_hd__dfxtp_2)
                                              3.474824   data arrival time

                                 10.000000   10.000000   clock clk (rise edge)
                                  0.000000   10.000000   clock source latency
     2    0.157459    0.537694    0.388335   10.388335 ^ clk (in)
                                                         clk (net)
                      0.571537    0.000000   10.388335 ^ clkbuf_regs_0_clk/A (sky130_fd_sc_hd__clkbuf_16)
     1    0.008638    0.038950    0.122082   10.510417 ^ clkbuf_regs_0_clk/X (sky130_fd_sc_hd__clkbuf_16)
                                                         clk_regs (net)
                      0.038950    0.000258   10.510674 ^ clkbuf_0_clk_regs/A (sky130_fd_sc_hd__clkbuf_16)
     8    0.079104    0.073558    0.113889   10.624564 ^ clkbuf_0_clk_regs/X (sky130_fd_sc_hd__clkbuf_16)
                                                         clknet_0_clk_regs (net)
                      0.073612    0.001520   10.626083 ^ clkbuf_3_1_0_clk_regs/A (sky130_fd_sc_hd__clkbuf_8)
     2    0.019811    0.037729    0.094480   10.720563 ^ clkbuf_3_1_0_clk_regs/X (sky130_fd_sc_hd__clkbuf_8)
                                                         clknet_3_1_0_clk_regs (net)
                      0.037740    0.000576   10.721139 ^ clkbuf_4_3__f_clk_regs/A (sky130_fd_sc_hd__clkbuf_16)
     8    0.025926    0.035199    0.085835   10.806974 ^ clkbuf_4_3__f_clk_regs/X (sky130_fd_sc_hd__clkbuf_16)
                                                         clknet_4_3__leaf_clk_regs (net)
                      0.035208    0.000504   10.807478 ^ _1499_/CLK (sky130_fd_sc_hd__dfxtp_2)
                                 -0.100000   10.707478   clock uncertainty
                                  0.000000   10.707478   clock reconvergence pessimism
                                 -0.065439   10.642038   library setup time
                                             10.642038   data required time
---------------------------------------------------------------------------------------------
                                             10.642038   data required time
                                             -3.474824   data arrival time
---------------------------------------------------------------------------------------------
                                              7.167214   slack (MET)


Startpoint: reset (input port clocked by clk)
Endpoint: _1525_ (rising edge-triggered flip-flop clocked by clk)
Path Group: clk
Path Type: max

Fanout         Cap        Slew       Delay        Time   Description
---------------------------------------------------------------------------------------------
                                  0.000000    0.000000   clock clk (rise edge)
                                  0.000000    0.000000   clock network delay (propagated)
                                  2.000000    2.000000 ^ input external delay
     3    0.122379    0.415328    0.331209    2.331209 ^ reset (in)
                                                         reset (net)
                      0.434769    0.000000    2.331209 ^ _1826_/A (sky130_fd_sc_hd__buf_2)
     5    0.038184    0.143063    0.197619    2.528827 ^ _1826_/X (sky130_fd_sc_hd__buf_2)
                                                         _0629_ (net)
                      0.143125    0.002589    2.531416 ^ _1090_/A (sky130_fd_sc_hd__inv_2)
     4    0.049589    0.091304    0.101986    2.633402 v _1090_/Y (sky130_fd_sc_hd__inv_2)
                                                         _0291_ (net)
                      0.091405    0.002590    2.635992 v fanout67/A (sky130_fd_sc_hd__clkdlybuf4s25_1)
     5    0.023431    0.123287    0.272758    2.908750 v fanout67/X (sky130_fd_sc_hd__clkdlybuf4s25_1)
                                                         net67 (net)
                      0.123287    0.000418    2.909168 v fanout65/A (sky130_fd_sc_hd__clkdlybuf4s25_1)
    10    0.032386    0.167007    0.318530    3.227698 v fanout65/X (sky130_fd_sc_hd__clkdlybuf4s25_1)
                                                         net65 (net)
                      0.167036    0.002250    3.229948 v _1346_/B (sky130_fd_sc_hd__and2_2)
     1    0.001884    0.025914    0.173872    3.403819 v _1346_/X (sky130_fd_sc_hd__and2_2)
                                                         _0384_ (net)
                      0.025914    0.000038    3.403857 v _1946_/A (sky130_fd_sc_hd__buf_2)
     1    0.002283    0.016113    0.071192    3.475049 v _1946_/X (sky130_fd_sc_hd__buf_2)
                                                         _1033_ (net)
                      0.016113    0.000069    3.475119 v _1525_/D (sky130_fd_sc_hd__dfxtp_2)
                                              3.475119   data arrival time

                                 10.000000   10.000000   clock clk (rise edge)
                                  0.000000   10.000000   clock source latency
     2    0.157459    0.537694    0.388335   10.388335 ^ clk (in)
                                                         clk (net)
                      0.571537    0.000000   10.388335 ^ clkbuf_regs_0_clk/A (sky130_fd_sc_hd__clkbuf_16)
     1    0.008638    0.038950    0.122082   10.510417 ^ clkbuf_regs_0_clk/X (sky130_fd_sc_hd__clkbuf_16)
                                                         clk_regs (net)
                      0.038950    0.000258   10.510674 ^ clkbuf_0_clk_regs/A (sky130_fd_sc_hd__clkbuf_16)
     8    0.079104    0.073558    0.113889   10.624564 ^ clkbuf_0_clk_regs/X (sky130_fd_sc_hd__clkbuf_16)
                                                         clknet_0_clk_regs (net)
                      0.073612    0.001520   10.626083 ^ clkbuf_3_1_0_clk_regs/A (sky130_fd_sc_hd__clkbuf_8)
     2    0.019811    0.037729    0.094480   10.720563 ^ clkbuf_3_1_0_clk_regs/X (sky130_fd_sc_hd__clkbuf_8)
                                                         clknet_3_1_0_clk_regs (net)
                      0.037740    0.000576   10.721139 ^ clkbuf_4_3__f_clk_regs/A (sky130_fd_sc_hd__clkbuf_16)
     8    0.025926    0.035199    0.085835   10.806974 ^ clkbuf_4_3__f_clk_regs/X (sky130_fd_sc_hd__clkbuf_16)
                                                         clknet_4_3__leaf_clk_regs (net)
                      0.035215    0.000635   10.807610 ^ _1525_/CLK (sky130_fd_sc_hd__dfxtp_2)
                                 -0.100000   10.707609   clock uncertainty
                                  0.000000   10.707609   clock reconvergence pessimism
                                 -0.065241   10.642368   library setup time
                                             10.642368   data required time
---------------------------------------------------------------------------------------------
                                             10.642368   data required time
                                             -3.475119   data arrival time
---------------------------------------------------------------------------------------------
                                              7.167249   slack (MET)


Startpoint: reset (input port clocked by clk)
Endpoint: _1534_ (rising edge-triggered flip-flop clocked by clk)
Path Group: clk
Path Type: max

Fanout         Cap        Slew       Delay        Time   Description
---------------------------------------------------------------------------------------------
                                  0.000000    0.000000   clock clk (rise edge)
                                  0.000000    0.000000   clock network delay (propagated)
                                  2.000000    2.000000 ^ input external delay
     3    0.122379    0.415328    0.331209    2.331209 ^ reset (in)
                                                         reset (net)
                      0.434769    0.000000    2.331209 ^ _1826_/A (sky130_fd_sc_hd__buf_2)
     5    0.038184    0.143063    0.197619    2.528827 ^ _1826_/X (sky130_fd_sc_hd__buf_2)
                                                         _0629_ (net)
                      0.143114    0.002349    2.531177 ^ _1353_/B (sky130_fd_sc_hd__nor2_2)
     1    0.010147    0.043814    0.038144    2.569321 v _1353_/Y (sky130_fd_sc_hd__nor2_2)
                                                         _0579_ (net)
                      0.043825    0.000580    2.569901 v fanout47/A (sky130_fd_sc_hd__clkdlybuf4s25_1)
     5    0.042019    0.213327    0.322865    2.892766 v fanout47/X (sky130_fd_sc_hd__clkdlybuf4s25_1)
                                                         net47 (net)
                      0.213464    0.005150    2.897916 v fanout45/A (sky130_fd_sc_hd__clkdlybuf4s25_1)
     6    0.027804    0.144461    0.326219    3.224135 v fanout45/X (sky130_fd_sc_hd__clkdlybuf4s25_1)
                                                         net45 (net)
                      0.144472    0.001392    3.225527 v _1359_/B (sky130_fd_sc_hd__and3b_2)
     1    0.002267    0.026605    0.168340    3.393866 v _1359_/X (sky130_fd_sc_hd__and3b_2)
                                                         _0393_ (net)
                      0.026605    0.000068    3.393934 v _1955_/A (sky130_fd_sc_hd__buf_2)
     1    0.002155    0.015911    0.071147    3.465080 v _1955_/X (sky130_fd_sc_hd__buf_2)
                                                         _1042_ (net)
                      0.015911    0.000063    3.465143 v _1534_/D (sky130_fd_sc_hd__dfxtp_2)
                                              3.465143   data arrival time

                                 10.000000   10.000000   clock clk (rise edge)
                                  0.000000   10.000000   clock source latency
     2    0.157459    0.537694    0.388335   10.388335 ^ clk (in)
                                                         clk (net)
                      0.571537    0.000000   10.388335 ^ clkbuf_regs_0_clk/A (sky130_fd_sc_hd__clkbuf_16)
     1    0.008638    0.038950    0.122082   10.510417 ^ clkbuf_regs_0_clk/X (sky130_fd_sc_hd__clkbuf_16)
                                                         clk_regs (net)
                      0.038950    0.000258   10.510674 ^ clkbuf_0_clk_regs/A (sky130_fd_sc_hd__clkbuf_16)
     8    0.079104    0.073558    0.113889   10.624564 ^ clkbuf_0_clk_regs/X (sky130_fd_sc_hd__clkbuf_16)
                                                         clknet_0_clk_regs (net)
                      0.073740    0.002760   10.627323 ^ clkbuf_3_7_0_clk_regs/A (sky130_fd_sc_hd__clkbuf_8)
     2    0.018292    0.035983    0.093038   10.720362 ^ clkbuf_3_7_0_clk_regs/X (sky130_fd_sc_hd__clkbuf_8)
                                                         clknet_3_7_0_clk_regs (net)
                      0.035992    0.000491   10.720853 ^ clkbuf_4_15__f_clk_regs/A (sky130_fd_sc_hd__clkbuf_16)
     8    0.024233    0.033990    0.084117   10.804970 ^ clkbuf_4_15__f_clk_regs/X (sky130_fd_sc_hd__clkbuf_16)
                                                         clknet_4_15__leaf_clk_regs (net)
                      0.034001    0.000531   10.805501 ^ _1534_/CLK (sky130_fd_sc_hd__dfxtp_2)
                                 -0.100000   10.705501   clock uncertainty
                                  0.000000   10.705501   clock reconvergence pessimism
                                 -0.065286   10.640215   library setup time
                                             10.640215   data required time
---------------------------------------------------------------------------------------------
                                             10.640215   data required time
                                             -3.465143   data arrival time
---------------------------------------------------------------------------------------------
                                              7.175072   slack (MET)


Startpoint: reset (input port clocked by clk)
Endpoint: _1544_ (rising edge-triggered flip-flop clocked by clk)
Path Group: clk
Path Type: max

Fanout         Cap        Slew       Delay        Time   Description
---------------------------------------------------------------------------------------------
                                  0.000000    0.000000   clock clk (rise edge)
                                  0.000000    0.000000   clock network delay (propagated)
                                  2.000000    2.000000 ^ input external delay
     3    0.122379    0.415328    0.331209    2.331209 ^ reset (in)
                                                         reset (net)
                      0.434769    0.000000    2.331209 ^ _1826_/A (sky130_fd_sc_hd__buf_2)
     5    0.038184    0.143063    0.197619    2.528827 ^ _1826_/X (sky130_fd_sc_hd__buf_2)
                                                         _0629_ (net)
                      0.143114    0.002349    2.531177 ^ _1353_/B (sky130_fd_sc_hd__nor2_2)
     1    0.010147    0.043814    0.038144    2.569321 v _1353_/Y (sky130_fd_sc_hd__nor2_2)
                                                         _0579_ (net)
                      0.043825    0.000580    2.569901 v fanout47/A (sky130_fd_sc_hd__clkdlybuf4s25_1)
     5    0.042019    0.213327    0.322865    2.892766 v fanout47/X (sky130_fd_sc_hd__clkdlybuf4s25_1)
                                                         net47 (net)
                      0.213328    0.000959    2.893725 v fanout42/A (sky130_fd_sc_hd__clkdlybuf4s25_1)
     4    0.016034    0.088028    0.280987    3.174711 v fanout42/X (sky130_fd_sc_hd__clkdlybuf4s25_1)
                                                         net42 (net)
                      0.088028    0.000308    3.175019 v load_slew43/A (sky130_fd_sc_hd__buf_4)
     7    0.042530    0.049544    0.147729    3.322748 v load_slew43/X (sky130_fd_sc_hd__buf_4)
                                                         net43 (net)
                      0.049656    0.002164    3.324911 v _1385_/B1 (sky130_fd_sc_hd__o21ai_2)
     1    0.005586    0.080610    0.050813    3.375724 ^ _1385_/Y (sky130_fd_sc_hd__o21ai_2)
                                                         _0599_ (net)
                      0.080610    0.000182    3.375906 ^ _1386_/B (sky130_fd_sc_hd__nor2_2)
     1    0.002688    0.020994    0.018066    3.393973 v _1386_/Y (sky130_fd_sc_hd__nor2_2)
                                                         _0403_ (net)
                      0.020994    0.000084    3.394057 v _1965_/A (sky130_fd_sc_hd__buf_2)
     1    0.002971    0.017194    0.071035    3.465091 v _1965_/X (sky130_fd_sc_hd__buf_2)
                                                         _1052_ (net)
                      0.017194    0.000099    3.465190 v _1544_/D (sky130_fd_sc_hd__dfxtp_2)
                                              3.465190   data arrival time

                                 10.000000   10.000000   clock clk (rise edge)
                                  0.000000   10.000000   clock source latency
     2    0.157459    0.537694    0.388335   10.388335 ^ clk (in)
                                                         clk (net)
                      0.571537    0.000000   10.388335 ^ clkbuf_regs_0_clk/A (sky130_fd_sc_hd__clkbuf_16)
     1    0.008638    0.038950    0.122082   10.510417 ^ clkbuf_regs_0_clk/X (sky130_fd_sc_hd__clkbuf_16)
                                                         clk_regs (net)
                      0.038950    0.000258   10.510674 ^ clkbuf_0_clk_regs/A (sky130_fd_sc_hd__clkbuf_16)
     8    0.079104    0.073558    0.113889   10.624564 ^ clkbuf_0_clk_regs/X (sky130_fd_sc_hd__clkbuf_16)
                                                         clknet_0_clk_regs (net)
                      0.073634    0.001805   10.626369 ^ clkbuf_3_6_0_clk_regs/A (sky130_fd_sc_hd__clkbuf_8)
     2    0.019914    0.037846    0.094602   10.720970 ^ clkbuf_3_6_0_clk_regs/X (sky130_fd_sc_hd__clkbuf_8)
                                                         clknet_3_6_0_clk_regs (net)
                      0.037856    0.000550   10.721520 ^ clkbuf_4_12__f_clk_regs/A (sky130_fd_sc_hd__clkbuf_16)
     8    0.025119    0.034629    0.085468   10.806988 ^ clkbuf_4_12__f_clk_regs/X (sky130_fd_sc_hd__clkbuf_16)
                                                         clknet_4_12__leaf_clk_regs (net)
                      0.034631    0.000274   10.807261 ^ _1544_/CLK (sky130_fd_sc_hd__dfxtp_2)
                                 -0.100000   10.707261   clock uncertainty
                                  0.000000   10.707261   clock reconvergence pessimism
                                 -0.065683   10.641578   library setup time
                                             10.641578   data required time
---------------------------------------------------------------------------------------------
                                             10.641578   data required time
                                             -3.465190   data arrival time
---------------------------------------------------------------------------------------------
                                              7.176387   slack (MET)


Startpoint: reset (input port clocked by clk)
Endpoint: _1555_ (rising edge-triggered flip-flop clocked by clk)
Path Group: clk
Path Type: max

Fanout         Cap        Slew       Delay        Time   Description
---------------------------------------------------------------------------------------------
                                  0.000000    0.000000   clock clk (rise edge)
                                  0.000000    0.000000   clock network delay (propagated)
                                  2.000000    2.000000 ^ input external delay
     3    0.122379    0.415328    0.331209    2.331209 ^ reset (in)
                                                         reset (net)
                      0.434769    0.000000    2.331209 ^ _1826_/A (sky130_fd_sc_hd__buf_2)
     5    0.038184    0.143063    0.197619    2.528827 ^ _1826_/X (sky130_fd_sc_hd__buf_2)
                                                         _0629_ (net)
                      0.143114    0.002349    2.531177 ^ _1353_/B (sky130_fd_sc_hd__nor2_2)
     1    0.010147    0.043814    0.038144    2.569321 v _1353_/Y (sky130_fd_sc_hd__nor2_2)
                                                         _0579_ (net)
                      0.043825    0.000580    2.569901 v fanout47/A (sky130_fd_sc_hd__clkdlybuf4s25_1)
     5    0.042019    0.213327    0.322865    2.892766 v fanout47/X (sky130_fd_sc_hd__clkdlybuf4s25_1)
                                                         net47 (net)
                      0.213328    0.000959    2.893725 v fanout42/A (sky130_fd_sc_hd__clkdlybuf4s25_1)
     4    0.016034    0.088028    0.280987    3.174711 v fanout42/X (sky130_fd_sc_hd__clkdlybuf4s25_1)
                                                         net42 (net)
                      0.088028    0.000308    3.175019 v load_slew43/A (sky130_fd_sc_hd__buf_4)
     7    0.042530    0.049544    0.147729    3.322748 v load_slew43/X (sky130_fd_sc_hd__buf_4)
                                                         net43 (net)
                      0.049658    0.002189    3.324936 v _1414_/B1 (sky130_fd_sc_hd__o21ai_2)
     1    0.005000    0.077566    0.049126    3.374063 ^ _1414_/Y (sky130_fd_sc_hd__o21ai_2)
                                                         _0617_ (net)
                      0.077566    0.000150    3.374213 ^ _1415_/B1 (sky130_fd_sc_hd__a21oi_2)
     1    0.002716    0.038594    0.017252    3.391465 v _1415_/Y (sky130_fd_sc_hd__a21oi_2)
                                                         _0414_ (net)
                      0.038594    0.000087    3.391552 v _1976_/A (sky130_fd_sc_hd__buf_2)
     1    0.002275    0.016102    0.076481    3.468033 v _1976_/X (sky130_fd_sc_hd__buf_2)
                                                         _1063_ (net)
                      0.016102    0.000066    3.468099 v _1555_/D (sky130_fd_sc_hd__dfxtp_2)
                                              3.468099   data arrival time

                                 10.000000   10.000000   clock clk (rise edge)
                                  0.000000   10.000000   clock source latency
     2    0.157459    0.537694    0.388335   10.388335 ^ clk (in)
                                                         clk (net)
                      0.571537    0.000000   10.388335 ^ clkbuf_regs_0_clk/A (sky130_fd_sc_hd__clkbuf_16)
     1    0.008638    0.038950    0.122082   10.510417 ^ clkbuf_regs_0_clk/X (sky130_fd_sc_hd__clkbuf_16)
                                                         clk_regs (net)
                      0.038950    0.000258   10.510674 ^ clkbuf_0_clk_regs/A (sky130_fd_sc_hd__clkbuf_16)
     8    0.079104    0.073558    0.113889   10.624564 ^ clkbuf_0_clk_regs/X (sky130_fd_sc_hd__clkbuf_16)
                                                         clknet_0_clk_regs (net)
                      0.073668    0.002158   10.626722 ^ clkbuf_3_4_0_clk_regs/A (sky130_fd_sc_hd__clkbuf_8)
     2    0.019130    0.036943    0.093841   10.720563 ^ clkbuf_3_4_0_clk_regs/X (sky130_fd_sc_hd__clkbuf_8)
                                                         clknet_3_4_0_clk_regs (net)
                      0.036951    0.000496   10.721059 ^ clkbuf_4_8__f_clk_regs/A (sky130_fd_sc_hd__clkbuf_16)
     9    0.029937    0.038069    0.088134   10.809193 ^ clkbuf_4_8__f_clk_regs/X (sky130_fd_sc_hd__clkbuf_16)
                                                         clknet_4_8__leaf_clk_regs (net)
                      0.038095    0.000843   10.810036 ^ _1555_/CLK (sky130_fd_sc_hd__dfxtp_2)
                                 -0.100000   10.710036   clock uncertainty
                                  0.000000   10.710036   clock reconvergence pessimism
                                 -0.064961   10.645075   library setup time
                                             10.645075   data required time
---------------------------------------------------------------------------------------------
                                             10.645075   data required time
                                             -3.468099   data arrival time
---------------------------------------------------------------------------------------------
                                              7.176976   slack (MET)


Startpoint: reset (input port clocked by clk)
Endpoint: _1549_ (rising edge-triggered flip-flop clocked by clk)
Path Group: clk
Path Type: max

Fanout         Cap        Slew       Delay        Time   Description
---------------------------------------------------------------------------------------------
                                  0.000000    0.000000   clock clk (rise edge)
                                  0.000000    0.000000   clock network delay (propagated)
                                  2.000000    2.000000 ^ input external delay
     3    0.122379    0.415328    0.331209    2.331209 ^ reset (in)
                                                         reset (net)
                      0.434769    0.000000    2.331209 ^ _1826_/A (sky130_fd_sc_hd__buf_2)
     5    0.038184    0.143063    0.197619    2.528827 ^ _1826_/X (sky130_fd_sc_hd__buf_2)
                                                         _0629_ (net)
                      0.143114    0.002349    2.531177 ^ _1353_/B (sky130_fd_sc_hd__nor2_2)
     1    0.010147    0.043814    0.038144    2.569321 v _1353_/Y (sky130_fd_sc_hd__nor2_2)
                                                         _0579_ (net)
                      0.043825    0.000580    2.569901 v fanout47/A (sky130_fd_sc_hd__clkdlybuf4s25_1)
     5    0.042019    0.213327    0.322865    2.892766 v fanout47/X (sky130_fd_sc_hd__clkdlybuf4s25_1)
                                                         net47 (net)
                      0.213328    0.000959    2.893725 v fanout42/A (sky130_fd_sc_hd__clkdlybuf4s25_1)
     4    0.016034    0.088028    0.280987    3.174711 v fanout42/X (sky130_fd_sc_hd__clkdlybuf4s25_1)
                                                         net42 (net)
                      0.088028    0.000308    3.175019 v load_slew43/A (sky130_fd_sc_hd__buf_4)
     7    0.042530    0.049544    0.147729    3.322748 v load_slew43/X (sky130_fd_sc_hd__buf_4)
                                                         net43 (net)
                      0.049586    0.001404    3.324152 v _1398_/B1 (sky130_fd_sc_hd__o21ai_2)
     1    0.005031    0.077104    0.049185    3.373337 ^ _1398_/Y (sky130_fd_sc_hd__o21ai_2)
                                                         _0607_ (net)
                      0.077104    0.000153    3.373490 ^ _1399_/B1 (sky130_fd_sc_hd__a21oi_2)
     1    0.002596    0.036288    0.016908    3.390399 v _1399_/Y (sky130_fd_sc_hd__a21oi_2)
                                                         _0408_ (net)
                      0.036288    0.000082    3.390481 v _1970_/A (sky130_fd_sc_hd__buf_2)
     1    0.002229    0.016030    0.075394    3.465875 v _1970_/X (sky130_fd_sc_hd__buf_2)
                                                         _1057_ (net)
                      0.016030    0.000066    3.465940 v _1549_/D (sky130_fd_sc_hd__dfxtp_2)
                                              3.465940   data arrival time

                                 10.000000   10.000000   clock clk (rise edge)
                                  0.000000   10.000000   clock source latency
     2    0.157459    0.537694    0.388335   10.388335 ^ clk (in)
                                                         clk (net)
                      0.571537    0.000000   10.388335 ^ clkbuf_regs_0_clk/A (sky130_fd_sc_hd__clkbuf_16)
     1    0.008638    0.038950    0.122082   10.510417 ^ clkbuf_regs_0_clk/X (sky130_fd_sc_hd__clkbuf_16)
                                                         clk_regs (net)
                      0.038950    0.000258   10.510674 ^ clkbuf_0_clk_regs/A (sky130_fd_sc_hd__clkbuf_16)
     8    0.079104    0.073558    0.113889   10.624564 ^ clkbuf_0_clk_regs/X (sky130_fd_sc_hd__clkbuf_16)
                                                         clknet_0_clk_regs (net)
                      0.073634    0.001805   10.626369 ^ clkbuf_3_6_0_clk_regs/A (sky130_fd_sc_hd__clkbuf_8)
     2    0.019914    0.037846    0.094602   10.720970 ^ clkbuf_3_6_0_clk_regs/X (sky130_fd_sc_hd__clkbuf_8)
                                                         clknet_3_6_0_clk_regs (net)
                      0.037855    0.000515   10.721485 ^ clkbuf_4_13__f_clk_regs/A (sky130_fd_sc_hd__clkbuf_16)
     8    0.025961    0.035225    0.085784   10.807269 ^ clkbuf_4_13__f_clk_regs/X (sky130_fd_sc_hd__clkbuf_16)
                                                         clknet_4_13__leaf_clk_regs (net)
                      0.035263    0.000945   10.808214 ^ _1549_/CLK (sky130_fd_sc_hd__dfxtp_2)
                                 -0.100000   10.708214   clock uncertainty
                                  0.000000   10.708214   clock reconvergence pessimism
                                 -0.065207   10.643006   library setup time
                                             10.643006   data required time
---------------------------------------------------------------------------------------------
                                             10.643006   data required time
                                             -3.465940   data arrival time
---------------------------------------------------------------------------------------------
                                              7.177067   slack (MET)


Startpoint: reset (input port clocked by clk)
Endpoint: _1532_ (rising edge-triggered flip-flop clocked by clk)
Path Group: clk
Path Type: max

Fanout         Cap        Slew       Delay        Time   Description
---------------------------------------------------------------------------------------------
                                  0.000000    0.000000   clock clk (rise edge)
                                  0.000000    0.000000   clock network delay (propagated)
                                  2.000000    2.000000 ^ input external delay
     3    0.122379    0.415328    0.331209    2.331209 ^ reset (in)
                                                         reset (net)
                      0.434769    0.000000    2.331209 ^ _1826_/A (sky130_fd_sc_hd__buf_2)
     5    0.038184    0.143063    0.197619    2.528827 ^ _1826_/X (sky130_fd_sc_hd__buf_2)
                                                         _0629_ (net)
                      0.143114    0.002349    2.531177 ^ _1353_/B (sky130_fd_sc_hd__nor2_2)
     1    0.010147    0.043814    0.038144    2.569321 v _1353_/Y (sky130_fd_sc_hd__nor2_2)
                                                         _0579_ (net)
                      0.043825    0.000580    2.569901 v fanout47/A (sky130_fd_sc_hd__clkdlybuf4s25_1)
     5    0.042019    0.213327    0.322865    2.892766 v fanout47/X (sky130_fd_sc_hd__clkdlybuf4s25_1)
                                                         net47 (net)
                      0.213464    0.005150    2.897916 v fanout45/A (sky130_fd_sc_hd__clkdlybuf4s25_1)
     6    0.027804    0.144461    0.326219    3.224135 v fanout45/X (sky130_fd_sc_hd__clkdlybuf4s25_1)
                                                         net45 (net)
                      0.144472    0.001382    3.225517 v _1354_/B (sky130_fd_sc_hd__and2b_2)
     1    0.001989    0.024747    0.165268    3.390785 v _1354_/X (sky130_fd_sc_hd__and2b_2)
                                                         _0391_ (net)
                      0.024747    0.000058    3.390843 v _1953_/A (sky130_fd_sc_hd__buf_2)
     1    0.002214    0.016003    0.070523    3.461366 v _1953_/X (sky130_fd_sc_hd__buf_2)
                                                         _1040_ (net)
                      0.016003    0.000066    3.461431 v _1532_/D (sky130_fd_sc_hd__dfxtp_2)
                                              3.461431   data arrival time

                                 10.000000   10.000000   clock clk (rise edge)
                                  0.000000   10.000000   clock source latency
     2    0.157459    0.537694    0.388335   10.388335 ^ clk (in)
                                                         clk (net)
                      0.571537    0.000000   10.388335 ^ clkbuf_regs_0_clk/A (sky130_fd_sc_hd__clkbuf_16)
     1    0.008638    0.038950    0.122082   10.510417 ^ clkbuf_regs_0_clk/X (sky130_fd_sc_hd__clkbuf_16)
                                                         clk_regs (net)
                      0.038950    0.000258   10.510674 ^ clkbuf_0_clk_regs/A (sky130_fd_sc_hd__clkbuf_16)
     8    0.079104    0.073558    0.113889   10.624564 ^ clkbuf_0_clk_regs/X (sky130_fd_sc_hd__clkbuf_16)
                                                         clknet_0_clk_regs (net)
                      0.073740    0.002760   10.627323 ^ clkbuf_3_7_0_clk_regs/A (sky130_fd_sc_hd__clkbuf_8)
     2    0.018292    0.035983    0.093038   10.720362 ^ clkbuf_3_7_0_clk_regs/X (sky130_fd_sc_hd__clkbuf_8)
                                                         clknet_3_7_0_clk_regs (net)
                      0.035992    0.000491   10.720853 ^ clkbuf_4_15__f_clk_regs/A (sky130_fd_sc_hd__clkbuf_16)
     8    0.024233    0.033990    0.084117   10.804970 ^ clkbuf_4_15__f_clk_regs/X (sky130_fd_sc_hd__clkbuf_16)
                                                         clknet_4_15__leaf_clk_regs (net)
                      0.033990    0.000262   10.805232 ^ _1532_/CLK (sky130_fd_sc_hd__dfxtp_2)
                                 -0.100000   10.705232   clock uncertainty
                                  0.000000   10.705232   clock reconvergence pessimism
                                 -0.065320   10.639912   library setup time
                                             10.639912   data required time
---------------------------------------------------------------------------------------------
                                             10.639912   data required time
                                             -3.461431   data arrival time
---------------------------------------------------------------------------------------------
                                              7.178480   slack (MET)


Startpoint: reset (input port clocked by clk)
Endpoint: _1551_ (rising edge-triggered flip-flop clocked by clk)
Path Group: clk
Path Type: max

Fanout         Cap        Slew       Delay        Time   Description
---------------------------------------------------------------------------------------------
                                  0.000000    0.000000   clock clk (rise edge)
                                  0.000000    0.000000   clock network delay (propagated)
                                  2.000000    2.000000 ^ input external delay
     3    0.122379    0.415328    0.331209    2.331209 ^ reset (in)
                                                         reset (net)
                      0.434769    0.000000    2.331209 ^ _1826_/A (sky130_fd_sc_hd__buf_2)
     5    0.038184    0.143063    0.197619    2.528827 ^ _1826_/X (sky130_fd_sc_hd__buf_2)
                                                         _0629_ (net)
                      0.143114    0.002349    2.531177 ^ _1353_/B (sky130_fd_sc_hd__nor2_2)
     1    0.010147    0.043814    0.038144    2.569321 v _1353_/Y (sky130_fd_sc_hd__nor2_2)
                                                         _0579_ (net)
                      0.043825    0.000580    2.569901 v fanout47/A (sky130_fd_sc_hd__clkdlybuf4s25_1)
     5    0.042019    0.213327    0.322865    2.892766 v fanout47/X (sky130_fd_sc_hd__clkdlybuf4s25_1)
                                                         net47 (net)
                      0.213328    0.000959    2.893725 v fanout42/A (sky130_fd_sc_hd__clkdlybuf4s25_1)
     4    0.016034    0.088028    0.280987    3.174711 v fanout42/X (sky130_fd_sc_hd__clkdlybuf4s25_1)
                                                         net42 (net)
                      0.088028    0.000308    3.175019 v load_slew43/A (sky130_fd_sc_hd__buf_4)
     7    0.042530    0.049544    0.147729    3.322748 v load_slew43/X (sky130_fd_sc_hd__buf_4)
                                                         net43 (net)
                      0.049552    0.000732    3.323479 v _1404_/B1 (sky130_fd_sc_hd__o21ai_2)
     1    0.005845    0.082356    0.051515    3.374994 ^ _1404_/Y (sky130_fd_sc_hd__o21ai_2)
                                                         _0611_ (net)
                      0.082356    0.000199    3.375194 ^ _1405_/B (sky130_fd_sc_hd__nor2_2)
     1    0.002378    0.028441    0.017051    3.392245 v _1405_/Y (sky130_fd_sc_hd__nor2_2)
                                                         _0410_ (net)
                      0.028441    0.000072    3.392317 v _1972_/A (sky130_fd_sc_hd__buf_2)
     1    0.002208    0.015994    0.072053    3.464370 v _1972_/X (sky130_fd_sc_hd__buf_2)
                                                         _1059_ (net)
                      0.015994    0.000066    3.464437 v _1551_/D (sky130_fd_sc_hd__dfxtp_2)
                                              3.464437   data arrival time

                                 10.000000   10.000000   clock clk (rise edge)
                                  0.000000   10.000000   clock source latency
     2    0.157459    0.537694    0.388335   10.388335 ^ clk (in)
                                                         clk (net)
                      0.571537    0.000000   10.388335 ^ clkbuf_regs_0_clk/A (sky130_fd_sc_hd__clkbuf_16)
     1    0.008638    0.038950    0.122082   10.510417 ^ clkbuf_regs_0_clk/X (sky130_fd_sc_hd__clkbuf_16)
                                                         clk_regs (net)
                      0.038950    0.000258   10.510674 ^ clkbuf_0_clk_regs/A (sky130_fd_sc_hd__clkbuf_16)
     8    0.079104    0.073558    0.113889   10.624564 ^ clkbuf_0_clk_regs/X (sky130_fd_sc_hd__clkbuf_16)
                                                         clknet_0_clk_regs (net)
                      0.073634    0.001805   10.626369 ^ clkbuf_3_6_0_clk_regs/A (sky130_fd_sc_hd__clkbuf_8)
     2    0.019914    0.037846    0.094602   10.720970 ^ clkbuf_3_6_0_clk_regs/X (sky130_fd_sc_hd__clkbuf_8)
                                                         clknet_3_6_0_clk_regs (net)
                      0.037855    0.000515   10.721485 ^ clkbuf_4_13__f_clk_regs/A (sky130_fd_sc_hd__clkbuf_16)
     8    0.025961    0.035225    0.085784   10.807269 ^ clkbuf_4_13__f_clk_regs/X (sky130_fd_sc_hd__clkbuf_16)
                                                         clknet_4_13__leaf_clk_regs (net)
                      0.035273    0.001051   10.808320 ^ _1551_/CLK (sky130_fd_sc_hd__dfxtp_2)
                                 -0.100000   10.708320   clock uncertainty
                                  0.000000   10.708320   clock reconvergence pessimism
                                 -0.065194   10.643126   library setup time
                                             10.643126   data required time
---------------------------------------------------------------------------------------------
                                             10.643126   data required time
                                             -3.464437   data arrival time
---------------------------------------------------------------------------------------------
                                              7.178690   slack (MET)


Startpoint: reset (input port clocked by clk)
Endpoint: _1493_ (rising edge-triggered flip-flop clocked by clk)
Path Group: clk
Path Type: max

Fanout         Cap        Slew       Delay        Time   Description
---------------------------------------------------------------------------------------------
                                  0.000000    0.000000   clock clk (rise edge)
                                  0.000000    0.000000   clock network delay (propagated)
                                  2.000000    2.000000 ^ input external delay
     3    0.122379    0.415328    0.331209    2.331209 ^ reset (in)
                                                         reset (net)
                      0.434769    0.000000    2.331209 ^ _1826_/A (sky130_fd_sc_hd__buf_2)
     5    0.038184    0.143063    0.197619    2.528827 ^ _1826_/X (sky130_fd_sc_hd__buf_2)
                                                         _0629_ (net)
                      0.143125    0.002589    2.531416 ^ _1090_/A (sky130_fd_sc_hd__inv_2)
     4    0.049589    0.091304    0.101986    2.633402 v _1090_/Y (sky130_fd_sc_hd__inv_2)
                                                         _0291_ (net)
                      0.091456    0.003165    2.636567 v fanout70/A (sky130_fd_sc_hd__buf_1)
    10    0.052447    0.206087    0.230217    2.866784 v fanout70/X (sky130_fd_sc_hd__buf_1)
                                                         net70 (net)
                      0.206373    0.006777    2.873561 v fanout69/A (sky130_fd_sc_hd__clkdlybuf4s25_1)
    10    0.030227    0.156148    0.333700    3.207261 v fanout69/X (sky130_fd_sc_hd__clkdlybuf4s25_1)
                                                         net69 (net)
                      0.156151    0.000897    3.208157 v _1314_/B (sky130_fd_sc_hd__and2_2)
     1    0.002418    0.026672    0.170997    3.379154 v _1314_/X (sky130_fd_sc_hd__and2_2)
                                                         _0352_ (net)
                      0.026672    0.000072    3.379226 v _1914_/A (sky130_fd_sc_hd__buf_2)
     1    0.003555    0.018138    0.074830    3.454056 v _1914_/X (sky130_fd_sc_hd__buf_2)
                                                         _0988_ (net)
                      0.018139    0.000124    3.454180 v _1493_/D (sky130_fd_sc_hd__dfxtp_2)
                                              3.454180   data arrival time

                                 10.000000   10.000000   clock clk (rise edge)
                                  0.000000   10.000000   clock source latency
     2    0.157459    0.537694    0.388335   10.388335 ^ clk (in)
                                                         clk (net)
                      0.571537    0.000000   10.388335 ^ clkbuf_regs_0_clk/A (sky130_fd_sc_hd__clkbuf_16)
     1    0.008638    0.038950    0.122082   10.510417 ^ clkbuf_regs_0_clk/X (sky130_fd_sc_hd__clkbuf_16)
                                                         clk_regs (net)
                      0.038950    0.000258   10.510674 ^ clkbuf_0_clk_regs/A (sky130_fd_sc_hd__clkbuf_16)
     8    0.079104    0.073558    0.113889   10.624564 ^ clkbuf_0_clk_regs/X (sky130_fd_sc_hd__clkbuf_16)
                                                         clknet_0_clk_regs (net)
                      0.073740    0.002760   10.627323 ^ clkbuf_3_7_0_clk_regs/A (sky130_fd_sc_hd__clkbuf_8)
     2    0.018292    0.035983    0.093038   10.720362 ^ clkbuf_3_7_0_clk_regs/X (sky130_fd_sc_hd__clkbuf_8)
                                                         clknet_3_7_0_clk_regs (net)
                      0.035990    0.000443   10.720805 ^ clkbuf_4_14__f_clk_regs/A (sky130_fd_sc_hd__clkbuf_16)
     8    0.027397    0.036234    0.086277   10.807082 ^ clkbuf_4_14__f_clk_regs/X (sky130_fd_sc_hd__clkbuf_16)
                                                         clknet_4_14__leaf_clk_regs (net)
                      0.036261    0.000822   10.807903 ^ _1493_/CLK (sky130_fd_sc_hd__dfxtp_2)
                                 -0.100000   10.707903   clock uncertainty
                                  0.000000   10.707903   clock reconvergence pessimism
                                 -0.065864   10.642038   library setup time
                                             10.642038   data required time
---------------------------------------------------------------------------------------------
                                             10.642038   data required time
                                             -3.454180   data arrival time
---------------------------------------------------------------------------------------------
                                              7.187859   slack (MET)


Startpoint: reset (input port clocked by clk)
Endpoint: _1475_ (rising edge-triggered flip-flop clocked by clk)
Path Group: clk
Path Type: max

Fanout         Cap        Slew       Delay        Time   Description
---------------------------------------------------------------------------------------------
                                  0.000000    0.000000   clock clk (rise edge)
                                  0.000000    0.000000   clock network delay (propagated)
                                  2.000000    2.000000 ^ input external delay
     3    0.122379    0.415328    0.331209    2.331209 ^ reset (in)
                                                         reset (net)
                      0.434769    0.000000    2.331209 ^ _1826_/A (sky130_fd_sc_hd__buf_2)
     5    0.038184    0.143063    0.197619    2.528827 ^ _1826_/X (sky130_fd_sc_hd__buf_2)
                                                         _0629_ (net)
                      0.143125    0.002589    2.531416 ^ _1090_/A (sky130_fd_sc_hd__inv_2)
     4    0.049589    0.091304    0.101986    2.633402 v _1090_/Y (sky130_fd_sc_hd__inv_2)
                                                         _0291_ (net)
                      0.091456    0.003165    2.636567 v fanout70/A (sky130_fd_sc_hd__buf_1)
    10    0.052447    0.206087    0.230217    2.866784 v fanout70/X (sky130_fd_sc_hd__buf_1)
                                                         net70 (net)
                      0.206373    0.006777    2.873561 v fanout69/A (sky130_fd_sc_hd__clkdlybuf4s25_1)
    10    0.030227    0.156148    0.333700    3.207261 v fanout69/X (sky130_fd_sc_hd__clkdlybuf4s25_1)
                                                         net69 (net)
                      0.156159    0.001415    3.208675 v _1296_/B (sky130_fd_sc_hd__and2_2)
     1    0.002459    0.026750    0.171133    3.379808 v _1296_/X (sky130_fd_sc_hd__and2_2)
                                                         _0334_ (net)
                      0.026750    0.000074    3.379883 v _1896_/A (sky130_fd_sc_hd__buf_2)
     1    0.003045    0.017307    0.073539    3.453422 v _1896_/X (sky130_fd_sc_hd__buf_2)
                                                         _0952_ (net)
                      0.017307    0.000094    3.453516 v _1475_/D (sky130_fd_sc_hd__dfxtp_2)
                                              3.453516   data arrival time

                                 10.000000   10.000000   clock clk (rise edge)
                                  0.000000   10.000000   clock source latency
     2    0.157459    0.537694    0.388335   10.388335 ^ clk (in)
                                                         clk (net)
                      0.571537    0.000000   10.388335 ^ clkbuf_regs_0_clk/A (sky130_fd_sc_hd__clkbuf_16)
     1    0.008638    0.038950    0.122082   10.510417 ^ clkbuf_regs_0_clk/X (sky130_fd_sc_hd__clkbuf_16)
                                                         clk_regs (net)
                      0.038950    0.000258   10.510674 ^ clkbuf_0_clk_regs/A (sky130_fd_sc_hd__clkbuf_16)
     8    0.079104    0.073558    0.113889   10.624564 ^ clkbuf_0_clk_regs/X (sky130_fd_sc_hd__clkbuf_16)
                                                         clknet_0_clk_regs (net)
                      0.073634    0.001805   10.626369 ^ clkbuf_3_6_0_clk_regs/A (sky130_fd_sc_hd__clkbuf_8)
     2    0.019914    0.037846    0.094602   10.720970 ^ clkbuf_3_6_0_clk_regs/X (sky130_fd_sc_hd__clkbuf_8)
                                                         clknet_3_6_0_clk_regs (net)
                      0.037856    0.000550   10.721520 ^ clkbuf_4_12__f_clk_regs/A (sky130_fd_sc_hd__clkbuf_16)
     8    0.025119    0.034629    0.085468   10.806988 ^ clkbuf_4_12__f_clk_regs/X (sky130_fd_sc_hd__clkbuf_16)
                                                         clknet_4_12__leaf_clk_regs (net)
                      0.034634    0.000375   10.807363 ^ _1475_/CLK (sky130_fd_sc_hd__dfxtp_2)
                                 -0.100000   10.707362   clock uncertainty
                                  0.000000   10.707362   clock reconvergence pessimism
                                 -0.065724   10.641639   library setup time
                                             10.641639   data required time
---------------------------------------------------------------------------------------------
                                             10.641639   data required time
                                             -3.453516   data arrival time
---------------------------------------------------------------------------------------------
                                              7.188123   slack (MET)


Startpoint: reset (input port clocked by clk)
Endpoint: _1482_ (rising edge-triggered flip-flop clocked by clk)
Path Group: clk
Path Type: max

Fanout         Cap        Slew       Delay        Time   Description
---------------------------------------------------------------------------------------------
                                  0.000000    0.000000   clock clk (rise edge)
                                  0.000000    0.000000   clock network delay (propagated)
                                  2.000000    2.000000 ^ input external delay
     3    0.122379    0.415328    0.331209    2.331209 ^ reset (in)
                                                         reset (net)
                      0.434769    0.000000    2.331209 ^ _1826_/A (sky130_fd_sc_hd__buf_2)
     5    0.038184    0.143063    0.197619    2.528827 ^ _1826_/X (sky130_fd_sc_hd__buf_2)
                                                         _0629_ (net)
                      0.143125    0.002589    2.531416 ^ _1090_/A (sky130_fd_sc_hd__inv_2)
     4    0.049589    0.091304    0.101986    2.633402 v _1090_/Y (sky130_fd_sc_hd__inv_2)
                                                         _0291_ (net)
                      0.091456    0.003165    2.636567 v fanout70/A (sky130_fd_sc_hd__buf_1)
    10    0.052447    0.206087    0.230217    2.866784 v fanout70/X (sky130_fd_sc_hd__buf_1)
                                                         net70 (net)
                      0.206373    0.006777    2.873561 v fanout69/A (sky130_fd_sc_hd__clkdlybuf4s25_1)
    10    0.030227    0.156148    0.333700    3.207261 v fanout69/X (sky130_fd_sc_hd__clkdlybuf4s25_1)
                                                         net69 (net)
                      0.156156    0.001251    3.208512 v _1303_/B (sky130_fd_sc_hd__and2_2)
     1    0.002084    0.026029    0.169901    3.378412 v _1303_/X (sky130_fd_sc_hd__and2_2)
                                                         _0341_ (net)
                      0.026029    0.000062    3.378474 v _1903_/A (sky130_fd_sc_hd__buf_2)
     1    0.002892    0.017068    0.072835    3.451309 v _1903_/X (sky130_fd_sc_hd__buf_2)
                                                         _0966_ (net)
                      0.017068    0.000090    3.451399 v _1482_/D (sky130_fd_sc_hd__dfxtp_2)
                                              3.451399   data arrival time

                                 10.000000   10.000000   clock clk (rise edge)
                                  0.000000   10.000000   clock source latency
     2    0.157459    0.537694    0.388335   10.388335 ^ clk (in)
                                                         clk (net)
                      0.571537    0.000000   10.388335 ^ clkbuf_regs_0_clk/A (sky130_fd_sc_hd__clkbuf_16)
     1    0.008638    0.038950    0.122082   10.510417 ^ clkbuf_regs_0_clk/X (sky130_fd_sc_hd__clkbuf_16)
                                                         clk_regs (net)
                      0.038950    0.000258   10.510674 ^ clkbuf_0_clk_regs/A (sky130_fd_sc_hd__clkbuf_16)
     8    0.079104    0.073558    0.113889   10.624564 ^ clkbuf_0_clk_regs/X (sky130_fd_sc_hd__clkbuf_16)
                                                         clknet_0_clk_regs (net)
                      0.073740    0.002760   10.627323 ^ clkbuf_3_7_0_clk_regs/A (sky130_fd_sc_hd__clkbuf_8)
     2    0.018292    0.035983    0.093038   10.720362 ^ clkbuf_3_7_0_clk_regs/X (sky130_fd_sc_hd__clkbuf_8)
                                                         clknet_3_7_0_clk_regs (net)
                      0.035992    0.000491   10.720853 ^ clkbuf_4_15__f_clk_regs/A (sky130_fd_sc_hd__clkbuf_16)
     8    0.024233    0.033990    0.084117   10.804970 ^ clkbuf_4_15__f_clk_regs/X (sky130_fd_sc_hd__clkbuf_16)
                                                         clknet_4_15__leaf_clk_regs (net)
                      0.034059    0.001170   10.806139 ^ _1482_/CLK (sky130_fd_sc_hd__dfxtp_2)
                                 -0.100000   10.706140   clock uncertainty
                                  0.000000   10.706140   clock reconvergence pessimism
                                 -0.065693   10.640446   library setup time
                                             10.640446   data required time
---------------------------------------------------------------------------------------------
                                             10.640446   data required time
                                             -3.451399   data arrival time
---------------------------------------------------------------------------------------------
                                              7.189047   slack (MET)


Startpoint: reset (input port clocked by clk)
Endpoint: _1502_ (rising edge-triggered flip-flop clocked by clk)
Path Group: clk
Path Type: max

Fanout         Cap        Slew       Delay        Time   Description
---------------------------------------------------------------------------------------------
                                  0.000000    0.000000   clock clk (rise edge)
                                  0.000000    0.000000   clock network delay (propagated)
                                  2.000000    2.000000 ^ input external delay
     3    0.122379    0.415328    0.331209    2.331209 ^ reset (in)
                                                         reset (net)
                      0.434769    0.000000    2.331209 ^ _1826_/A (sky130_fd_sc_hd__buf_2)
     5    0.038184    0.143063    0.197619    2.528827 ^ _1826_/X (sky130_fd_sc_hd__buf_2)
                                                         _0629_ (net)
                      0.143125    0.002589    2.531416 ^ _1090_/A (sky130_fd_sc_hd__inv_2)
     4    0.049589    0.091304    0.101986    2.633402 v _1090_/Y (sky130_fd_sc_hd__inv_2)
                                                         _0291_ (net)
                      0.091456    0.003165    2.636567 v fanout70/A (sky130_fd_sc_hd__buf_1)
    10    0.052447    0.206087    0.230217    2.866784 v fanout70/X (sky130_fd_sc_hd__buf_1)
                                                         net70 (net)
                      0.206373    0.006777    2.873561 v fanout69/A (sky130_fd_sc_hd__clkdlybuf4s25_1)
    10    0.030227    0.156148    0.333700    3.207261 v fanout69/X (sky130_fd_sc_hd__clkdlybuf4s25_1)
                                                         net69 (net)
                      0.156158    0.001366    3.208627 v _1323_/B (sky130_fd_sc_hd__and2_2)
     1    0.002694    0.027197    0.171902    3.380529 v _1323_/X (sky130_fd_sc_hd__and2_2)
                                                         _0361_ (net)
                      0.027197    0.000084    3.380613 v _1923_/A (sky130_fd_sc_hd__buf_2)
     1    0.002388    0.016278    0.072006    3.452619 v _1923_/X (sky130_fd_sc_hd__buf_2)
                                                         _1006_ (net)
                      0.016278    0.000073    3.452692 v _1502_/D (sky130_fd_sc_hd__dfxtp_2)
                                              3.452692   data arrival time

                                 10.000000   10.000000   clock clk (rise edge)
                                  0.000000   10.000000   clock source latency
     2    0.157459    0.537694    0.388335   10.388335 ^ clk (in)
                                                         clk (net)
                      0.571537    0.000000   10.388335 ^ clkbuf_regs_0_clk/A (sky130_fd_sc_hd__clkbuf_16)
     1    0.008638    0.038950    0.122082   10.510417 ^ clkbuf_regs_0_clk/X (sky130_fd_sc_hd__clkbuf_16)
                                                         clk_regs (net)
                      0.038950    0.000258   10.510674 ^ clkbuf_0_clk_regs/A (sky130_fd_sc_hd__clkbuf_16)
     8    0.079104    0.073558    0.113889   10.624564 ^ clkbuf_0_clk_regs/X (sky130_fd_sc_hd__clkbuf_16)
                                                         clknet_0_clk_regs (net)
                      0.073634    0.001805   10.626369 ^ clkbuf_3_6_0_clk_regs/A (sky130_fd_sc_hd__clkbuf_8)
     2    0.019914    0.037846    0.094602   10.720970 ^ clkbuf_3_6_0_clk_regs/X (sky130_fd_sc_hd__clkbuf_8)
                                                         clknet_3_6_0_clk_regs (net)
                      0.037856    0.000550   10.721520 ^ clkbuf_4_12__f_clk_regs/A (sky130_fd_sc_hd__clkbuf_16)
     8    0.025119    0.034629    0.085468   10.806988 ^ clkbuf_4_12__f_clk_regs/X (sky130_fd_sc_hd__clkbuf_16)
                                                         clknet_4_12__leaf_clk_regs (net)
                      0.034635    0.000378   10.807366 ^ _1502_/CLK (sky130_fd_sc_hd__dfxtp_2)
                                 -0.100000   10.707366   clock uncertainty
                                  0.000000   10.707366   clock reconvergence pessimism
                                 -0.065356   10.642011   library setup time
                                             10.642011   data required time
---------------------------------------------------------------------------------------------
                                             10.642011   data required time
                                             -3.452692   data arrival time
---------------------------------------------------------------------------------------------
                                              7.189319   slack (MET)


Startpoint: reset (input port clocked by clk)
Endpoint: _1495_ (rising edge-triggered flip-flop clocked by clk)
Path Group: clk
Path Type: max

Fanout         Cap        Slew       Delay        Time   Description
---------------------------------------------------------------------------------------------
                                  0.000000    0.000000   clock clk (rise edge)
                                  0.000000    0.000000   clock network delay (propagated)
                                  2.000000    2.000000 ^ input external delay
     3    0.122379    0.415328    0.331209    2.331209 ^ reset (in)
                                                         reset (net)
                      0.434769    0.000000    2.331209 ^ _1826_/A (sky130_fd_sc_hd__buf_2)
     5    0.038184    0.143063    0.197619    2.528827 ^ _1826_/X (sky130_fd_sc_hd__buf_2)
                                                         _0629_ (net)
                      0.143125    0.002589    2.531416 ^ _1090_/A (sky130_fd_sc_hd__inv_2)
     4    0.049589    0.091304    0.101986    2.633402 v _1090_/Y (sky130_fd_sc_hd__inv_2)
                                                         _0291_ (net)
                      0.091456    0.003165    2.636567 v fanout70/A (sky130_fd_sc_hd__buf_1)
    10    0.052447    0.206087    0.230217    2.866784 v fanout70/X (sky130_fd_sc_hd__buf_1)
                                                         net70 (net)
                      0.206373    0.006777    2.873561 v fanout69/A (sky130_fd_sc_hd__clkdlybuf4s25_1)
    10    0.030227    0.156148    0.333700    3.207261 v fanout69/X (sky130_fd_sc_hd__clkdlybuf4s25_1)
                                                         net69 (net)
                      0.156160    0.001496    3.208756 v _1316_/B (sky130_fd_sc_hd__and2_2)
     1    0.002648    0.027110    0.171755    3.380511 v _1316_/X (sky130_fd_sc_hd__and2_2)
                                                         _0354_ (net)
                      0.027110    0.000081    3.380593 v _1916_/A (sky130_fd_sc_hd__buf_2)
     1    0.002245    0.016052    0.071592    3.452185 v _1916_/X (sky130_fd_sc_hd__buf_2)
                                                         _0992_ (net)
                      0.016052    0.000067    3.452252 v _1495_/D (sky130_fd_sc_hd__dfxtp_2)
                                              3.452252   data arrival time

                                 10.000000   10.000000   clock clk (rise edge)
                                  0.000000   10.000000   clock source latency
     2    0.157459    0.537694    0.388335   10.388335 ^ clk (in)
                                                         clk (net)
                      0.571537    0.000000   10.388335 ^ clkbuf_regs_0_clk/A (sky130_fd_sc_hd__clkbuf_16)
     1    0.008638    0.038950    0.122082   10.510417 ^ clkbuf_regs_0_clk/X (sky130_fd_sc_hd__clkbuf_16)
                                                         clk_regs (net)
                      0.038950    0.000258   10.510674 ^ clkbuf_0_clk_regs/A (sky130_fd_sc_hd__clkbuf_16)
     8    0.079104    0.073558    0.113889   10.624564 ^ clkbuf_0_clk_regs/X (sky130_fd_sc_hd__clkbuf_16)
                                                         clknet_0_clk_regs (net)
                      0.073634    0.001805   10.626369 ^ clkbuf_3_6_0_clk_regs/A (sky130_fd_sc_hd__clkbuf_8)
     2    0.019914    0.037846    0.094602   10.720970 ^ clkbuf_3_6_0_clk_regs/X (sky130_fd_sc_hd__clkbuf_8)
                                                         clknet_3_6_0_clk_regs (net)
                      0.037856    0.000550   10.721520 ^ clkbuf_4_12__f_clk_regs/A (sky130_fd_sc_hd__clkbuf_16)
     8    0.025119    0.034629    0.085468   10.806988 ^ clkbuf_4_12__f_clk_regs/X (sky130_fd_sc_hd__clkbuf_16)
                                                         clknet_4_12__leaf_clk_regs (net)
                      0.034631    0.000237   10.807225 ^ _1495_/CLK (sky130_fd_sc_hd__dfxtp_2)
                                 -0.100000   10.707225   clock uncertainty
                                  0.000000   10.707225   clock reconvergence pessimism
                                 -0.065276   10.641949   library setup time
                                             10.641949   data required time
---------------------------------------------------------------------------------------------
                                             10.641949   data required time
                                             -3.452252   data arrival time
---------------------------------------------------------------------------------------------
                                              7.189697   slack (MET)


Startpoint: reset (input port clocked by clk)
Endpoint: _1531_ (rising edge-triggered flip-flop clocked by clk)
Path Group: clk
Path Type: max

Fanout         Cap        Slew       Delay        Time   Description
---------------------------------------------------------------------------------------------
                                  0.000000    0.000000   clock clk (rise edge)
                                  0.000000    0.000000   clock network delay (propagated)
                                  2.000000    2.000000 ^ input external delay
     3    0.122379    0.415328    0.331209    2.331209 ^ reset (in)
                                                         reset (net)
                      0.434769    0.000000    2.331209 ^ _1826_/A (sky130_fd_sc_hd__buf_2)
     5    0.038184    0.143063    0.197619    2.528827 ^ _1826_/X (sky130_fd_sc_hd__buf_2)
                                                         _0629_ (net)
                      0.143125    0.002589    2.531416 ^ _1090_/A (sky130_fd_sc_hd__inv_2)
     4    0.049589    0.091304    0.101986    2.633402 v _1090_/Y (sky130_fd_sc_hd__inv_2)
                                                         _0291_ (net)
                      0.091456    0.003165    2.636567 v fanout70/A (sky130_fd_sc_hd__buf_1)
    10    0.052447    0.206087    0.230217    2.866784 v fanout70/X (sky130_fd_sc_hd__buf_1)
                                                         net70 (net)
                      0.206373    0.006777    2.873561 v fanout69/A (sky130_fd_sc_hd__clkdlybuf4s25_1)
    10    0.030227    0.156148    0.333700    3.207261 v fanout69/X (sky130_fd_sc_hd__clkdlybuf4s25_1)
                                                         net69 (net)
                      0.156149    0.000560    3.207821 v _1352_/B (sky130_fd_sc_hd__and2_2)
     1    0.002124    0.026106    0.170029    3.377850 v _1352_/X (sky130_fd_sc_hd__and2_2)
                                                         _0390_ (net)
                      0.026107    0.000063    3.377913 v _1952_/A (sky130_fd_sc_hd__buf_2)
     1    0.003032    0.017288    0.073235    3.451148 v _1952_/X (sky130_fd_sc_hd__buf_2)
                                                         _1039_ (net)
                      0.017288    0.000097    3.451245 v _1531_/D (sky130_fd_sc_hd__dfxtp_2)
                                              3.451245   data arrival time

                                 10.000000   10.000000   clock clk (rise edge)
                                  0.000000   10.000000   clock source latency
     2    0.157459    0.537694    0.388335   10.388335 ^ clk (in)
                                                         clk (net)
                      0.571537    0.000000   10.388335 ^ clkbuf_regs_0_clk/A (sky130_fd_sc_hd__clkbuf_16)
     1    0.008638    0.038950    0.122082   10.510417 ^ clkbuf_regs_0_clk/X (sky130_fd_sc_hd__clkbuf_16)
                                                         clk_regs (net)
                      0.038950    0.000258   10.510674 ^ clkbuf_0_clk_regs/A (sky130_fd_sc_hd__clkbuf_16)
     8    0.079104    0.073558    0.113889   10.624564 ^ clkbuf_0_clk_regs/X (sky130_fd_sc_hd__clkbuf_16)
                                                         clknet_0_clk_regs (net)
                      0.073729    0.002679   10.627242 ^ clkbuf_3_5_0_clk_regs/A (sky130_fd_sc_hd__clkbuf_8)
     2    0.019344    0.037186    0.094110   10.721353 ^ clkbuf_3_5_0_clk_regs/X (sky130_fd_sc_hd__clkbuf_8)
                                                         clknet_3_5_0_clk_regs (net)
                      0.037192    0.000457   10.721809 ^ clkbuf_4_10__f_clk_regs/A (sky130_fd_sc_hd__clkbuf_16)
     8    0.025141    0.034645    0.085153   10.806963 ^ clkbuf_4_10__f_clk_regs/X (sky130_fd_sc_hd__clkbuf_16)
                                                         clknet_4_10__leaf_clk_regs (net)
                      0.034668    0.000734   10.807696 ^ _1531_/CLK (sky130_fd_sc_hd__dfxtp_2)
                                 -0.100000   10.707696   clock uncertainty
                                  0.000000   10.707696   clock reconvergence pessimism
                                 -0.065714   10.641983   library setup time
                                             10.641983   data required time
---------------------------------------------------------------------------------------------
                                             10.641983   data required time
                                             -3.451245   data arrival time
---------------------------------------------------------------------------------------------
                                              7.190738   slack (MET)


Startpoint: reset (input port clocked by clk)
Endpoint: _1506_ (rising edge-triggered flip-flop clocked by clk)
Path Group: clk
Path Type: max

Fanout         Cap        Slew       Delay        Time   Description
---------------------------------------------------------------------------------------------
                                  0.000000    0.000000   clock clk (rise edge)
                                  0.000000    0.000000   clock network delay (propagated)
                                  2.000000    2.000000 ^ input external delay
     3    0.122379    0.415328    0.331209    2.331209 ^ reset (in)
                                                         reset (net)
                      0.434769    0.000000    2.331209 ^ _1826_/A (sky130_fd_sc_hd__buf_2)
     5    0.038184    0.143063    0.197619    2.528827 ^ _1826_/X (sky130_fd_sc_hd__buf_2)
                                                         _0629_ (net)
                      0.143125    0.002589    2.531416 ^ _1090_/A (sky130_fd_sc_hd__inv_2)
     4    0.049589    0.091304    0.101986    2.633402 v _1090_/Y (sky130_fd_sc_hd__inv_2)
                                                         _0291_ (net)
                      0.091456    0.003165    2.636567 v fanout70/A (sky130_fd_sc_hd__buf_1)
    10    0.052447    0.206087    0.230217    2.866784 v fanout70/X (sky130_fd_sc_hd__buf_1)
                                                         net70 (net)
                      0.206373    0.006777    2.873561 v fanout69/A (sky130_fd_sc_hd__clkdlybuf4s25_1)
    10    0.030227    0.156148    0.333700    3.207261 v fanout69/X (sky130_fd_sc_hd__clkdlybuf4s25_1)
                                                         net69 (net)
                      0.156149    0.000628    3.207888 v _1327_/B (sky130_fd_sc_hd__and2_2)
     1    0.002301    0.026448    0.170611    3.378499 v _1327_/X (sky130_fd_sc_hd__and2_2)
                                                         _0365_ (net)
                      0.026448    0.000069    3.378569 v _1927_/A (sky130_fd_sc_hd__buf_2)
     1    0.002667    0.016715    0.072422    3.450990 v _1927_/X (sky130_fd_sc_hd__buf_2)
                                                         _1014_ (net)
                      0.016715    0.000082    3.451072 v _1506_/D (sky130_fd_sc_hd__dfxtp_2)
                                              3.451072   data arrival time

                                 10.000000   10.000000   clock clk (rise edge)
                                  0.000000   10.000000   clock source latency
     2    0.157459    0.537694    0.388335   10.388335 ^ clk (in)
                                                         clk (net)
                      0.571537    0.000000   10.388335 ^ clkbuf_regs_0_clk/A (sky130_fd_sc_hd__clkbuf_16)
     1    0.008638    0.038950    0.122082   10.510417 ^ clkbuf_regs_0_clk/X (sky130_fd_sc_hd__clkbuf_16)
                                                         clk_regs (net)
                      0.038950    0.000258   10.510674 ^ clkbuf_0_clk_regs/A (sky130_fd_sc_hd__clkbuf_16)
     8    0.079104    0.073558    0.113889   10.624564 ^ clkbuf_0_clk_regs/X (sky130_fd_sc_hd__clkbuf_16)
                                                         clknet_0_clk_regs (net)
                      0.073729    0.002679   10.627242 ^ clkbuf_3_5_0_clk_regs/A (sky130_fd_sc_hd__clkbuf_8)
     2    0.019344    0.037186    0.094110   10.721353 ^ clkbuf_3_5_0_clk_regs/X (sky130_fd_sc_hd__clkbuf_8)
                                                         clknet_3_5_0_clk_regs (net)
                      0.037192    0.000457   10.721809 ^ clkbuf_4_10__f_clk_regs/A (sky130_fd_sc_hd__clkbuf_16)
     8    0.025141    0.034645    0.085153   10.806963 ^ clkbuf_4_10__f_clk_regs/X (sky130_fd_sc_hd__clkbuf_16)
                                                         clknet_4_10__leaf_clk_regs (net)
                      0.034667    0.000721   10.807684 ^ _1506_/CLK (sky130_fd_sc_hd__dfxtp_2)
                                 -0.100000   10.707684   clock uncertainty
                                  0.000000   10.707684   clock reconvergence pessimism
                                 -0.065509   10.642175   library setup time
                                             10.642175   data required time
---------------------------------------------------------------------------------------------
                                             10.642175   data required time
                                             -3.451072   data arrival time
---------------------------------------------------------------------------------------------
                                              7.191102   slack (MET)


Startpoint: reset (input port clocked by clk)
Endpoint: _1527_ (rising edge-triggered flip-flop clocked by clk)
Path Group: clk
Path Type: max

Fanout         Cap        Slew       Delay        Time   Description
---------------------------------------------------------------------------------------------
                                  0.000000    0.000000   clock clk (rise edge)
                                  0.000000    0.000000   clock network delay (propagated)
                                  2.000000    2.000000 ^ input external delay
     3    0.122379    0.415328    0.331209    2.331209 ^ reset (in)
                                                         reset (net)
                      0.434769    0.000000    2.331209 ^ _1826_/A (sky130_fd_sc_hd__buf_2)
     5    0.038184    0.143063    0.197619    2.528827 ^ _1826_/X (sky130_fd_sc_hd__buf_2)
                                                         _0629_ (net)
                      0.143125    0.002589    2.531416 ^ _1090_/A (sky130_fd_sc_hd__inv_2)
     4    0.049589    0.091304    0.101986    2.633402 v _1090_/Y (sky130_fd_sc_hd__inv_2)
                                                         _0291_ (net)
                      0.091456    0.003165    2.636567 v fanout70/A (sky130_fd_sc_hd__buf_1)
    10    0.052447    0.206087    0.230217    2.866784 v fanout70/X (sky130_fd_sc_hd__buf_1)
                                                         net70 (net)
                      0.206373    0.006777    2.873561 v fanout69/A (sky130_fd_sc_hd__clkdlybuf4s25_1)
    10    0.030227    0.156148    0.333700    3.207261 v fanout69/X (sky130_fd_sc_hd__clkdlybuf4s25_1)
                                                         net69 (net)
                      0.156158    0.001366    3.208627 v _1348_/B (sky130_fd_sc_hd__and2_2)
     1    0.002079    0.026018    0.169883    3.378510 v _1348_/X (sky130_fd_sc_hd__and2_2)
                                                         _0386_ (net)
                      0.026018    0.000062    3.378572 v _1948_/A (sky130_fd_sc_hd__buf_2)
     1    0.002275    0.016100    0.071215    3.449787 v _1948_/X (sky130_fd_sc_hd__buf_2)
                                                         _1035_ (net)
                      0.016100    0.000068    3.449856 v _1527_/D (sky130_fd_sc_hd__dfxtp_2)
                                              3.449856   data arrival time

                                 10.000000   10.000000   clock clk (rise edge)
                                  0.000000   10.000000   clock source latency
     2    0.157459    0.537694    0.388335   10.388335 ^ clk (in)
                                                         clk (net)
                      0.571537    0.000000   10.388335 ^ clkbuf_regs_0_clk/A (sky130_fd_sc_hd__clkbuf_16)
     1    0.008638    0.038950    0.122082   10.510417 ^ clkbuf_regs_0_clk/X (sky130_fd_sc_hd__clkbuf_16)
                                                         clk_regs (net)
                      0.038950    0.000258   10.510674 ^ clkbuf_0_clk_regs/A (sky130_fd_sc_hd__clkbuf_16)
     8    0.079104    0.073558    0.113889   10.624564 ^ clkbuf_0_clk_regs/X (sky130_fd_sc_hd__clkbuf_16)
                                                         clknet_0_clk_regs (net)
                      0.073634    0.001805   10.626369 ^ clkbuf_3_6_0_clk_regs/A (sky130_fd_sc_hd__clkbuf_8)
     2    0.019914    0.037846    0.094602   10.720970 ^ clkbuf_3_6_0_clk_regs/X (sky130_fd_sc_hd__clkbuf_8)
                                                         clknet_3_6_0_clk_regs (net)
                      0.037856    0.000550   10.721520 ^ clkbuf_4_12__f_clk_regs/A (sky130_fd_sc_hd__clkbuf_16)
     8    0.025119    0.034629    0.085468   10.806988 ^ clkbuf_4_12__f_clk_regs/X (sky130_fd_sc_hd__clkbuf_16)
                                                         clknet_4_12__leaf_clk_regs (net)
                      0.034635    0.000392   10.807380 ^ _1527_/CLK (sky130_fd_sc_hd__dfxtp_2)
                                 -0.100000   10.707379   clock uncertainty
                                  0.000000   10.707379   clock reconvergence pessimism
                                 -0.065292   10.642087   library setup time
                                             10.642087   data required time
---------------------------------------------------------------------------------------------
                                             10.642087   data required time
                                             -3.449856   data arrival time
---------------------------------------------------------------------------------------------
                                              7.192231   slack (MET)


Startpoint: reset (input port clocked by clk)
Endpoint: _1558_ (rising edge-triggered flip-flop clocked by clk)
Path Group: clk
Path Type: max

Fanout         Cap        Slew       Delay        Time   Description
---------------------------------------------------------------------------------------------
                                  0.000000    0.000000   clock clk (rise edge)
                                  0.000000    0.000000   clock network delay (propagated)
                                  2.000000    2.000000 ^ input external delay
     3    0.122379    0.415328    0.331209    2.331209 ^ reset (in)
                                                         reset (net)
                      0.434769    0.000000    2.331209 ^ _1826_/A (sky130_fd_sc_hd__buf_2)
     5    0.038184    0.143063    0.197619    2.528827 ^ _1826_/X (sky130_fd_sc_hd__buf_2)
                                                         _0629_ (net)
                      0.143114    0.002349    2.531177 ^ _1353_/B (sky130_fd_sc_hd__nor2_2)
     1    0.010147    0.043814    0.038144    2.569321 v _1353_/Y (sky130_fd_sc_hd__nor2_2)
                                                         _0579_ (net)
                      0.043825    0.000580    2.569901 v fanout47/A (sky130_fd_sc_hd__clkdlybuf4s25_1)
     5    0.042019    0.213327    0.322865    2.892766 v fanout47/X (sky130_fd_sc_hd__clkdlybuf4s25_1)
                                                         net47 (net)
                      0.213383    0.003463    2.896229 v fanout44/A (sky130_fd_sc_hd__clkdlybuf4s25_1)
     7    0.037304    0.190264    0.363081    3.259310 v fanout44/X (sky130_fd_sc_hd__clkdlybuf4s25_1)
                                                         net44 (net)
                      0.190265    0.000726    3.260036 v _1424_/B1 (sky130_fd_sc_hd__o21ai_2)
     1    0.005323    0.078441    0.095686    3.355722 ^ _1424_/Y (sky130_fd_sc_hd__o21ai_2)
                                                         _0624_ (net)
                      0.078441    0.000117    3.355839 ^ _1425_/B (sky130_fd_sc_hd__nor2_2)
     1    0.003587    0.034197    0.020869    3.376708 v _1425_/Y (sky130_fd_sc_hd__nor2_2)
                                                         _0417_ (net)
                      0.034197    0.000098    3.376806 v _1979_/A (sky130_fd_sc_hd__buf_2)
     1    0.002389    0.016279    0.074937    3.451743 v _1979_/X (sky130_fd_sc_hd__buf_2)
                                                         _1066_ (net)
                      0.016279    0.000071    3.451814 v _1558_/D (sky130_fd_sc_hd__dfxtp_2)
                                              3.451814   data arrival time

                                 10.000000   10.000000   clock clk (rise edge)
                                  0.000000   10.000000   clock source latency
     2    0.157459    0.537694    0.388335   10.388335 ^ clk (in)
                                                         clk (net)
                      0.571537    0.000000   10.388335 ^ clkbuf_regs_0_clk/A (sky130_fd_sc_hd__clkbuf_16)
     1    0.008638    0.038950    0.122082   10.510417 ^ clkbuf_regs_0_clk/X (sky130_fd_sc_hd__clkbuf_16)
                                                         clk_regs (net)
                      0.038950    0.000258   10.510674 ^ clkbuf_0_clk_regs/A (sky130_fd_sc_hd__clkbuf_16)
     8    0.079104    0.073558    0.113889   10.624564 ^ clkbuf_0_clk_regs/X (sky130_fd_sc_hd__clkbuf_16)
                                                         clknet_0_clk_regs (net)
                      0.073668    0.002158   10.626722 ^ clkbuf_3_4_0_clk_regs/A (sky130_fd_sc_hd__clkbuf_8)
     2    0.019130    0.036943    0.093841   10.720563 ^ clkbuf_3_4_0_clk_regs/X (sky130_fd_sc_hd__clkbuf_8)
                                                         clknet_3_4_0_clk_regs (net)
                      0.036952    0.000524   10.721087 ^ clkbuf_4_9__f_clk_regs/A (sky130_fd_sc_hd__clkbuf_16)
     9    0.030287    0.038292    0.088488   10.809576 ^ clkbuf_4_9__f_clk_regs/X (sky130_fd_sc_hd__clkbuf_16)
                                                         clknet_4_9__leaf_clk_regs (net)
                      0.038297    0.000457   10.810033 ^ _1558_/CLK (sky130_fd_sc_hd__dfxtp_2)
                                 -0.100000   10.710033   clock uncertainty
                                  0.000000   10.710033   clock reconvergence pessimism
                                 -0.065005   10.645028   library setup time
                                             10.645028   data required time
---------------------------------------------------------------------------------------------
                                             10.645028   data required time
                                             -3.451814   data arrival time
---------------------------------------------------------------------------------------------
                                              7.193214   slack (MET)


Startpoint: reset (input port clocked by clk)
Endpoint: _1545_ (rising edge-triggered flip-flop clocked by clk)
Path Group: clk
Path Type: max

Fanout         Cap        Slew       Delay        Time   Description
---------------------------------------------------------------------------------------------
                                  0.000000    0.000000   clock clk (rise edge)
                                  0.000000    0.000000   clock network delay (propagated)
                                  2.000000    2.000000 ^ input external delay
     3    0.122379    0.415328    0.331209    2.331209 ^ reset (in)
                                                         reset (net)
                      0.434769    0.000000    2.331209 ^ _1826_/A (sky130_fd_sc_hd__buf_2)
     5    0.038184    0.143063    0.197619    2.528827 ^ _1826_/X (sky130_fd_sc_hd__buf_2)
                                                         _0629_ (net)
                      0.143114    0.002349    2.531177 ^ _1353_/B (sky130_fd_sc_hd__nor2_2)
     1    0.010147    0.043814    0.038144    2.569321 v _1353_/Y (sky130_fd_sc_hd__nor2_2)
                                                         _0579_ (net)
                      0.043825    0.000580    2.569901 v fanout47/A (sky130_fd_sc_hd__clkdlybuf4s25_1)
     5    0.042019    0.213327    0.322865    2.892766 v fanout47/X (sky130_fd_sc_hd__clkdlybuf4s25_1)
                                                         net47 (net)
                      0.213383    0.003463    2.896229 v fanout44/A (sky130_fd_sc_hd__clkdlybuf4s25_1)
     7    0.037304    0.190264    0.363081    3.259310 v fanout44/X (sky130_fd_sc_hd__clkdlybuf4s25_1)
                                                         net44 (net)
                      0.190264    0.000543    3.259853 v _1388_/B1 (sky130_fd_sc_hd__o21ai_2)
     1    0.005772    0.082382    0.097833    3.357686 ^ _1388_/Y (sky130_fd_sc_hd__o21ai_2)
                                                         _0601_ (net)
                      0.082382    0.000193    3.357879 ^ _1389_/B (sky130_fd_sc_hd__nor2_2)
     1    0.002772    0.030572    0.018272    3.376151 v _1389_/Y (sky130_fd_sc_hd__nor2_2)
                                                         _0404_ (net)
                      0.030572    0.000088    3.376239 v _1966_/A (sky130_fd_sc_hd__buf_2)
     1    0.002237    0.016040    0.073027    3.449266 v _1966_/X (sky130_fd_sc_hd__buf_2)
                                                         _1053_ (net)
                      0.016040    0.000048    3.449314 v _1545_/D (sky130_fd_sc_hd__dfxtp_2)
                                              3.449314   data arrival time

                                 10.000000   10.000000   clock clk (rise edge)
                                  0.000000   10.000000   clock source latency
     2    0.157459    0.537694    0.388335   10.388335 ^ clk (in)
                                                         clk (net)
                      0.571537    0.000000   10.388335 ^ clkbuf_regs_0_clk/A (sky130_fd_sc_hd__clkbuf_16)
     1    0.008638    0.038950    0.122082   10.510417 ^ clkbuf_regs_0_clk/X (sky130_fd_sc_hd__clkbuf_16)
                                                         clk_regs (net)
                      0.038950    0.000258   10.510674 ^ clkbuf_0_clk_regs/A (sky130_fd_sc_hd__clkbuf_16)
     8    0.079104    0.073558    0.113889   10.624564 ^ clkbuf_0_clk_regs/X (sky130_fd_sc_hd__clkbuf_16)
                                                         clknet_0_clk_regs (net)
                      0.073634    0.001805   10.626369 ^ clkbuf_3_6_0_clk_regs/A (sky130_fd_sc_hd__clkbuf_8)
     2    0.019914    0.037846    0.094602   10.720970 ^ clkbuf_3_6_0_clk_regs/X (sky130_fd_sc_hd__clkbuf_8)
                                                         clknet_3_6_0_clk_regs (net)
                      0.037855    0.000515   10.721485 ^ clkbuf_4_13__f_clk_regs/A (sky130_fd_sc_hd__clkbuf_16)
     8    0.025961    0.035225    0.085784   10.807269 ^ clkbuf_4_13__f_clk_regs/X (sky130_fd_sc_hd__clkbuf_16)
                                                         clknet_4_13__leaf_clk_regs (net)
                      0.035242    0.000681   10.807950 ^ _1545_/CLK (sky130_fd_sc_hd__dfxtp_2)
                                 -0.100000   10.707951   clock uncertainty
                                  0.000000   10.707951   clock reconvergence pessimism
                                 -0.065213   10.642737   library setup time
                                             10.642737   data required time
---------------------------------------------------------------------------------------------
                                             10.642737   data required time
                                             -3.449314   data arrival time
---------------------------------------------------------------------------------------------
                                              7.193424   slack (MET)


Startpoint: reset (input port clocked by clk)
Endpoint: _1548_ (rising edge-triggered flip-flop clocked by clk)
Path Group: clk
Path Type: max

Fanout         Cap        Slew       Delay        Time   Description
---------------------------------------------------------------------------------------------
                                  0.000000    0.000000   clock clk (rise edge)
                                  0.000000    0.000000   clock network delay (propagated)
                                  2.000000    2.000000 ^ input external delay
     3    0.122379    0.415328    0.331209    2.331209 ^ reset (in)
                                                         reset (net)
                      0.434769    0.000000    2.331209 ^ _1826_/A (sky130_fd_sc_hd__buf_2)
     5    0.038184    0.143063    0.197619    2.528827 ^ _1826_/X (sky130_fd_sc_hd__buf_2)
                                                         _0629_ (net)
                      0.143114    0.002349    2.531177 ^ _1353_/B (sky130_fd_sc_hd__nor2_2)
     1    0.010147    0.043814    0.038144    2.569321 v _1353_/Y (sky130_fd_sc_hd__nor2_2)
                                                         _0579_ (net)
                      0.043825    0.000580    2.569901 v fanout47/A (sky130_fd_sc_hd__clkdlybuf4s25_1)
     5    0.042019    0.213327    0.322865    2.892766 v fanout47/X (sky130_fd_sc_hd__clkdlybuf4s25_1)
                                                         net47 (net)
                      0.213383    0.003463    2.896229 v fanout44/A (sky130_fd_sc_hd__clkdlybuf4s25_1)
     7    0.037304    0.190264    0.363081    3.259310 v fanout44/X (sky130_fd_sc_hd__clkdlybuf4s25_1)
                                                         net44 (net)
                      0.190264    0.000527    3.259837 v _1396_/B1 (sky130_fd_sc_hd__o21ai_2)
     1    0.006031    0.083636    0.099081    3.358918 ^ _1396_/Y (sky130_fd_sc_hd__o21ai_2)
                                                         _0606_ (net)
                      0.083636    0.000208    3.359126 ^ _1397_/B (sky130_fd_sc_hd__nor2_2)
     1    0.001986    0.027978    0.015777    3.374903 v _1397_/Y (sky130_fd_sc_hd__nor2_2)
                                                         _0407_ (net)
                      0.027978    0.000059    3.374962 v _1969_/A (sky130_fd_sc_hd__buf_2)
     1    0.002303    0.016144    0.072107    3.447070 v _1969_/X (sky130_fd_sc_hd__buf_2)
                                                         _1056_ (net)
                      0.016144    0.000069    3.447139 v _1548_/D (sky130_fd_sc_hd__dfxtp_2)
                                              3.447139   data arrival time

                                 10.000000   10.000000   clock clk (rise edge)
                                  0.000000   10.000000   clock source latency
     2    0.157459    0.537694    0.388335   10.388335 ^ clk (in)
                                                         clk (net)
                      0.571537    0.000000   10.388335 ^ clkbuf_regs_0_clk/A (sky130_fd_sc_hd__clkbuf_16)
     1    0.008638    0.038950    0.122082   10.510417 ^ clkbuf_regs_0_clk/X (sky130_fd_sc_hd__clkbuf_16)
                                                         clk_regs (net)
                      0.038950    0.000258   10.510674 ^ clkbuf_0_clk_regs/A (sky130_fd_sc_hd__clkbuf_16)
     8    0.079104    0.073558    0.113889   10.624564 ^ clkbuf_0_clk_regs/X (sky130_fd_sc_hd__clkbuf_16)
                                                         clknet_0_clk_regs (net)
                      0.073634    0.001805   10.626369 ^ clkbuf_3_6_0_clk_regs/A (sky130_fd_sc_hd__clkbuf_8)
     2    0.019914    0.037846    0.094602   10.720970 ^ clkbuf_3_6_0_clk_regs/X (sky130_fd_sc_hd__clkbuf_8)
                                                         clknet_3_6_0_clk_regs (net)
                      0.037855    0.000515   10.721485 ^ clkbuf_4_13__f_clk_regs/A (sky130_fd_sc_hd__clkbuf_16)
     8    0.025961    0.035225    0.085784   10.807269 ^ clkbuf_4_13__f_clk_regs/X (sky130_fd_sc_hd__clkbuf_16)
                                                         clknet_4_13__leaf_clk_regs (net)
                      0.035235    0.000560   10.807830 ^ _1548_/CLK (sky130_fd_sc_hd__dfxtp_2)
                                 -0.100000   10.707829   clock uncertainty
                                  0.000000   10.707829   clock reconvergence pessimism
                                 -0.065251   10.642579   library setup time
                                             10.642579   data required time
---------------------------------------------------------------------------------------------
                                             10.642579   data required time
                                             -3.447139   data arrival time
---------------------------------------------------------------------------------------------
                                              7.195440   slack (MET)


Startpoint: reset (input port clocked by clk)
Endpoint: _1546_ (rising edge-triggered flip-flop clocked by clk)
Path Group: clk
Path Type: max

Fanout         Cap        Slew       Delay        Time   Description
---------------------------------------------------------------------------------------------
                                  0.000000    0.000000   clock clk (rise edge)
                                  0.000000    0.000000   clock network delay (propagated)
                                  2.000000    2.000000 ^ input external delay
     3    0.122379    0.415328    0.331209    2.331209 ^ reset (in)
                                                         reset (net)
                      0.434769    0.000000    2.331209 ^ _1826_/A (sky130_fd_sc_hd__buf_2)
     5    0.038184    0.143063    0.197619    2.528827 ^ _1826_/X (sky130_fd_sc_hd__buf_2)
                                                         _0629_ (net)
                      0.143114    0.002349    2.531177 ^ _1353_/B (sky130_fd_sc_hd__nor2_2)
     1    0.010147    0.043814    0.038144    2.569321 v _1353_/Y (sky130_fd_sc_hd__nor2_2)
                                                         _0579_ (net)
                      0.043825    0.000580    2.569901 v fanout47/A (sky130_fd_sc_hd__clkdlybuf4s25_1)
     5    0.042019    0.213327    0.322865    2.892766 v fanout47/X (sky130_fd_sc_hd__clkdlybuf4s25_1)
                                                         net47 (net)
                      0.213383    0.003463    2.896229 v fanout44/A (sky130_fd_sc_hd__clkdlybuf4s25_1)
     7    0.037304    0.190264    0.363081    3.259310 v fanout44/X (sky130_fd_sc_hd__clkdlybuf4s25_1)
                                                         net44 (net)
                      0.190264    0.000363    3.259673 v _1390_/B1 (sky130_fd_sc_hd__o21ai_2)
     1    0.005284    0.079009    0.095480    3.355152 ^ _1390_/Y (sky130_fd_sc_hd__o21ai_2)
                                                         _0602_ (net)
                      0.079009    0.000165    3.355318 ^ _1391_/B1 (sky130_fd_sc_hd__a21oi_2)
     1    0.002055    0.034976    0.015189    3.370507 v _1391_/Y (sky130_fd_sc_hd__a21oi_2)
                                                         _0405_ (net)
                      0.034976    0.000041    3.370548 v _1967_/A (sky130_fd_sc_hd__buf_2)
     1    0.002340    0.016203    0.075135    3.445683 v _1967_/X (sky130_fd_sc_hd__buf_2)
                                                         _1054_ (net)
                      0.016203    0.000072    3.445755 v _1546_/D (sky130_fd_sc_hd__dfxtp_2)
                                              3.445755   data arrival time

                                 10.000000   10.000000   clock clk (rise edge)
                                  0.000000   10.000000   clock source latency
     2    0.157459    0.537694    0.388335   10.388335 ^ clk (in)
                                                         clk (net)
                      0.571537    0.000000   10.388335 ^ clkbuf_regs_0_clk/A (sky130_fd_sc_hd__clkbuf_16)
     1    0.008638    0.038950    0.122082   10.510417 ^ clkbuf_regs_0_clk/X (sky130_fd_sc_hd__clkbuf_16)
                                                         clk_regs (net)
                      0.038950    0.000258   10.510674 ^ clkbuf_0_clk_regs/A (sky130_fd_sc_hd__clkbuf_16)
     8    0.079104    0.073558    0.113889   10.624564 ^ clkbuf_0_clk_regs/X (sky130_fd_sc_hd__clkbuf_16)
                                                         clknet_0_clk_regs (net)
                      0.073634    0.001805   10.626369 ^ clkbuf_3_6_0_clk_regs/A (sky130_fd_sc_hd__clkbuf_8)
     2    0.019914    0.037846    0.094602   10.720970 ^ clkbuf_3_6_0_clk_regs/X (sky130_fd_sc_hd__clkbuf_8)
                                                         clknet_3_6_0_clk_regs (net)
                      0.037856    0.000550   10.721520 ^ clkbuf_4_12__f_clk_regs/A (sky130_fd_sc_hd__clkbuf_16)
     8    0.025119    0.034629    0.085468   10.806988 ^ clkbuf_4_12__f_clk_regs/X (sky130_fd_sc_hd__clkbuf_16)
                                                         clknet_4_12__leaf_clk_regs (net)
                      0.034631    0.000238   10.807225 ^ _1546_/CLK (sky130_fd_sc_hd__dfxtp_2)
                                 -0.100000   10.707226   clock uncertainty
                                  0.000000   10.707226   clock reconvergence pessimism
                                 -0.065330   10.641895   library setup time
                                             10.641895   data required time
---------------------------------------------------------------------------------------------
                                             10.641895   data required time
                                             -3.445755   data arrival time
---------------------------------------------------------------------------------------------
                                              7.196141   slack (MET)


Startpoint: reset (input port clocked by clk)
Endpoint: _1528_ (rising edge-triggered flip-flop clocked by clk)
Path Group: clk
Path Type: max

Fanout         Cap        Slew       Delay        Time   Description
---------------------------------------------------------------------------------------------
                                  0.000000    0.000000   clock clk (rise edge)
                                  0.000000    0.000000   clock network delay (propagated)
                                  2.000000    2.000000 ^ input external delay
     3    0.122379    0.415328    0.331209    2.331209 ^ reset (in)
                                                         reset (net)
                      0.434769    0.000000    2.331209 ^ _1826_/A (sky130_fd_sc_hd__buf_2)
     5    0.038184    0.143063    0.197619    2.528827 ^ _1826_/X (sky130_fd_sc_hd__buf_2)
                                                         _0629_ (net)
                      0.143125    0.002589    2.531416 ^ _1090_/A (sky130_fd_sc_hd__inv_2)
     4    0.049589    0.091304    0.101986    2.633402 v _1090_/Y (sky130_fd_sc_hd__inv_2)
                                                         _0291_ (net)
                      0.091456    0.003165    2.636567 v fanout70/A (sky130_fd_sc_hd__buf_1)
    10    0.052447    0.206087    0.230217    2.866784 v fanout70/X (sky130_fd_sc_hd__buf_1)
                                                         net70 (net)
                      0.206373    0.006777    2.873561 v fanout69/A (sky130_fd_sc_hd__clkdlybuf4s25_1)
    10    0.030227    0.156148    0.333700    3.207261 v fanout69/X (sky130_fd_sc_hd__clkdlybuf4s25_1)
                                                         net69 (net)
                      0.156149    0.000665    3.207925 v _1349_/B (sky130_fd_sc_hd__and2_2)
     1    0.001893    0.025655    0.169273    3.377198 v _1349_/X (sky130_fd_sc_hd__and2_2)
                                                         _0387_ (net)
                      0.025655    0.000038    3.377237 v _1949_/A (sky130_fd_sc_hd__buf_2)
     1    0.002508    0.016466    0.071675    3.448911 v _1949_/X (sky130_fd_sc_hd__buf_2)
                                                         _1036_ (net)
                      0.016466    0.000074    3.448986 v _1528_/D (sky130_fd_sc_hd__dfxtp_2)
                                              3.448986   data arrival time

                                 10.000000   10.000000   clock clk (rise edge)
                                  0.000000   10.000000   clock source latency
     2    0.157459    0.537694    0.388335   10.388335 ^ clk (in)
                                                         clk (net)
                      0.571537    0.000000   10.388335 ^ clkbuf_regs_0_clk/A (sky130_fd_sc_hd__clkbuf_16)
     1    0.008638    0.038950    0.122082   10.510417 ^ clkbuf_regs_0_clk/X (sky130_fd_sc_hd__clkbuf_16)
                                                         clk_regs (net)
                      0.038950    0.000258   10.510674 ^ clkbuf_0_clk_regs/A (sky130_fd_sc_hd__clkbuf_16)
     8    0.079104    0.073558    0.113889   10.624564 ^ clkbuf_0_clk_regs/X (sky130_fd_sc_hd__clkbuf_16)
                                                         clknet_0_clk_regs (net)
                      0.073729    0.002679   10.627242 ^ clkbuf_3_5_0_clk_regs/A (sky130_fd_sc_hd__clkbuf_8)
     2    0.019344    0.037186    0.094110   10.721353 ^ clkbuf_3_5_0_clk_regs/X (sky130_fd_sc_hd__clkbuf_8)
                                                         clknet_3_5_0_clk_regs (net)
                      0.037190    0.000393   10.721745 ^ clkbuf_4_11__f_clk_regs/A (sky130_fd_sc_hd__clkbuf_16)
     8    0.029132    0.037490    0.087618   10.809363 ^ clkbuf_4_11__f_clk_regs/X (sky130_fd_sc_hd__clkbuf_16)
                                                         clknet_4_11__leaf_clk_regs (net)
                      0.037532    0.001044   10.810408 ^ _1528_/CLK (sky130_fd_sc_hd__dfxtp_2)
                                 -0.100000   10.710408   clock uncertainty
                                  0.000000   10.710408   clock reconvergence pessimism
                                 -0.065145   10.645263   library setup time
                                             10.645263   data required time
---------------------------------------------------------------------------------------------
                                             10.645263   data required time
                                             -3.448986   data arrival time
---------------------------------------------------------------------------------------------
                                              7.196277   slack (MET)


Startpoint: reset (input port clocked by clk)
Endpoint: _1446_ (rising edge-triggered flip-flop clocked by clk)
Path Group: clk
Path Type: max

Fanout         Cap        Slew       Delay        Time   Description
---------------------------------------------------------------------------------------------
                                  0.000000    0.000000   clock clk (rise edge)
                                  0.000000    0.000000   clock network delay (propagated)
                                  2.000000    2.000000 ^ input external delay
     3    0.122379    0.415328    0.331209    2.331209 ^ reset (in)
                                                         reset (net)
                      0.434769    0.000000    2.331209 ^ _1826_/A (sky130_fd_sc_hd__buf_2)
     5    0.038184    0.143063    0.197619    2.528827 ^ _1826_/X (sky130_fd_sc_hd__buf_2)
                                                         _0629_ (net)
                      0.143125    0.002589    2.531416 ^ _1090_/A (sky130_fd_sc_hd__inv_2)
     4    0.049589    0.091304    0.101986    2.633402 v _1090_/Y (sky130_fd_sc_hd__inv_2)
                                                         _0291_ (net)
                      0.091405    0.002590    2.635992 v fanout67/A (sky130_fd_sc_hd__clkdlybuf4s25_1)
     5    0.023431    0.123287    0.272758    2.908750 v fanout67/X (sky130_fd_sc_hd__clkdlybuf4s25_1)
                                                         net67 (net)
                      0.123287    0.000418    2.909168 v fanout65/A (sky130_fd_sc_hd__clkdlybuf4s25_1)
    10    0.032386    0.167007    0.318530    3.227698 v fanout65/X (sky130_fd_sc_hd__clkdlybuf4s25_1)
                                                         net65 (net)
                      0.167029    0.002020    3.229718 v _1266_/B1 (sky130_fd_sc_hd__o21a_2)
     1    0.002323    0.023427    0.126521    3.356239 v _1266_/X (sky130_fd_sc_hd__o21a_2)
                                                         _0305_ (net)
                      0.023427    0.000070    3.356309 v _1867_/A (sky130_fd_sc_hd__buf_2)
     1    0.002600    0.016610    0.070982    3.427291 v _1867_/X (sky130_fd_sc_hd__buf_2)
                                                         _0894_ (net)
                      0.016610    0.000078    3.427369 v _1446_/D (sky130_fd_sc_hd__dfxtp_2)
                                              3.427369   data arrival time

                                 10.000000   10.000000   clock clk (rise edge)
                                  0.000000   10.000000   clock source latency
     2    0.157459    0.537694    0.388335   10.388335 ^ clk (in)
                                                         clk (net)
                      0.571537    0.000000   10.388335 ^ clkbuf_regs_0_clk/A (sky130_fd_sc_hd__clkbuf_16)
     1    0.008638    0.038950    0.122082   10.510417 ^ clkbuf_regs_0_clk/X (sky130_fd_sc_hd__clkbuf_16)
                                                         clk_regs (net)
                      0.038950    0.000258   10.510674 ^ clkbuf_0_clk_regs/A (sky130_fd_sc_hd__clkbuf_16)
     8    0.079104    0.073558    0.113889   10.624564 ^ clkbuf_0_clk_regs/X (sky130_fd_sc_hd__clkbuf_16)
                                                         clknet_0_clk_regs (net)
                      0.073612    0.001520   10.626083 ^ clkbuf_3_1_0_clk_regs/A (sky130_fd_sc_hd__clkbuf_8)
     2    0.019811    0.037729    0.094480   10.720563 ^ clkbuf_3_1_0_clk_regs/X (sky130_fd_sc_hd__clkbuf_8)
                                                         clknet_3_1_0_clk_regs (net)
                      0.037740    0.000576   10.721139 ^ clkbuf_4_3__f_clk_regs/A (sky130_fd_sc_hd__clkbuf_16)
     8    0.025926    0.035199    0.085835   10.806974 ^ clkbuf_4_3__f_clk_regs/X (sky130_fd_sc_hd__clkbuf_16)
                                                         clknet_4_3__leaf_clk_regs (net)
                      0.035209    0.000528   10.807503 ^ _1446_/CLK (sky130_fd_sc_hd__dfxtp_2)
                                 -0.100000   10.707502   clock uncertainty
                                  0.000000   10.707502   clock reconvergence pessimism
                                 -0.065419   10.642083   library setup time
                                             10.642083   data required time
---------------------------------------------------------------------------------------------
                                             10.642083   data required time
                                             -3.427369   data arrival time
---------------------------------------------------------------------------------------------
                                              7.214715   slack (MET)


Startpoint: reset (input port clocked by clk)
Endpoint: _1497_ (rising edge-triggered flip-flop clocked by clk)
Path Group: clk
Path Type: max

Fanout         Cap        Slew       Delay        Time   Description
---------------------------------------------------------------------------------------------
                                  0.000000    0.000000   clock clk (rise edge)
                                  0.000000    0.000000   clock network delay (propagated)
                                  2.000000    2.000000 ^ input external delay
     3    0.122379    0.415328    0.331209    2.331209 ^ reset (in)
                                                         reset (net)
                      0.434769    0.000000    2.331209 ^ _1826_/A (sky130_fd_sc_hd__buf_2)
     5    0.038184    0.143063    0.197619    2.528827 ^ _1826_/X (sky130_fd_sc_hd__buf_2)
                                                         _0629_ (net)
                      0.143125    0.002589    2.531416 ^ _1090_/A (sky130_fd_sc_hd__inv_2)
     4    0.049589    0.091304    0.101986    2.633402 v _1090_/Y (sky130_fd_sc_hd__inv_2)
                                                         _0291_ (net)
                      0.091333    0.001405    2.634807 v fanout64/A (sky130_fd_sc_hd__clkdlybuf4s25_1)
     9    0.027931    0.144468    0.290149    2.924957 v fanout64/X (sky130_fd_sc_hd__clkdlybuf4s25_1)
                                                         net64 (net)
                      0.144473    0.001067    2.926024 v fanout63/A (sky130_fd_sc_hd__clkdlybuf4s25_1)
     7    0.019157    0.103089    0.274447    3.200471 v fanout63/X (sky130_fd_sc_hd__clkdlybuf4s25_1)
                                                         net63 (net)
                      0.103091    0.000655    3.201126 v _1318_/B (sky130_fd_sc_hd__and2_2)
     1    0.002514    0.025984    0.148389    3.349515 v _1318_/X (sky130_fd_sc_hd__and2_2)
                                                         _0356_ (net)
                      0.025984    0.000077    3.349592 v _1918_/A (sky130_fd_sc_hd__buf_2)
     1    0.002592    0.016598    0.072033    3.421625 v _1918_/X (sky130_fd_sc_hd__buf_2)
                                                         _0996_ (net)
                      0.016598    0.000079    3.421704 v _1497_/D (sky130_fd_sc_hd__dfxtp_2)
                                              3.421704   data arrival time

                                 10.000000   10.000000   clock clk (rise edge)
                                  0.000000   10.000000   clock source latency
     2    0.157459    0.537694    0.388335   10.388335 ^ clk (in)
                                                         clk (net)
                      0.571537    0.000000   10.388335 ^ clkbuf_regs_0_clk/A (sky130_fd_sc_hd__clkbuf_16)
     1    0.008638    0.038950    0.122082   10.510417 ^ clkbuf_regs_0_clk/X (sky130_fd_sc_hd__clkbuf_16)
                                                         clk_regs (net)
                      0.038950    0.000258   10.510674 ^ clkbuf_0_clk_regs/A (sky130_fd_sc_hd__clkbuf_16)
     8    0.079104    0.073558    0.113889   10.624564 ^ clkbuf_0_clk_regs/X (sky130_fd_sc_hd__clkbuf_16)
                                                         clknet_0_clk_regs (net)
                      0.073626    0.001701   10.626265 ^ clkbuf_3_3_0_clk_regs/A (sky130_fd_sc_hd__clkbuf_8)
     2    0.019215    0.037042    0.093889   10.720154 ^ clkbuf_3_3_0_clk_regs/X (sky130_fd_sc_hd__clkbuf_8)
                                                         clknet_3_3_0_clk_regs (net)
                      0.037054    0.000594   10.720748 ^ clkbuf_4_7__f_clk_regs/A (sky130_fd_sc_hd__clkbuf_16)
     8    0.026926    0.035893    0.086390   10.807138 ^ clkbuf_4_7__f_clk_regs/X (sky130_fd_sc_hd__clkbuf_16)
                                                         clknet_4_7__leaf_clk_regs (net)
                      0.035901    0.000466   10.807605 ^ _1497_/CLK (sky130_fd_sc_hd__dfxtp_2)
                                 -0.100000   10.707604   clock uncertainty
                                  0.000000   10.707604   clock reconvergence pessimism
                                 -0.065349   10.642257   library setup time
                                             10.642257   data required time
---------------------------------------------------------------------------------------------
                                             10.642257   data required time
                                             -3.421704   data arrival time
---------------------------------------------------------------------------------------------
                                              7.220553   slack (MET)


Startpoint: reset (input port clocked by clk)
Endpoint: _1498_ (rising edge-triggered flip-flop clocked by clk)
Path Group: clk
Path Type: max

Fanout         Cap        Slew       Delay        Time   Description
---------------------------------------------------------------------------------------------
                                  0.000000    0.000000   clock clk (rise edge)
                                  0.000000    0.000000   clock network delay (propagated)
                                  2.000000    2.000000 ^ input external delay
     3    0.122379    0.415328    0.331209    2.331209 ^ reset (in)
                                                         reset (net)
                      0.434769    0.000000    2.331209 ^ _1826_/A (sky130_fd_sc_hd__buf_2)
     5    0.038184    0.143063    0.197619    2.528827 ^ _1826_/X (sky130_fd_sc_hd__buf_2)
                                                         _0629_ (net)
                      0.143125    0.002589    2.531416 ^ _1090_/A (sky130_fd_sc_hd__inv_2)
     4    0.049589    0.091304    0.101986    2.633402 v _1090_/Y (sky130_fd_sc_hd__inv_2)
                                                         _0291_ (net)
                      0.091333    0.001405    2.634807 v fanout64/A (sky130_fd_sc_hd__clkdlybuf4s25_1)
     9    0.027931    0.144468    0.290149    2.924957 v fanout64/X (sky130_fd_sc_hd__clkdlybuf4s25_1)
                                                         net64 (net)
                      0.144473    0.001067    2.926024 v fanout63/A (sky130_fd_sc_hd__clkdlybuf4s25_1)
     7    0.019157    0.103089    0.274447    3.200471 v fanout63/X (sky130_fd_sc_hd__clkdlybuf4s25_1)
                                                         net63 (net)
                      0.103092    0.000677    3.201149 v _1319_/B (sky130_fd_sc_hd__and2_2)
     1    0.002169    0.025318    0.147266    3.348414 v _1319_/X (sky130_fd_sc_hd__and2_2)
                                                         _0357_ (net)
                      0.025318    0.000065    3.348479 v _1919_/A (sky130_fd_sc_hd__buf_2)
     1    0.002685    0.016744    0.071994    3.420472 v _1919_/X (sky130_fd_sc_hd__buf_2)
                                                         _0998_ (net)
                      0.016744    0.000084    3.420556 v _1498_/D (sky130_fd_sc_hd__dfxtp_2)
                                              3.420556   data arrival time

                                 10.000000   10.000000   clock clk (rise edge)
                                  0.000000   10.000000   clock source latency
     2    0.157459    0.537694    0.388335   10.388335 ^ clk (in)
                                                         clk (net)
                      0.571537    0.000000   10.388335 ^ clkbuf_regs_0_clk/A (sky130_fd_sc_hd__clkbuf_16)
     1    0.008638    0.038950    0.122082   10.510417 ^ clkbuf_regs_0_clk/X (sky130_fd_sc_hd__clkbuf_16)
                                                         clk_regs (net)
                      0.038950    0.000258   10.510674 ^ clkbuf_0_clk_regs/A (sky130_fd_sc_hd__clkbuf_16)
     8    0.079104    0.073558    0.113889   10.624564 ^ clkbuf_0_clk_regs/X (sky130_fd_sc_hd__clkbuf_16)
                                                         clknet_0_clk_regs (net)
                      0.073626    0.001701   10.626265 ^ clkbuf_3_3_0_clk_regs/A (sky130_fd_sc_hd__clkbuf_8)
     2    0.019215    0.037042    0.093889   10.720154 ^ clkbuf_3_3_0_clk_regs/X (sky130_fd_sc_hd__clkbuf_8)
                                                         clknet_3_3_0_clk_regs (net)
                      0.037054    0.000594   10.720748 ^ clkbuf_4_7__f_clk_regs/A (sky130_fd_sc_hd__clkbuf_16)
     8    0.026926    0.035893    0.086390   10.807138 ^ clkbuf_4_7__f_clk_regs/X (sky130_fd_sc_hd__clkbuf_16)
                                                         clknet_4_7__leaf_clk_regs (net)
                      0.035903    0.000503   10.807641 ^ _1498_/CLK (sky130_fd_sc_hd__dfxtp_2)
                                 -0.100000   10.707642   clock uncertainty
                                  0.000000   10.707642   clock reconvergence pessimism
                                 -0.065401   10.642241   library setup time
                                             10.642241   data required time
---------------------------------------------------------------------------------------------
                                             10.642241   data required time
                                             -3.420556   data arrival time
---------------------------------------------------------------------------------------------
                                              7.221684   slack (MET)


Startpoint: reset (input port clocked by clk)
Endpoint: _1496_ (rising edge-triggered flip-flop clocked by clk)
Path Group: clk
Path Type: max

Fanout         Cap        Slew       Delay        Time   Description
---------------------------------------------------------------------------------------------
                                  0.000000    0.000000   clock clk (rise edge)
                                  0.000000    0.000000   clock network delay (propagated)
                                  2.000000    2.000000 ^ input external delay
     3    0.122379    0.415328    0.331209    2.331209 ^ reset (in)
                                                         reset (net)
                      0.434769    0.000000    2.331209 ^ _1826_/A (sky130_fd_sc_hd__buf_2)
     5    0.038184    0.143063    0.197619    2.528827 ^ _1826_/X (sky130_fd_sc_hd__buf_2)
                                                         _0629_ (net)
                      0.143125    0.002589    2.531416 ^ _1090_/A (sky130_fd_sc_hd__inv_2)
     4    0.049589    0.091304    0.101986    2.633402 v _1090_/Y (sky130_fd_sc_hd__inv_2)
                                                         _0291_ (net)
                      0.091333    0.001405    2.634807 v fanout64/A (sky130_fd_sc_hd__clkdlybuf4s25_1)
     9    0.027931    0.144468    0.290149    2.924957 v fanout64/X (sky130_fd_sc_hd__clkdlybuf4s25_1)
                                                         net64 (net)
                      0.144473    0.001067    2.926024 v fanout63/A (sky130_fd_sc_hd__clkdlybuf4s25_1)
     7    0.019157    0.103089    0.274447    3.200471 v fanout63/X (sky130_fd_sc_hd__clkdlybuf4s25_1)
                                                         net63 (net)
                      0.103089    0.000217    3.200688 v _1317_/B (sky130_fd_sc_hd__and2_2)
     1    0.002230    0.025436    0.147462    3.348150 v _1317_/X (sky130_fd_sc_hd__and2_2)
                                                         _0355_ (net)
                      0.025436    0.000067    3.348217 v _1917_/A (sky130_fd_sc_hd__buf_2)
     1    0.002685    0.016745    0.072041    3.420258 v _1917_/X (sky130_fd_sc_hd__buf_2)
                                                         _0994_ (net)
                      0.016745    0.000088    3.420346 v _1496_/D (sky130_fd_sc_hd__dfxtp_2)
                                              3.420346   data arrival time

                                 10.000000   10.000000   clock clk (rise edge)
                                  0.000000   10.000000   clock source latency
     2    0.157459    0.537694    0.388335   10.388335 ^ clk (in)
                                                         clk (net)
                      0.571537    0.000000   10.388335 ^ clkbuf_regs_0_clk/A (sky130_fd_sc_hd__clkbuf_16)
     1    0.008638    0.038950    0.122082   10.510417 ^ clkbuf_regs_0_clk/X (sky130_fd_sc_hd__clkbuf_16)
                                                         clk_regs (net)
                      0.038950    0.000258   10.510674 ^ clkbuf_0_clk_regs/A (sky130_fd_sc_hd__clkbuf_16)
     8    0.079104    0.073558    0.113889   10.624564 ^ clkbuf_0_clk_regs/X (sky130_fd_sc_hd__clkbuf_16)
                                                         clknet_0_clk_regs (net)
                      0.073728    0.002673   10.627236 ^ clkbuf_3_2_0_clk_regs/A (sky130_fd_sc_hd__clkbuf_8)
     2    0.019079    0.036888    0.093786   10.721023 ^ clkbuf_3_2_0_clk_regs/X (sky130_fd_sc_hd__clkbuf_8)
                                                         clknet_3_2_0_clk_regs (net)
                      0.036898    0.000548   10.721571 ^ clkbuf_4_5__f_clk_regs/A (sky130_fd_sc_hd__clkbuf_16)
     8    0.028842    0.037284    0.087352   10.808923 ^ clkbuf_4_5__f_clk_regs/X (sky130_fd_sc_hd__clkbuf_16)
                                                         clknet_4_5__leaf_clk_regs (net)
                      0.037308    0.000809   10.809732 ^ _1496_/CLK (sky130_fd_sc_hd__dfxtp_2)
                                 -0.100000   10.709732   clock uncertainty
                                  0.000000   10.709732   clock reconvergence pessimism
                                 -0.065266   10.644466   library setup time
                                             10.644466   data required time
---------------------------------------------------------------------------------------------
                                             10.644466   data required time
                                             -3.420346   data arrival time
---------------------------------------------------------------------------------------------
                                              7.224120   slack (MET)


Startpoint: reset (input port clocked by clk)
Endpoint: _1522_ (rising edge-triggered flip-flop clocked by clk)
Path Group: clk
Path Type: max

Fanout         Cap        Slew       Delay        Time   Description
---------------------------------------------------------------------------------------------
                                  0.000000    0.000000   clock clk (rise edge)
                                  0.000000    0.000000   clock network delay (propagated)
                                  2.000000    2.000000 ^ input external delay
     3    0.122379    0.415328    0.331209    2.331209 ^ reset (in)
                                                         reset (net)
                      0.434769    0.000000    2.331209 ^ _1826_/A (sky130_fd_sc_hd__buf_2)
     5    0.038184    0.143063    0.197619    2.528827 ^ _1826_/X (sky130_fd_sc_hd__buf_2)
                                                         _0629_ (net)
                      0.143125    0.002589    2.531416 ^ _1090_/A (sky130_fd_sc_hd__inv_2)
     4    0.049589    0.091304    0.101986    2.633402 v _1090_/Y (sky130_fd_sc_hd__inv_2)
                                                         _0291_ (net)
                      0.091333    0.001405    2.634807 v fanout64/A (sky130_fd_sc_hd__clkdlybuf4s25_1)
     9    0.027931    0.144468    0.290149    2.924957 v fanout64/X (sky130_fd_sc_hd__clkdlybuf4s25_1)
                                                         net64 (net)
                      0.144473    0.001067    2.926024 v fanout63/A (sky130_fd_sc_hd__clkdlybuf4s25_1)
     7    0.019157    0.103089    0.274447    3.200471 v fanout63/X (sky130_fd_sc_hd__clkdlybuf4s25_1)
                                                         net63 (net)
                      0.103091    0.000650    3.201121 v _1343_/B (sky130_fd_sc_hd__and2_2)
     1    0.002103    0.025189    0.147054    3.348176 v _1343_/X (sky130_fd_sc_hd__and2_2)
                                                         _0381_ (net)
                      0.025189    0.000043    3.348219 v _1943_/A (sky130_fd_sc_hd__buf_2)
     1    0.002712    0.016786    0.072010    3.420229 v _1943_/X (sky130_fd_sc_hd__buf_2)
                                                         _1030_ (net)
                      0.016786    0.000085    3.420314 v _1522_/D (sky130_fd_sc_hd__dfxtp_2)
                                              3.420314   data arrival time

                                 10.000000   10.000000   clock clk (rise edge)
                                  0.000000   10.000000   clock source latency
     2    0.157459    0.537694    0.388335   10.388335 ^ clk (in)
                                                         clk (net)
                      0.571537    0.000000   10.388335 ^ clkbuf_regs_0_clk/A (sky130_fd_sc_hd__clkbuf_16)
     1    0.008638    0.038950    0.122082   10.510417 ^ clkbuf_regs_0_clk/X (sky130_fd_sc_hd__clkbuf_16)
                                                         clk_regs (net)
                      0.038950    0.000258   10.510674 ^ clkbuf_0_clk_regs/A (sky130_fd_sc_hd__clkbuf_16)
     8    0.079104    0.073558    0.113889   10.624564 ^ clkbuf_0_clk_regs/X (sky130_fd_sc_hd__clkbuf_16)
                                                         clknet_0_clk_regs (net)
                      0.073728    0.002673   10.627236 ^ clkbuf_3_2_0_clk_regs/A (sky130_fd_sc_hd__clkbuf_8)
     2    0.019079    0.036888    0.093786   10.721023 ^ clkbuf_3_2_0_clk_regs/X (sky130_fd_sc_hd__clkbuf_8)
                                                         clknet_3_2_0_clk_regs (net)
                      0.036898    0.000548   10.721571 ^ clkbuf_4_5__f_clk_regs/A (sky130_fd_sc_hd__clkbuf_16)
     8    0.028842    0.037284    0.087352   10.808923 ^ clkbuf_4_5__f_clk_regs/X (sky130_fd_sc_hd__clkbuf_16)
                                                         clknet_4_5__leaf_clk_regs (net)
                      0.037325    0.001021   10.809943 ^ _1522_/CLK (sky130_fd_sc_hd__dfxtp_2)
                                 -0.100000   10.709944   clock uncertainty
                                  0.000000   10.709944   clock reconvergence pessimism
                                 -0.065279   10.644664   library setup time
                                             10.644664   data required time
---------------------------------------------------------------------------------------------
                                             10.644664   data required time
                                             -3.420314   data arrival time
---------------------------------------------------------------------------------------------
                                              7.224350   slack (MET)


Startpoint: reset (input port clocked by clk)
Endpoint: _1524_ (rising edge-triggered flip-flop clocked by clk)
Path Group: clk
Path Type: max

Fanout         Cap        Slew       Delay        Time   Description
---------------------------------------------------------------------------------------------
                                  0.000000    0.000000   clock clk (rise edge)
                                  0.000000    0.000000   clock network delay (propagated)
                                  2.000000    2.000000 ^ input external delay
     3    0.122379    0.415328    0.331209    2.331209 ^ reset (in)
                                                         reset (net)
                      0.434769    0.000000    2.331209 ^ _1826_/A (sky130_fd_sc_hd__buf_2)
     5    0.038184    0.143063    0.197619    2.528827 ^ _1826_/X (sky130_fd_sc_hd__buf_2)
                                                         _0629_ (net)
                      0.143125    0.002589    2.531416 ^ _1090_/A (sky130_fd_sc_hd__inv_2)
     4    0.049589    0.091304    0.101986    2.633402 v _1090_/Y (sky130_fd_sc_hd__inv_2)
                                                         _0291_ (net)
                      0.091333    0.001405    2.634807 v fanout64/A (sky130_fd_sc_hd__clkdlybuf4s25_1)
     9    0.027931    0.144468    0.290149    2.924957 v fanout64/X (sky130_fd_sc_hd__clkdlybuf4s25_1)
                                                         net64 (net)
                      0.144473    0.001067    2.926024 v fanout63/A (sky130_fd_sc_hd__clkdlybuf4s25_1)
     7    0.019157    0.103089    0.274447    3.200471 v fanout63/X (sky130_fd_sc_hd__clkdlybuf4s25_1)
                                                         net63 (net)
                      0.103089    0.000338    3.200809 v _1345_/B (sky130_fd_sc_hd__and2_2)
     1    0.002803    0.026537    0.149324    3.350133 v _1345_/X (sky130_fd_sc_hd__and2_2)
                                                         _0383_ (net)
                      0.026537    0.000092    3.350225 v _1945_/A (sky130_fd_sc_hd__buf_2)
     1    0.002729    0.016812    0.072621    3.422846 v _1945_/X (sky130_fd_sc_hd__buf_2)
                                                         _1032_ (net)
                      0.016812    0.000087    3.422932 v _1524_/D (sky130_fd_sc_hd__dfxtp_2)
                                              3.422932   data arrival time

                                 10.000000   10.000000   clock clk (rise edge)
                                  0.000000   10.000000   clock source latency
     2    0.157459    0.537694    0.388335   10.388335 ^ clk (in)
                                                         clk (net)
                      0.571537    0.000000   10.388335 ^ clkbuf_regs_0_clk/A (sky130_fd_sc_hd__clkbuf_16)
     1    0.008638    0.038950    0.122082   10.510417 ^ clkbuf_regs_0_clk/X (sky130_fd_sc_hd__clkbuf_16)
                                                         clk_regs (net)
                      0.038950    0.000258   10.510674 ^ clkbuf_0_clk_regs/A (sky130_fd_sc_hd__clkbuf_16)
     8    0.079104    0.073558    0.113889   10.624564 ^ clkbuf_0_clk_regs/X (sky130_fd_sc_hd__clkbuf_16)
                                                         clknet_0_clk_regs (net)
                      0.073743    0.002785   10.627349 ^ clkbuf_3_0_0_clk_regs/A (sky130_fd_sc_hd__clkbuf_8)
     2    0.018319    0.036012    0.093100   10.720448 ^ clkbuf_3_0_0_clk_regs/X (sky130_fd_sc_hd__clkbuf_8)
                                                         clknet_3_0_0_clk_regs (net)
                      0.036015    0.000345   10.720794 ^ clkbuf_4_1__f_clk_regs/A (sky130_fd_sc_hd__clkbuf_16)
     9    0.035385    0.041843    0.090975   10.811769 ^ clkbuf_4_1__f_clk_regs/X (sky130_fd_sc_hd__clkbuf_16)
                                                         clknet_4_1__leaf_clk_regs (net)
                      0.041845    0.000500   10.812268 ^ _1524_/CLK (sky130_fd_sc_hd__dfxtp_2)
                                 -0.100000   10.712269   clock uncertainty
                                  0.000000   10.712269   clock reconvergence pessimism
                                 -0.064855   10.647414   library setup time
                                             10.647414   data required time
---------------------------------------------------------------------------------------------
                                             10.647414   data required time
                                             -3.422932   data arrival time
---------------------------------------------------------------------------------------------
                                              7.224482   slack (MET)


Startpoint: reset (input port clocked by clk)
Endpoint: _1517_ (rising edge-triggered flip-flop clocked by clk)
Path Group: clk
Path Type: max

Fanout         Cap        Slew       Delay        Time   Description
---------------------------------------------------------------------------------------------
                                  0.000000    0.000000   clock clk (rise edge)
                                  0.000000    0.000000   clock network delay (propagated)
                                  2.000000    2.000000 ^ input external delay
     3    0.122379    0.415328    0.331209    2.331209 ^ reset (in)
                                                         reset (net)
                      0.434769    0.000000    2.331209 ^ _1826_/A (sky130_fd_sc_hd__buf_2)
     5    0.038184    0.143063    0.197619    2.528827 ^ _1826_/X (sky130_fd_sc_hd__buf_2)
                                                         _0629_ (net)
                      0.143125    0.002589    2.531416 ^ _1090_/A (sky130_fd_sc_hd__inv_2)
     4    0.049589    0.091304    0.101986    2.633402 v _1090_/Y (sky130_fd_sc_hd__inv_2)
                                                         _0291_ (net)
                      0.091333    0.001405    2.634807 v fanout64/A (sky130_fd_sc_hd__clkdlybuf4s25_1)
     9    0.027931    0.144468    0.290149    2.924957 v fanout64/X (sky130_fd_sc_hd__clkdlybuf4s25_1)
                                                         net64 (net)
                      0.144473    0.001067    2.926024 v fanout63/A (sky130_fd_sc_hd__clkdlybuf4s25_1)
     7    0.019157    0.103089    0.274447    3.200471 v fanout63/X (sky130_fd_sc_hd__clkdlybuf4s25_1)
                                                         net63 (net)
                      0.103090    0.000544    3.201015 v _1338_/B (sky130_fd_sc_hd__and2_2)
     1    0.001972    0.024932    0.146624    3.347639 v _1338_/X (sky130_fd_sc_hd__and2_2)
                                                         _0376_ (net)
                      0.024932    0.000040    3.347679 v _1938_/A (sky130_fd_sc_hd__buf_2)
     1    0.002445    0.016367    0.071205    3.418884 v _1938_/X (sky130_fd_sc_hd__buf_2)
                                                         _1025_ (net)
                      0.016367    0.000076    3.418960 v _1517_/D (sky130_fd_sc_hd__dfxtp_2)
                                              3.418960   data arrival time

                                 10.000000   10.000000   clock clk (rise edge)
                                  0.000000   10.000000   clock source latency
     2    0.157459    0.537694    0.388335   10.388335 ^ clk (in)
                                                         clk (net)
                      0.571537    0.000000   10.388335 ^ clkbuf_regs_0_clk/A (sky130_fd_sc_hd__clkbuf_16)
     1    0.008638    0.038950    0.122082   10.510417 ^ clkbuf_regs_0_clk/X (sky130_fd_sc_hd__clkbuf_16)
                                                         clk_regs (net)
                      0.038950    0.000258   10.510674 ^ clkbuf_0_clk_regs/A (sky130_fd_sc_hd__clkbuf_16)
     8    0.079104    0.073558    0.113889   10.624564 ^ clkbuf_0_clk_regs/X (sky130_fd_sc_hd__clkbuf_16)
                                                         clknet_0_clk_regs (net)
                      0.073728    0.002673   10.627236 ^ clkbuf_3_2_0_clk_regs/A (sky130_fd_sc_hd__clkbuf_8)
     2    0.019079    0.036888    0.093786   10.721023 ^ clkbuf_3_2_0_clk_regs/X (sky130_fd_sc_hd__clkbuf_8)
                                                         clknet_3_2_0_clk_regs (net)
                      0.036898    0.000548   10.721571 ^ clkbuf_4_5__f_clk_regs/A (sky130_fd_sc_hd__clkbuf_16)
     8    0.028842    0.037284    0.087352   10.808923 ^ clkbuf_4_5__f_clk_regs/X (sky130_fd_sc_hd__clkbuf_16)
                                                         clknet_4_5__leaf_clk_regs (net)
                      0.037318    0.000939   10.809862 ^ _1517_/CLK (sky130_fd_sc_hd__dfxtp_2)
                                 -0.100000   10.709862   clock uncertainty
                                  0.000000   10.709862   clock reconvergence pessimism
                                 -0.065130   10.644732   library setup time
                                             10.644732   data required time
---------------------------------------------------------------------------------------------
                                             10.644732   data required time
                                             -3.418960   data arrival time
---------------------------------------------------------------------------------------------
                                              7.225772   slack (MET)


Startpoint: reset (input port clocked by clk)
Endpoint: _1542_ (rising edge-triggered flip-flop clocked by clk)
Path Group: clk
Path Type: max

Fanout         Cap        Slew       Delay        Time   Description
---------------------------------------------------------------------------------------------
                                  0.000000    0.000000   clock clk (rise edge)
                                  0.000000    0.000000   clock network delay (propagated)
                                  2.000000    2.000000 ^ input external delay
     3    0.122379    0.415328    0.331209    2.331209 ^ reset (in)
                                                         reset (net)
                      0.434769    0.000000    2.331209 ^ _1826_/A (sky130_fd_sc_hd__buf_2)
     5    0.038184    0.143063    0.197619    2.528827 ^ _1826_/X (sky130_fd_sc_hd__buf_2)
                                                         _0629_ (net)
                      0.143114    0.002349    2.531177 ^ _1353_/B (sky130_fd_sc_hd__nor2_2)
     1    0.010147    0.043814    0.038144    2.569321 v _1353_/Y (sky130_fd_sc_hd__nor2_2)
                                                         _0579_ (net)
                      0.043825    0.000580    2.569901 v fanout47/A (sky130_fd_sc_hd__clkdlybuf4s25_1)
     5    0.042019    0.213327    0.322865    2.892766 v fanout47/X (sky130_fd_sc_hd__clkdlybuf4s25_1)
                                                         net47 (net)
                      0.213464    0.005150    2.897916 v fanout45/A (sky130_fd_sc_hd__clkdlybuf4s25_1)
     6    0.027804    0.144461    0.326219    3.224135 v fanout45/X (sky130_fd_sc_hd__clkdlybuf4s25_1)
                                                         net45 (net)
                      0.144462    0.000749    3.224884 v _1379_/B1 (sky130_fd_sc_hd__o21ai_2)
     1    0.005186    0.079478    0.082605    3.307489 ^ _1379_/Y (sky130_fd_sc_hd__o21ai_2)
                                                         _0595_ (net)
                      0.079478    0.000161    3.307651 ^ _1380_/B1 (sky130_fd_sc_hd__a21oi_2)
     1    0.004003    0.039167    0.020745    3.328396 v _1380_/Y (sky130_fd_sc_hd__a21oi_2)
                                                         _0401_ (net)
                      0.039167    0.000099    3.328495 v _1963_/A (sky130_fd_sc_hd__buf_2)
     1    0.002886    0.017049    0.078326    3.406821 v _1963_/X (sky130_fd_sc_hd__buf_2)
                                                         _1050_ (net)
                      0.017049    0.000087    3.406908 v _1542_/D (sky130_fd_sc_hd__dfxtp_4)
                                              3.406908   data arrival time

                                 10.000000   10.000000   clock clk (rise edge)
                                  0.000000   10.000000   clock source latency
     2    0.157459    0.537694    0.388335   10.388335 ^ clk (in)
                                                         clk (net)
                      0.571537    0.000000   10.388335 ^ clkbuf_regs_0_clk/A (sky130_fd_sc_hd__clkbuf_16)
     1    0.008638    0.038950    0.122082   10.510417 ^ clkbuf_regs_0_clk/X (sky130_fd_sc_hd__clkbuf_16)
                                                         clk_regs (net)
                      0.038950    0.000258   10.510674 ^ clkbuf_0_clk_regs/A (sky130_fd_sc_hd__clkbuf_16)
     8    0.079104    0.073558    0.113889   10.624564 ^ clkbuf_0_clk_regs/X (sky130_fd_sc_hd__clkbuf_16)
                                                         clknet_0_clk_regs (net)
                      0.073729    0.002679   10.627242 ^ clkbuf_3_5_0_clk_regs/A (sky130_fd_sc_hd__clkbuf_8)
     2    0.019344    0.037186    0.094110   10.721353 ^ clkbuf_3_5_0_clk_regs/X (sky130_fd_sc_hd__clkbuf_8)
                                                         clknet_3_5_0_clk_regs (net)
                      0.037190    0.000393   10.721745 ^ clkbuf_4_11__f_clk_regs/A (sky130_fd_sc_hd__clkbuf_16)
     8    0.029132    0.037490    0.087618   10.809363 ^ clkbuf_4_11__f_clk_regs/X (sky130_fd_sc_hd__clkbuf_16)
                                                         clknet_4_11__leaf_clk_regs (net)
                      0.037497    0.000520   10.809884 ^ _1542_/CLK (sky130_fd_sc_hd__dfxtp_4)
                                 -0.100000   10.709884   clock uncertainty
                                  0.000000   10.709884   clock reconvergence pessimism
                                 -0.064307   10.645577   library setup time
                                             10.645577   data required time
---------------------------------------------------------------------------------------------
                                             10.645577   data required time
                                             -3.406908   data arrival time
---------------------------------------------------------------------------------------------
                                              7.238669   slack (MET)


Startpoint: reset (input port clocked by clk)
Endpoint: _1533_ (rising edge-triggered flip-flop clocked by clk)
Path Group: clk
Path Type: max

Fanout         Cap        Slew       Delay        Time   Description
---------------------------------------------------------------------------------------------
                                  0.000000    0.000000   clock clk (rise edge)
                                  0.000000    0.000000   clock network delay (propagated)
                                  2.000000    2.000000 ^ input external delay
     3    0.122379    0.415328    0.331209    2.331209 ^ reset (in)
                                                         reset (net)
                      0.434769    0.000000    2.331209 ^ _1826_/A (sky130_fd_sc_hd__buf_2)
     5    0.038184    0.143063    0.197619    2.528827 ^ _1826_/X (sky130_fd_sc_hd__buf_2)
                                                         _0629_ (net)
                      0.143114    0.002349    2.531177 ^ _1353_/B (sky130_fd_sc_hd__nor2_2)
     1    0.010147    0.043814    0.038144    2.569321 v _1353_/Y (sky130_fd_sc_hd__nor2_2)
                                                         _0579_ (net)
                      0.043825    0.000580    2.569901 v fanout47/A (sky130_fd_sc_hd__clkdlybuf4s25_1)
     5    0.042019    0.213327    0.322865    2.892766 v fanout47/X (sky130_fd_sc_hd__clkdlybuf4s25_1)
                                                         net47 (net)
                      0.213464    0.005150    2.897916 v fanout45/A (sky130_fd_sc_hd__clkdlybuf4s25_1)
     6    0.027804    0.144461    0.326219    3.224135 v fanout45/X (sky130_fd_sc_hd__clkdlybuf4s25_1)
                                                         net45 (net)
                      0.144471    0.001369    3.225504 v _1355_/B1 (sky130_fd_sc_hd__o21ai_2)
     1    0.005215    0.077689    0.082732    3.308236 ^ _1355_/Y (sky130_fd_sc_hd__o21ai_2)
                                                         _0580_ (net)
                      0.077689    0.000161    3.308397 ^ _1356_/B1 (sky130_fd_sc_hd__a21oi_2)
     1    0.002388    0.027222    0.016257    3.324655 v _1356_/Y (sky130_fd_sc_hd__a21oi_2)
                                                         _0392_ (net)
                      0.027222    0.000073    3.324728 v _1954_/A (sky130_fd_sc_hd__buf_2)
     1    0.002379    0.016263    0.071992    3.396720 v _1954_/X (sky130_fd_sc_hd__buf_2)
                                                         _1041_ (net)
                      0.016263    0.000070    3.396790 v _1533_/D (sky130_fd_sc_hd__dfxtp_2)
                                              3.396790   data arrival time

                                 10.000000   10.000000   clock clk (rise edge)
                                  0.000000   10.000000   clock source latency
     2    0.157459    0.537694    0.388335   10.388335 ^ clk (in)
                                                         clk (net)
                      0.571537    0.000000   10.388335 ^ clkbuf_regs_0_clk/A (sky130_fd_sc_hd__clkbuf_16)
     1    0.008638    0.038950    0.122082   10.510417 ^ clkbuf_regs_0_clk/X (sky130_fd_sc_hd__clkbuf_16)
                                                         clk_regs (net)
                      0.038950    0.000258   10.510674 ^ clkbuf_0_clk_regs/A (sky130_fd_sc_hd__clkbuf_16)
     8    0.079104    0.073558    0.113889   10.624564 ^ clkbuf_0_clk_regs/X (sky130_fd_sc_hd__clkbuf_16)
                                                         clknet_0_clk_regs (net)
                      0.073740    0.002760   10.627323 ^ clkbuf_3_7_0_clk_regs/A (sky130_fd_sc_hd__clkbuf_8)
     2    0.018292    0.035983    0.093038   10.720362 ^ clkbuf_3_7_0_clk_regs/X (sky130_fd_sc_hd__clkbuf_8)
                                                         clknet_3_7_0_clk_regs (net)
                      0.035992    0.000491   10.720853 ^ clkbuf_4_15__f_clk_regs/A (sky130_fd_sc_hd__clkbuf_16)
     8    0.024233    0.033990    0.084117   10.804970 ^ clkbuf_4_15__f_clk_regs/X (sky130_fd_sc_hd__clkbuf_16)
                                                         clknet_4_15__leaf_clk_regs (net)
                      0.034025    0.000834   10.805803 ^ _1533_/CLK (sky130_fd_sc_hd__dfxtp_2)
                                 -0.100000   10.705804   clock uncertainty
                                  0.000000   10.705804   clock reconvergence pessimism
                                 -0.065409   10.640394   library setup time
                                             10.640394   data required time
---------------------------------------------------------------------------------------------
                                             10.640394   data required time
                                             -3.396790   data arrival time
---------------------------------------------------------------------------------------------
                                              7.243604   slack (MET)


Startpoint: reset (input port clocked by clk)
Endpoint: _1536_ (rising edge-triggered flip-flop clocked by clk)
Path Group: clk
Path Type: max

Fanout         Cap        Slew       Delay        Time   Description
---------------------------------------------------------------------------------------------
                                  0.000000    0.000000   clock clk (rise edge)
                                  0.000000    0.000000   clock network delay (propagated)
                                  2.000000    2.000000 ^ input external delay
     3    0.122379    0.415328    0.331209    2.331209 ^ reset (in)
                                                         reset (net)
                      0.434769    0.000000    2.331209 ^ _1826_/A (sky130_fd_sc_hd__buf_2)
     5    0.038184    0.143063    0.197619    2.528827 ^ _1826_/X (sky130_fd_sc_hd__buf_2)
                                                         _0629_ (net)
                      0.143114    0.002349    2.531177 ^ _1353_/B (sky130_fd_sc_hd__nor2_2)
     1    0.010147    0.043814    0.038144    2.569321 v _1353_/Y (sky130_fd_sc_hd__nor2_2)
                                                         _0579_ (net)
                      0.043825    0.000580    2.569901 v fanout47/A (sky130_fd_sc_hd__clkdlybuf4s25_1)
     5    0.042019    0.213327    0.322865    2.892766 v fanout47/X (sky130_fd_sc_hd__clkdlybuf4s25_1)
                                                         net47 (net)
                      0.213464    0.005150    2.897916 v fanout45/A (sky130_fd_sc_hd__clkdlybuf4s25_1)
     6    0.027804    0.144461    0.326219    3.224135 v fanout45/X (sky130_fd_sc_hd__clkdlybuf4s25_1)
                                                         net45 (net)
                      0.144468    0.001189    3.225325 v _1363_/B1 (sky130_fd_sc_hd__o21ai_2)
     1    0.005213    0.077780    0.082723    3.308048 ^ _1363_/Y (sky130_fd_sc_hd__o21ai_2)
                                                         _0585_ (net)
                      0.077781    0.000163    3.308210 ^ _1364_/B1 (sky130_fd_sc_hd__a21oi_2)
     1    0.002317    0.027343    0.016045    3.324256 v _1364_/Y (sky130_fd_sc_hd__a21oi_2)
                                                         _0395_ (net)
                      0.027343    0.000049    3.324305 v _1957_/A (sky130_fd_sc_hd__buf_2)
     1    0.002222    0.016016    0.071630    3.395935 v _1957_/X (sky130_fd_sc_hd__buf_2)
                                                         _1044_ (net)
                      0.016016    0.000066    3.396000 v _1536_/D (sky130_fd_sc_hd__dfxtp_2)
                                              3.396000   data arrival time

                                 10.000000   10.000000   clock clk (rise edge)
                                  0.000000   10.000000   clock source latency
     2    0.157459    0.537694    0.388335   10.388335 ^ clk (in)
                                                         clk (net)
                      0.571537    0.000000   10.388335 ^ clkbuf_regs_0_clk/A (sky130_fd_sc_hd__clkbuf_16)
     1    0.008638    0.038950    0.122082   10.510417 ^ clkbuf_regs_0_clk/X (sky130_fd_sc_hd__clkbuf_16)
                                                         clk_regs (net)
                      0.038950    0.000258   10.510674 ^ clkbuf_0_clk_regs/A (sky130_fd_sc_hd__clkbuf_16)
     8    0.079104    0.073558    0.113889   10.624564 ^ clkbuf_0_clk_regs/X (sky130_fd_sc_hd__clkbuf_16)
                                                         clknet_0_clk_regs (net)
                      0.073740    0.002760   10.627323 ^ clkbuf_3_7_0_clk_regs/A (sky130_fd_sc_hd__clkbuf_8)
     2    0.018292    0.035983    0.093038   10.720362 ^ clkbuf_3_7_0_clk_regs/X (sky130_fd_sc_hd__clkbuf_8)
                                                         clknet_3_7_0_clk_regs (net)
                      0.035990    0.000443   10.720805 ^ clkbuf_4_14__f_clk_regs/A (sky130_fd_sc_hd__clkbuf_16)
     8    0.027397    0.036234    0.086277   10.807082 ^ clkbuf_4_14__f_clk_regs/X (sky130_fd_sc_hd__clkbuf_16)
                                                         clknet_4_14__leaf_clk_regs (net)
                      0.036251    0.000665   10.807747 ^ _1536_/CLK (sky130_fd_sc_hd__dfxtp_2)
                                 -0.100000   10.707747   clock uncertainty
                                  0.000000   10.707747   clock reconvergence pessimism
                                 -0.065107   10.642640   library setup time
                                             10.642640   data required time
---------------------------------------------------------------------------------------------
                                             10.642640   data required time
                                             -3.396000   data arrival time
---------------------------------------------------------------------------------------------
                                              7.246640   slack (MET)


Startpoint: reset (input port clocked by clk)
Endpoint: _1553_ (rising edge-triggered flip-flop clocked by clk)
Path Group: clk
Path Type: max

Fanout         Cap        Slew       Delay        Time   Description
---------------------------------------------------------------------------------------------
                                  0.000000    0.000000   clock clk (rise edge)
                                  0.000000    0.000000   clock network delay (propagated)
                                  2.000000    2.000000 ^ input external delay
     3    0.122379    0.415328    0.331209    2.331209 ^ reset (in)
                                                         reset (net)
                      0.434769    0.000000    2.331209 ^ _1826_/A (sky130_fd_sc_hd__buf_2)
     5    0.038184    0.143063    0.197619    2.528827 ^ _1826_/X (sky130_fd_sc_hd__buf_2)
                                                         _0629_ (net)
                      0.143114    0.002349    2.531177 ^ _1353_/B (sky130_fd_sc_hd__nor2_2)
     1    0.010147    0.043814    0.038144    2.569321 v _1353_/Y (sky130_fd_sc_hd__nor2_2)
                                                         _0579_ (net)
                      0.043825    0.000580    2.569901 v fanout47/A (sky130_fd_sc_hd__clkdlybuf4s25_1)
     5    0.042019    0.213327    0.322865    2.892766 v fanout47/X (sky130_fd_sc_hd__clkdlybuf4s25_1)
                                                         net47 (net)
                      0.213328    0.000959    2.893725 v fanout42/A (sky130_fd_sc_hd__clkdlybuf4s25_1)
     4    0.016034    0.088028    0.280987    3.174711 v fanout42/X (sky130_fd_sc_hd__clkdlybuf4s25_1)
                                                         net42 (net)
                      0.088028    0.000203    3.174915 v _1410_/B (sky130_fd_sc_hd__and3b_2)
     1    0.003229    0.028620    0.147245    3.322160 v _1410_/X (sky130_fd_sc_hd__and3b_2)
                                                         _0412_ (net)
                      0.028620    0.000108    3.322268 v _1974_/A (sky130_fd_sc_hd__buf_2)
     1    0.002432    0.016346    0.072715    3.394982 v _1974_/X (sky130_fd_sc_hd__buf_2)
                                                         _1061_ (net)
                      0.016346    0.000075    3.395057 v _1553_/D (sky130_fd_sc_hd__dfxtp_2)
                                              3.395057   data arrival time

                                 10.000000   10.000000   clock clk (rise edge)
                                  0.000000   10.000000   clock source latency
     2    0.157459    0.537694    0.388335   10.388335 ^ clk (in)
                                                         clk (net)
                      0.571537    0.000000   10.388335 ^ clkbuf_regs_0_clk/A (sky130_fd_sc_hd__clkbuf_16)
     1    0.008638    0.038950    0.122082   10.510417 ^ clkbuf_regs_0_clk/X (sky130_fd_sc_hd__clkbuf_16)
                                                         clk_regs (net)
                      0.038950    0.000258   10.510674 ^ clkbuf_0_clk_regs/A (sky130_fd_sc_hd__clkbuf_16)
     8    0.079104    0.073558    0.113889   10.624564 ^ clkbuf_0_clk_regs/X (sky130_fd_sc_hd__clkbuf_16)
                                                         clknet_0_clk_regs (net)
                      0.073626    0.001701   10.626265 ^ clkbuf_3_3_0_clk_regs/A (sky130_fd_sc_hd__clkbuf_8)
     2    0.019215    0.037042    0.093889   10.720154 ^ clkbuf_3_3_0_clk_regs/X (sky130_fd_sc_hd__clkbuf_8)
                                                         clknet_3_3_0_clk_regs (net)
                      0.037054    0.000594   10.720748 ^ clkbuf_4_7__f_clk_regs/A (sky130_fd_sc_hd__clkbuf_16)
     8    0.026926    0.035893    0.086390   10.807138 ^ clkbuf_4_7__f_clk_regs/X (sky130_fd_sc_hd__clkbuf_16)
                                                         clknet_4_7__leaf_clk_regs (net)
                      0.035898    0.000377   10.807515 ^ _1553_/CLK (sky130_fd_sc_hd__dfxtp_2)
                                 -0.100000   10.707515   clock uncertainty
                                  0.000000   10.707515   clock reconvergence pessimism
                                 -0.065259   10.642257   library setup time
                                             10.642257   data required time
---------------------------------------------------------------------------------------------
                                             10.642257   data required time
                                             -3.395057   data arrival time
---------------------------------------------------------------------------------------------
                                              7.247200   slack (MET)


Startpoint: reset (input port clocked by clk)
Endpoint: _1508_ (rising edge-triggered flip-flop clocked by clk)
Path Group: clk
Path Type: max

Fanout         Cap        Slew       Delay        Time   Description
---------------------------------------------------------------------------------------------
                                  0.000000    0.000000   clock clk (rise edge)
                                  0.000000    0.000000   clock network delay (propagated)
                                  2.000000    2.000000 ^ input external delay
     3    0.122379    0.415328    0.331209    2.331209 ^ reset (in)
                                                         reset (net)
                      0.434769    0.000000    2.331209 ^ _1826_/A (sky130_fd_sc_hd__buf_2)
     5    0.038184    0.143063    0.197619    2.528827 ^ _1826_/X (sky130_fd_sc_hd__buf_2)
                                                         _0629_ (net)
                      0.143125    0.002589    2.531416 ^ _1090_/A (sky130_fd_sc_hd__inv_2)
     4    0.049589    0.091304    0.101986    2.633402 v _1090_/Y (sky130_fd_sc_hd__inv_2)
                                                         _0291_ (net)
                      0.091333    0.001405    2.634807 v fanout64/A (sky130_fd_sc_hd__clkdlybuf4s25_1)
     9    0.027931    0.144468    0.290149    2.924957 v fanout64/X (sky130_fd_sc_hd__clkdlybuf4s25_1)
                                                         net64 (net)
                      0.144473    0.001067    2.926024 v fanout63/A (sky130_fd_sc_hd__clkdlybuf4s25_1)
     7    0.019157    0.103089    0.274447    3.200471 v fanout63/X (sky130_fd_sc_hd__clkdlybuf4s25_1)
                                                         net63 (net)
                      0.103090    0.000499    3.200970 v _1329_/B1 (sky130_fd_sc_hd__o21a_2)
     1    0.003435    0.025626    0.105359    3.306329 v _1329_/X (sky130_fd_sc_hd__o21a_2)
                                                         _0367_ (net)
                      0.025626    0.000111    3.306440 v _1929_/A (sky130_fd_sc_hd__buf_2)
     1    0.002751    0.016849    0.072295    3.378735 v _1929_/X (sky130_fd_sc_hd__buf_2)
                                                         _1016_ (net)
                      0.016849    0.000090    3.378824 v _1508_/D (sky130_fd_sc_hd__dfxtp_2)
                                              3.378824   data arrival time

                                 10.000000   10.000000   clock clk (rise edge)
                                  0.000000   10.000000   clock source latency
     2    0.157459    0.537694    0.388335   10.388335 ^ clk (in)
                                                         clk (net)
                      0.571537    0.000000   10.388335 ^ clkbuf_regs_0_clk/A (sky130_fd_sc_hd__clkbuf_16)
     1    0.008638    0.038950    0.122082   10.510417 ^ clkbuf_regs_0_clk/X (sky130_fd_sc_hd__clkbuf_16)
                                                         clk_regs (net)
                      0.038950    0.000258   10.510674 ^ clkbuf_0_clk_regs/A (sky130_fd_sc_hd__clkbuf_16)
     8    0.079104    0.073558    0.113889   10.624564 ^ clkbuf_0_clk_regs/X (sky130_fd_sc_hd__clkbuf_16)
                                                         clknet_0_clk_regs (net)
                      0.073728    0.002673   10.627236 ^ clkbuf_3_2_0_clk_regs/A (sky130_fd_sc_hd__clkbuf_8)
     2    0.019079    0.036888    0.093786   10.721023 ^ clkbuf_3_2_0_clk_regs/X (sky130_fd_sc_hd__clkbuf_8)
                                                         clknet_3_2_0_clk_regs (net)
                      0.036898    0.000548   10.721571 ^ clkbuf_4_5__f_clk_regs/A (sky130_fd_sc_hd__clkbuf_16)
     8    0.028842    0.037284    0.087352   10.808923 ^ clkbuf_4_5__f_clk_regs/X (sky130_fd_sc_hd__clkbuf_16)
                                                         clknet_4_5__leaf_clk_regs (net)
                      0.037321    0.000976   10.809899 ^ _1508_/CLK (sky130_fd_sc_hd__dfxtp_2)
                                 -0.100000   10.709899   clock uncertainty
                                  0.000000   10.709899   clock reconvergence pessimism
                                 -0.065302   10.644597   library setup time
                                             10.644597   data required time
---------------------------------------------------------------------------------------------
                                             10.644597   data required time
                                             -3.378824   data arrival time
---------------------------------------------------------------------------------------------
                                              7.265772   slack (MET)


Startpoint: reset (input port clocked by clk)
Endpoint: _1523_ (rising edge-triggered flip-flop clocked by clk)
Path Group: clk
Path Type: max

Fanout         Cap        Slew       Delay        Time   Description
---------------------------------------------------------------------------------------------
                                  0.000000    0.000000   clock clk (rise edge)
                                  0.000000    0.000000   clock network delay (propagated)
                                  2.000000    2.000000 ^ input external delay
     3    0.122379    0.415328    0.331209    2.331209 ^ reset (in)
                                                         reset (net)
                      0.434769    0.000000    2.331209 ^ _1826_/A (sky130_fd_sc_hd__buf_2)
     5    0.038184    0.143063    0.197619    2.528827 ^ _1826_/X (sky130_fd_sc_hd__buf_2)
                                                         _0629_ (net)
                      0.143125    0.002589    2.531416 ^ _1090_/A (sky130_fd_sc_hd__inv_2)
     4    0.049589    0.091304    0.101986    2.633402 v _1090_/Y (sky130_fd_sc_hd__inv_2)
                                                         _0291_ (net)
                      0.091405    0.002590    2.635992 v fanout67/A (sky130_fd_sc_hd__clkdlybuf4s25_1)
     5    0.023431    0.123287    0.272758    2.908750 v fanout67/X (sky130_fd_sc_hd__clkdlybuf4s25_1)
                                                         net67 (net)
                      0.123288    0.000582    2.909332 v fanout66/A (sky130_fd_sc_hd__clkdlybuf4s25_1)
     5    0.014912    0.082688    0.252247    3.161579 v fanout66/X (sky130_fd_sc_hd__clkdlybuf4s25_1)
                                                         net66 (net)
                      0.082690    0.000550    3.162130 v _1344_/B (sky130_fd_sc_hd__and2_2)
     1    0.002948    0.026763    0.140786    3.302916 v _1344_/X (sky130_fd_sc_hd__and2_2)
                                                         _0382_ (net)
                      0.026763    0.000094    3.303010 v _1944_/A (sky130_fd_sc_hd__buf_2)
     1    0.002357    0.016228    0.071743    3.374753 v _1944_/X (sky130_fd_sc_hd__buf_2)
                                                         _1031_ (net)
                      0.016228    0.000069    3.374822 v _1523_/D (sky130_fd_sc_hd__dfxtp_2)
                                              3.374822   data arrival time

                                 10.000000   10.000000   clock clk (rise edge)
                                  0.000000   10.000000   clock source latency
     2    0.157459    0.537694    0.388335   10.388335 ^ clk (in)
                                                         clk (net)
                      0.571537    0.000000   10.388335 ^ clkbuf_regs_0_clk/A (sky130_fd_sc_hd__clkbuf_16)
     1    0.008638    0.038950    0.122082   10.510417 ^ clkbuf_regs_0_clk/X (sky130_fd_sc_hd__clkbuf_16)
                                                         clk_regs (net)
                      0.038950    0.000258   10.510674 ^ clkbuf_0_clk_regs/A (sky130_fd_sc_hd__clkbuf_16)
     8    0.079104    0.073558    0.113889   10.624564 ^ clkbuf_0_clk_regs/X (sky130_fd_sc_hd__clkbuf_16)
                                                         clknet_0_clk_regs (net)
                      0.073626    0.001701   10.626265 ^ clkbuf_3_3_0_clk_regs/A (sky130_fd_sc_hd__clkbuf_8)
     2    0.019215    0.037042    0.093889   10.720154 ^ clkbuf_3_3_0_clk_regs/X (sky130_fd_sc_hd__clkbuf_8)
                                                         clknet_3_3_0_clk_regs (net)
                      0.037051    0.000535   10.720689 ^ clkbuf_4_6__f_clk_regs/A (sky130_fd_sc_hd__clkbuf_16)
     8    0.025823    0.035115    0.085665   10.806354 ^ clkbuf_4_6__f_clk_regs/X (sky130_fd_sc_hd__clkbuf_16)
                                                         clknet_4_6__leaf_clk_regs (net)
                      0.035126    0.000539   10.806892 ^ _1523_/CLK (sky130_fd_sc_hd__dfxtp_2)
                                 -0.100000   10.706893   clock uncertainty
                                  0.000000   10.706893   clock reconvergence pessimism
                                 -0.065291   10.641602   library setup time
                                             10.641602   data required time
---------------------------------------------------------------------------------------------
                                             10.641602   data required time
                                             -3.374822   data arrival time
---------------------------------------------------------------------------------------------
                                              7.266780   slack (MET)


Startpoint: reset (input port clocked by clk)
Endpoint: _1477_ (rising edge-triggered flip-flop clocked by clk)
Path Group: clk
Path Type: max

Fanout         Cap        Slew       Delay        Time   Description
---------------------------------------------------------------------------------------------
                                  0.000000    0.000000   clock clk (rise edge)
                                  0.000000    0.000000   clock network delay (propagated)
                                  2.000000    2.000000 ^ input external delay
     3    0.122379    0.415328    0.331209    2.331209 ^ reset (in)
                                                         reset (net)
                      0.434769    0.000000    2.331209 ^ _1826_/A (sky130_fd_sc_hd__buf_2)
     5    0.038184    0.143063    0.197619    2.528827 ^ _1826_/X (sky130_fd_sc_hd__buf_2)
                                                         _0629_ (net)
                      0.143125    0.002589    2.531416 ^ _1090_/A (sky130_fd_sc_hd__inv_2)
     4    0.049589    0.091304    0.101986    2.633402 v _1090_/Y (sky130_fd_sc_hd__inv_2)
                                                         _0291_ (net)
                      0.091405    0.002590    2.635992 v fanout67/A (sky130_fd_sc_hd__clkdlybuf4s25_1)
     5    0.023431    0.123287    0.272758    2.908750 v fanout67/X (sky130_fd_sc_hd__clkdlybuf4s25_1)
                                                         net67 (net)
                      0.123288    0.000582    2.909332 v fanout66/A (sky130_fd_sc_hd__clkdlybuf4s25_1)
     5    0.014912    0.082688    0.252247    3.161579 v fanout66/X (sky130_fd_sc_hd__clkdlybuf4s25_1)
                                                         net66 (net)
                      0.082691    0.000596    3.162176 v _1298_/B (sky130_fd_sc_hd__and2_2)
     1    0.002376    0.025682    0.138913    3.301089 v _1298_/X (sky130_fd_sc_hd__and2_2)
                                                         _0336_ (net)
                      0.025682    0.000071    3.301160 v _1898_/A (sky130_fd_sc_hd__buf_2)
     1    0.002749    0.016844    0.072316    3.373476 v _1898_/X (sky130_fd_sc_hd__buf_2)
                                                         _0956_ (net)
                      0.016844    0.000085    3.373561 v _1477_/D (sky130_fd_sc_hd__dfxtp_2)
                                              3.373561   data arrival time

                                 10.000000   10.000000   clock clk (rise edge)
                                  0.000000   10.000000   clock source latency
     2    0.157459    0.537694    0.388335   10.388335 ^ clk (in)
                                                         clk (net)
                      0.571537    0.000000   10.388335 ^ clkbuf_regs_0_clk/A (sky130_fd_sc_hd__clkbuf_16)
     1    0.008638    0.038950    0.122082   10.510417 ^ clkbuf_regs_0_clk/X (sky130_fd_sc_hd__clkbuf_16)
                                                         clk_regs (net)
                      0.038950    0.000258   10.510674 ^ clkbuf_0_clk_regs/A (sky130_fd_sc_hd__clkbuf_16)
     8    0.079104    0.073558    0.113889   10.624564 ^ clkbuf_0_clk_regs/X (sky130_fd_sc_hd__clkbuf_16)
                                                         clknet_0_clk_regs (net)
                      0.073626    0.001701   10.626265 ^ clkbuf_3_3_0_clk_regs/A (sky130_fd_sc_hd__clkbuf_8)
     2    0.019215    0.037042    0.093889   10.720154 ^ clkbuf_3_3_0_clk_regs/X (sky130_fd_sc_hd__clkbuf_8)
                                                         clknet_3_3_0_clk_regs (net)
                      0.037051    0.000535   10.720689 ^ clkbuf_4_6__f_clk_regs/A (sky130_fd_sc_hd__clkbuf_16)
     8    0.025823    0.035115    0.085665   10.806354 ^ clkbuf_4_6__f_clk_regs/X (sky130_fd_sc_hd__clkbuf_16)
                                                         clknet_4_6__leaf_clk_regs (net)
                      0.035124    0.000481   10.806835 ^ _1477_/CLK (sky130_fd_sc_hd__dfxtp_2)
                                 -0.100000   10.706835   clock uncertainty
                                  0.000000   10.706835   clock reconvergence pessimism
                                 -0.065511   10.641324   library setup time
                                             10.641324   data required time
---------------------------------------------------------------------------------------------
                                             10.641324   data required time
                                             -3.373561   data arrival time
---------------------------------------------------------------------------------------------
                                              7.267763   slack (MET)


Startpoint: reset (input port clocked by clk)
Endpoint: _1472_ (rising edge-triggered flip-flop clocked by clk)
Path Group: clk
Path Type: max

Fanout         Cap        Slew       Delay        Time   Description
---------------------------------------------------------------------------------------------
                                  0.000000    0.000000   clock clk (rise edge)
                                  0.000000    0.000000   clock network delay (propagated)
                                  2.000000    2.000000 ^ input external delay
     3    0.122379    0.415328    0.331209    2.331209 ^ reset (in)
                                                         reset (net)
                      0.434769    0.000000    2.331209 ^ _1826_/A (sky130_fd_sc_hd__buf_2)
     5    0.038184    0.143063    0.197619    2.528827 ^ _1826_/X (sky130_fd_sc_hd__buf_2)
                                                         _0629_ (net)
                      0.143125    0.002589    2.531416 ^ _1090_/A (sky130_fd_sc_hd__inv_2)
     4    0.049589    0.091304    0.101986    2.633402 v _1090_/Y (sky130_fd_sc_hd__inv_2)
                                                         _0291_ (net)
                      0.091405    0.002590    2.635992 v fanout67/A (sky130_fd_sc_hd__clkdlybuf4s25_1)
     5    0.023431    0.123287    0.272758    2.908750 v fanout67/X (sky130_fd_sc_hd__clkdlybuf4s25_1)
                                                         net67 (net)
                      0.123288    0.000582    2.909332 v fanout66/A (sky130_fd_sc_hd__clkdlybuf4s25_1)
     5    0.014912    0.082688    0.252247    3.161579 v fanout66/X (sky130_fd_sc_hd__clkdlybuf4s25_1)
                                                         net66 (net)
                      0.082689    0.000454    3.162033 v _1293_/B (sky130_fd_sc_hd__and2_2)
     1    0.001945    0.024855    0.137501    3.299534 v _1293_/X (sky130_fd_sc_hd__and2_2)
                                                         _0331_ (net)
                      0.024855    0.000040    3.299574 v _1893_/A (sky130_fd_sc_hd__buf_2)
     1    0.003121    0.017429    0.072943    3.372516 v _1893_/X (sky130_fd_sc_hd__buf_2)
                                                         _0946_ (net)
                      0.017429    0.000097    3.372613 v _1472_/D (sky130_fd_sc_hd__dfxtp_2)
                                              3.372613   data arrival time

                                 10.000000   10.000000   clock clk (rise edge)
                                  0.000000   10.000000   clock source latency
     2    0.157459    0.537694    0.388335   10.388335 ^ clk (in)
                                                         clk (net)
                      0.571537    0.000000   10.388335 ^ clkbuf_regs_0_clk/A (sky130_fd_sc_hd__clkbuf_16)
     1    0.008638    0.038950    0.122082   10.510417 ^ clkbuf_regs_0_clk/X (sky130_fd_sc_hd__clkbuf_16)
                                                         clk_regs (net)
                      0.038950    0.000258   10.510674 ^ clkbuf_0_clk_regs/A (sky130_fd_sc_hd__clkbuf_16)
     8    0.079104    0.073558    0.113889   10.624564 ^ clkbuf_0_clk_regs/X (sky130_fd_sc_hd__clkbuf_16)
                                                         clknet_0_clk_regs (net)
                      0.073626    0.001701   10.626265 ^ clkbuf_3_3_0_clk_regs/A (sky130_fd_sc_hd__clkbuf_8)
     2    0.019215    0.037042    0.093889   10.720154 ^ clkbuf_3_3_0_clk_regs/X (sky130_fd_sc_hd__clkbuf_8)
                                                         clknet_3_3_0_clk_regs (net)
                      0.037051    0.000535   10.720689 ^ clkbuf_4_6__f_clk_regs/A (sky130_fd_sc_hd__clkbuf_16)
     8    0.025823    0.035115    0.085665   10.806354 ^ clkbuf_4_6__f_clk_regs/X (sky130_fd_sc_hd__clkbuf_16)
                                                         clknet_4_6__leaf_clk_regs (net)
                      0.035124    0.000489   10.806843 ^ _1472_/CLK (sky130_fd_sc_hd__dfxtp_2)
                                 -0.100000   10.706842   clock uncertainty
                                  0.000000   10.706842   clock reconvergence pessimism
                                 -0.065720   10.641123   library setup time
                                             10.641123   data required time
---------------------------------------------------------------------------------------------
                                             10.641123   data required time
                                             -3.372613   data arrival time
---------------------------------------------------------------------------------------------
                                              7.268510   slack (MET)


Startpoint: reset (input port clocked by clk)
Endpoint: _1521_ (rising edge-triggered flip-flop clocked by clk)
Path Group: clk
Path Type: max

Fanout         Cap        Slew       Delay        Time   Description
---------------------------------------------------------------------------------------------
                                  0.000000    0.000000   clock clk (rise edge)
                                  0.000000    0.000000   clock network delay (propagated)
                                  2.000000    2.000000 ^ input external delay
     3    0.122379    0.415328    0.331209    2.331209 ^ reset (in)
                                                         reset (net)
                      0.434769    0.000000    2.331209 ^ _1826_/A (sky130_fd_sc_hd__buf_2)
     5    0.038184    0.143063    0.197619    2.528827 ^ _1826_/X (sky130_fd_sc_hd__buf_2)
                                                         _0629_ (net)
                      0.143125    0.002589    2.531416 ^ _1090_/A (sky130_fd_sc_hd__inv_2)
     4    0.049589    0.091304    0.101986    2.633402 v _1090_/Y (sky130_fd_sc_hd__inv_2)
                                                         _0291_ (net)
                      0.091405    0.002590    2.635992 v fanout67/A (sky130_fd_sc_hd__clkdlybuf4s25_1)
     5    0.023431    0.123287    0.272758    2.908750 v fanout67/X (sky130_fd_sc_hd__clkdlybuf4s25_1)
                                                         net67 (net)
                      0.123288    0.000582    2.909332 v fanout66/A (sky130_fd_sc_hd__clkdlybuf4s25_1)
     5    0.014912    0.082688    0.252247    3.161579 v fanout66/X (sky130_fd_sc_hd__clkdlybuf4s25_1)
                                                         net66 (net)
                      0.082688    0.000249    3.161829 v _1342_/B (sky130_fd_sc_hd__and2_2)
     1    0.002333    0.025602    0.138770    3.300599 v _1342_/X (sky130_fd_sc_hd__and2_2)
                                                         _0380_ (net)
                      0.025602    0.000072    3.300671 v _1942_/A (sky130_fd_sc_hd__buf_2)
     1    0.002609    0.016626    0.071914    3.372585 v _1942_/X (sky130_fd_sc_hd__buf_2)
                                                         _1029_ (net)
                      0.016626    0.000083    3.372667 v _1521_/D (sky130_fd_sc_hd__dfxtp_2)
                                              3.372667   data arrival time

                                 10.000000   10.000000   clock clk (rise edge)
                                  0.000000   10.000000   clock source latency
     2    0.157459    0.537694    0.388335   10.388335 ^ clk (in)
                                                         clk (net)
                      0.571537    0.000000   10.388335 ^ clkbuf_regs_0_clk/A (sky130_fd_sc_hd__clkbuf_16)
     1    0.008638    0.038950    0.122082   10.510417 ^ clkbuf_regs_0_clk/X (sky130_fd_sc_hd__clkbuf_16)
                                                         clk_regs (net)
                      0.038950    0.000258   10.510674 ^ clkbuf_0_clk_regs/A (sky130_fd_sc_hd__clkbuf_16)
     8    0.079104    0.073558    0.113889   10.624564 ^ clkbuf_0_clk_regs/X (sky130_fd_sc_hd__clkbuf_16)
                                                         clknet_0_clk_regs (net)
                      0.073626    0.001701   10.626265 ^ clkbuf_3_3_0_clk_regs/A (sky130_fd_sc_hd__clkbuf_8)
     2    0.019215    0.037042    0.093889   10.720154 ^ clkbuf_3_3_0_clk_regs/X (sky130_fd_sc_hd__clkbuf_8)
                                                         clknet_3_3_0_clk_regs (net)
                      0.037051    0.000535   10.720689 ^ clkbuf_4_6__f_clk_regs/A (sky130_fd_sc_hd__clkbuf_16)
     8    0.025823    0.035115    0.085665   10.806354 ^ clkbuf_4_6__f_clk_regs/X (sky130_fd_sc_hd__clkbuf_16)
                                                         clknet_4_6__leaf_clk_regs (net)
                      0.035124    0.000482   10.806836 ^ _1521_/CLK (sky130_fd_sc_hd__dfxtp_2)
                                 -0.100000   10.706836   clock uncertainty
                                  0.000000   10.706836   clock reconvergence pessimism
                                 -0.065433   10.641403   library setup time
                                             10.641403   data required time
---------------------------------------------------------------------------------------------
                                             10.641403   data required time
                                             -3.372667   data arrival time
---------------------------------------------------------------------------------------------
                                              7.268735   slack (MET)


Startpoint: reset (input port clocked by clk)
Endpoint: _1478_ (rising edge-triggered flip-flop clocked by clk)
Path Group: clk
Path Type: max

Fanout         Cap        Slew       Delay        Time   Description
---------------------------------------------------------------------------------------------
                                  0.000000    0.000000   clock clk (rise edge)
                                  0.000000    0.000000   clock network delay (propagated)
                                  2.000000    2.000000 ^ input external delay
     3    0.122379    0.415328    0.331209    2.331209 ^ reset (in)
                                                         reset (net)
                      0.434769    0.000000    2.331209 ^ _1826_/A (sky130_fd_sc_hd__buf_2)
     5    0.038184    0.143063    0.197619    2.528827 ^ _1826_/X (sky130_fd_sc_hd__buf_2)
                                                         _0629_ (net)
                      0.143125    0.002589    2.531416 ^ _1090_/A (sky130_fd_sc_hd__inv_2)
     4    0.049589    0.091304    0.101986    2.633402 v _1090_/Y (sky130_fd_sc_hd__inv_2)
                                                         _0291_ (net)
                      0.091405    0.002590    2.635992 v fanout67/A (sky130_fd_sc_hd__clkdlybuf4s25_1)
     5    0.023431    0.123287    0.272758    2.908750 v fanout67/X (sky130_fd_sc_hd__clkdlybuf4s25_1)
                                                         net67 (net)
                      0.123288    0.000582    2.909332 v fanout66/A (sky130_fd_sc_hd__clkdlybuf4s25_1)
     5    0.014912    0.082688    0.252247    3.161579 v fanout66/X (sky130_fd_sc_hd__clkdlybuf4s25_1)
                                                         net66 (net)
                      0.082691    0.000585    3.162165 v _1299_/B (sky130_fd_sc_hd__and2_2)
     1    0.001832    0.024634    0.137129    3.299294 v _1299_/X (sky130_fd_sc_hd__and2_2)
                                                         _0337_ (net)
                      0.024634    0.000036    3.299330 v _1899_/A (sky130_fd_sc_hd__buf_2)
     1    0.002296    0.016131    0.070690    3.370020 v _1899_/X (sky130_fd_sc_hd__buf_2)
                                                         _0958_ (net)
                      0.016131    0.000068    3.370088 v _1478_/D (sky130_fd_sc_hd__dfxtp_2)
                                              3.370088   data arrival time

                                 10.000000   10.000000   clock clk (rise edge)
                                  0.000000   10.000000   clock source latency
     2    0.157459    0.537694    0.388335   10.388335 ^ clk (in)
                                                         clk (net)
                      0.571537    0.000000   10.388335 ^ clkbuf_regs_0_clk/A (sky130_fd_sc_hd__clkbuf_16)
     1    0.008638    0.038950    0.122082   10.510417 ^ clkbuf_regs_0_clk/X (sky130_fd_sc_hd__clkbuf_16)
                                                         clk_regs (net)
                      0.038950    0.000258   10.510674 ^ clkbuf_0_clk_regs/A (sky130_fd_sc_hd__clkbuf_16)
     8    0.079104    0.073558    0.113889   10.624564 ^ clkbuf_0_clk_regs/X (sky130_fd_sc_hd__clkbuf_16)
                                                         clknet_0_clk_regs (net)
                      0.073626    0.001701   10.626265 ^ clkbuf_3_3_0_clk_regs/A (sky130_fd_sc_hd__clkbuf_8)
     2    0.019215    0.037042    0.093889   10.720154 ^ clkbuf_3_3_0_clk_regs/X (sky130_fd_sc_hd__clkbuf_8)
                                                         clknet_3_3_0_clk_regs (net)
                      0.037054    0.000594   10.720748 ^ clkbuf_4_7__f_clk_regs/A (sky130_fd_sc_hd__clkbuf_16)
     8    0.026926    0.035893    0.086390   10.807138 ^ clkbuf_4_7__f_clk_regs/X (sky130_fd_sc_hd__clkbuf_16)
                                                         clknet_4_7__leaf_clk_regs (net)
                      0.035899    0.000418   10.807557 ^ _1478_/CLK (sky130_fd_sc_hd__dfxtp_2)
                                 -0.100000   10.707557   clock uncertainty
                                  0.000000   10.707557   clock reconvergence pessimism
                                 -0.065182   10.642374   library setup time
                                             10.642374   data required time
---------------------------------------------------------------------------------------------
                                             10.642374   data required time
                                             -3.370088   data arrival time
---------------------------------------------------------------------------------------------
                                              7.272286   slack (MET)


Startpoint: reset (input port clocked by clk)
Endpoint: _1554_ (rising edge-triggered flip-flop clocked by clk)
Path Group: clk
Path Type: max

Fanout         Cap        Slew       Delay        Time   Description
---------------------------------------------------------------------------------------------
                                  0.000000    0.000000   clock clk (rise edge)
                                  0.000000    0.000000   clock network delay (propagated)
                                  2.000000    2.000000 ^ input external delay
     3    0.122379    0.415328    0.331209    2.331209 ^ reset (in)
                                                         reset (net)
                      0.434769    0.000000    2.331209 ^ _1826_/A (sky130_fd_sc_hd__buf_2)
     5    0.038184    0.143063    0.197619    2.528827 ^ _1826_/X (sky130_fd_sc_hd__buf_2)
                                                         _0629_ (net)
                      0.143114    0.002349    2.531177 ^ _1353_/B (sky130_fd_sc_hd__nor2_2)
     1    0.010147    0.043814    0.038144    2.569321 v _1353_/Y (sky130_fd_sc_hd__nor2_2)
                                                         _0579_ (net)
                      0.043825    0.000580    2.569901 v fanout47/A (sky130_fd_sc_hd__clkdlybuf4s25_1)
     5    0.042019    0.213327    0.322865    2.892766 v fanout47/X (sky130_fd_sc_hd__clkdlybuf4s25_1)
                                                         net47 (net)
                      0.213328    0.000959    2.893725 v fanout42/A (sky130_fd_sc_hd__clkdlybuf4s25_1)
     4    0.016034    0.088028    0.280987    3.174711 v fanout42/X (sky130_fd_sc_hd__clkdlybuf4s25_1)
                                                         net42 (net)
                      0.088029    0.000444    3.175155 v _1412_/B1 (sky130_fd_sc_hd__o21ai_2)
     1    0.005917    0.082953    0.066507    3.241662 ^ _1412_/Y (sky130_fd_sc_hd__o21ai_2)
                                                         _0616_ (net)
                      0.082953    0.000204    3.241866 ^ _1413_/B (sky130_fd_sc_hd__nor2_2)
     1    0.002349    0.031387    0.016938    3.258804 v _1413_/Y (sky130_fd_sc_hd__nor2_2)
                                                         _0413_ (net)
                      0.031387    0.000072    3.258876 v _1975_/A (sky130_fd_sc_hd__buf_2)
     1    0.002515    0.016476    0.074092    3.332968 v _1975_/X (sky130_fd_sc_hd__buf_2)
                                                         _1062_ (net)
                      0.016476    0.000078    3.333046 v _1554_/D (sky130_fd_sc_hd__dfxtp_2)
                                              3.333046   data arrival time

                                 10.000000   10.000000   clock clk (rise edge)
                                  0.000000   10.000000   clock source latency
     2    0.157459    0.537694    0.388335   10.388335 ^ clk (in)
                                                         clk (net)
                      0.571537    0.000000   10.388335 ^ clkbuf_regs_0_clk/A (sky130_fd_sc_hd__clkbuf_16)
     1    0.008638    0.038950    0.122082   10.510417 ^ clkbuf_regs_0_clk/X (sky130_fd_sc_hd__clkbuf_16)
                                                         clk_regs (net)
                      0.038950    0.000258   10.510674 ^ clkbuf_0_clk_regs/A (sky130_fd_sc_hd__clkbuf_16)
     8    0.079104    0.073558    0.113889   10.624564 ^ clkbuf_0_clk_regs/X (sky130_fd_sc_hd__clkbuf_16)
                                                         clknet_0_clk_regs (net)
                      0.073634    0.001805   10.626369 ^ clkbuf_3_6_0_clk_regs/A (sky130_fd_sc_hd__clkbuf_8)
     2    0.019914    0.037846    0.094602   10.720970 ^ clkbuf_3_6_0_clk_regs/X (sky130_fd_sc_hd__clkbuf_8)
                                                         clknet_3_6_0_clk_regs (net)
                      0.037855    0.000515   10.721485 ^ clkbuf_4_13__f_clk_regs/A (sky130_fd_sc_hd__clkbuf_16)
     8    0.025961    0.035225    0.085784   10.807269 ^ clkbuf_4_13__f_clk_regs/X (sky130_fd_sc_hd__clkbuf_16)
                                                         clknet_4_13__leaf_clk_regs (net)
                      0.035279    0.001111   10.808380 ^ _1554_/CLK (sky130_fd_sc_hd__dfxtp_2)
                                 -0.100000   10.708381   clock uncertainty
                                  0.000000   10.708381   clock reconvergence pessimism
                                 -0.065365   10.643015   library setup time
                                             10.643015   data required time
---------------------------------------------------------------------------------------------
                                             10.643015   data required time
                                             -3.333046   data arrival time
---------------------------------------------------------------------------------------------
                                              7.309969   slack (MET)


Startpoint: reset (input port clocked by clk)
Endpoint: _1552_ (rising edge-triggered flip-flop clocked by clk)
Path Group: clk
Path Type: max

Fanout         Cap        Slew       Delay        Time   Description
---------------------------------------------------------------------------------------------
                                  0.000000    0.000000   clock clk (rise edge)
                                  0.000000    0.000000   clock network delay (propagated)
                                  2.000000    2.000000 ^ input external delay
     3    0.122379    0.415328    0.331209    2.331209 ^ reset (in)
                                                         reset (net)
                      0.434769    0.000000    2.331209 ^ _1826_/A (sky130_fd_sc_hd__buf_2)
     5    0.038184    0.143063    0.197619    2.528827 ^ _1826_/X (sky130_fd_sc_hd__buf_2)
                                                         _0629_ (net)
                      0.143114    0.002349    2.531177 ^ _1353_/B (sky130_fd_sc_hd__nor2_2)
     1    0.010147    0.043814    0.038144    2.569321 v _1353_/Y (sky130_fd_sc_hd__nor2_2)
                                                         _0579_ (net)
                      0.043825    0.000580    2.569901 v fanout47/A (sky130_fd_sc_hd__clkdlybuf4s25_1)
     5    0.042019    0.213327    0.322865    2.892766 v fanout47/X (sky130_fd_sc_hd__clkdlybuf4s25_1)
                                                         net47 (net)
                      0.213328    0.000959    2.893725 v fanout42/A (sky130_fd_sc_hd__clkdlybuf4s25_1)
     4    0.016034    0.088028    0.280987    3.174711 v fanout42/X (sky130_fd_sc_hd__clkdlybuf4s25_1)
                                                         net42 (net)
                      0.088029    0.000414    3.175126 v _1406_/B1 (sky130_fd_sc_hd__o21ai_2)
     1    0.005256    0.078573    0.064246    3.239372 ^ _1406_/Y (sky130_fd_sc_hd__o21ai_2)
                                                         _0612_ (net)
                      0.078573    0.000164    3.239536 ^ _1407_/B1 (sky130_fd_sc_hd__a21oi_2)
     1    0.002466    0.033254    0.016453    3.255989 v _1407_/Y (sky130_fd_sc_hd__a21oi_2)
                                                         _0411_ (net)
                      0.033254    0.000078    3.256067 v _1973_/A (sky130_fd_sc_hd__buf_2)
     1    0.002197    0.015980    0.074041    3.330108 v _1973_/X (sky130_fd_sc_hd__buf_2)
                                                         _1060_ (net)
                      0.015980    0.000065    3.330173 v _1552_/D (sky130_fd_sc_hd__dfxtp_2)
                                              3.330173   data arrival time

                                 10.000000   10.000000   clock clk (rise edge)
                                  0.000000   10.000000   clock source latency
     2    0.157459    0.537694    0.388335   10.388335 ^ clk (in)
                                                         clk (net)
                      0.571537    0.000000   10.388335 ^ clkbuf_regs_0_clk/A (sky130_fd_sc_hd__clkbuf_16)
     1    0.008638    0.038950    0.122082   10.510417 ^ clkbuf_regs_0_clk/X (sky130_fd_sc_hd__clkbuf_16)
                                                         clk_regs (net)
                      0.038950    0.000258   10.510674 ^ clkbuf_0_clk_regs/A (sky130_fd_sc_hd__clkbuf_16)
     8    0.079104    0.073558    0.113889   10.624564 ^ clkbuf_0_clk_regs/X (sky130_fd_sc_hd__clkbuf_16)
                                                         clknet_0_clk_regs (net)
                      0.073626    0.001701   10.626265 ^ clkbuf_3_3_0_clk_regs/A (sky130_fd_sc_hd__clkbuf_8)
     2    0.019215    0.037042    0.093889   10.720154 ^ clkbuf_3_3_0_clk_regs/X (sky130_fd_sc_hd__clkbuf_8)
                                                         clknet_3_3_0_clk_regs (net)
                      0.037054    0.000594   10.720748 ^ clkbuf_4_7__f_clk_regs/A (sky130_fd_sc_hd__clkbuf_16)
     8    0.026926    0.035893    0.086390   10.807138 ^ clkbuf_4_7__f_clk_regs/X (sky130_fd_sc_hd__clkbuf_16)
                                                         clknet_4_7__leaf_clk_regs (net)
                      0.035900    0.000431   10.807570 ^ _1552_/CLK (sky130_fd_sc_hd__dfxtp_2)
                                 -0.100000   10.707569   clock uncertainty
                                  0.000000   10.707569   clock reconvergence pessimism
                                 -0.065128   10.642441   library setup time
                                             10.642441   data required time
---------------------------------------------------------------------------------------------
                                             10.642441   data required time
                                             -3.330173   data arrival time
---------------------------------------------------------------------------------------------
                                              7.312267   slack (MET)


Startpoint: _1542_ (rising edge-triggered flip-flop clocked by clk)
Endpoint: _1449_ (rising edge-triggered flip-flop clocked by clk)
Path Group: clk
Path Type: max

Fanout         Cap        Slew       Delay        Time   Description
---------------------------------------------------------------------------------------------
                                  0.000000    0.000000   clock clk (rise edge)
                                  0.000000    0.000000   clock source latency
     2    0.157459    0.537694    0.429212    0.429212 ^ clk (in)
                                                         clk (net)
                      0.571537    0.000000    0.429212 ^ clkbuf_regs_0_clk/A (sky130_fd_sc_hd__clkbuf_16)
     1    0.008638    0.038950    0.134933    0.564145 ^ clkbuf_regs_0_clk/X (sky130_fd_sc_hd__clkbuf_16)
                                                         clk_regs (net)
                      0.038950    0.000284    0.564429 ^ clkbuf_0_clk_regs/A (sky130_fd_sc_hd__clkbuf_16)
     8    0.079104    0.073558    0.125878    0.690307 ^ clkbuf_0_clk_regs/X (sky130_fd_sc_hd__clkbuf_16)
                                                         clknet_0_clk_regs (net)
                      0.073729    0.002960    0.693267 ^ clkbuf_3_5_0_clk_regs/A (sky130_fd_sc_hd__clkbuf_8)
     2    0.019344    0.037186    0.104017    0.797284 ^ clkbuf_3_5_0_clk_regs/X (sky130_fd_sc_hd__clkbuf_8)
                                                         clknet_3_5_0_clk_regs (net)
                      0.037190    0.000434    0.797718 ^ clkbuf_4_11__f_clk_regs/A (sky130_fd_sc_hd__clkbuf_16)
     8    0.029132    0.037490    0.096841    0.894559 ^ clkbuf_4_11__f_clk_regs/X (sky130_fd_sc_hd__clkbuf_16)
                                                         clknet_4_11__leaf_clk_regs (net)
                      0.037497    0.000576    0.895135 ^ _1542_/CLK (sky130_fd_sc_hd__dfxtp_4)
     3    0.024782    0.040399    0.244984    1.140119 v _1542_/Q (sky130_fd_sc_hd__dfxtp_4)
                                                         u_top.RV32I_Logic.Single_Cycle_Datapath.pcREG.q[12] (net)
                      0.040399    0.000424    1.140543 v fanout53/A (sky130_fd_sc_hd__buf_8)
     3    0.017799    0.022101    0.088248    1.228791 v fanout53/X (sky130_fd_sc_hd__buf_8)
                                                         net53 (net)
                      0.022108    0.000400    1.229191 v fanout51/A (sky130_fd_sc_hd__buf_8)
     6    0.028238    0.026745    0.086013    1.315205 v fanout51/X (sky130_fd_sc_hd__buf_8)
                                                         net51 (net)
                      0.026764    0.000705    1.315909 v _1134_/B (sky130_fd_sc_hd__or3b_4)
     1    0.002829    0.044079    0.225397    1.541306 v _1134_/X (sky130_fd_sc_hd__or3b_4)
                                                         _0470_ (net)
                      0.044079    0.000092    1.541398 v _1135_/A (sky130_fd_sc_hd__and4_2)
     2    0.012585    0.046969    0.140618    1.682016 v _1135_/X (sky130_fd_sc_hd__and4_2)
                                                         _0471_ (net)
                      0.046975    0.000580    1.682597 v _1136_/B (sky130_fd_sc_hd__or2_4)
     2    0.009285    0.037828    0.157251    1.839848 v _1136_/X (sky130_fd_sc_hd__or2_4)
                                                         _0472_ (net)
                      0.037828    0.000395    1.840243 v _1255_/B1 (sky130_fd_sc_hd__o2111a_2)
     1    0.005715    0.035397    0.109910    1.950153 v _1255_/X (sky130_fd_sc_hd__o2111a_2)
                                                         _0570_ (net)
                      0.035397    0.000176    1.950329 v _1256_/D1 (sky130_fd_sc_hd__o2111a_2)
     1    0.007100    0.037615    0.089590    2.039919 v _1256_/X (sky130_fd_sc_hd__o2111a_2)
                                                         _0571_ (net)
                      0.037637    0.000289    2.040209 v _1257_/C1 (sky130_fd_sc_hd__o211a_4)
     1    0.001943    0.025313    0.086040    2.126248 v _1257_/X (sky130_fd_sc_hd__o211a_4)
                                                         _0572_ (net)
                      0.025313    0.000040    2.126288 v _1258_/D (sky130_fd_sc_hd__and4b_2)
     2    0.022599    0.062981    0.193933    2.320220 v _1258_/X (sky130_fd_sc_hd__and4b_2)
                                                         _0573_ (net)
                      0.062986    0.000667    2.320887 v rebuffer170/A (sky130_fd_sc_hd__buf_6)
     1    0.008052    0.018001    0.091052    2.411939 v rebuffer170/X (sky130_fd_sc_hd__buf_6)
                                                         net169 (net)
                      0.018001    0.000246    2.412185 v _1259_/D (sky130_fd_sc_hd__nor4_4)
     3    0.027706    0.325590    0.242849    2.655034 ^ _1259_/Y (sky130_fd_sc_hd__nor4_4)
                                                         _0574_ (net)
                      0.325596    0.001113    2.656147 ^ rebuffer165/A (sky130_fd_sc_hd__buf_2)
     3    0.016287    0.067652    0.140071    2.796217 ^ rebuffer165/X (sky130_fd_sc_hd__buf_2)
                                                         net164 (net)
                      0.067657    0.000666    2.796884 ^ _1267_/B (sky130_fd_sc_hd__nor2_2)
     2    0.031060    0.073794    0.062990    2.859873 v _1267_/Y (sky130_fd_sc_hd__nor2_2)
                                                         _0578_ (net)
                      0.073797    0.000407    2.860281 v fanout7/A (sky130_fd_sc_hd__buf_1)
    10    0.061877    0.241934    0.252507    3.112788 v fanout7/X (sky130_fd_sc_hd__buf_1)
                                                         net7 (net)
                      0.242109    0.005784    3.118571 v _1270_/B (sky130_fd_sc_hd__and2_2)
     1    0.001898    0.027847    0.205838    3.324409 v _1270_/X (sky130_fd_sc_hd__and2_2)
                                                         _0308_ (net)
                      0.027847    0.000038    3.324447 v _1870_/A (sky130_fd_sc_hd__buf_2)
     1    0.002185    0.015959    0.071745    3.396193 v _1870_/X (sky130_fd_sc_hd__buf_2)
                                                         _0900_ (net)
                      0.015959    0.000065    3.396258 v _1449_/D (sky130_fd_sc_hd__dfxtp_2)
                                              3.396258   data arrival time

                                 10.000000   10.000000   clock clk (rise edge)
                                  0.000000   10.000000   clock source latency
     2    0.157459    0.537694    0.388335   10.388335 ^ clk (in)
                                                         clk (net)
                      0.571537    0.000000   10.388335 ^ clkbuf_regs_0_clk/A (sky130_fd_sc_hd__clkbuf_16)
     1    0.008638    0.038950    0.122082   10.510417 ^ clkbuf_regs_0_clk/X (sky130_fd_sc_hd__clkbuf_16)
                                                         clk_regs (net)
                      0.038950    0.000258   10.510674 ^ clkbuf_0_clk_regs/A (sky130_fd_sc_hd__clkbuf_16)
     8    0.079104    0.073558    0.113889   10.624564 ^ clkbuf_0_clk_regs/X (sky130_fd_sc_hd__clkbuf_16)
                                                         clknet_0_clk_regs (net)
                      0.073668    0.002158   10.626722 ^ clkbuf_3_4_0_clk_regs/A (sky130_fd_sc_hd__clkbuf_8)
     2    0.019130    0.036943    0.093841   10.720563 ^ clkbuf_3_4_0_clk_regs/X (sky130_fd_sc_hd__clkbuf_8)
                                                         clknet_3_4_0_clk_regs (net)
                      0.036951    0.000496   10.721059 ^ clkbuf_4_8__f_clk_regs/A (sky130_fd_sc_hd__clkbuf_16)
     9    0.029937    0.038069    0.088134   10.809193 ^ clkbuf_4_8__f_clk_regs/X (sky130_fd_sc_hd__clkbuf_16)
                                                         clknet_4_8__leaf_clk_regs (net)
                      0.038091    0.000780   10.809973 ^ _1449_/CLK (sky130_fd_sc_hd__dfxtp_2)
                                 -0.100000   10.709972   clock uncertainty
                                  0.065744   10.775717   clock reconvergence pessimism
                                 -0.064910   10.710806   library setup time
                                             10.710806   data required time
---------------------------------------------------------------------------------------------
                                             10.710806   data required time
                                             -3.396258   data arrival time
---------------------------------------------------------------------------------------------
                                              7.314548   slack (MET)


Startpoint: _1533_ (rising edge-triggered flip-flop clocked by clk)
Endpoint: _1561_ (rising edge-triggered flip-flop clocked by clk)
Path Group: clk
Path Type: max

Fanout         Cap        Slew       Delay        Time   Description
---------------------------------------------------------------------------------------------
                                  0.000000    0.000000   clock clk (rise edge)
                                  0.000000    0.000000   clock source latency
     2    0.157459    0.537694    0.429212    0.429212 ^ clk (in)
                                                         clk (net)
                      0.571537    0.000000    0.429212 ^ clkbuf_regs_0_clk/A (sky130_fd_sc_hd__clkbuf_16)
     1    0.008638    0.038950    0.134933    0.564145 ^ clkbuf_regs_0_clk/X (sky130_fd_sc_hd__clkbuf_16)
                                                         clk_regs (net)
                      0.038950    0.000284    0.564429 ^ clkbuf_0_clk_regs/A (sky130_fd_sc_hd__clkbuf_16)
     8    0.079104    0.073558    0.125878    0.690307 ^ clkbuf_0_clk_regs/X (sky130_fd_sc_hd__clkbuf_16)
                                                         clknet_0_clk_regs (net)
                      0.073740    0.003050    0.693357 ^ clkbuf_3_7_0_clk_regs/A (sky130_fd_sc_hd__clkbuf_8)
     2    0.018292    0.035983    0.102832    0.796189 ^ clkbuf_3_7_0_clk_regs/X (sky130_fd_sc_hd__clkbuf_8)
                                                         clknet_3_7_0_clk_regs (net)
                      0.035992    0.000543    0.796732 ^ clkbuf_4_15__f_clk_regs/A (sky130_fd_sc_hd__clkbuf_16)
     8    0.024233    0.033990    0.092971    0.889703 ^ clkbuf_4_15__f_clk_regs/X (sky130_fd_sc_hd__clkbuf_16)
                                                         clknet_4_15__leaf_clk_regs (net)
                      0.034025    0.000922    0.890625 ^ _1533_/CLK (sky130_fd_sc_hd__dfxtp_2)
     1    0.002263    0.020242    0.195280    1.085905 ^ _1533_/Q (sky130_fd_sc_hd__dfxtp_2)
                                                         u_top.RV32I_Logic.Single_Cycle_Datapath.pcREG.q[3] (net)
                      0.020242    0.000067    1.085972 ^ _1831_/A (sky130_fd_sc_hd__buf_2)
     5    0.019983    0.077385    0.103875    1.189847 ^ _1831_/X (sky130_fd_sc_hd__buf_2)
                                                         _0653_ (net)
                      0.077418    0.000653    1.190500 ^ _1361_/B (sky130_fd_sc_hd__and4_2)
     6    0.020922    0.093803    0.190532    1.381032 ^ _1361_/X (sky130_fd_sc_hd__and4_2)
                                                         _0584_ (net)
                      0.093804    0.000568    1.381600 ^ _1368_/D (sky130_fd_sc_hd__and4_2)
     6    0.024894    0.107847    0.207458    1.589057 ^ _1368_/X (sky130_fd_sc_hd__and4_2)
                                                         _0588_ (net)
                      0.107850    0.000792    1.589850 ^ _1376_/D (sky130_fd_sc_hd__and4_2)
     7    0.038642    0.157000    0.247948    1.837798 ^ _1376_/X (sky130_fd_sc_hd__and4_2)
                                                         _0593_ (net)
                      0.157117    0.002803    1.840601 ^ _1387_/D (sky130_fd_sc_hd__and4_2)
     6    0.028502    0.121339    0.225543    2.066143 ^ _1387_/X (sky130_fd_sc_hd__and4_2)
                                                         _0600_ (net)
                      0.121346    0.001058    2.067202 ^ _1395_/D (sky130_fd_sc_hd__and4_2)
     6    0.026757    0.114672    0.216675    2.283876 ^ _1395_/X (sky130_fd_sc_hd__and4_2)
                                                         _0605_ (net)
                      0.114681    0.001174    2.285050 ^ _1403_/D (sky130_fd_sc_hd__and4_2)
     6    0.026217    0.112698    0.214375    2.499425 ^ _1403_/X (sky130_fd_sc_hd__and4_2)
                                                         _0610_ (net)
                      0.112698    0.000507    2.499932 ^ _1411_/D (sky130_fd_sc_hd__and4_2)
     7    0.032714    0.135797    0.232026    2.731959 ^ _1411_/X (sky130_fd_sc_hd__and4_2)
                                                         _0615_ (net)
                      0.135826    0.002053    2.734012 ^ _1423_/C (sky130_fd_sc_hd__and4_2)
     6    0.032774    0.136284    0.235985    2.969997 ^ _1423_/X (sky130_fd_sc_hd__and4_2)
                                                         _0623_ (net)
                      0.136290    0.001095    2.971092 ^ _1429_/C (sky130_fd_sc_hd__nand3_2)
     2    0.006768    0.056533    0.056928    3.028020 v _1429_/Y (sky130_fd_sc_hd__nand3_2)
                                                         _0627_ (net)
                      0.056533    0.000201    3.028220 v _1432_/A2 (sky130_fd_sc_hd__o2111a_2)
     1    0.002594    0.028978    0.163535    3.191755 v _1432_/X (sky130_fd_sc_hd__o2111a_2)
                                                         _0420_ (net)
                      0.028978    0.000080    3.191836 v _1982_/A (sky130_fd_sc_hd__buf_2)
     1    0.002389    0.016279    0.072754    3.264590 v _1982_/X (sky130_fd_sc_hd__buf_2)
                                                         _1069_ (net)
                      0.016279    0.000071    3.264661 v _1561_/D (sky130_fd_sc_hd__dfxtp_2)
                                              3.264661   data arrival time

                                 10.000000   10.000000   clock clk (rise edge)
                                  0.000000   10.000000   clock source latency
     2    0.157459    0.537694    0.388335   10.388335 ^ clk (in)
                                                         clk (net)
                      0.571537    0.000000   10.388335 ^ clkbuf_regs_0_clk/A (sky130_fd_sc_hd__clkbuf_16)
     1    0.008638    0.038950    0.122082   10.510417 ^ clkbuf_regs_0_clk/X (sky130_fd_sc_hd__clkbuf_16)
                                                         clk_regs (net)
                      0.038950    0.000258   10.510674 ^ clkbuf_0_clk_regs/A (sky130_fd_sc_hd__clkbuf_16)
     8    0.079104    0.073558    0.113889   10.624564 ^ clkbuf_0_clk_regs/X (sky130_fd_sc_hd__clkbuf_16)
                                                         clknet_0_clk_regs (net)
                      0.073668    0.002158   10.626722 ^ clkbuf_3_4_0_clk_regs/A (sky130_fd_sc_hd__clkbuf_8)
     2    0.019130    0.036943    0.093841   10.720563 ^ clkbuf_3_4_0_clk_regs/X (sky130_fd_sc_hd__clkbuf_8)
                                                         clknet_3_4_0_clk_regs (net)
                      0.036951    0.000496   10.721059 ^ clkbuf_4_8__f_clk_regs/A (sky130_fd_sc_hd__clkbuf_16)
     9    0.029937    0.038069    0.088134   10.809193 ^ clkbuf_4_8__f_clk_regs/X (sky130_fd_sc_hd__clkbuf_16)
                                                         clknet_4_8__leaf_clk_regs (net)
                      0.038093    0.000807   10.810000 ^ _1561_/CLK (sky130_fd_sc_hd__dfxtp_2)
                                 -0.100000   10.710000   clock uncertainty
                                  0.065744   10.775744   clock reconvergence pessimism
                                 -0.065024   10.710720   library setup time
                                             10.710720   data required time
---------------------------------------------------------------------------------------------
                                             10.710720   data required time
                                             -3.264661   data arrival time
---------------------------------------------------------------------------------------------
                                              7.446059   slack (MET)


Startpoint: _1573_ (rising edge-triggered flip-flop clocked by clk)
Endpoint: u_top.dataMemory.sram_even_words
          (falling edge-triggered flip-flop clocked by clk)
Path Group: clk
Path Type: max

Fanout         Cap        Slew       Delay        Time   Description
---------------------------------------------------------------------------------------------
                                  0.000000    0.000000   clock clk (rise edge)
                                  0.000000    0.000000   clock source latency
     2    0.157459    0.537694    0.429212    0.429212 ^ clk (in)
                                                         clk (net)
                      0.571537    0.000000    0.429212 ^ clkbuf_regs_0_clk/A (sky130_fd_sc_hd__clkbuf_16)
     1    0.008638    0.038950    0.134933    0.564145 ^ clkbuf_regs_0_clk/X (sky130_fd_sc_hd__clkbuf_16)
                                                         clk_regs (net)
                      0.038950    0.000284    0.564429 ^ clkbuf_0_clk_regs/A (sky130_fd_sc_hd__clkbuf_16)
     8    0.079104    0.073558    0.125878    0.690307 ^ clkbuf_0_clk_regs/X (sky130_fd_sc_hd__clkbuf_16)
                                                         clknet_0_clk_regs (net)
                      0.073743    0.003078    0.693385 ^ clkbuf_3_0_0_clk_regs/A (sky130_fd_sc_hd__clkbuf_8)
     2    0.018319    0.036012    0.102900    0.796286 ^ clkbuf_3_0_0_clk_regs/X (sky130_fd_sc_hd__clkbuf_8)
                                                         clknet_3_0_0_clk_regs (net)
                      0.036015    0.000381    0.796666 ^ clkbuf_4_1__f_clk_regs/A (sky130_fd_sc_hd__clkbuf_16)
     9    0.035385    0.041843    0.100551    0.897218 ^ clkbuf_4_1__f_clk_regs/X (sky130_fd_sc_hd__clkbuf_16)
                                                         clknet_4_1__leaf_clk_regs (net)
                      0.041850    0.000848    0.898066 ^ _1573_/CLK (sky130_fd_sc_hd__dfstp_4)
    14    0.156525    0.294040    0.589875    1.487941 ^ _1573_/Q (sky130_fd_sc_hd__dfstp_4)
                                                         u_top.dataMemory.clear_active (net)
                      0.294260    0.007131    1.495072 ^ _1699_/A (sky130_fd_sc_hd__buf_2)
     3    0.023091    0.090502    0.156738    1.651811 ^ _1699_/X (sky130_fd_sc_hd__buf_2)
                                                         _0660_ (net)
                      0.090506    0.000763    1.652574 ^ _1082_/A (sky130_fd_sc_hd__inv_2)
     7    0.064803    0.103801    0.107188    1.759761 v _1082_/Y (sky130_fd_sc_hd__inv_2)
                                                         _0433_ (net)
                      0.103831    0.001566    1.761328 v _1220_/A (sky130_fd_sc_hd__nor2_2)
     2    0.013373    0.121381    0.152299    1.913626 ^ _1220_/Y (sky130_fd_sc_hd__nor2_2)
                                                         _0682_ (net)
                      0.121383    0.000467    1.914093 ^ fanout41/A (sky130_fd_sc_hd__buf_2)
    10    0.092010    0.336099    0.304271    2.218364 ^ fanout41/X (sky130_fd_sc_hd__buf_2)
                                                         net41 (net)
                      0.336104    0.001208    2.219572 ^ _1231_/B (sky130_fd_sc_hd__and2_2)
     1    0.081132    0.309352    0.323460    2.543031 ^ _1231_/X (sky130_fd_sc_hd__and2_2)
                                                         _0672_ (net)
                      0.312867    0.027910    2.570941 ^ _1850_/A (sky130_fd_sc_hd__buf_2)
     1    0.004589    0.032885    0.107048    2.677989 ^ _1850_/X (sky130_fd_sc_hd__buf_2)
                                                         u_top.dataMemory.s0_addr0[0] (net)
                      0.032885    0.000170    2.678159 ^ wire21/A (sky130_fd_sc_hd__clkdlybuf4s25_1)
     1    0.002965    0.032844    0.167017    2.845176 ^ wire21/X (sky130_fd_sc_hd__clkdlybuf4s25_1)
                                                         net21 (net)
                      0.032844    0.000092    2.845268 ^ wire185/A (sky130_fd_sc_hd__clkdlybuf4s25_1)
     1    0.008338    0.070707    0.196238    3.041505 ^ wire185/X (sky130_fd_sc_hd__clkdlybuf4s25_1)
                                                         net184 (net)
                      0.094275    0.000244    3.041749 ^ u_top.dataMemory.sram_even_words/addr0[0] (sky130_sram_2kbyte_1rw1r_32x512_8)
                                              3.041749   data arrival time

                                 10.000000   10.000000   clock clk (rise edge)
                                  0.000000   10.000000   clock source latency
     2    0.157459    0.537694    0.391421   10.391421 ^ clk (in)
                                                         clk (net)
                      0.573756    0.000000   10.391421 ^ clkbuf_0_clk/A (sky130_fd_sc_hd__clkbuf_16)
     2    0.043414    0.060361    0.146404   10.537826 ^ clkbuf_0_clk/X (sky130_fd_sc_hd__clkbuf_16)
                                                         clknet_0_clk (net)
                      0.060908    0.005552   10.543377 ^ clkbuf_1_0__f_clk/A (sky130_fd_sc_hd__clkbuf_16)
     2    0.125447    0.099176    0.127205   10.670582 ^ clkbuf_1_0__f_clk/X (sky130_fd_sc_hd__clkbuf_16)
                                                         clknet_1_0__leaf_clk (net)
                      0.182698    0.044674   10.715256 ^ u_top.dataMemory.sram_even_words/clk0 (sky130_sram_2kbyte_1rw1r_32x512_8)
                                 -0.100000   10.615255   clock uncertainty
                                  0.000000   10.615255   clock reconvergence pessimism
                                 -0.103000   10.512256   library setup time
                                             10.512256   data required time
---------------------------------------------------------------------------------------------
                                             10.512256   data required time
                                             -3.041749   data arrival time
---------------------------------------------------------------------------------------------
                                              7.470506   slack (MET)


Startpoint: reset (input port clocked by clk)
Endpoint: _1535_ (rising edge-triggered flip-flop clocked by clk)
Path Group: clk
Path Type: max

Fanout         Cap        Slew       Delay        Time   Description
---------------------------------------------------------------------------------------------
                                  0.000000    0.000000   clock clk (rise edge)
                                  0.000000    0.000000   clock network delay (propagated)
                                  2.000000    2.000000 ^ input external delay
     3    0.122379    0.415328    0.331209    2.331209 ^ reset (in)
                                                         reset (net)
                      0.434769    0.000000    2.331209 ^ _1826_/A (sky130_fd_sc_hd__buf_2)
     5    0.038184    0.143063    0.197619    2.528827 ^ _1826_/X (sky130_fd_sc_hd__buf_2)
                                                         _0629_ (net)
                      0.143114    0.002349    2.531177 ^ _1353_/B (sky130_fd_sc_hd__nor2_2)
     1    0.010147    0.043814    0.038144    2.569321 v _1353_/Y (sky130_fd_sc_hd__nor2_2)
                                                         _0579_ (net)
                      0.043825    0.000580    2.569901 v fanout47/A (sky130_fd_sc_hd__clkdlybuf4s25_1)
     5    0.042019    0.213327    0.322865    2.892766 v fanout47/X (sky130_fd_sc_hd__clkdlybuf4s25_1)
                                                         net47 (net)
                      0.213474    0.005321    2.898087 v _1362_/B (sky130_fd_sc_hd__and3b_2)
     1    0.002387    0.027599    0.198109    3.096196 v _1362_/X (sky130_fd_sc_hd__and3b_2)
                                                         _0394_ (net)
                      0.027599    0.000072    3.096269 v _1956_/A (sky130_fd_sc_hd__buf_2)
     1    0.002700    0.016764    0.072998    3.169266 v _1956_/X (sky130_fd_sc_hd__buf_2)
                                                         _1043_ (net)
                      0.016764    0.000059    3.169326 v _1535_/D (sky130_fd_sc_hd__dfxtp_2)
                                              3.169326   data arrival time

                                 10.000000   10.000000   clock clk (rise edge)
                                  0.000000   10.000000   clock source latency
     2    0.157459    0.537694    0.388335   10.388335 ^ clk (in)
                                                         clk (net)
                      0.571537    0.000000   10.388335 ^ clkbuf_regs_0_clk/A (sky130_fd_sc_hd__clkbuf_16)
     1    0.008638    0.038950    0.122082   10.510417 ^ clkbuf_regs_0_clk/X (sky130_fd_sc_hd__clkbuf_16)
                                                         clk_regs (net)
                      0.038950    0.000258   10.510674 ^ clkbuf_0_clk_regs/A (sky130_fd_sc_hd__clkbuf_16)
     8    0.079104    0.073558    0.113889   10.624564 ^ clkbuf_0_clk_regs/X (sky130_fd_sc_hd__clkbuf_16)
                                                         clknet_0_clk_regs (net)
                      0.073740    0.002760   10.627323 ^ clkbuf_3_7_0_clk_regs/A (sky130_fd_sc_hd__clkbuf_8)
     2    0.018292    0.035983    0.093038   10.720362 ^ clkbuf_3_7_0_clk_regs/X (sky130_fd_sc_hd__clkbuf_8)
                                                         clknet_3_7_0_clk_regs (net)
                      0.035990    0.000443   10.720805 ^ clkbuf_4_14__f_clk_regs/A (sky130_fd_sc_hd__clkbuf_16)
     8    0.027397    0.036234    0.086277   10.807082 ^ clkbuf_4_14__f_clk_regs/X (sky130_fd_sc_hd__clkbuf_16)
                                                         clknet_4_14__leaf_clk_regs (net)
                      0.036249    0.000635   10.807716 ^ _1535_/CLK (sky130_fd_sc_hd__dfxtp_2)
                                 -0.100000   10.707717   clock uncertainty
                                  0.000000   10.707717   clock reconvergence pessimism
                                 -0.065375   10.642342   library setup time
                                             10.642342   data required time
---------------------------------------------------------------------------------------------
                                             10.642342   data required time
                                             -3.169326   data arrival time
---------------------------------------------------------------------------------------------
                                              7.473016   slack (MET)


Startpoint: _1573_ (rising edge-triggered flip-flop clocked by clk)
Endpoint: u_top.dataMemory.sram_even_words
          (falling edge-triggered flip-flop clocked by clk)
Path Group: clk
Path Type: max

Fanout         Cap        Slew       Delay        Time   Description
---------------------------------------------------------------------------------------------
                                  0.000000    0.000000   clock clk (rise edge)
                                  0.000000    0.000000   clock source latency
     2    0.157459    0.537694    0.429212    0.429212 ^ clk (in)
                                                         clk (net)
                      0.571537    0.000000    0.429212 ^ clkbuf_regs_0_clk/A (sky130_fd_sc_hd__clkbuf_16)
     1    0.008638    0.038950    0.134933    0.564145 ^ clkbuf_regs_0_clk/X (sky130_fd_sc_hd__clkbuf_16)
                                                         clk_regs (net)
                      0.038950    0.000284    0.564429 ^ clkbuf_0_clk_regs/A (sky130_fd_sc_hd__clkbuf_16)
     8    0.079104    0.073558    0.125878    0.690307 ^ clkbuf_0_clk_regs/X (sky130_fd_sc_hd__clkbuf_16)
                                                         clknet_0_clk_regs (net)
                      0.073743    0.003078    0.693385 ^ clkbuf_3_0_0_clk_regs/A (sky130_fd_sc_hd__clkbuf_8)
     2    0.018319    0.036012    0.102900    0.796286 ^ clkbuf_3_0_0_clk_regs/X (sky130_fd_sc_hd__clkbuf_8)
                                                         clknet_3_0_0_clk_regs (net)
                      0.036015    0.000381    0.796666 ^ clkbuf_4_1__f_clk_regs/A (sky130_fd_sc_hd__clkbuf_16)
     9    0.035385    0.041843    0.100551    0.897218 ^ clkbuf_4_1__f_clk_regs/X (sky130_fd_sc_hd__clkbuf_16)
                                                         clknet_4_1__leaf_clk_regs (net)
                      0.041850    0.000848    0.898066 ^ _1573_/CLK (sky130_fd_sc_hd__dfstp_4)
    14    0.156525    0.294040    0.589875    1.487941 ^ _1573_/Q (sky130_fd_sc_hd__dfstp_4)
                                                         u_top.dataMemory.clear_active (net)
                      0.294260    0.007131    1.495072 ^ _1699_/A (sky130_fd_sc_hd__buf_2)
     3    0.023091    0.090502    0.156738    1.651811 ^ _1699_/X (sky130_fd_sc_hd__buf_2)
                                                         _0660_ (net)
                      0.090506    0.000763    1.652574 ^ _1082_/A (sky130_fd_sc_hd__inv_2)
     7    0.064803    0.103801    0.107188    1.759761 v _1082_/Y (sky130_fd_sc_hd__inv_2)
                                                         _0433_ (net)
                      0.103831    0.001566    1.761328 v _1220_/A (sky130_fd_sc_hd__nor2_2)
     2    0.013373    0.121381    0.152299    1.913626 ^ _1220_/Y (sky130_fd_sc_hd__nor2_2)
                                                         _0682_ (net)
                      0.121383    0.000467    1.914093 ^ fanout41/A (sky130_fd_sc_hd__buf_2)
    10    0.092010    0.336099    0.304271    2.218364 ^ fanout41/X (sky130_fd_sc_hd__buf_2)
                                                         net41 (net)
                      0.336102    0.000948    2.219312 ^ _1232_/B (sky130_fd_sc_hd__and2_2)
     2    0.079205    0.302261    0.317061    2.536373 ^ _1232_/X (sky130_fd_sc_hd__and2_2)
                                                         _0673_ (net)
                      0.306305    0.029506    2.565879 ^ _1851_/A (sky130_fd_sc_hd__buf_2)
     1    0.005705    0.035855    0.110261    2.676140 ^ _1851_/X (sky130_fd_sc_hd__buf_2)
                                                         u_top.dataMemory.s0_addr0[1] (net)
                      0.035856    0.000211    2.676351 ^ wire20/A (sky130_fd_sc_hd__clkdlybuf4s25_1)
     1    0.002744    0.031362    0.166640    2.842991 ^ wire20/X (sky130_fd_sc_hd__clkdlybuf4s25_1)
                                                         net20 (net)
                      0.031362    0.000082    2.843073 ^ wire186/A (sky130_fd_sc_hd__clkdlybuf4s25_1)
     1    0.008242    0.070025    0.195276    3.038349 ^ wire186/X (sky130_fd_sc_hd__clkdlybuf4s25_1)
                                                         net185 (net)
                      0.093366    0.000241    3.038590 ^ u_top.dataMemory.sram_even_words/addr0[1] (sky130_sram_2kbyte_1rw1r_32x512_8)
                                              3.038590   data arrival time

                                 10.000000   10.000000   clock clk (rise edge)
                                  0.000000   10.000000   clock source latency
     2    0.157459    0.537694    0.391421   10.391421 ^ clk (in)
                                                         clk (net)
                      0.573756    0.000000   10.391421 ^ clkbuf_0_clk/A (sky130_fd_sc_hd__clkbuf_16)
     2    0.043414    0.060361    0.146404   10.537826 ^ clkbuf_0_clk/X (sky130_fd_sc_hd__clkbuf_16)
                                                         clknet_0_clk (net)
                      0.060908    0.005552   10.543377 ^ clkbuf_1_0__f_clk/A (sky130_fd_sc_hd__clkbuf_16)
     2    0.125447    0.099176    0.127205   10.670582 ^ clkbuf_1_0__f_clk/X (sky130_fd_sc_hd__clkbuf_16)
                                                         clknet_1_0__leaf_clk (net)
                      0.182698    0.044674   10.715256 ^ u_top.dataMemory.sram_even_words/clk0 (sky130_sram_2kbyte_1rw1r_32x512_8)
                                 -0.100000   10.615255   clock uncertainty
                                  0.000000   10.615255   clock reconvergence pessimism
                                 -0.103000   10.512256   library setup time
                                             10.512256   data required time
---------------------------------------------------------------------------------------------
                                             10.512256   data required time
                                             -3.038590   data arrival time
---------------------------------------------------------------------------------------------
                                              7.473665   slack (MET)


Startpoint: reset (input port clocked by clk)
Endpoint: _1487_ (rising edge-triggered flip-flop clocked by clk)
Path Group: clk
Path Type: max

Fanout         Cap        Slew       Delay        Time   Description
---------------------------------------------------------------------------------------------
                                  0.000000    0.000000   clock clk (rise edge)
                                  0.000000    0.000000   clock network delay (propagated)
                                  2.000000    2.000000 ^ input external delay
     3    0.122379    0.415328    0.331209    2.331209 ^ reset (in)
                                                         reset (net)
                      0.434769    0.000000    2.331209 ^ _1826_/A (sky130_fd_sc_hd__buf_2)
     5    0.038184    0.143063    0.197619    2.528827 ^ _1826_/X (sky130_fd_sc_hd__buf_2)
                                                         _0629_ (net)
                      0.143125    0.002589    2.531416 ^ _1090_/A (sky130_fd_sc_hd__inv_2)
     4    0.049589    0.091304    0.101986    2.633402 v _1090_/Y (sky130_fd_sc_hd__inv_2)
                                                         _0291_ (net)
                      0.091333    0.001405    2.634807 v fanout64/A (sky130_fd_sc_hd__clkdlybuf4s25_1)
     9    0.027931    0.144468    0.290149    2.924957 v fanout64/X (sky130_fd_sc_hd__clkdlybuf4s25_1)
                                                         net64 (net)
                      0.144468    0.000533    2.925489 v _1308_/B (sky130_fd_sc_hd__and2_2)
     1    0.002882    0.027269    0.167534    3.093023 v _1308_/X (sky130_fd_sc_hd__and2_2)
                                                         _0346_ (net)
                      0.027269    0.000091    3.093115 v _1908_/A (sky130_fd_sc_hd__buf_2)
     1    0.002927    0.017123    0.073447    3.166562 v _1908_/X (sky130_fd_sc_hd__buf_2)
                                                         _0976_ (net)
                      0.017123    0.000094    3.166656 v _1487_/D (sky130_fd_sc_hd__dfxtp_2)
                                              3.166656   data arrival time

                                 10.000000   10.000000   clock clk (rise edge)
                                  0.000000   10.000000   clock source latency
     2    0.157459    0.537694    0.388335   10.388335 ^ clk (in)
                                                         clk (net)
                      0.571537    0.000000   10.388335 ^ clkbuf_regs_0_clk/A (sky130_fd_sc_hd__clkbuf_16)
     1    0.008638    0.038950    0.122082   10.510417 ^ clkbuf_regs_0_clk/X (sky130_fd_sc_hd__clkbuf_16)
                                                         clk_regs (net)
                      0.038950    0.000258   10.510674 ^ clkbuf_0_clk_regs/A (sky130_fd_sc_hd__clkbuf_16)
     8    0.079104    0.073558    0.113889   10.624564 ^ clkbuf_0_clk_regs/X (sky130_fd_sc_hd__clkbuf_16)
                                                         clknet_0_clk_regs (net)
                      0.073743    0.002785   10.627349 ^ clkbuf_3_0_0_clk_regs/A (sky130_fd_sc_hd__clkbuf_8)
     2    0.018319    0.036012    0.093100   10.720448 ^ clkbuf_3_0_0_clk_regs/X (sky130_fd_sc_hd__clkbuf_8)
                                                         clknet_3_0_0_clk_regs (net)
                      0.036015    0.000345   10.720794 ^ clkbuf_4_1__f_clk_regs/A (sky130_fd_sc_hd__clkbuf_16)
     9    0.035385    0.041843    0.090975   10.811769 ^ clkbuf_4_1__f_clk_regs/X (sky130_fd_sc_hd__clkbuf_16)
                                                         clknet_4_1__leaf_clk_regs (net)
                      0.041843    0.000096   10.811865 ^ _1487_/CLK (sky130_fd_sc_hd__dfxtp_2)
                                 -0.100000   10.711864   clock uncertainty
                                  0.000000   10.711864   clock reconvergence pessimism
                                 -0.064966   10.646899   library setup time
                                             10.646899   data required time
---------------------------------------------------------------------------------------------
                                             10.646899   data required time
                                             -3.166656   data arrival time
---------------------------------------------------------------------------------------------
                                              7.480242   slack (MET)


Startpoint: reset (input port clocked by clk)
Endpoint: _1490_ (rising edge-triggered flip-flop clocked by clk)
Path Group: clk
Path Type: max

Fanout         Cap        Slew       Delay        Time   Description
---------------------------------------------------------------------------------------------
                                  0.000000    0.000000   clock clk (rise edge)
                                  0.000000    0.000000   clock network delay (propagated)
                                  2.000000    2.000000 ^ input external delay
     3    0.122379    0.415328    0.331209    2.331209 ^ reset (in)
                                                         reset (net)
                      0.434769    0.000000    2.331209 ^ _1826_/A (sky130_fd_sc_hd__buf_2)
     5    0.038184    0.143063    0.197619    2.528827 ^ _1826_/X (sky130_fd_sc_hd__buf_2)
                                                         _0629_ (net)
                      0.143125    0.002589    2.531416 ^ _1090_/A (sky130_fd_sc_hd__inv_2)
     4    0.049589    0.091304    0.101986    2.633402 v _1090_/Y (sky130_fd_sc_hd__inv_2)
                                                         _0291_ (net)
                      0.091333    0.001405    2.634807 v fanout64/A (sky130_fd_sc_hd__clkdlybuf4s25_1)
     9    0.027931    0.144468    0.290149    2.924957 v fanout64/X (sky130_fd_sc_hd__clkdlybuf4s25_1)
                                                         net64 (net)
                      0.144471    0.000902    2.925858 v _1311_/B (sky130_fd_sc_hd__and2_2)
     1    0.002531    0.026598    0.166386    3.092245 v _1311_/X (sky130_fd_sc_hd__and2_2)
                                                         _0349_ (net)
                      0.026598    0.000079    3.092324 v _1911_/A (sky130_fd_sc_hd__buf_2)
     1    0.002415    0.016320    0.071825    3.164150 v _1911_/X (sky130_fd_sc_hd__buf_2)
                                                         _0982_ (net)
                      0.016320    0.000073    3.164223 v _1490_/D (sky130_fd_sc_hd__dfxtp_2)
                                              3.164223   data arrival time

                                 10.000000   10.000000   clock clk (rise edge)
                                  0.000000   10.000000   clock source latency
     2    0.157459    0.537694    0.388335   10.388335 ^ clk (in)
                                                         clk (net)
                      0.571537    0.000000   10.388335 ^ clkbuf_regs_0_clk/A (sky130_fd_sc_hd__clkbuf_16)
     1    0.008638    0.038950    0.122082   10.510417 ^ clkbuf_regs_0_clk/X (sky130_fd_sc_hd__clkbuf_16)
                                                         clk_regs (net)
                      0.038950    0.000258   10.510674 ^ clkbuf_0_clk_regs/A (sky130_fd_sc_hd__clkbuf_16)
     8    0.079104    0.073558    0.113889   10.624564 ^ clkbuf_0_clk_regs/X (sky130_fd_sc_hd__clkbuf_16)
                                                         clknet_0_clk_regs (net)
                      0.073728    0.002673   10.627236 ^ clkbuf_3_2_0_clk_regs/A (sky130_fd_sc_hd__clkbuf_8)
     2    0.019079    0.036888    0.093786   10.721023 ^ clkbuf_3_2_0_clk_regs/X (sky130_fd_sc_hd__clkbuf_8)
                                                         clknet_3_2_0_clk_regs (net)
                      0.036898    0.000548   10.721571 ^ clkbuf_4_5__f_clk_regs/A (sky130_fd_sc_hd__clkbuf_16)
     8    0.028842    0.037284    0.087352   10.808923 ^ clkbuf_4_5__f_clk_regs/X (sky130_fd_sc_hd__clkbuf_16)
                                                         clknet_4_5__leaf_clk_regs (net)
                      0.037311    0.000852   10.809774 ^ _1490_/CLK (sky130_fd_sc_hd__dfxtp_2)
                                 -0.100000   10.709775   clock uncertainty
                                  0.000000   10.709775   clock reconvergence pessimism
                                 -0.065114   10.644661   library setup time
                                             10.644661   data required time
---------------------------------------------------------------------------------------------
                                             10.644661   data required time
                                             -3.164223   data arrival time
---------------------------------------------------------------------------------------------
                                              7.480438   slack (MET)


Startpoint: reset (input port clocked by clk)
Endpoint: _1470_ (rising edge-triggered flip-flop clocked by clk)
Path Group: clk
Path Type: max

Fanout         Cap        Slew       Delay        Time   Description
---------------------------------------------------------------------------------------------
                                  0.000000    0.000000   clock clk (rise edge)
                                  0.000000    0.000000   clock network delay (propagated)
                                  2.000000    2.000000 ^ input external delay
     3    0.122379    0.415328    0.331209    2.331209 ^ reset (in)
                                                         reset (net)
                      0.434769    0.000000    2.331209 ^ _1826_/A (sky130_fd_sc_hd__buf_2)
     5    0.038184    0.143063    0.197619    2.528827 ^ _1826_/X (sky130_fd_sc_hd__buf_2)
                                                         _0629_ (net)
                      0.143125    0.002589    2.531416 ^ _1090_/A (sky130_fd_sc_hd__inv_2)
     4    0.049589    0.091304    0.101986    2.633402 v _1090_/Y (sky130_fd_sc_hd__inv_2)
                                                         _0291_ (net)
                      0.091333    0.001405    2.634807 v fanout64/A (sky130_fd_sc_hd__clkdlybuf4s25_1)
     9    0.027931    0.144468    0.290149    2.924957 v fanout64/X (sky130_fd_sc_hd__clkdlybuf4s25_1)
                                                         net64 (net)
                      0.144469    0.000721    2.925677 v _1291_/B (sky130_fd_sc_hd__and2_2)
     1    0.003024    0.027540    0.167999    3.093677 v _1291_/X (sky130_fd_sc_hd__and2_2)
                                                         _0329_ (net)
                      0.027540    0.000095    3.093772 v _1891_/A (sky130_fd_sc_hd__buf_2)
     1    0.002359    0.016232    0.072073    3.165845 v _1891_/X (sky130_fd_sc_hd__buf_2)
                                                         _0942_ (net)
                      0.016232    0.000071    3.165916 v _1470_/D (sky130_fd_sc_hd__dfxtp_2)
                                              3.165916   data arrival time

                                 10.000000   10.000000   clock clk (rise edge)
                                  0.000000   10.000000   clock source latency
     2    0.157459    0.537694    0.388335   10.388335 ^ clk (in)
                                                         clk (net)
                      0.571537    0.000000   10.388335 ^ clkbuf_regs_0_clk/A (sky130_fd_sc_hd__clkbuf_16)
     1    0.008638    0.038950    0.122082   10.510417 ^ clkbuf_regs_0_clk/X (sky130_fd_sc_hd__clkbuf_16)
                                                         clk_regs (net)
                      0.038950    0.000258   10.510674 ^ clkbuf_0_clk_regs/A (sky130_fd_sc_hd__clkbuf_16)
     8    0.079104    0.073558    0.113889   10.624564 ^ clkbuf_0_clk_regs/X (sky130_fd_sc_hd__clkbuf_16)
                                                         clknet_0_clk_regs (net)
                      0.073743    0.002785   10.627349 ^ clkbuf_3_0_0_clk_regs/A (sky130_fd_sc_hd__clkbuf_8)
     2    0.018319    0.036012    0.093100   10.720448 ^ clkbuf_3_0_0_clk_regs/X (sky130_fd_sc_hd__clkbuf_8)
                                                         clknet_3_0_0_clk_regs (net)
                      0.036015    0.000345   10.720794 ^ clkbuf_4_1__f_clk_regs/A (sky130_fd_sc_hd__clkbuf_16)
     9    0.035385    0.041843    0.090975   10.811769 ^ clkbuf_4_1__f_clk_regs/X (sky130_fd_sc_hd__clkbuf_16)
                                                         clknet_4_1__leaf_clk_regs (net)
                      0.041845    0.000551   10.812320 ^ _1470_/CLK (sky130_fd_sc_hd__dfxtp_2)
                                 -0.100000   10.712319   clock uncertainty
                                  0.000000   10.712319   clock reconvergence pessimism
                                 -0.064648   10.647672   library setup time
                                             10.647672   data required time
---------------------------------------------------------------------------------------------
                                             10.647672   data required time
                                             -3.165916   data arrival time
---------------------------------------------------------------------------------------------
                                              7.481755   slack (MET)


Startpoint: reset (input port clocked by clk)
Endpoint: _1509_ (rising edge-triggered flip-flop clocked by clk)
Path Group: clk
Path Type: max

Fanout         Cap        Slew       Delay        Time   Description
---------------------------------------------------------------------------------------------
                                  0.000000    0.000000   clock clk (rise edge)
                                  0.000000    0.000000   clock network delay (propagated)
                                  2.000000    2.000000 ^ input external delay
     3    0.122379    0.415328    0.331209    2.331209 ^ reset (in)
                                                         reset (net)
                      0.434769    0.000000    2.331209 ^ _1826_/A (sky130_fd_sc_hd__buf_2)
     5    0.038184    0.143063    0.197619    2.528827 ^ _1826_/X (sky130_fd_sc_hd__buf_2)
                                                         _0629_ (net)
                      0.143125    0.002589    2.531416 ^ _1090_/A (sky130_fd_sc_hd__inv_2)
     4    0.049589    0.091304    0.101986    2.633402 v _1090_/Y (sky130_fd_sc_hd__inv_2)
                                                         _0291_ (net)
                      0.091333    0.001405    2.634807 v fanout64/A (sky130_fd_sc_hd__clkdlybuf4s25_1)
     9    0.027931    0.144468    0.290149    2.924957 v fanout64/X (sky130_fd_sc_hd__clkdlybuf4s25_1)
                                                         net64 (net)
                      0.144474    0.001113    2.926070 v _1330_/A (sky130_fd_sc_hd__and2_2)
     1    0.002164    0.025273    0.150587    3.076657 v _1330_/X (sky130_fd_sc_hd__and2_2)
                                                         _0368_ (net)
                      0.025273    0.000046    3.076703 v _1930_/A (sky130_fd_sc_hd__buf_2)
     1    0.003065    0.017340    0.072978    3.149681 v _1930_/X (sky130_fd_sc_hd__buf_2)
                                                         _1017_ (net)
                      0.017340    0.000073    3.149755 v _1509_/D (sky130_fd_sc_hd__dfxtp_2)
                                              3.149755   data arrival time

                                 10.000000   10.000000   clock clk (rise edge)
                                  0.000000   10.000000   clock source latency
     2    0.157459    0.537694    0.388335   10.388335 ^ clk (in)
                                                         clk (net)
                      0.571537    0.000000   10.388335 ^ clkbuf_regs_0_clk/A (sky130_fd_sc_hd__clkbuf_16)
     1    0.008638    0.038950    0.122082   10.510417 ^ clkbuf_regs_0_clk/X (sky130_fd_sc_hd__clkbuf_16)
                                                         clk_regs (net)
                      0.038950    0.000258   10.510674 ^ clkbuf_0_clk_regs/A (sky130_fd_sc_hd__clkbuf_16)
     8    0.079104    0.073558    0.113889   10.624564 ^ clkbuf_0_clk_regs/X (sky130_fd_sc_hd__clkbuf_16)
                                                         clknet_0_clk_regs (net)
                      0.073728    0.002673   10.627236 ^ clkbuf_3_2_0_clk_regs/A (sky130_fd_sc_hd__clkbuf_8)
     2    0.019079    0.036888    0.093786   10.721023 ^ clkbuf_3_2_0_clk_regs/X (sky130_fd_sc_hd__clkbuf_8)
                                                         clknet_3_2_0_clk_regs (net)
                      0.036897    0.000529   10.721552 ^ clkbuf_4_4__f_clk_regs/A (sky130_fd_sc_hd__clkbuf_16)
     9    0.030036    0.038118    0.088313   10.809865 ^ clkbuf_4_4__f_clk_regs/X (sky130_fd_sc_hd__clkbuf_16)
                                                         clknet_4_4__leaf_clk_regs (net)
                      0.038120    0.000300   10.810165 ^ _1509_/CLK (sky130_fd_sc_hd__dfxtp_2)
                                 -0.100000   10.710166   clock uncertainty
                                  0.000000   10.710166   clock reconvergence pessimism
                                 -0.065401   10.644765   library setup time
                                             10.644765   data required time
---------------------------------------------------------------------------------------------
                                             10.644765   data required time
                                             -3.149755   data arrival time
---------------------------------------------------------------------------------------------
                                              7.495010   slack (MET)


Startpoint: reset (input port clocked by clk)
Endpoint: _1510_ (rising edge-triggered flip-flop clocked by clk)
Path Group: clk
Path Type: max

Fanout         Cap        Slew       Delay        Time   Description
---------------------------------------------------------------------------------------------
                                  0.000000    0.000000   clock clk (rise edge)
                                  0.000000    0.000000   clock network delay (propagated)
                                  2.000000    2.000000 ^ input external delay
     3    0.122379    0.415328    0.331209    2.331209 ^ reset (in)
                                                         reset (net)
                      0.434769    0.000000    2.331209 ^ _1826_/A (sky130_fd_sc_hd__buf_2)
     5    0.038184    0.143063    0.197619    2.528827 ^ _1826_/X (sky130_fd_sc_hd__buf_2)
                                                         _0629_ (net)
                      0.143125    0.002589    2.531416 ^ _1090_/A (sky130_fd_sc_hd__inv_2)
     4    0.049589    0.091304    0.101986    2.633402 v _1090_/Y (sky130_fd_sc_hd__inv_2)
                                                         _0291_ (net)
                      0.091333    0.001405    2.634807 v fanout64/A (sky130_fd_sc_hd__clkdlybuf4s25_1)
     9    0.027931    0.144468    0.290149    2.924957 v fanout64/X (sky130_fd_sc_hd__clkdlybuf4s25_1)
                                                         net64 (net)
                      0.144475    0.001169    2.926126 v _1331_/A (sky130_fd_sc_hd__and2_2)
     1    0.002384    0.025694    0.151273    3.077398 v _1331_/X (sky130_fd_sc_hd__and2_2)
                                                         _0369_ (net)
                      0.025694    0.000074    3.077472 v _1931_/A (sky130_fd_sc_hd__buf_2)
     1    0.002442    0.016362    0.071518    3.148991 v _1931_/X (sky130_fd_sc_hd__buf_2)
                                                         _1018_ (net)
                      0.016362    0.000073    3.149064 v _1510_/D (sky130_fd_sc_hd__dfxtp_2)
                                              3.149064   data arrival time

                                 10.000000   10.000000   clock clk (rise edge)
                                  0.000000   10.000000   clock source latency
     2    0.157459    0.537694    0.388335   10.388335 ^ clk (in)
                                                         clk (net)
                      0.571537    0.000000   10.388335 ^ clkbuf_regs_0_clk/A (sky130_fd_sc_hd__clkbuf_16)
     1    0.008638    0.038950    0.122082   10.510417 ^ clkbuf_regs_0_clk/X (sky130_fd_sc_hd__clkbuf_16)
                                                         clk_regs (net)
                      0.038950    0.000258   10.510674 ^ clkbuf_0_clk_regs/A (sky130_fd_sc_hd__clkbuf_16)
     8    0.079104    0.073558    0.113889   10.624564 ^ clkbuf_0_clk_regs/X (sky130_fd_sc_hd__clkbuf_16)
                                                         clknet_0_clk_regs (net)
                      0.073728    0.002673   10.627236 ^ clkbuf_3_2_0_clk_regs/A (sky130_fd_sc_hd__clkbuf_8)
     2    0.019079    0.036888    0.093786   10.721023 ^ clkbuf_3_2_0_clk_regs/X (sky130_fd_sc_hd__clkbuf_8)
                                                         clknet_3_2_0_clk_regs (net)
                      0.036897    0.000529   10.721552 ^ clkbuf_4_4__f_clk_regs/A (sky130_fd_sc_hd__clkbuf_16)
     9    0.030036    0.038118    0.088313   10.809865 ^ clkbuf_4_4__f_clk_regs/X (sky130_fd_sc_hd__clkbuf_16)
                                                         clknet_4_4__leaf_clk_regs (net)
                      0.038120    0.000336   10.810201 ^ _1510_/CLK (sky130_fd_sc_hd__dfxtp_2)
                                 -0.100000   10.710201   clock uncertainty
                                  0.000000   10.710201   clock reconvergence pessimism
                                 -0.065051   10.645150   library setup time
                                             10.645150   data required time
---------------------------------------------------------------------------------------------
                                             10.645150   data required time
                                             -3.149064   data arrival time
---------------------------------------------------------------------------------------------
                                              7.496086   slack (MET)


Startpoint: reset (input port clocked by clk)
Endpoint: _1507_ (rising edge-triggered flip-flop clocked by clk)
Path Group: clk
Path Type: max

Fanout         Cap        Slew       Delay        Time   Description
---------------------------------------------------------------------------------------------
                                  0.000000    0.000000   clock clk (rise edge)
                                  0.000000    0.000000   clock network delay (propagated)
                                  2.000000    2.000000 ^ input external delay
     3    0.122379    0.415328    0.331209    2.331209 ^ reset (in)
                                                         reset (net)
                      0.434769    0.000000    2.331209 ^ _1826_/A (sky130_fd_sc_hd__buf_2)
     5    0.038184    0.143063    0.197619    2.528827 ^ _1826_/X (sky130_fd_sc_hd__buf_2)
                                                         _0629_ (net)
                      0.143125    0.002589    2.531416 ^ _1090_/A (sky130_fd_sc_hd__inv_2)
     4    0.049589    0.091304    0.101986    2.633402 v _1090_/Y (sky130_fd_sc_hd__inv_2)
                                                         _0291_ (net)
                      0.091333    0.001405    2.634807 v fanout64/A (sky130_fd_sc_hd__clkdlybuf4s25_1)
     9    0.027931    0.144468    0.290149    2.924957 v fanout64/X (sky130_fd_sc_hd__clkdlybuf4s25_1)
                                                         net64 (net)
                      0.144475    0.001170    2.926126 v _1328_/A (sky130_fd_sc_hd__and2_2)
     1    0.002203    0.025349    0.150708    3.076834 v _1328_/X (sky130_fd_sc_hd__and2_2)
                                                         _0366_ (net)
                      0.025349    0.000066    3.076900 v _1928_/A (sky130_fd_sc_hd__buf_2)
     1    0.002043    0.015733    0.070326    3.147226 v _1928_/X (sky130_fd_sc_hd__buf_2)
                                                         _1015_ (net)
                      0.015733    0.000060    3.147286 v _1507_/D (sky130_fd_sc_hd__dfxtp_2)
                                              3.147286   data arrival time

                                 10.000000   10.000000   clock clk (rise edge)
                                  0.000000   10.000000   clock source latency
     2    0.157459    0.537694    0.388335   10.388335 ^ clk (in)
                                                         clk (net)
                      0.571537    0.000000   10.388335 ^ clkbuf_regs_0_clk/A (sky130_fd_sc_hd__clkbuf_16)
     1    0.008638    0.038950    0.122082   10.510417 ^ clkbuf_regs_0_clk/X (sky130_fd_sc_hd__clkbuf_16)
                                                         clk_regs (net)
                      0.038950    0.000258   10.510674 ^ clkbuf_0_clk_regs/A (sky130_fd_sc_hd__clkbuf_16)
     8    0.079104    0.073558    0.113889   10.624564 ^ clkbuf_0_clk_regs/X (sky130_fd_sc_hd__clkbuf_16)
                                                         clknet_0_clk_regs (net)
                      0.073728    0.002673   10.627236 ^ clkbuf_3_2_0_clk_regs/A (sky130_fd_sc_hd__clkbuf_8)
     2    0.019079    0.036888    0.093786   10.721023 ^ clkbuf_3_2_0_clk_regs/X (sky130_fd_sc_hd__clkbuf_8)
                                                         clknet_3_2_0_clk_regs (net)
                      0.036898    0.000548   10.721571 ^ clkbuf_4_5__f_clk_regs/A (sky130_fd_sc_hd__clkbuf_16)
     8    0.028842    0.037284    0.087352   10.808923 ^ clkbuf_4_5__f_clk_regs/X (sky130_fd_sc_hd__clkbuf_16)
                                                         clknet_4_5__leaf_clk_regs (net)
                      0.037328    0.001050   10.809973 ^ _1507_/CLK (sky130_fd_sc_hd__dfxtp_2)
                                 -0.100000   10.709972   clock uncertainty
                                  0.000000   10.709972   clock reconvergence pessimism
                                 -0.064903   10.645070   library setup time
                                             10.645070   data required time
---------------------------------------------------------------------------------------------
                                             10.645070   data required time
                                             -3.147286   data arrival time
---------------------------------------------------------------------------------------------
                                              7.497784   slack (MET)


Startpoint: reset (input port clocked by clk)
Endpoint: _1516_ (rising edge-triggered flip-flop clocked by clk)
Path Group: clk
Path Type: max

Fanout         Cap        Slew       Delay        Time   Description
---------------------------------------------------------------------------------------------
                                  0.000000    0.000000   clock clk (rise edge)
                                  0.000000    0.000000   clock network delay (propagated)
                                  2.000000    2.000000 ^ input external delay
     3    0.122379    0.415328    0.331209    2.331209 ^ reset (in)
                                                         reset (net)
                      0.434769    0.000000    2.331209 ^ _1826_/A (sky130_fd_sc_hd__buf_2)
     5    0.038184    0.143063    0.197619    2.528827 ^ _1826_/X (sky130_fd_sc_hd__buf_2)
                                                         _0629_ (net)
                      0.143125    0.002589    2.531416 ^ _1090_/A (sky130_fd_sc_hd__inv_2)
     4    0.049589    0.091304    0.101986    2.633402 v _1090_/Y (sky130_fd_sc_hd__inv_2)
                                                         _0291_ (net)
                      0.091456    0.003165    2.636567 v fanout70/A (sky130_fd_sc_hd__buf_1)
    10    0.052447    0.206087    0.230217    2.866784 v fanout70/X (sky130_fd_sc_hd__buf_1)
                                                         net70 (net)
                      0.206495    0.008051    2.874835 v _1337_/B (sky130_fd_sc_hd__and2_2)
     1    0.002866    0.028753    0.193941    3.068776 v _1337_/X (sky130_fd_sc_hd__and2_2)
                                                         _0375_ (net)
                      0.028753    0.000093    3.068869 v _1937_/A (sky130_fd_sc_hd__buf_2)
     1    0.002509    0.016468    0.072973    3.141842 v _1937_/X (sky130_fd_sc_hd__buf_2)
                                                         _1024_ (net)
                      0.016468    0.000078    3.141920 v _1516_/D (sky130_fd_sc_hd__dfxtp_2)
                                              3.141920   data arrival time

                                 10.000000   10.000000   clock clk (rise edge)
                                  0.000000   10.000000   clock source latency
     2    0.157459    0.537694    0.388335   10.388335 ^ clk (in)
                                                         clk (net)
                      0.571537    0.000000   10.388335 ^ clkbuf_regs_0_clk/A (sky130_fd_sc_hd__clkbuf_16)
     1    0.008638    0.038950    0.122082   10.510417 ^ clkbuf_regs_0_clk/X (sky130_fd_sc_hd__clkbuf_16)
                                                         clk_regs (net)
                      0.038950    0.000258   10.510674 ^ clkbuf_0_clk_regs/A (sky130_fd_sc_hd__clkbuf_16)
     8    0.079104    0.073558    0.113889   10.624564 ^ clkbuf_0_clk_regs/X (sky130_fd_sc_hd__clkbuf_16)
                                                         clknet_0_clk_regs (net)
                      0.073740    0.002760   10.627323 ^ clkbuf_3_7_0_clk_regs/A (sky130_fd_sc_hd__clkbuf_8)
     2    0.018292    0.035983    0.093038   10.720362 ^ clkbuf_3_7_0_clk_regs/X (sky130_fd_sc_hd__clkbuf_8)
                                                         clknet_3_7_0_clk_regs (net)
                      0.035992    0.000491   10.720853 ^ clkbuf_4_15__f_clk_regs/A (sky130_fd_sc_hd__clkbuf_16)
     8    0.024233    0.033990    0.084117   10.804970 ^ clkbuf_4_15__f_clk_regs/X (sky130_fd_sc_hd__clkbuf_16)
                                                         clknet_4_15__leaf_clk_regs (net)
                      0.034052    0.001106   10.806075 ^ _1516_/CLK (sky130_fd_sc_hd__dfxtp_2)
                                 -0.100000   10.706076   clock uncertainty
                                  0.000000   10.706076   clock reconvergence pessimism
                                 -0.065480   10.640595   library setup time
                                             10.640595   data required time
---------------------------------------------------------------------------------------------
                                             10.640595   data required time
                                             -3.141920   data arrival time
---------------------------------------------------------------------------------------------
                                              7.498676   slack (MET)


Startpoint: reset (input port clocked by clk)
Endpoint: _1505_ (rising edge-triggered flip-flop clocked by clk)
Path Group: clk
Path Type: max

Fanout         Cap        Slew       Delay        Time   Description
---------------------------------------------------------------------------------------------
                                  0.000000    0.000000   clock clk (rise edge)
                                  0.000000    0.000000   clock network delay (propagated)
                                  2.000000    2.000000 ^ input external delay
     3    0.122379    0.415328    0.331209    2.331209 ^ reset (in)
                                                         reset (net)
                      0.434769    0.000000    2.331209 ^ _1826_/A (sky130_fd_sc_hd__buf_2)
     5    0.038184    0.143063    0.197619    2.528827 ^ _1826_/X (sky130_fd_sc_hd__buf_2)
                                                         _0629_ (net)
                      0.143125    0.002589    2.531416 ^ _1090_/A (sky130_fd_sc_hd__inv_2)
     4    0.049589    0.091304    0.101986    2.633402 v _1090_/Y (sky130_fd_sc_hd__inv_2)
                                                         _0291_ (net)
                      0.091456    0.003165    2.636567 v fanout70/A (sky130_fd_sc_hd__buf_1)
    10    0.052447    0.206087    0.230217    2.866784 v fanout70/X (sky130_fd_sc_hd__buf_1)
                                                         net70 (net)
                      0.206521    0.008294    2.875078 v _1326_/B (sky130_fd_sc_hd__and2_2)
     1    0.002233    0.027579    0.191828    3.066906 v _1326_/X (sky130_fd_sc_hd__and2_2)
                                                         _0364_ (net)
                      0.027579    0.000066    3.066972 v _1926_/A (sky130_fd_sc_hd__buf_2)
     1    0.003181    0.017520    0.074244    3.141217 v _1926_/X (sky130_fd_sc_hd__buf_2)
                                                         _1012_ (net)
                      0.017526    0.000096    3.141313 v _1505_/D (sky130_fd_sc_hd__dfxtp_2)
                                              3.141313   data arrival time

                                 10.000000   10.000000   clock clk (rise edge)
                                  0.000000   10.000000   clock source latency
     2    0.157459    0.537694    0.388335   10.388335 ^ clk (in)
                                                         clk (net)
                      0.571537    0.000000   10.388335 ^ clkbuf_regs_0_clk/A (sky130_fd_sc_hd__clkbuf_16)
     1    0.008638    0.038950    0.122082   10.510417 ^ clkbuf_regs_0_clk/X (sky130_fd_sc_hd__clkbuf_16)
                                                         clk_regs (net)
                      0.038950    0.000258   10.510674 ^ clkbuf_0_clk_regs/A (sky130_fd_sc_hd__clkbuf_16)
     8    0.079104    0.073558    0.113889   10.624564 ^ clkbuf_0_clk_regs/X (sky130_fd_sc_hd__clkbuf_16)
                                                         clknet_0_clk_regs (net)
                      0.073740    0.002760   10.627323 ^ clkbuf_3_7_0_clk_regs/A (sky130_fd_sc_hd__clkbuf_8)
     2    0.018292    0.035983    0.093038   10.720362 ^ clkbuf_3_7_0_clk_regs/X (sky130_fd_sc_hd__clkbuf_8)
                                                         clknet_3_7_0_clk_regs (net)
                      0.035990    0.000443   10.720805 ^ clkbuf_4_14__f_clk_regs/A (sky130_fd_sc_hd__clkbuf_16)
     8    0.027397    0.036234    0.086277   10.807082 ^ clkbuf_4_14__f_clk_regs/X (sky130_fd_sc_hd__clkbuf_16)
                                                         clknet_4_14__leaf_clk_regs (net)
                      0.036238    0.000393   10.807475 ^ _1505_/CLK (sky130_fd_sc_hd__dfxtp_2)
                                 -0.100000   10.707476   clock uncertainty
                                  0.000000   10.707476   clock reconvergence pessimism
                                 -0.065648   10.641828   library setup time
                                             10.641828   data required time
---------------------------------------------------------------------------------------------
                                             10.641828   data required time
                                             -3.141313   data arrival time
---------------------------------------------------------------------------------------------
                                              7.500514   slack (MET)


Startpoint: reset (input port clocked by clk)
Endpoint: _1520_ (rising edge-triggered flip-flop clocked by clk)
Path Group: clk
Path Type: max

Fanout         Cap        Slew       Delay        Time   Description
---------------------------------------------------------------------------------------------
                                  0.000000    0.000000   clock clk (rise edge)
                                  0.000000    0.000000   clock network delay (propagated)
                                  2.000000    2.000000 ^ input external delay
     3    0.122379    0.415328    0.331209    2.331209 ^ reset (in)
                                                         reset (net)
                      0.434769    0.000000    2.331209 ^ _1826_/A (sky130_fd_sc_hd__buf_2)
     5    0.038184    0.143063    0.197619    2.528827 ^ _1826_/X (sky130_fd_sc_hd__buf_2)
                                                         _0629_ (net)
                      0.143125    0.002589    2.531416 ^ _1090_/A (sky130_fd_sc_hd__inv_2)
     4    0.049589    0.091304    0.101986    2.633402 v _1090_/Y (sky130_fd_sc_hd__inv_2)
                                                         _0291_ (net)
                      0.091456    0.003165    2.636567 v fanout70/A (sky130_fd_sc_hd__buf_1)
    10    0.052447    0.206087    0.230217    2.866784 v fanout70/X (sky130_fd_sc_hd__buf_1)
                                                         net70 (net)
                      0.206538    0.008453    2.875237 v _1341_/B (sky130_fd_sc_hd__and2_2)
     1    0.002434    0.027955    0.192510    3.067747 v _1341_/X (sky130_fd_sc_hd__and2_2)
                                                         _0379_ (net)
                      0.027955    0.000075    3.067822 v _1941_/A (sky130_fd_sc_hd__buf_2)
     1    0.002469    0.016404    0.072534    3.140356 v _1941_/X (sky130_fd_sc_hd__buf_2)
                                                         _1028_ (net)
                      0.016404    0.000076    3.140432 v _1520_/D (sky130_fd_sc_hd__dfxtp_2)
                                              3.140432   data arrival time

                                 10.000000   10.000000   clock clk (rise edge)
                                  0.000000   10.000000   clock source latency
     2    0.157459    0.537694    0.388335   10.388335 ^ clk (in)
                                                         clk (net)
                      0.571537    0.000000   10.388335 ^ clkbuf_regs_0_clk/A (sky130_fd_sc_hd__clkbuf_16)
     1    0.008638    0.038950    0.122082   10.510417 ^ clkbuf_regs_0_clk/X (sky130_fd_sc_hd__clkbuf_16)
                                                         clk_regs (net)
                      0.038950    0.000258   10.510674 ^ clkbuf_0_clk_regs/A (sky130_fd_sc_hd__clkbuf_16)
     8    0.079104    0.073558    0.113889   10.624564 ^ clkbuf_0_clk_regs/X (sky130_fd_sc_hd__clkbuf_16)
                                                         clknet_0_clk_regs (net)
                      0.073634    0.001805   10.626369 ^ clkbuf_3_6_0_clk_regs/A (sky130_fd_sc_hd__clkbuf_8)
     2    0.019914    0.037846    0.094602   10.720970 ^ clkbuf_3_6_0_clk_regs/X (sky130_fd_sc_hd__clkbuf_8)
                                                         clknet_3_6_0_clk_regs (net)
                      0.037856    0.000550   10.721520 ^ clkbuf_4_12__f_clk_regs/A (sky130_fd_sc_hd__clkbuf_16)
     8    0.025119    0.034629    0.085468   10.806988 ^ clkbuf_4_12__f_clk_regs/X (sky130_fd_sc_hd__clkbuf_16)
                                                         clknet_4_12__leaf_clk_regs (net)
                      0.034630    0.000173   10.807160 ^ _1520_/CLK (sky130_fd_sc_hd__dfxtp_2)
                                 -0.100000   10.707161   clock uncertainty
                                  0.000000   10.707161   clock reconvergence pessimism
                                 -0.065402   10.641759   library setup time
                                             10.641759   data required time
---------------------------------------------------------------------------------------------
                                             10.641759   data required time
                                             -3.140432   data arrival time
---------------------------------------------------------------------------------------------
                                              7.501327   slack (MET)


Startpoint: reset (input port clocked by clk)
Endpoint: _1518_ (rising edge-triggered flip-flop clocked by clk)
Path Group: clk
Path Type: max

Fanout         Cap        Slew       Delay        Time   Description
---------------------------------------------------------------------------------------------
                                  0.000000    0.000000   clock clk (rise edge)
                                  0.000000    0.000000   clock network delay (propagated)
                                  2.000000    2.000000 ^ input external delay
     3    0.122379    0.415328    0.331209    2.331209 ^ reset (in)
                                                         reset (net)
                      0.434769    0.000000    2.331209 ^ _1826_/A (sky130_fd_sc_hd__buf_2)
     5    0.038184    0.143063    0.197619    2.528827 ^ _1826_/X (sky130_fd_sc_hd__buf_2)
                                                         _0629_ (net)
                      0.143125    0.002589    2.531416 ^ _1090_/A (sky130_fd_sc_hd__inv_2)
     4    0.049589    0.091304    0.101986    2.633402 v _1090_/Y (sky130_fd_sc_hd__inv_2)
                                                         _0291_ (net)
                      0.091456    0.003165    2.636567 v fanout70/A (sky130_fd_sc_hd__buf_1)
    10    0.052447    0.206087    0.230217    2.866784 v fanout70/X (sky130_fd_sc_hd__buf_1)
                                                         net70 (net)
                      0.206456    0.007675    2.874459 v _1339_/B (sky130_fd_sc_hd__and2_2)
     1    0.002406    0.027901    0.192384    3.066843 v _1339_/X (sky130_fd_sc_hd__and2_2)
                                                         _0377_ (net)
                      0.027902    0.000073    3.066916 v _1939_/A (sky130_fd_sc_hd__buf_2)
     1    0.002922    0.017112    0.073707    3.140623 v _1939_/X (sky130_fd_sc_hd__buf_2)
                                                         _1026_ (net)
                      0.017112    0.000068    3.140691 v _1518_/D (sky130_fd_sc_hd__dfxtp_2)
                                              3.140691   data arrival time

                                 10.000000   10.000000   clock clk (rise edge)
                                  0.000000   10.000000   clock source latency
     2    0.157459    0.537694    0.388335   10.388335 ^ clk (in)
                                                         clk (net)
                      0.571537    0.000000   10.388335 ^ clkbuf_regs_0_clk/A (sky130_fd_sc_hd__clkbuf_16)
     1    0.008638    0.038950    0.122082   10.510417 ^ clkbuf_regs_0_clk/X (sky130_fd_sc_hd__clkbuf_16)
                                                         clk_regs (net)
                      0.038950    0.000258   10.510674 ^ clkbuf_0_clk_regs/A (sky130_fd_sc_hd__clkbuf_16)
     8    0.079104    0.073558    0.113889   10.624564 ^ clkbuf_0_clk_regs/X (sky130_fd_sc_hd__clkbuf_16)
                                                         clknet_0_clk_regs (net)
                      0.073740    0.002760   10.627323 ^ clkbuf_3_7_0_clk_regs/A (sky130_fd_sc_hd__clkbuf_8)
     2    0.018292    0.035983    0.093038   10.720362 ^ clkbuf_3_7_0_clk_regs/X (sky130_fd_sc_hd__clkbuf_8)
                                                         clknet_3_7_0_clk_regs (net)
                      0.035990    0.000443   10.720805 ^ clkbuf_4_14__f_clk_regs/A (sky130_fd_sc_hd__clkbuf_16)
     8    0.027397    0.036234    0.086277   10.807082 ^ clkbuf_4_14__f_clk_regs/X (sky130_fd_sc_hd__clkbuf_16)
                                                         clknet_4_14__leaf_clk_regs (net)
                      0.036255    0.000727   10.807809 ^ _1518_/CLK (sky130_fd_sc_hd__dfxtp_2)
                                 -0.100000   10.707809   clock uncertainty
                                  0.000000   10.707809   clock reconvergence pessimism
                                 -0.065498   10.642310   library setup time
                                             10.642310   data required time
---------------------------------------------------------------------------------------------
                                             10.642310   data required time
                                             -3.140691   data arrival time
---------------------------------------------------------------------------------------------
                                              7.501620   slack (MET)


Startpoint: reset (input port clocked by clk)
Endpoint: _1445_ (rising edge-triggered flip-flop clocked by clk)
Path Group: clk
Path Type: max

Fanout         Cap        Slew       Delay        Time   Description
---------------------------------------------------------------------------------------------
                                  0.000000    0.000000   clock clk (rise edge)
                                  0.000000    0.000000   clock network delay (propagated)
                                  2.000000    2.000000 ^ input external delay
     3    0.122379    0.415328    0.331209    2.331209 ^ reset (in)
                                                         reset (net)
                      0.434769    0.000000    2.331209 ^ _1826_/A (sky130_fd_sc_hd__buf_2)
     5    0.038184    0.143063    0.197619    2.528827 ^ _1826_/X (sky130_fd_sc_hd__buf_2)
                                                         _0629_ (net)
                      0.143125    0.002589    2.531416 ^ _1090_/A (sky130_fd_sc_hd__inv_2)
     4    0.049589    0.091304    0.101986    2.633402 v _1090_/Y (sky130_fd_sc_hd__inv_2)
                                                         _0291_ (net)
                      0.091405    0.002590    2.635992 v fanout67/A (sky130_fd_sc_hd__clkdlybuf4s25_1)
     5    0.023431    0.123287    0.272758    2.908750 v fanout67/X (sky130_fd_sc_hd__clkdlybuf4s25_1)
                                                         net67 (net)
                      0.123293    0.001049    2.909799 v _1264_/B (sky130_fd_sc_hd__and2_2)
     1    0.002238    0.025503    0.156418    3.066217 v _1264_/X (sky130_fd_sc_hd__and2_2)
                                                         _0304_ (net)
                      0.025503    0.000067    3.066284 v _1866_/A (sky130_fd_sc_hd__buf_2)
     1    0.002377    0.016260    0.071266    3.137550 v _1866_/X (sky130_fd_sc_hd__buf_2)
                                                         _0892_ (net)
                      0.016260    0.000072    3.137622 v _1445_/D (sky130_fd_sc_hd__dfxtp_2)
                                              3.137622   data arrival time

                                 10.000000   10.000000   clock clk (rise edge)
                                  0.000000   10.000000   clock source latency
     2    0.157459    0.537694    0.388335   10.388335 ^ clk (in)
                                                         clk (net)
                      0.571537    0.000000   10.388335 ^ clkbuf_regs_0_clk/A (sky130_fd_sc_hd__clkbuf_16)
     1    0.008638    0.038950    0.122082   10.510417 ^ clkbuf_regs_0_clk/X (sky130_fd_sc_hd__clkbuf_16)
                                                         clk_regs (net)
                      0.038950    0.000258   10.510674 ^ clkbuf_0_clk_regs/A (sky130_fd_sc_hd__clkbuf_16)
     8    0.079104    0.073558    0.113889   10.624564 ^ clkbuf_0_clk_regs/X (sky130_fd_sc_hd__clkbuf_16)
                                                         clknet_0_clk_regs (net)
                      0.073612    0.001520   10.626083 ^ clkbuf_3_1_0_clk_regs/A (sky130_fd_sc_hd__clkbuf_8)
     2    0.019811    0.037729    0.094480   10.720563 ^ clkbuf_3_1_0_clk_regs/X (sky130_fd_sc_hd__clkbuf_8)
                                                         clknet_3_1_0_clk_regs (net)
                      0.037739    0.000549   10.721112 ^ clkbuf_4_2__f_clk_regs/A (sky130_fd_sc_hd__clkbuf_16)
     8    0.026248    0.035431    0.085910   10.807022 ^ clkbuf_4_2__f_clk_regs/X (sky130_fd_sc_hd__clkbuf_16)
                                                         clknet_4_2__leaf_clk_regs (net)
                      0.035457    0.000792   10.807815 ^ _1445_/CLK (sky130_fd_sc_hd__dfxtp_2)
                                 -0.100000   10.707814   clock uncertainty
                                  0.000000   10.707814   clock reconvergence pessimism
                                 -0.065271   10.642544   library setup time
                                             10.642544   data required time
---------------------------------------------------------------------------------------------
                                             10.642544   data required time
                                             -3.137622   data arrival time
---------------------------------------------------------------------------------------------
                                              7.504921   slack (MET)


Startpoint: reset (input port clocked by clk)
Endpoint: _1513_ (rising edge-triggered flip-flop clocked by clk)
Path Group: clk
Path Type: max

Fanout         Cap        Slew       Delay        Time   Description
---------------------------------------------------------------------------------------------
                                  0.000000    0.000000   clock clk (rise edge)
                                  0.000000    0.000000   clock network delay (propagated)
                                  2.000000    2.000000 ^ input external delay
     3    0.122379    0.415328    0.331209    2.331209 ^ reset (in)
                                                         reset (net)
                      0.434769    0.000000    2.331209 ^ _1826_/A (sky130_fd_sc_hd__buf_2)
     5    0.038184    0.143063    0.197619    2.528827 ^ _1826_/X (sky130_fd_sc_hd__buf_2)
                                                         _0629_ (net)
                      0.143125    0.002589    2.531416 ^ _1090_/A (sky130_fd_sc_hd__inv_2)
     4    0.049589    0.091304    0.101986    2.633402 v _1090_/Y (sky130_fd_sc_hd__inv_2)
                                                         _0291_ (net)
                      0.091405    0.002590    2.635992 v fanout67/A (sky130_fd_sc_hd__clkdlybuf4s25_1)
     5    0.023431    0.123287    0.272758    2.908750 v fanout67/X (sky130_fd_sc_hd__clkdlybuf4s25_1)
                                                         net67 (net)
                      0.123297    0.001219    2.909968 v _1334_/B (sky130_fd_sc_hd__and2_2)
     1    0.002188    0.025404    0.156255    3.066224 v _1334_/X (sky130_fd_sc_hd__and2_2)
                                                         _0372_ (net)
                      0.025404    0.000065    3.066288 v _1934_/A (sky130_fd_sc_hd__buf_2)
     1    0.002134    0.015878    0.070590    3.136878 v _1934_/X (sky130_fd_sc_hd__buf_2)
                                                         _1021_ (net)
                      0.015878    0.000062    3.136940 v _1513_/D (sky130_fd_sc_hd__dfxtp_2)
                                              3.136940   data arrival time

                                 10.000000   10.000000   clock clk (rise edge)
                                  0.000000   10.000000   clock source latency
     2    0.157459    0.537694    0.388335   10.388335 ^ clk (in)
                                                         clk (net)
                      0.571537    0.000000   10.388335 ^ clkbuf_regs_0_clk/A (sky130_fd_sc_hd__clkbuf_16)
     1    0.008638    0.038950    0.122082   10.510417 ^ clkbuf_regs_0_clk/X (sky130_fd_sc_hd__clkbuf_16)
                                                         clk_regs (net)
                      0.038950    0.000258   10.510674 ^ clkbuf_0_clk_regs/A (sky130_fd_sc_hd__clkbuf_16)
     8    0.079104    0.073558    0.113889   10.624564 ^ clkbuf_0_clk_regs/X (sky130_fd_sc_hd__clkbuf_16)
                                                         clknet_0_clk_regs (net)
                      0.073612    0.001520   10.626083 ^ clkbuf_3_1_0_clk_regs/A (sky130_fd_sc_hd__clkbuf_8)
     2    0.019811    0.037729    0.094480   10.720563 ^ clkbuf_3_1_0_clk_regs/X (sky130_fd_sc_hd__clkbuf_8)
                                                         clknet_3_1_0_clk_regs (net)
                      0.037739    0.000549   10.721112 ^ clkbuf_4_2__f_clk_regs/A (sky130_fd_sc_hd__clkbuf_16)
     8    0.026248    0.035431    0.085910   10.807022 ^ clkbuf_4_2__f_clk_regs/X (sky130_fd_sc_hd__clkbuf_16)
                                                         clknet_4_2__leaf_clk_regs (net)
                      0.035467    0.000917   10.807939 ^ _1513_/CLK (sky130_fd_sc_hd__dfxtp_2)
                                 -0.100000   10.707939   clock uncertainty
                                  0.000000   10.707939   clock reconvergence pessimism
                                 -0.065133   10.642806   library setup time
                                             10.642806   data required time
---------------------------------------------------------------------------------------------
                                             10.642806   data required time
                                             -3.136940   data arrival time
---------------------------------------------------------------------------------------------
                                              7.505866   slack (MET)


Startpoint: reset (input port clocked by clk)
Endpoint: _1467_ (rising edge-triggered flip-flop clocked by clk)
Path Group: clk
Path Type: max

Fanout         Cap        Slew       Delay        Time   Description
---------------------------------------------------------------------------------------------
                                  0.000000    0.000000   clock clk (rise edge)
                                  0.000000    0.000000   clock network delay (propagated)
                                  2.000000    2.000000 ^ input external delay
     3    0.122379    0.415328    0.331209    2.331209 ^ reset (in)
                                                         reset (net)
                      0.434769    0.000000    2.331209 ^ _1826_/A (sky130_fd_sc_hd__buf_2)
     5    0.038184    0.143063    0.197619    2.528827 ^ _1826_/X (sky130_fd_sc_hd__buf_2)
                                                         _0629_ (net)
                      0.143125    0.002589    2.531416 ^ _1090_/A (sky130_fd_sc_hd__inv_2)
     4    0.049589    0.091304    0.101986    2.633402 v _1090_/Y (sky130_fd_sc_hd__inv_2)
                                                         _0291_ (net)
                      0.091405    0.002590    2.635992 v fanout67/A (sky130_fd_sc_hd__clkdlybuf4s25_1)
     5    0.023431    0.123287    0.272758    2.908750 v fanout67/X (sky130_fd_sc_hd__clkdlybuf4s25_1)
                                                         net67 (net)
                      0.123296    0.001184    2.909934 v _1288_/B (sky130_fd_sc_hd__and2_2)
     1    0.002117    0.025266    0.156028    3.065962 v _1288_/X (sky130_fd_sc_hd__and2_2)
                                                         _0326_ (net)
                      0.025266    0.000063    3.066025 v _1888_/A (sky130_fd_sc_hd__buf_2)
     1    0.002147    0.015898    0.070566    3.136591 v _1888_/X (sky130_fd_sc_hd__buf_2)
                                                         _0936_ (net)
                      0.015898    0.000063    3.136653 v _1467_/D (sky130_fd_sc_hd__dfxtp_2)
                                              3.136653   data arrival time

                                 10.000000   10.000000   clock clk (rise edge)
                                  0.000000   10.000000   clock source latency
     2    0.157459    0.537694    0.388335   10.388335 ^ clk (in)
                                                         clk (net)
                      0.571537    0.000000   10.388335 ^ clkbuf_regs_0_clk/A (sky130_fd_sc_hd__clkbuf_16)
     1    0.008638    0.038950    0.122082   10.510417 ^ clkbuf_regs_0_clk/X (sky130_fd_sc_hd__clkbuf_16)
                                                         clk_regs (net)
                      0.038950    0.000258   10.510674 ^ clkbuf_0_clk_regs/A (sky130_fd_sc_hd__clkbuf_16)
     8    0.079104    0.073558    0.113889   10.624564 ^ clkbuf_0_clk_regs/X (sky130_fd_sc_hd__clkbuf_16)
                                                         clknet_0_clk_regs (net)
                      0.073612    0.001520   10.626083 ^ clkbuf_3_1_0_clk_regs/A (sky130_fd_sc_hd__clkbuf_8)
     2    0.019811    0.037729    0.094480   10.720563 ^ clkbuf_3_1_0_clk_regs/X (sky130_fd_sc_hd__clkbuf_8)
                                                         clknet_3_1_0_clk_regs (net)
                      0.037739    0.000549   10.721112 ^ clkbuf_4_2__f_clk_regs/A (sky130_fd_sc_hd__clkbuf_16)
     8    0.026248    0.035431    0.085910   10.807022 ^ clkbuf_4_2__f_clk_regs/X (sky130_fd_sc_hd__clkbuf_16)
                                                         clknet_4_2__leaf_clk_regs (net)
                      0.035464    0.000879   10.807901 ^ _1467_/CLK (sky130_fd_sc_hd__dfxtp_2)
                                 -0.100000   10.707902   clock uncertainty
                                  0.000000   10.707902   clock reconvergence pessimism
                                 -0.065141   10.642760   library setup time
                                             10.642760   data required time
---------------------------------------------------------------------------------------------
                                             10.642760   data required time
                                             -3.136653   data arrival time
---------------------------------------------------------------------------------------------
                                              7.506108   slack (MET)


Startpoint: reset (input port clocked by clk)
Endpoint: _1489_ (rising edge-triggered flip-flop clocked by clk)
Path Group: clk
Path Type: max

Fanout         Cap        Slew       Delay        Time   Description
---------------------------------------------------------------------------------------------
                                  0.000000    0.000000   clock clk (rise edge)
                                  0.000000    0.000000   clock network delay (propagated)
                                  2.000000    2.000000 ^ input external delay
     3    0.122379    0.415328    0.331209    2.331209 ^ reset (in)
                                                         reset (net)
                      0.434769    0.000000    2.331209 ^ _1826_/A (sky130_fd_sc_hd__buf_2)
     5    0.038184    0.143063    0.197619    2.528827 ^ _1826_/X (sky130_fd_sc_hd__buf_2)
                                                         _0629_ (net)
                      0.143125    0.002589    2.531416 ^ _1090_/A (sky130_fd_sc_hd__inv_2)
     4    0.049589    0.091304    0.101986    2.633402 v _1090_/Y (sky130_fd_sc_hd__inv_2)
                                                         _0291_ (net)
                      0.091456    0.003165    2.636567 v fanout70/A (sky130_fd_sc_hd__buf_1)
    10    0.052447    0.206087    0.230217    2.866784 v fanout70/X (sky130_fd_sc_hd__buf_1)
                                                         net70 (net)
                      0.206131    0.002696    2.869480 v _1310_/B (sky130_fd_sc_hd__and2_2)
     1    0.002267    0.027634    0.191778    3.061259 v _1310_/X (sky130_fd_sc_hd__and2_2)
                                                         _0348_ (net)
                      0.027634    0.000070    3.061328 v _1910_/A (sky130_fd_sc_hd__buf_2)
     1    0.002485    0.016430    0.072442    3.133770 v _1910_/X (sky130_fd_sc_hd__buf_2)
                                                         _0980_ (net)
                      0.016430    0.000077    3.133847 v _1489_/D (sky130_fd_sc_hd__dfxtp_2)
                                              3.133847   data arrival time

                                 10.000000   10.000000   clock clk (rise edge)
                                  0.000000   10.000000   clock source latency
     2    0.157459    0.537694    0.388335   10.388335 ^ clk (in)
                                                         clk (net)
                      0.571537    0.000000   10.388335 ^ clkbuf_regs_0_clk/A (sky130_fd_sc_hd__clkbuf_16)
     1    0.008638    0.038950    0.122082   10.510417 ^ clkbuf_regs_0_clk/X (sky130_fd_sc_hd__clkbuf_16)
                                                         clk_regs (net)
                      0.038950    0.000258   10.510674 ^ clkbuf_0_clk_regs/A (sky130_fd_sc_hd__clkbuf_16)
     8    0.079104    0.073558    0.113889   10.624564 ^ clkbuf_0_clk_regs/X (sky130_fd_sc_hd__clkbuf_16)
                                                         clknet_0_clk_regs (net)
                      0.073668    0.002158   10.626722 ^ clkbuf_3_4_0_clk_regs/A (sky130_fd_sc_hd__clkbuf_8)
     2    0.019130    0.036943    0.093841   10.720563 ^ clkbuf_3_4_0_clk_regs/X (sky130_fd_sc_hd__clkbuf_8)
                                                         clknet_3_4_0_clk_regs (net)
                      0.036951    0.000496   10.721059 ^ clkbuf_4_8__f_clk_regs/A (sky130_fd_sc_hd__clkbuf_16)
     9    0.029937    0.038069    0.088134   10.809193 ^ clkbuf_4_8__f_clk_regs/X (sky130_fd_sc_hd__clkbuf_16)
                                                         clknet_4_8__leaf_clk_regs (net)
                      0.038092    0.000795   10.809988 ^ _1489_/CLK (sky130_fd_sc_hd__dfxtp_2)
                                 -0.100000   10.709988   clock uncertainty
                                  0.000000   10.709988   clock reconvergence pessimism
                                 -0.065079   10.644909   library setup time
                                             10.644909   data required time
---------------------------------------------------------------------------------------------
                                             10.644909   data required time
                                             -3.133847   data arrival time
---------------------------------------------------------------------------------------------
                                              7.511062   slack (MET)


Startpoint: reset (input port clocked by clk)
Endpoint: _1469_ (rising edge-triggered flip-flop clocked by clk)
Path Group: clk
Path Type: max

Fanout         Cap        Slew       Delay        Time   Description
---------------------------------------------------------------------------------------------
                                  0.000000    0.000000   clock clk (rise edge)
                                  0.000000    0.000000   clock network delay (propagated)
                                  2.000000    2.000000 ^ input external delay
     3    0.122379    0.415328    0.331209    2.331209 ^ reset (in)
                                                         reset (net)
                      0.434769    0.000000    2.331209 ^ _1826_/A (sky130_fd_sc_hd__buf_2)
     5    0.038184    0.143063    0.197619    2.528827 ^ _1826_/X (sky130_fd_sc_hd__buf_2)
                                                         _0629_ (net)
                      0.143125    0.002589    2.531416 ^ _1090_/A (sky130_fd_sc_hd__inv_2)
     4    0.049589    0.091304    0.101986    2.633402 v _1090_/Y (sky130_fd_sc_hd__inv_2)
                                                         _0291_ (net)
                      0.091456    0.003165    2.636567 v fanout70/A (sky130_fd_sc_hd__buf_1)
    10    0.052447    0.206087    0.230217    2.866784 v fanout70/X (sky130_fd_sc_hd__buf_1)
                                                         net70 (net)
                      0.206187    0.004047    2.870831 v _1290_/B (sky130_fd_sc_hd__and2_2)
     1    0.002040    0.027207    0.191043    3.061874 v _1290_/X (sky130_fd_sc_hd__and2_2)
                                                         _0328_ (net)
                      0.027207    0.000042    3.061916 v _1890_/A (sky130_fd_sc_hd__buf_2)
     1    0.002144    0.015894    0.071370    3.133286 v _1890_/X (sky130_fd_sc_hd__buf_2)
                                                         _0940_ (net)
                      0.015894    0.000063    3.133350 v _1469_/D (sky130_fd_sc_hd__dfxtp_2)
                                              3.133350   data arrival time

                                 10.000000   10.000000   clock clk (rise edge)
                                  0.000000   10.000000   clock source latency
     2    0.157459    0.537694    0.388335   10.388335 ^ clk (in)
                                                         clk (net)
                      0.571537    0.000000   10.388335 ^ clkbuf_regs_0_clk/A (sky130_fd_sc_hd__clkbuf_16)
     1    0.008638    0.038950    0.122082   10.510417 ^ clkbuf_regs_0_clk/X (sky130_fd_sc_hd__clkbuf_16)
                                                         clk_regs (net)
                      0.038950    0.000258   10.510674 ^ clkbuf_0_clk_regs/A (sky130_fd_sc_hd__clkbuf_16)
     8    0.079104    0.073558    0.113889   10.624564 ^ clkbuf_0_clk_regs/X (sky130_fd_sc_hd__clkbuf_16)
                                                         clknet_0_clk_regs (net)
                      0.073668    0.002158   10.626722 ^ clkbuf_3_4_0_clk_regs/A (sky130_fd_sc_hd__clkbuf_8)
     2    0.019130    0.036943    0.093841   10.720563 ^ clkbuf_3_4_0_clk_regs/X (sky130_fd_sc_hd__clkbuf_8)
                                                         clknet_3_4_0_clk_regs (net)
                      0.036951    0.000496   10.721059 ^ clkbuf_4_8__f_clk_regs/A (sky130_fd_sc_hd__clkbuf_16)
     9    0.029937    0.038069    0.088134   10.809193 ^ clkbuf_4_8__f_clk_regs/X (sky130_fd_sc_hd__clkbuf_16)
                                                         clknet_4_8__leaf_clk_regs (net)
                      0.038083    0.000655   10.809849 ^ _1469_/CLK (sky130_fd_sc_hd__dfxtp_2)
                                 -0.100000   10.709848   clock uncertainty
                                  0.000000   10.709848   clock reconvergence pessimism
                                 -0.064888   10.644960   library setup time
                                             10.644960   data required time
---------------------------------------------------------------------------------------------
                                             10.644960   data required time
                                             -3.133350   data arrival time
---------------------------------------------------------------------------------------------
                                              7.511611   slack (MET)


Startpoint: reset (input port clocked by clk)
Endpoint: _1514_ (rising edge-triggered flip-flop clocked by clk)
Path Group: clk
Path Type: max

Fanout         Cap        Slew       Delay        Time   Description
---------------------------------------------------------------------------------------------
                                  0.000000    0.000000   clock clk (rise edge)
                                  0.000000    0.000000   clock network delay (propagated)
                                  2.000000    2.000000 ^ input external delay
     3    0.122379    0.415328    0.331209    2.331209 ^ reset (in)
                                                         reset (net)
                      0.434769    0.000000    2.331209 ^ _1826_/A (sky130_fd_sc_hd__buf_2)
     5    0.038184    0.143063    0.197619    2.528827 ^ _1826_/X (sky130_fd_sc_hd__buf_2)
                                                         _0629_ (net)
                      0.143125    0.002589    2.531416 ^ _1090_/A (sky130_fd_sc_hd__inv_2)
     4    0.049589    0.091304    0.101986    2.633402 v _1090_/Y (sky130_fd_sc_hd__inv_2)
                                                         _0291_ (net)
                      0.091456    0.003165    2.636567 v fanout70/A (sky130_fd_sc_hd__buf_1)
    10    0.052447    0.206087    0.230217    2.866784 v fanout70/X (sky130_fd_sc_hd__buf_1)
                                                         net70 (net)
                      0.206165    0.003581    2.870365 v _1335_/B (sky130_fd_sc_hd__and2_2)
     1    0.001897    0.026933    0.190552    3.060917 v _1335_/X (sky130_fd_sc_hd__and2_2)
                                                         _0373_ (net)
                      0.026933    0.000038    3.060955 v _1935_/A (sky130_fd_sc_hd__buf_2)
     1    0.002361    0.016234    0.071823    3.132779 v _1935_/X (sky130_fd_sc_hd__buf_2)
                                                         _1022_ (net)
                      0.016234    0.000070    3.132848 v _1514_/D (sky130_fd_sc_hd__dfxtp_2)
                                              3.132848   data arrival time

                                 10.000000   10.000000   clock clk (rise edge)
                                  0.000000   10.000000   clock source latency
     2    0.157459    0.537694    0.388335   10.388335 ^ clk (in)
                                                         clk (net)
                      0.571537    0.000000   10.388335 ^ clkbuf_regs_0_clk/A (sky130_fd_sc_hd__clkbuf_16)
     1    0.008638    0.038950    0.122082   10.510417 ^ clkbuf_regs_0_clk/X (sky130_fd_sc_hd__clkbuf_16)
                                                         clk_regs (net)
                      0.038950    0.000258   10.510674 ^ clkbuf_0_clk_regs/A (sky130_fd_sc_hd__clkbuf_16)
     8    0.079104    0.073558    0.113889   10.624564 ^ clkbuf_0_clk_regs/X (sky130_fd_sc_hd__clkbuf_16)
                                                         clknet_0_clk_regs (net)
                      0.073668    0.002158   10.626722 ^ clkbuf_3_4_0_clk_regs/A (sky130_fd_sc_hd__clkbuf_8)
     2    0.019130    0.036943    0.093841   10.720563 ^ clkbuf_3_4_0_clk_regs/X (sky130_fd_sc_hd__clkbuf_8)
                                                         clknet_3_4_0_clk_regs (net)
                      0.036951    0.000496   10.721059 ^ clkbuf_4_8__f_clk_regs/A (sky130_fd_sc_hd__clkbuf_16)
     9    0.029937    0.038069    0.088134   10.809193 ^ clkbuf_4_8__f_clk_regs/X (sky130_fd_sc_hd__clkbuf_16)
                                                         clknet_4_8__leaf_clk_regs (net)
                      0.038084    0.000671   10.809864 ^ _1514_/CLK (sky130_fd_sc_hd__dfxtp_2)
                                 -0.100000   10.709865   clock uncertainty
                                  0.000000   10.709865   clock reconvergence pessimism
                                 -0.065009   10.644855   library setup time
                                             10.644855   data required time
---------------------------------------------------------------------------------------------
                                             10.644855   data required time
                                             -3.132848   data arrival time
---------------------------------------------------------------------------------------------
                                              7.512007   slack (MET)


Startpoint: reset (input port clocked by clk)
Endpoint: _1512_ (rising edge-triggered flip-flop clocked by clk)
Path Group: clk
Path Type: max

Fanout         Cap        Slew       Delay        Time   Description
---------------------------------------------------------------------------------------------
                                  0.000000    0.000000   clock clk (rise edge)
                                  0.000000    0.000000   clock network delay (propagated)
                                  2.000000    2.000000 ^ input external delay
     3    0.122379    0.415328    0.331209    2.331209 ^ reset (in)
                                                         reset (net)
                      0.434769    0.000000    2.331209 ^ _1826_/A (sky130_fd_sc_hd__buf_2)
     5    0.038184    0.143063    0.197619    2.528827 ^ _1826_/X (sky130_fd_sc_hd__buf_2)
                                                         _0629_ (net)
                      0.143125    0.002589    2.531416 ^ _1090_/A (sky130_fd_sc_hd__inv_2)
     4    0.049589    0.091304    0.101986    2.633402 v _1090_/Y (sky130_fd_sc_hd__inv_2)
                                                         _0291_ (net)
                      0.091456    0.003165    2.636567 v fanout70/A (sky130_fd_sc_hd__buf_1)
    10    0.052447    0.206087    0.230217    2.866784 v fanout70/X (sky130_fd_sc_hd__buf_1)
                                                         net70 (net)
                      0.206096    0.001242    2.868026 v _1333_/B (sky130_fd_sc_hd__and2_2)
     1    0.001874    0.026888    0.190446    3.058473 v _1333_/X (sky130_fd_sc_hd__and2_2)
                                                         _0371_ (net)
                      0.026888    0.000038    3.058511 v _1933_/A (sky130_fd_sc_hd__buf_2)
     1    0.002353    0.016222    0.071785    3.130296 v _1933_/X (sky130_fd_sc_hd__buf_2)
                                                         _1020_ (net)
                      0.016222    0.000069    3.130364 v _1512_/D (sky130_fd_sc_hd__dfxtp_2)
                                              3.130364   data arrival time

                                 10.000000   10.000000   clock clk (rise edge)
                                  0.000000   10.000000   clock source latency
     2    0.157459    0.537694    0.388335   10.388335 ^ clk (in)
                                                         clk (net)
                      0.571537    0.000000   10.388335 ^ clkbuf_regs_0_clk/A (sky130_fd_sc_hd__clkbuf_16)
     1    0.008638    0.038950    0.122082   10.510417 ^ clkbuf_regs_0_clk/X (sky130_fd_sc_hd__clkbuf_16)
                                                         clk_regs (net)
                      0.038950    0.000258   10.510674 ^ clkbuf_0_clk_regs/A (sky130_fd_sc_hd__clkbuf_16)
     8    0.079104    0.073558    0.113889   10.624564 ^ clkbuf_0_clk_regs/X (sky130_fd_sc_hd__clkbuf_16)
                                                         clknet_0_clk_regs (net)
                      0.073668    0.002158   10.626722 ^ clkbuf_3_4_0_clk_regs/A (sky130_fd_sc_hd__clkbuf_8)
     2    0.019130    0.036943    0.093841   10.720563 ^ clkbuf_3_4_0_clk_regs/X (sky130_fd_sc_hd__clkbuf_8)
                                                         clknet_3_4_0_clk_regs (net)
                      0.036951    0.000496   10.721059 ^ clkbuf_4_8__f_clk_regs/A (sky130_fd_sc_hd__clkbuf_16)
     9    0.029937    0.038069    0.088134   10.809193 ^ clkbuf_4_8__f_clk_regs/X (sky130_fd_sc_hd__clkbuf_16)
                                                         clknet_4_8__leaf_clk_regs (net)
                      0.038097    0.000869   10.810061 ^ _1512_/CLK (sky130_fd_sc_hd__dfxtp_2)
                                 -0.100000   10.710062   clock uncertainty
                                  0.000000   10.710062   clock reconvergence pessimism
                                 -0.065004   10.645058   library setup time
                                             10.645058   data required time
---------------------------------------------------------------------------------------------
                                             10.645058   data required time
                                             -3.130364   data arrival time
---------------------------------------------------------------------------------------------
                                              7.514693   slack (MET)


Startpoint: reset (input port clocked by clk)
Endpoint: _1559_ (rising edge-triggered flip-flop clocked by clk)
Path Group: clk
Path Type: max

Fanout         Cap        Slew       Delay        Time   Description
---------------------------------------------------------------------------------------------
                                  0.000000    0.000000   clock clk (rise edge)
                                  0.000000    0.000000   clock network delay (propagated)
                                  2.000000    2.000000 ^ input external delay
     3    0.122379    0.415328    0.331209    2.331209 ^ reset (in)
                                                         reset (net)
                      0.434769    0.000000    2.331209 ^ _1826_/A (sky130_fd_sc_hd__buf_2)
     5    0.038184    0.143063    0.197619    2.528827 ^ _1826_/X (sky130_fd_sc_hd__buf_2)
                                                         _0629_ (net)
                      0.143114    0.002349    2.531177 ^ _1353_/B (sky130_fd_sc_hd__nor2_2)
     1    0.010147    0.043814    0.038144    2.569321 v _1353_/Y (sky130_fd_sc_hd__nor2_2)
                                                         _0579_ (net)
                      0.043825    0.000580    2.569901 v fanout47/A (sky130_fd_sc_hd__clkdlybuf4s25_1)
     5    0.042019    0.213327    0.322865    2.892766 v fanout47/X (sky130_fd_sc_hd__clkdlybuf4s25_1)
                                                         net47 (net)
                      0.213436    0.004649    2.897415 v _1426_/B1 (sky130_fd_sc_hd__o21ai_2)
     1    0.005225    0.079019    0.101476    2.998891 ^ _1426_/Y (sky130_fd_sc_hd__o21ai_2)
                                                         _0625_ (net)
                      0.079019    0.000162    2.999054 ^ _1427_/B1 (sky130_fd_sc_hd__a21oi_2)
     1    0.002117    0.036556    0.015370    3.014424 v _1427_/Y (sky130_fd_sc_hd__a21oi_2)
                                                         _0418_ (net)
                      0.036556    0.000065    3.014488 v _1980_/A (sky130_fd_sc_hd__buf_2)
     1    0.002766    0.016865    0.076915    3.091403 v _1980_/X (sky130_fd_sc_hd__buf_2)
                                                         _1067_ (net)
                      0.016865    0.000085    3.091489 v _1559_/D (sky130_fd_sc_hd__dfxtp_2)
                                              3.091489   data arrival time

                                 10.000000   10.000000   clock clk (rise edge)
                                  0.000000   10.000000   clock source latency
     2    0.157459    0.537694    0.388335   10.388335 ^ clk (in)
                                                         clk (net)
                      0.571537    0.000000   10.388335 ^ clkbuf_regs_0_clk/A (sky130_fd_sc_hd__clkbuf_16)
     1    0.008638    0.038950    0.122082   10.510417 ^ clkbuf_regs_0_clk/X (sky130_fd_sc_hd__clkbuf_16)
                                                         clk_regs (net)
                      0.038950    0.000258   10.510674 ^ clkbuf_0_clk_regs/A (sky130_fd_sc_hd__clkbuf_16)
     8    0.079104    0.073558    0.113889   10.624564 ^ clkbuf_0_clk_regs/X (sky130_fd_sc_hd__clkbuf_16)
                                                         clknet_0_clk_regs (net)
                      0.073668    0.002158   10.626722 ^ clkbuf_3_4_0_clk_regs/A (sky130_fd_sc_hd__clkbuf_8)
     2    0.019130    0.036943    0.093841   10.720563 ^ clkbuf_3_4_0_clk_regs/X (sky130_fd_sc_hd__clkbuf_8)
                                                         clknet_3_4_0_clk_regs (net)
                      0.036952    0.000524   10.721087 ^ clkbuf_4_9__f_clk_regs/A (sky130_fd_sc_hd__clkbuf_16)
     9    0.030287    0.038292    0.088488   10.809576 ^ clkbuf_4_9__f_clk_regs/X (sky130_fd_sc_hd__clkbuf_16)
                                                         clknet_4_9__leaf_clk_regs (net)
                      0.038298    0.000474   10.810050 ^ _1559_/CLK (sky130_fd_sc_hd__dfxtp_2)
                                 -0.100000   10.710050   clock uncertainty
                                  0.000000   10.710050   clock reconvergence pessimism
                                 -0.065214   10.644835   library setup time
                                             10.644835   data required time
---------------------------------------------------------------------------------------------
                                             10.644835   data required time
                                             -3.091489   data arrival time
---------------------------------------------------------------------------------------------
                                              7.553347   slack (MET)


Startpoint: _1573_ (rising edge-triggered flip-flop clocked by clk)
Endpoint: u_top.dataMemory.sram_even_words
          (falling edge-triggered flip-flop clocked by clk)
Path Group: clk
Path Type: max

Fanout         Cap        Slew       Delay        Time   Description
---------------------------------------------------------------------------------------------
                                  0.000000    0.000000   clock clk (rise edge)
                                  0.000000    0.000000   clock source latency
     2    0.157459    0.537694    0.429212    0.429212 ^ clk (in)
                                                         clk (net)
                      0.571537    0.000000    0.429212 ^ clkbuf_regs_0_clk/A (sky130_fd_sc_hd__clkbuf_16)
     1    0.008638    0.038950    0.134933    0.564145 ^ clkbuf_regs_0_clk/X (sky130_fd_sc_hd__clkbuf_16)
                                                         clk_regs (net)
                      0.038950    0.000284    0.564429 ^ clkbuf_0_clk_regs/A (sky130_fd_sc_hd__clkbuf_16)
     8    0.079104    0.073558    0.125878    0.690307 ^ clkbuf_0_clk_regs/X (sky130_fd_sc_hd__clkbuf_16)
                                                         clknet_0_clk_regs (net)
                      0.073743    0.003078    0.693385 ^ clkbuf_3_0_0_clk_regs/A (sky130_fd_sc_hd__clkbuf_8)
     2    0.018319    0.036012    0.102900    0.796286 ^ clkbuf_3_0_0_clk_regs/X (sky130_fd_sc_hd__clkbuf_8)
                                                         clknet_3_0_0_clk_regs (net)
                      0.036015    0.000381    0.796666 ^ clkbuf_4_1__f_clk_regs/A (sky130_fd_sc_hd__clkbuf_16)
     9    0.035385    0.041843    0.100551    0.897218 ^ clkbuf_4_1__f_clk_regs/X (sky130_fd_sc_hd__clkbuf_16)
                                                         clknet_4_1__leaf_clk_regs (net)
                      0.041850    0.000848    0.898066 ^ _1573_/CLK (sky130_fd_sc_hd__dfstp_4)
    14    0.156525    0.294040    0.589875    1.487941 ^ _1573_/Q (sky130_fd_sc_hd__dfstp_4)
                                                         u_top.dataMemory.clear_active (net)
                      0.294260    0.007131    1.495072 ^ _1699_/A (sky130_fd_sc_hd__buf_2)
     3    0.023091    0.090502    0.156738    1.651811 ^ _1699_/X (sky130_fd_sc_hd__buf_2)
                                                         _0660_ (net)
                      0.090506    0.000763    1.652574 ^ _1082_/A (sky130_fd_sc_hd__inv_2)
     7    0.064803    0.103801    0.107188    1.759761 v _1082_/Y (sky130_fd_sc_hd__inv_2)
                                                         _0433_ (net)
                      0.103831    0.001566    1.761328 v _1220_/A (sky130_fd_sc_hd__nor2_2)
     2    0.013373    0.121381    0.152299    1.913626 ^ _1220_/Y (sky130_fd_sc_hd__nor2_2)
                                                         _0682_ (net)
                      0.121383    0.000467    1.914093 ^ fanout41/A (sky130_fd_sc_hd__buf_2)
    10    0.092010    0.336099    0.304271    2.218364 ^ fanout41/X (sky130_fd_sc_hd__buf_2)
                                                         net41 (net)
                      0.336351    0.008171    2.226535 ^ _1235_/B (sky130_fd_sc_hd__and2_2)
     1    0.037812    0.149815    0.219063    2.445598 ^ _1235_/X (sky130_fd_sc_hd__and2_2)
                                                         _0676_ (net)
                      0.150417    0.008103    2.453701 ^ _1854_/A (sky130_fd_sc_hd__buf_2)
     1    0.005569    0.030707    0.095913    2.549614 ^ _1854_/X (sky130_fd_sc_hd__buf_2)
                                                         u_top.dataMemory.s0_addr0[4] (net)
                      0.030710    0.000246    2.549860 ^ wire17/A (sky130_fd_sc_hd__clkdlybuf4s25_1)
     1    0.002705    0.031118    0.164896    2.714755 ^ wire17/X (sky130_fd_sc_hd__clkdlybuf4s25_1)
                                                         net17 (net)
                      0.031118    0.000081    2.714836 ^ wire189/A (sky130_fd_sc_hd__clkdlybuf4s25_1)
     1    0.008814    0.074129    0.198295    2.913132 ^ wire189/X (sky130_fd_sc_hd__clkdlybuf4s25_1)
                                                         net188 (net)
                      0.098839    0.000254    2.913385 ^ u_top.dataMemory.sram_even_words/addr0[4] (sky130_sram_2kbyte_1rw1r_32x512_8)
                                              2.913385   data arrival time

                                 10.000000   10.000000   clock clk (rise edge)
                                  0.000000   10.000000   clock source latency
     2    0.157459    0.537694    0.391421   10.391421 ^ clk (in)
                                                         clk (net)
                      0.573756    0.000000   10.391421 ^ clkbuf_0_clk/A (sky130_fd_sc_hd__clkbuf_16)
     2    0.043414    0.060361    0.146404   10.537826 ^ clkbuf_0_clk/X (sky130_fd_sc_hd__clkbuf_16)
                                                         clknet_0_clk (net)
                      0.060908    0.005552   10.543377 ^ clkbuf_1_0__f_clk/A (sky130_fd_sc_hd__clkbuf_16)
     2    0.125447    0.099176    0.127205   10.670582 ^ clkbuf_1_0__f_clk/X (sky130_fd_sc_hd__clkbuf_16)
                                                         clknet_1_0__leaf_clk (net)
                      0.182698    0.044674   10.715256 ^ u_top.dataMemory.sram_even_words/clk0 (sky130_sram_2kbyte_1rw1r_32x512_8)
                                 -0.100000   10.615255   clock uncertainty
                                  0.000000   10.615255   clock reconvergence pessimism
                                 -0.103000   10.512256   library setup time
                                             10.512256   data required time
---------------------------------------------------------------------------------------------
                                             10.512256   data required time
                                             -2.913385   data arrival time
---------------------------------------------------------------------------------------------
                                              7.598870   slack (MET)


Startpoint: _1573_ (rising edge-triggered flip-flop clocked by clk)
Endpoint: u_top.dataMemory.sram_even_words
          (falling edge-triggered flip-flop clocked by clk)
Path Group: clk
Path Type: max

Fanout         Cap        Slew       Delay        Time   Description
---------------------------------------------------------------------------------------------
                                  0.000000    0.000000   clock clk (rise edge)
                                  0.000000    0.000000   clock source latency
     2    0.157459    0.537694    0.429212    0.429212 ^ clk (in)
                                                         clk (net)
                      0.571537    0.000000    0.429212 ^ clkbuf_regs_0_clk/A (sky130_fd_sc_hd__clkbuf_16)
     1    0.008638    0.038950    0.134933    0.564145 ^ clkbuf_regs_0_clk/X (sky130_fd_sc_hd__clkbuf_16)
                                                         clk_regs (net)
                      0.038950    0.000284    0.564429 ^ clkbuf_0_clk_regs/A (sky130_fd_sc_hd__clkbuf_16)
     8    0.079104    0.073558    0.125878    0.690307 ^ clkbuf_0_clk_regs/X (sky130_fd_sc_hd__clkbuf_16)
                                                         clknet_0_clk_regs (net)
                      0.073743    0.003078    0.693385 ^ clkbuf_3_0_0_clk_regs/A (sky130_fd_sc_hd__clkbuf_8)
     2    0.018319    0.036012    0.102900    0.796286 ^ clkbuf_3_0_0_clk_regs/X (sky130_fd_sc_hd__clkbuf_8)
                                                         clknet_3_0_0_clk_regs (net)
                      0.036015    0.000381    0.796666 ^ clkbuf_4_1__f_clk_regs/A (sky130_fd_sc_hd__clkbuf_16)
     9    0.035385    0.041843    0.100551    0.897218 ^ clkbuf_4_1__f_clk_regs/X (sky130_fd_sc_hd__clkbuf_16)
                                                         clknet_4_1__leaf_clk_regs (net)
                      0.041850    0.000848    0.898066 ^ _1573_/CLK (sky130_fd_sc_hd__dfstp_4)
    14    0.156525    0.294040    0.589875    1.487941 ^ _1573_/Q (sky130_fd_sc_hd__dfstp_4)
                                                         u_top.dataMemory.clear_active (net)
                      0.294260    0.007131    1.495072 ^ _1699_/A (sky130_fd_sc_hd__buf_2)
     3    0.023091    0.090502    0.156738    1.651811 ^ _1699_/X (sky130_fd_sc_hd__buf_2)
                                                         _0660_ (net)
                      0.090506    0.000763    1.652574 ^ _1082_/A (sky130_fd_sc_hd__inv_2)
     7    0.064803    0.103801    0.107188    1.759761 v _1082_/Y (sky130_fd_sc_hd__inv_2)
                                                         _0433_ (net)
                      0.103831    0.001566    1.761328 v _1220_/A (sky130_fd_sc_hd__nor2_2)
     2    0.013373    0.121381    0.152299    1.913626 ^ _1220_/Y (sky130_fd_sc_hd__nor2_2)
                                                         _0682_ (net)
                      0.121383    0.000467    1.914093 ^ fanout41/A (sky130_fd_sc_hd__buf_2)
    10    0.092010    0.336099    0.304271    2.218364 ^ fanout41/X (sky130_fd_sc_hd__buf_2)
                                                         net41 (net)
                      0.336467    0.009832    2.228196 ^ _1234_/B (sky130_fd_sc_hd__and2_2)
     1    0.033438    0.134237    0.208823    2.437019 ^ _1234_/X (sky130_fd_sc_hd__and2_2)
                                                         _0675_ (net)
                      0.134630    0.006184    2.443203 ^ _1853_/A (sky130_fd_sc_hd__buf_2)
     1    0.004844    0.028014    0.092340    2.535543 ^ _1853_/X (sky130_fd_sc_hd__buf_2)
                                                         u_top.dataMemory.s0_addr0[3] (net)
                      0.028014    0.000203    2.535746 ^ wire18/A (sky130_fd_sc_hd__clkdlybuf4s25_1)
     1    0.002681    0.030962    0.163956    2.699701 ^ wire18/X (sky130_fd_sc_hd__clkdlybuf4s25_1)
                                                         net18 (net)
                      0.030962    0.000081    2.699782 ^ wire188/A (sky130_fd_sc_hd__clkdlybuf4s25_1)
     1    0.008314    0.070542    0.195560    2.895343 ^ wire188/X (sky130_fd_sc_hd__clkdlybuf4s25_1)
                                                         net187 (net)
                      0.094056    0.000218    2.895560 ^ u_top.dataMemory.sram_even_words/addr0[3] (sky130_sram_2kbyte_1rw1r_32x512_8)
                                              2.895560   data arrival time

                                 10.000000   10.000000   clock clk (rise edge)
                                  0.000000   10.000000   clock source latency
     2    0.157459    0.537694    0.391421   10.391421 ^ clk (in)
                                                         clk (net)
                      0.573756    0.000000   10.391421 ^ clkbuf_0_clk/A (sky130_fd_sc_hd__clkbuf_16)
     2    0.043414    0.060361    0.146404   10.537826 ^ clkbuf_0_clk/X (sky130_fd_sc_hd__clkbuf_16)
                                                         clknet_0_clk (net)
                      0.060908    0.005552   10.543377 ^ clkbuf_1_0__f_clk/A (sky130_fd_sc_hd__clkbuf_16)
     2    0.125447    0.099176    0.127205   10.670582 ^ clkbuf_1_0__f_clk/X (sky130_fd_sc_hd__clkbuf_16)
                                                         clknet_1_0__leaf_clk (net)
                      0.182698    0.044674   10.715256 ^ u_top.dataMemory.sram_even_words/clk0 (sky130_sram_2kbyte_1rw1r_32x512_8)
                                 -0.100000   10.615255   clock uncertainty
                                  0.000000   10.615255   clock reconvergence pessimism
                                 -0.103000   10.512256   library setup time
                                             10.512256   data required time
---------------------------------------------------------------------------------------------
                                             10.512256   data required time
                                             -2.895560   data arrival time
---------------------------------------------------------------------------------------------
                                              7.616695   slack (MET)


Startpoint: _1573_ (rising edge-triggered flip-flop clocked by clk)
Endpoint: u_top.dataMemory.sram_even_words
          (falling edge-triggered flip-flop clocked by clk)
Path Group: clk
Path Type: max

Fanout         Cap        Slew       Delay        Time   Description
---------------------------------------------------------------------------------------------
                                  0.000000    0.000000   clock clk (rise edge)
                                  0.000000    0.000000   clock source latency
     2    0.157459    0.537694    0.429212    0.429212 ^ clk (in)
                                                         clk (net)
                      0.571537    0.000000    0.429212 ^ clkbuf_regs_0_clk/A (sky130_fd_sc_hd__clkbuf_16)
     1    0.008638    0.038950    0.134933    0.564145 ^ clkbuf_regs_0_clk/X (sky130_fd_sc_hd__clkbuf_16)
                                                         clk_regs (net)
                      0.038950    0.000284    0.564429 ^ clkbuf_0_clk_regs/A (sky130_fd_sc_hd__clkbuf_16)
     8    0.079104    0.073558    0.125878    0.690307 ^ clkbuf_0_clk_regs/X (sky130_fd_sc_hd__clkbuf_16)
                                                         clknet_0_clk_regs (net)
                      0.073743    0.003078    0.693385 ^ clkbuf_3_0_0_clk_regs/A (sky130_fd_sc_hd__clkbuf_8)
     2    0.018319    0.036012    0.102900    0.796286 ^ clkbuf_3_0_0_clk_regs/X (sky130_fd_sc_hd__clkbuf_8)
                                                         clknet_3_0_0_clk_regs (net)
                      0.036015    0.000381    0.796666 ^ clkbuf_4_1__f_clk_regs/A (sky130_fd_sc_hd__clkbuf_16)
     9    0.035385    0.041843    0.100551    0.897218 ^ clkbuf_4_1__f_clk_regs/X (sky130_fd_sc_hd__clkbuf_16)
                                                         clknet_4_1__leaf_clk_regs (net)
                      0.041850    0.000848    0.898066 ^ _1573_/CLK (sky130_fd_sc_hd__dfstp_4)
    14    0.156525    0.294040    0.589875    1.487941 ^ _1573_/Q (sky130_fd_sc_hd__dfstp_4)
                                                         u_top.dataMemory.clear_active (net)
                      0.294260    0.007131    1.495072 ^ _1699_/A (sky130_fd_sc_hd__buf_2)
     3    0.023091    0.090502    0.156738    1.651811 ^ _1699_/X (sky130_fd_sc_hd__buf_2)
                                                         _0660_ (net)
                      0.090506    0.000763    1.652574 ^ _1082_/A (sky130_fd_sc_hd__inv_2)
     7    0.064803    0.103801    0.107188    1.759761 v _1082_/Y (sky130_fd_sc_hd__inv_2)
                                                         _0433_ (net)
                      0.103831    0.001566    1.761328 v _1220_/A (sky130_fd_sc_hd__nor2_2)
     2    0.013373    0.121381    0.152299    1.913626 ^ _1220_/Y (sky130_fd_sc_hd__nor2_2)
                                                         _0682_ (net)
                      0.121383    0.000467    1.914093 ^ fanout41/A (sky130_fd_sc_hd__buf_2)
    10    0.092010    0.336099    0.304271    2.218364 ^ fanout41/X (sky130_fd_sc_hd__buf_2)
                                                         net41 (net)
                      0.336157    0.003981    2.222345 ^ _1233_/B (sky130_fd_sc_hd__and2_2)
     1    0.032400    0.129924    0.207389    2.429734 ^ _1233_/X (sky130_fd_sc_hd__and2_2)
                                                         _0674_ (net)
                      0.130190    0.004987    2.434721 ^ _1852_/A (sky130_fd_sc_hd__buf_2)
     1    0.004309    0.026254    0.090199    2.524920 ^ _1852_/X (sky130_fd_sc_hd__buf_2)
                                                         u_top.dataMemory.s0_addr0[2] (net)
                      0.026254    0.000159    2.525080 ^ wire19/A (sky130_fd_sc_hd__clkdlybuf4s25_1)
     1    0.002827    0.031938    0.164267    2.689347 ^ wire19/X (sky130_fd_sc_hd__clkdlybuf4s25_1)
                                                         net19 (net)
                      0.031938    0.000086    2.689433 ^ wire187/A (sky130_fd_sc_hd__clkdlybuf4s25_1)
     1    0.008736    0.073565    0.198118    2.887552 ^ wire187/X (sky130_fd_sc_hd__clkdlybuf4s25_1)
                                                         net186 (net)
                      0.098087    0.000251    2.887803 ^ u_top.dataMemory.sram_even_words/addr0[2] (sky130_sram_2kbyte_1rw1r_32x512_8)
                                              2.887803   data arrival time

                                 10.000000   10.000000   clock clk (rise edge)
                                  0.000000   10.000000   clock source latency
     2    0.157459    0.537694    0.391421   10.391421 ^ clk (in)
                                                         clk (net)
                      0.573756    0.000000   10.391421 ^ clkbuf_0_clk/A (sky130_fd_sc_hd__clkbuf_16)
     2    0.043414    0.060361    0.146404   10.537826 ^ clkbuf_0_clk/X (sky130_fd_sc_hd__clkbuf_16)
                                                         clknet_0_clk (net)
                      0.060908    0.005552   10.543377 ^ clkbuf_1_0__f_clk/A (sky130_fd_sc_hd__clkbuf_16)
     2    0.125447    0.099176    0.127205   10.670582 ^ clkbuf_1_0__f_clk/X (sky130_fd_sc_hd__clkbuf_16)
                                                         clknet_1_0__leaf_clk (net)
                      0.182698    0.044674   10.715256 ^ u_top.dataMemory.sram_even_words/clk0 (sky130_sram_2kbyte_1rw1r_32x512_8)
                                 -0.100000   10.615255   clock uncertainty
                                  0.000000   10.615255   clock reconvergence pessimism
                                 -0.103000   10.512256   library setup time
                                             10.512256   data required time
---------------------------------------------------------------------------------------------
                                             10.512256   data required time
                                             -2.887803   data arrival time
---------------------------------------------------------------------------------------------
                                              7.624453   slack (MET)


Startpoint: _1573_ (rising edge-triggered flip-flop clocked by clk)
Endpoint: u_top.dataMemory.sram_even_words
          (falling edge-triggered flip-flop clocked by clk)
Path Group: clk
Path Type: max

Fanout         Cap        Slew       Delay        Time   Description
---------------------------------------------------------------------------------------------
                                  0.000000    0.000000   clock clk (rise edge)
                                  0.000000    0.000000   clock source latency
     2    0.157459    0.537694    0.429212    0.429212 ^ clk (in)
                                                         clk (net)
                      0.571537    0.000000    0.429212 ^ clkbuf_regs_0_clk/A (sky130_fd_sc_hd__clkbuf_16)
     1    0.008638    0.038950    0.134933    0.564145 ^ clkbuf_regs_0_clk/X (sky130_fd_sc_hd__clkbuf_16)
                                                         clk_regs (net)
                      0.038950    0.000284    0.564429 ^ clkbuf_0_clk_regs/A (sky130_fd_sc_hd__clkbuf_16)
     8    0.079104    0.073558    0.125878    0.690307 ^ clkbuf_0_clk_regs/X (sky130_fd_sc_hd__clkbuf_16)
                                                         clknet_0_clk_regs (net)
                      0.073743    0.003078    0.693385 ^ clkbuf_3_0_0_clk_regs/A (sky130_fd_sc_hd__clkbuf_8)
     2    0.018319    0.036012    0.102900    0.796286 ^ clkbuf_3_0_0_clk_regs/X (sky130_fd_sc_hd__clkbuf_8)
                                                         clknet_3_0_0_clk_regs (net)
                      0.036015    0.000381    0.796666 ^ clkbuf_4_1__f_clk_regs/A (sky130_fd_sc_hd__clkbuf_16)
     9    0.035385    0.041843    0.100551    0.897218 ^ clkbuf_4_1__f_clk_regs/X (sky130_fd_sc_hd__clkbuf_16)
                                                         clknet_4_1__leaf_clk_regs (net)
                      0.041850    0.000848    0.898066 ^ _1573_/CLK (sky130_fd_sc_hd__dfstp_4)
    14    0.156525    0.294040    0.589875    1.487941 ^ _1573_/Q (sky130_fd_sc_hd__dfstp_4)
                                                         u_top.dataMemory.clear_active (net)
                      0.294260    0.007131    1.495072 ^ _1699_/A (sky130_fd_sc_hd__buf_2)
     3    0.023091    0.090502    0.156738    1.651811 ^ _1699_/X (sky130_fd_sc_hd__buf_2)
                                                         _0660_ (net)
                      0.090506    0.000763    1.652574 ^ _1082_/A (sky130_fd_sc_hd__inv_2)
     7    0.064803    0.103801    0.107188    1.759761 v _1082_/Y (sky130_fd_sc_hd__inv_2)
                                                         _0433_ (net)
                      0.103831    0.001566    1.761328 v _1220_/A (sky130_fd_sc_hd__nor2_2)
     2    0.013373    0.121381    0.152299    1.913626 ^ _1220_/Y (sky130_fd_sc_hd__nor2_2)
                                                         _0682_ (net)
                      0.121383    0.000467    1.914093 ^ fanout41/A (sky130_fd_sc_hd__buf_2)
    10    0.092010    0.336099    0.304271    2.218364 ^ fanout41/X (sky130_fd_sc_hd__buf_2)
                                                         net41 (net)
                      0.336274    0.006829    2.225193 ^ _1236_/B (sky130_fd_sc_hd__and2_2)
     1    0.024448    0.101974    0.186500    2.411692 ^ _1236_/X (sky130_fd_sc_hd__and2_2)
                                                         _0677_ (net)
                      0.102135    0.003418    2.415110 ^ _1855_/A (sky130_fd_sc_hd__buf_2)
     1    0.006433    0.031998    0.090468    2.505578 ^ _1855_/X (sky130_fd_sc_hd__buf_2)
                                                         u_top.dataMemory.s0_addr0[5] (net)
                      0.032000    0.000290    2.505868 ^ wire16/A (sky130_fd_sc_hd__clkdlybuf4s25_1)
     1    0.002657    0.030801    0.165004    2.670872 ^ wire16/X (sky130_fd_sc_hd__clkdlybuf4s25_1)
                                                         net16 (net)
                      0.030801    0.000080    2.670952 ^ wire190/A (sky130_fd_sc_hd__clkdlybuf4s25_1)
     1    0.008344    0.070760    0.195672    2.866624 ^ wire190/X (sky130_fd_sc_hd__clkdlybuf4s25_1)
                                                         net189 (net)
                      0.094346    0.000225    2.866849 ^ u_top.dataMemory.sram_even_words/addr0[5] (sky130_sram_2kbyte_1rw1r_32x512_8)
                                              2.866849   data arrival time

                                 10.000000   10.000000   clock clk (rise edge)
                                  0.000000   10.000000   clock source latency
     2    0.157459    0.537694    0.391421   10.391421 ^ clk (in)
                                                         clk (net)
                      0.573756    0.000000   10.391421 ^ clkbuf_0_clk/A (sky130_fd_sc_hd__clkbuf_16)
     2    0.043414    0.060361    0.146404   10.537826 ^ clkbuf_0_clk/X (sky130_fd_sc_hd__clkbuf_16)
                                                         clknet_0_clk (net)
                      0.060908    0.005552   10.543377 ^ clkbuf_1_0__f_clk/A (sky130_fd_sc_hd__clkbuf_16)
     2    0.125447    0.099176    0.127205   10.670582 ^ clkbuf_1_0__f_clk/X (sky130_fd_sc_hd__clkbuf_16)
                                                         clknet_1_0__leaf_clk (net)
                      0.182698    0.044674   10.715256 ^ u_top.dataMemory.sram_even_words/clk0 (sky130_sram_2kbyte_1rw1r_32x512_8)
                                 -0.100000   10.615255   clock uncertainty
                                  0.000000   10.615255   clock reconvergence pessimism
                                 -0.103000   10.512256   library setup time
                                             10.512256   data required time
---------------------------------------------------------------------------------------------
                                             10.512256   data required time
                                             -2.866849   data arrival time
---------------------------------------------------------------------------------------------
                                              7.645406   slack (MET)


Startpoint: _1573_ (rising edge-triggered flip-flop clocked by clk)
Endpoint: u_top.dataMemory.sram_even_words
          (falling edge-triggered flip-flop clocked by clk)
Path Group: clk
Path Type: max

Fanout         Cap        Slew       Delay        Time   Description
---------------------------------------------------------------------------------------------
                                  0.000000    0.000000   clock clk (rise edge)
                                  0.000000    0.000000   clock source latency
     2    0.157459    0.537694    0.429212    0.429212 ^ clk (in)
                                                         clk (net)
                      0.571537    0.000000    0.429212 ^ clkbuf_regs_0_clk/A (sky130_fd_sc_hd__clkbuf_16)
     1    0.008638    0.038950    0.134933    0.564145 ^ clkbuf_regs_0_clk/X (sky130_fd_sc_hd__clkbuf_16)
                                                         clk_regs (net)
                      0.038950    0.000284    0.564429 ^ clkbuf_0_clk_regs/A (sky130_fd_sc_hd__clkbuf_16)
     8    0.079104    0.073558    0.125878    0.690307 ^ clkbuf_0_clk_regs/X (sky130_fd_sc_hd__clkbuf_16)
                                                         clknet_0_clk_regs (net)
                      0.073743    0.003078    0.693385 ^ clkbuf_3_0_0_clk_regs/A (sky130_fd_sc_hd__clkbuf_8)
     2    0.018319    0.036012    0.102900    0.796286 ^ clkbuf_3_0_0_clk_regs/X (sky130_fd_sc_hd__clkbuf_8)
                                                         clknet_3_0_0_clk_regs (net)
                      0.036015    0.000381    0.796666 ^ clkbuf_4_1__f_clk_regs/A (sky130_fd_sc_hd__clkbuf_16)
     9    0.035385    0.041843    0.100551    0.897218 ^ clkbuf_4_1__f_clk_regs/X (sky130_fd_sc_hd__clkbuf_16)
                                                         clknet_4_1__leaf_clk_regs (net)
                      0.041850    0.000848    0.898066 ^ _1573_/CLK (sky130_fd_sc_hd__dfstp_4)
    14    0.156525    0.294040    0.589875    1.487941 ^ _1573_/Q (sky130_fd_sc_hd__dfstp_4)
                                                         u_top.dataMemory.clear_active (net)
                      0.294260    0.007131    1.495072 ^ _1699_/A (sky130_fd_sc_hd__buf_2)
     3    0.023091    0.090502    0.156738    1.651811 ^ _1699_/X (sky130_fd_sc_hd__buf_2)
                                                         _0660_ (net)
                      0.090506    0.000763    1.652574 ^ _1082_/A (sky130_fd_sc_hd__inv_2)
     7    0.064803    0.103801    0.107188    1.759761 v _1082_/Y (sky130_fd_sc_hd__inv_2)
                                                         _0433_ (net)
                      0.103831    0.001566    1.761328 v _1220_/A (sky130_fd_sc_hd__nor2_2)
     2    0.013373    0.121381    0.152299    1.913626 ^ _1220_/Y (sky130_fd_sc_hd__nor2_2)
                                                         _0682_ (net)
                      0.121383    0.000467    1.914093 ^ fanout41/A (sky130_fd_sc_hd__buf_2)
    10    0.092010    0.336099    0.304271    2.218364 ^ fanout41/X (sky130_fd_sc_hd__buf_2)
                                                         net41 (net)
                      0.339482    0.028516    2.246880 ^ _1829_/A (sky130_fd_sc_hd__buf_2)
     7    0.021686    0.086283    0.154050    2.400929 ^ _1829_/X (sky130_fd_sc_hd__buf_2)
                                                         u_top.dataMemory.s0_wmask0[3] (net)
                      0.086293    0.000986    2.401915 ^ wire24/A (sky130_fd_sc_hd__clkdlybuf4s25_1)
     1    0.002636    0.030652    0.178096    2.580012 ^ wire24/X (sky130_fd_sc_hd__clkdlybuf4s25_1)
                                                         net24 (net)
                      0.030652    0.000079    2.580090 ^ wire194/A (sky130_fd_sc_hd__clkdlybuf4s25_1)
     1    0.008950    0.075109    0.198893    2.778983 ^ wire194/X (sky130_fd_sc_hd__clkdlybuf4s25_1)
                                                         net193 (net)
                      0.100146    0.000260    2.779243 ^ u_top.dataMemory.sram_even_words/wmask0[3] (sky130_sram_2kbyte_1rw1r_32x512_8)
                                              2.779243   data arrival time

                                 10.000000   10.000000   clock clk (rise edge)
                                  0.000000   10.000000   clock source latency
     2    0.157459    0.537694    0.391421   10.391421 ^ clk (in)
                                                         clk (net)
                      0.573756    0.000000   10.391421 ^ clkbuf_0_clk/A (sky130_fd_sc_hd__clkbuf_16)
     2    0.043414    0.060361    0.146404   10.537826 ^ clkbuf_0_clk/X (sky130_fd_sc_hd__clkbuf_16)
                                                         clknet_0_clk (net)
                      0.060908    0.005552   10.543377 ^ clkbuf_1_0__f_clk/A (sky130_fd_sc_hd__clkbuf_16)
     2    0.125447    0.099176    0.127205   10.670582 ^ clkbuf_1_0__f_clk/X (sky130_fd_sc_hd__clkbuf_16)
                                                         clknet_1_0__leaf_clk (net)
                      0.182698    0.044674   10.715256 ^ u_top.dataMemory.sram_even_words/clk0 (sky130_sram_2kbyte_1rw1r_32x512_8)
                                 -0.100000   10.615255   clock uncertainty
                                  0.000000   10.615255   clock reconvergence pessimism
                                 -0.103000   10.512256   library setup time
                                             10.512256   data required time
---------------------------------------------------------------------------------------------
                                             10.512256   data required time
                                             -2.779243   data arrival time
---------------------------------------------------------------------------------------------
                                              7.733013   slack (MET)


Startpoint: _1573_ (rising edge-triggered flip-flop clocked by clk)
Endpoint: u_top.dataMemory.sram_even_words
          (falling edge-triggered flip-flop clocked by clk)
Path Group: clk
Path Type: max

Fanout         Cap        Slew       Delay        Time   Description
---------------------------------------------------------------------------------------------
                                  0.000000    0.000000   clock clk (rise edge)
                                  0.000000    0.000000   clock source latency
     2    0.157459    0.537694    0.429212    0.429212 ^ clk (in)
                                                         clk (net)
                      0.571537    0.000000    0.429212 ^ clkbuf_regs_0_clk/A (sky130_fd_sc_hd__clkbuf_16)
     1    0.008638    0.038950    0.134933    0.564145 ^ clkbuf_regs_0_clk/X (sky130_fd_sc_hd__clkbuf_16)
                                                         clk_regs (net)
                      0.038950    0.000284    0.564429 ^ clkbuf_0_clk_regs/A (sky130_fd_sc_hd__clkbuf_16)
     8    0.079104    0.073558    0.125878    0.690307 ^ clkbuf_0_clk_regs/X (sky130_fd_sc_hd__clkbuf_16)
                                                         clknet_0_clk_regs (net)
                      0.073743    0.003078    0.693385 ^ clkbuf_3_0_0_clk_regs/A (sky130_fd_sc_hd__clkbuf_8)
     2    0.018319    0.036012    0.102900    0.796286 ^ clkbuf_3_0_0_clk_regs/X (sky130_fd_sc_hd__clkbuf_8)
                                                         clknet_3_0_0_clk_regs (net)
                      0.036015    0.000381    0.796666 ^ clkbuf_4_1__f_clk_regs/A (sky130_fd_sc_hd__clkbuf_16)
     9    0.035385    0.041843    0.100551    0.897218 ^ clkbuf_4_1__f_clk_regs/X (sky130_fd_sc_hd__clkbuf_16)
                                                         clknet_4_1__leaf_clk_regs (net)
                      0.041850    0.000848    0.898066 ^ _1573_/CLK (sky130_fd_sc_hd__dfstp_4)
    14    0.156525    0.294040    0.589875    1.487941 ^ _1573_/Q (sky130_fd_sc_hd__dfstp_4)
                                                         u_top.dataMemory.clear_active (net)
                      0.294260    0.007131    1.495072 ^ _1699_/A (sky130_fd_sc_hd__buf_2)
     3    0.023091    0.090502    0.156738    1.651811 ^ _1699_/X (sky130_fd_sc_hd__buf_2)
                                                         _0660_ (net)
                      0.090506    0.000763    1.652574 ^ _1082_/A (sky130_fd_sc_hd__inv_2)
     7    0.064803    0.103801    0.107188    1.759761 v _1082_/Y (sky130_fd_sc_hd__inv_2)
                                                         _0433_ (net)
                      0.103831    0.001566    1.761328 v _1220_/A (sky130_fd_sc_hd__nor2_2)
     2    0.013373    0.121381    0.152299    1.913626 ^ _1220_/Y (sky130_fd_sc_hd__nor2_2)
                                                         _0682_ (net)
                      0.121383    0.000467    1.914093 ^ fanout41/A (sky130_fd_sc_hd__buf_2)
    10    0.092010    0.336099    0.304271    2.218364 ^ fanout41/X (sky130_fd_sc_hd__buf_2)
                                                         net41 (net)
                      0.339482    0.028516    2.246880 ^ _1829_/A (sky130_fd_sc_hd__buf_2)
     7    0.021686    0.086283    0.154050    2.400929 ^ _1829_/X (sky130_fd_sc_hd__buf_2)
                                                         u_top.dataMemory.s0_wmask0[3] (net)
                      0.086292    0.000971    2.401900 ^ load_slew25/A (sky130_fd_sc_hd__clkdlybuf4s25_1)
     1    0.002769    0.031520    0.178852    2.580752 ^ load_slew25/X (sky130_fd_sc_hd__clkdlybuf4s25_1)
                                                         net25 (net)
                      0.031521    0.000083    2.580835 ^ wire202/A (sky130_fd_sc_hd__clkdlybuf4s25_1)
     1    0.008407    0.071209    0.196217    2.777052 ^ wire202/X (sky130_fd_sc_hd__clkdlybuf4s25_1)
                                                         net201 (net)
                      0.094946    0.000246    2.777298 ^ u_top.dataMemory.sram_even_words/wmask0[2] (sky130_sram_2kbyte_1rw1r_32x512_8)
                                              2.777298   data arrival time

                                 10.000000   10.000000   clock clk (rise edge)
                                  0.000000   10.000000   clock source latency
     2    0.157459    0.537694    0.391421   10.391421 ^ clk (in)
                                                         clk (net)
                      0.573756    0.000000   10.391421 ^ clkbuf_0_clk/A (sky130_fd_sc_hd__clkbuf_16)
     2    0.043414    0.060361    0.146404   10.537826 ^ clkbuf_0_clk/X (sky130_fd_sc_hd__clkbuf_16)
                                                         clknet_0_clk (net)
                      0.060908    0.005552   10.543377 ^ clkbuf_1_0__f_clk/A (sky130_fd_sc_hd__clkbuf_16)
     2    0.125447    0.099176    0.127205   10.670582 ^ clkbuf_1_0__f_clk/X (sky130_fd_sc_hd__clkbuf_16)
                                                         clknet_1_0__leaf_clk (net)
                      0.182698    0.044674   10.715256 ^ u_top.dataMemory.sram_even_words/clk0 (sky130_sram_2kbyte_1rw1r_32x512_8)
                                 -0.100000   10.615255   clock uncertainty
                                  0.000000   10.615255   clock reconvergence pessimism
                                 -0.103000   10.512256   library setup time
                                             10.512256   data required time
---------------------------------------------------------------------------------------------
                                             10.512256   data required time
                                             -2.777298   data arrival time
---------------------------------------------------------------------------------------------
                                              7.734958   slack (MET)


Startpoint: _1573_ (rising edge-triggered flip-flop clocked by clk)
Endpoint: u_top.dataMemory.sram_even_words
          (falling edge-triggered flip-flop clocked by clk)
Path Group: clk
Path Type: max

Fanout         Cap        Slew       Delay        Time   Description
---------------------------------------------------------------------------------------------
                                  0.000000    0.000000   clock clk (rise edge)
                                  0.000000    0.000000   clock source latency
     2    0.157459    0.537694    0.429212    0.429212 ^ clk (in)
                                                         clk (net)
                      0.571537    0.000000    0.429212 ^ clkbuf_regs_0_clk/A (sky130_fd_sc_hd__clkbuf_16)
     1    0.008638    0.038950    0.134933    0.564145 ^ clkbuf_regs_0_clk/X (sky130_fd_sc_hd__clkbuf_16)
                                                         clk_regs (net)
                      0.038950    0.000284    0.564429 ^ clkbuf_0_clk_regs/A (sky130_fd_sc_hd__clkbuf_16)
     8    0.079104    0.073558    0.125878    0.690307 ^ clkbuf_0_clk_regs/X (sky130_fd_sc_hd__clkbuf_16)
                                                         clknet_0_clk_regs (net)
                      0.073743    0.003078    0.693385 ^ clkbuf_3_0_0_clk_regs/A (sky130_fd_sc_hd__clkbuf_8)
     2    0.018319    0.036012    0.102900    0.796286 ^ clkbuf_3_0_0_clk_regs/X (sky130_fd_sc_hd__clkbuf_8)
                                                         clknet_3_0_0_clk_regs (net)
                      0.036015    0.000381    0.796666 ^ clkbuf_4_1__f_clk_regs/A (sky130_fd_sc_hd__clkbuf_16)
     9    0.035385    0.041843    0.100551    0.897218 ^ clkbuf_4_1__f_clk_regs/X (sky130_fd_sc_hd__clkbuf_16)
                                                         clknet_4_1__leaf_clk_regs (net)
                      0.041850    0.000848    0.898066 ^ _1573_/CLK (sky130_fd_sc_hd__dfstp_4)
    14    0.156525    0.294040    0.589875    1.487941 ^ _1573_/Q (sky130_fd_sc_hd__dfstp_4)
                                                         u_top.dataMemory.clear_active (net)
                      0.294260    0.007131    1.495072 ^ _1699_/A (sky130_fd_sc_hd__buf_2)
     3    0.023091    0.090502    0.156738    1.651811 ^ _1699_/X (sky130_fd_sc_hd__buf_2)
                                                         _0660_ (net)
                      0.090506    0.000763    1.652574 ^ _1082_/A (sky130_fd_sc_hd__inv_2)
     7    0.064803    0.103801    0.107188    1.759761 v _1082_/Y (sky130_fd_sc_hd__inv_2)
                                                         _0433_ (net)
                      0.103831    0.001566    1.761328 v _1220_/A (sky130_fd_sc_hd__nor2_2)
     2    0.013373    0.121381    0.152299    1.913626 ^ _1220_/Y (sky130_fd_sc_hd__nor2_2)
                                                         _0682_ (net)
                      0.121383    0.000467    1.914093 ^ fanout41/A (sky130_fd_sc_hd__buf_2)
    10    0.092010    0.336099    0.304271    2.218364 ^ fanout41/X (sky130_fd_sc_hd__buf_2)
                                                         net41 (net)
                      0.336236    0.006060    2.224423 ^ _1237_/B (sky130_fd_sc_hd__and2_2)
     1    0.005248    0.039153    0.131874    2.356297 ^ _1237_/X (sky130_fd_sc_hd__and2_2)
                                                         _0678_ (net)
                      0.039153    0.000209    2.356506 ^ _1856_/A (sky130_fd_sc_hd__buf_2)
     1    0.032941    0.123888    0.139611    2.496117 ^ _1856_/X (sky130_fd_sc_hd__buf_2)
                                                         u_top.dataMemory.s0_addr0[6] (net)
                      0.124406    0.006840    2.502957 ^ wire15/A (sky130_fd_sc_hd__buf_1)
     1    0.003321    0.037274    0.067113    2.570070 ^ wire15/X (sky130_fd_sc_hd__buf_1)
                                                         net15 (net)
                      0.037274    0.000107    2.570177 ^ wire191/A (sky130_fd_sc_hd__clkdlybuf4s25_1)
     1    0.008637    0.072832    0.199184    2.769361 ^ wire191/X (sky130_fd_sc_hd__clkdlybuf4s25_1)
                                                         net190 (net)
                      0.097109    0.000244    2.769605 ^ u_top.dataMemory.sram_even_words/addr0[6] (sky130_sram_2kbyte_1rw1r_32x512_8)
                                              2.769605   data arrival time

                                 10.000000   10.000000   clock clk (rise edge)
                                  0.000000   10.000000   clock source latency
     2    0.157459    0.537694    0.391421   10.391421 ^ clk (in)
                                                         clk (net)
                      0.573756    0.000000   10.391421 ^ clkbuf_0_clk/A (sky130_fd_sc_hd__clkbuf_16)
     2    0.043414    0.060361    0.146404   10.537826 ^ clkbuf_0_clk/X (sky130_fd_sc_hd__clkbuf_16)
                                                         clknet_0_clk (net)
                      0.060908    0.005552   10.543377 ^ clkbuf_1_0__f_clk/A (sky130_fd_sc_hd__clkbuf_16)
     2    0.125447    0.099176    0.127205   10.670582 ^ clkbuf_1_0__f_clk/X (sky130_fd_sc_hd__clkbuf_16)
                                                         clknet_1_0__leaf_clk (net)
                      0.182698    0.044674   10.715256 ^ u_top.dataMemory.sram_even_words/clk0 (sky130_sram_2kbyte_1rw1r_32x512_8)
                                 -0.100000   10.615255   clock uncertainty
                                  0.000000   10.615255   clock reconvergence pessimism
                                 -0.103000   10.512256   library setup time
                                             10.512256   data required time
---------------------------------------------------------------------------------------------
                                             10.512256   data required time
                                             -2.769605   data arrival time
---------------------------------------------------------------------------------------------
                                              7.742651   slack (MET)


Startpoint: _1573_ (rising edge-triggered flip-flop clocked by clk)
Endpoint: u_top.dataMemory.sram_even_words
          (falling edge-triggered flip-flop clocked by clk)
Path Group: clk
Path Type: max

Fanout         Cap        Slew       Delay        Time   Description
---------------------------------------------------------------------------------------------
                                  0.000000    0.000000   clock clk (rise edge)
                                  0.000000    0.000000   clock source latency
     2    0.157459    0.537694    0.429212    0.429212 ^ clk (in)
                                                         clk (net)
                      0.571537    0.000000    0.429212 ^ clkbuf_regs_0_clk/A (sky130_fd_sc_hd__clkbuf_16)
     1    0.008638    0.038950    0.134933    0.564145 ^ clkbuf_regs_0_clk/X (sky130_fd_sc_hd__clkbuf_16)
                                                         clk_regs (net)
                      0.038950    0.000284    0.564429 ^ clkbuf_0_clk_regs/A (sky130_fd_sc_hd__clkbuf_16)
     8    0.079104    0.073558    0.125878    0.690307 ^ clkbuf_0_clk_regs/X (sky130_fd_sc_hd__clkbuf_16)
                                                         clknet_0_clk_regs (net)
                      0.073743    0.003078    0.693385 ^ clkbuf_3_0_0_clk_regs/A (sky130_fd_sc_hd__clkbuf_8)
     2    0.018319    0.036012    0.102900    0.796286 ^ clkbuf_3_0_0_clk_regs/X (sky130_fd_sc_hd__clkbuf_8)
                                                         clknet_3_0_0_clk_regs (net)
                      0.036015    0.000381    0.796666 ^ clkbuf_4_1__f_clk_regs/A (sky130_fd_sc_hd__clkbuf_16)
     9    0.035385    0.041843    0.100551    0.897218 ^ clkbuf_4_1__f_clk_regs/X (sky130_fd_sc_hd__clkbuf_16)
                                                         clknet_4_1__leaf_clk_regs (net)
                      0.041850    0.000848    0.898066 ^ _1573_/CLK (sky130_fd_sc_hd__dfstp_4)
    14    0.156525    0.294040    0.589875    1.487941 ^ _1573_/Q (sky130_fd_sc_hd__dfstp_4)
                                                         u_top.dataMemory.clear_active (net)
                      0.294260    0.007131    1.495072 ^ _1699_/A (sky130_fd_sc_hd__buf_2)
     3    0.023091    0.090502    0.156738    1.651811 ^ _1699_/X (sky130_fd_sc_hd__buf_2)
                                                         _0660_ (net)
                      0.090506    0.000763    1.652574 ^ _1082_/A (sky130_fd_sc_hd__inv_2)
     7    0.064803    0.103801    0.107188    1.759761 v _1082_/Y (sky130_fd_sc_hd__inv_2)
                                                         _0433_ (net)
                      0.103831    0.001566    1.761328 v _1220_/A (sky130_fd_sc_hd__nor2_2)
     2    0.013373    0.121381    0.152299    1.913626 ^ _1220_/Y (sky130_fd_sc_hd__nor2_2)
                                                         _0682_ (net)
                      0.121383    0.000467    1.914093 ^ fanout41/A (sky130_fd_sc_hd__buf_2)
    10    0.092010    0.336099    0.304271    2.218364 ^ fanout41/X (sky130_fd_sc_hd__buf_2)
                                                         net41 (net)
                      0.336203    0.005282    2.223645 ^ _1238_/B (sky130_fd_sc_hd__and2_2)
     1    0.008172    0.047776    0.140958    2.364604 ^ _1238_/X (sky130_fd_sc_hd__and2_2)
                                                         _0679_ (net)
                      0.047779    0.000418    2.365021 ^ _1857_/A (sky130_fd_sc_hd__buf_2)
     1    0.029537    0.111710    0.134334    2.499356 ^ _1857_/X (sky130_fd_sc_hd__buf_2)
                                                         u_top.dataMemory.s0_addr0[7] (net)
                      0.112092    0.005575    2.504930 ^ wire14/A (sky130_fd_sc_hd__buf_1)
     1    0.002950    0.034245    0.064064    2.568995 ^ wire14/X (sky130_fd_sc_hd__buf_1)
                                                         net14 (net)
                      0.034245    0.000089    2.569084 ^ wire192/A (sky130_fd_sc_hd__clkdlybuf4s25_1)
     1    0.008450    0.071506    0.197275    2.766359 ^ wire192/X (sky130_fd_sc_hd__clkdlybuf4s25_1)
                                                         net191 (net)
                      0.095341    0.000228    2.766587 ^ u_top.dataMemory.sram_even_words/addr0[7] (sky130_sram_2kbyte_1rw1r_32x512_8)
                                              2.766587   data arrival time

                                 10.000000   10.000000   clock clk (rise edge)
                                  0.000000   10.000000   clock source latency
     2    0.157459    0.537694    0.391421   10.391421 ^ clk (in)
                                                         clk (net)
                      0.573756    0.000000   10.391421 ^ clkbuf_0_clk/A (sky130_fd_sc_hd__clkbuf_16)
     2    0.043414    0.060361    0.146404   10.537826 ^ clkbuf_0_clk/X (sky130_fd_sc_hd__clkbuf_16)
                                                         clknet_0_clk (net)
                      0.060908    0.005552   10.543377 ^ clkbuf_1_0__f_clk/A (sky130_fd_sc_hd__clkbuf_16)
     2    0.125447    0.099176    0.127205   10.670582 ^ clkbuf_1_0__f_clk/X (sky130_fd_sc_hd__clkbuf_16)
                                                         clknet_1_0__leaf_clk (net)
                      0.182698    0.044674   10.715256 ^ u_top.dataMemory.sram_even_words/clk0 (sky130_sram_2kbyte_1rw1r_32x512_8)
                                 -0.100000   10.615255   clock uncertainty
                                  0.000000   10.615255   clock reconvergence pessimism
                                 -0.103000   10.512256   library setup time
                                             10.512256   data required time
---------------------------------------------------------------------------------------------
                                             10.512256   data required time
                                             -2.766587   data arrival time
---------------------------------------------------------------------------------------------
                                              7.745667   slack (MET)


Startpoint: reset (input port clocked by clk)
Endpoint: _1530_ (rising edge-triggered flip-flop clocked by clk)
Path Group: clk
Path Type: max

Fanout         Cap        Slew       Delay        Time   Description
---------------------------------------------------------------------------------------------
                                  0.000000    0.000000   clock clk (rise edge)
                                  0.000000    0.000000   clock network delay (propagated)
                                  2.000000    2.000000 ^ input external delay
     3    0.122379    0.415328    0.331209    2.331209 ^ reset (in)
                                                         reset (net)
                      0.434769    0.000000    2.331209 ^ _1826_/A (sky130_fd_sc_hd__buf_2)
     5    0.038184    0.143063    0.197619    2.528827 ^ _1826_/X (sky130_fd_sc_hd__buf_2)
                                                         _0629_ (net)
                      0.143125    0.002589    2.531416 ^ _1090_/A (sky130_fd_sc_hd__inv_2)
     4    0.049589    0.091304    0.101986    2.633402 v _1090_/Y (sky130_fd_sc_hd__inv_2)
                                                         _0291_ (net)
                      0.091590    0.004305    2.637706 v _1351_/B (sky130_fd_sc_hd__and2_2)
     1    0.002044    0.025057    0.141766    2.779473 v _1351_/X (sky130_fd_sc_hd__and2_2)
                                                         _0389_ (net)
                      0.025057    0.000042    2.779515 v _1951_/A (sky130_fd_sc_hd__buf_2)
     1    0.002154    0.015909    0.070496    2.850011 v _1951_/X (sky130_fd_sc_hd__buf_2)
                                                         _1038_ (net)
                      0.015909    0.000064    2.850075 v _1530_/D (sky130_fd_sc_hd__dfxtp_2)
                                              2.850075   data arrival time

                                 10.000000   10.000000   clock clk (rise edge)
                                  0.000000   10.000000   clock source latency
     2    0.157459    0.537694    0.388335   10.388335 ^ clk (in)
                                                         clk (net)
                      0.571537    0.000000   10.388335 ^ clkbuf_regs_0_clk/A (sky130_fd_sc_hd__clkbuf_16)
     1    0.008638    0.038950    0.122082   10.510417 ^ clkbuf_regs_0_clk/X (sky130_fd_sc_hd__clkbuf_16)
                                                         clk_regs (net)
                      0.038950    0.000258   10.510674 ^ clkbuf_0_clk_regs/A (sky130_fd_sc_hd__clkbuf_16)
     8    0.079104    0.073558    0.113889   10.624564 ^ clkbuf_0_clk_regs/X (sky130_fd_sc_hd__clkbuf_16)
                                                         clknet_0_clk_regs (net)
                      0.073740    0.002760   10.627323 ^ clkbuf_3_7_0_clk_regs/A (sky130_fd_sc_hd__clkbuf_8)
     2    0.018292    0.035983    0.093038   10.720362 ^ clkbuf_3_7_0_clk_regs/X (sky130_fd_sc_hd__clkbuf_8)
                                                         clknet_3_7_0_clk_regs (net)
                      0.035990    0.000443   10.720805 ^ clkbuf_4_14__f_clk_regs/A (sky130_fd_sc_hd__clkbuf_16)
     8    0.027397    0.036234    0.086277   10.807082 ^ clkbuf_4_14__f_clk_regs/X (sky130_fd_sc_hd__clkbuf_16)
                                                         clknet_4_14__leaf_clk_regs (net)
                      0.036242    0.000494   10.807575 ^ _1530_/CLK (sky130_fd_sc_hd__dfxtp_2)
                                 -0.100000   10.707576   clock uncertainty
                                  0.000000   10.707576   clock reconvergence pessimism
                                 -0.065070   10.642506   library setup time
                                             10.642506   data required time
---------------------------------------------------------------------------------------------
                                             10.642506   data required time
                                             -2.850075   data arrival time
---------------------------------------------------------------------------------------------
                                              7.792431   slack (MET)


Startpoint: _1573_ (rising edge-triggered flip-flop clocked by clk)
Endpoint: u_top.dataMemory.sram_odd_words
          (falling edge-triggered flip-flop clocked by clk)
Path Group: clk
Path Type: max

Fanout         Cap        Slew       Delay        Time   Description
---------------------------------------------------------------------------------------------
                                  0.000000    0.000000   clock clk (rise edge)
                                  0.000000    0.000000   clock source latency
     2    0.157459    0.537694    0.429212    0.429212 ^ clk (in)
                                                         clk (net)
                      0.571537    0.000000    0.429212 ^ clkbuf_regs_0_clk/A (sky130_fd_sc_hd__clkbuf_16)
     1    0.008638    0.038950    0.134933    0.564145 ^ clkbuf_regs_0_clk/X (sky130_fd_sc_hd__clkbuf_16)
                                                         clk_regs (net)
                      0.038950    0.000284    0.564429 ^ clkbuf_0_clk_regs/A (sky130_fd_sc_hd__clkbuf_16)
     8    0.079104    0.073558    0.125878    0.690307 ^ clkbuf_0_clk_regs/X (sky130_fd_sc_hd__clkbuf_16)
                                                         clknet_0_clk_regs (net)
                      0.073743    0.003078    0.693385 ^ clkbuf_3_0_0_clk_regs/A (sky130_fd_sc_hd__clkbuf_8)
     2    0.018319    0.036012    0.102900    0.796286 ^ clkbuf_3_0_0_clk_regs/X (sky130_fd_sc_hd__clkbuf_8)
                                                         clknet_3_0_0_clk_regs (net)
                      0.036015    0.000381    0.796666 ^ clkbuf_4_1__f_clk_regs/A (sky130_fd_sc_hd__clkbuf_16)
     9    0.035385    0.041843    0.100551    0.897218 ^ clkbuf_4_1__f_clk_regs/X (sky130_fd_sc_hd__clkbuf_16)
                                                         clknet_4_1__leaf_clk_regs (net)
                      0.041850    0.000848    0.898066 ^ _1573_/CLK (sky130_fd_sc_hd__dfstp_4)
    14    0.156525    0.294040    0.589875    1.487941 ^ _1573_/Q (sky130_fd_sc_hd__dfstp_4)
                                                         u_top.dataMemory.clear_active (net)
                      0.294260    0.007131    1.495072 ^ _1699_/A (sky130_fd_sc_hd__buf_2)
     3    0.023091    0.090502    0.156738    1.651811 ^ _1699_/X (sky130_fd_sc_hd__buf_2)
                                                         _0660_ (net)
                      0.090506    0.000766    1.652576 ^ fanout61/A (sky130_fd_sc_hd__clkdlybuf4s25_1)
    10    0.035110    0.265522    0.352671    2.005248 ^ fanout61/X (sky130_fd_sc_hd__clkdlybuf4s25_1)
                                                         net61 (net)
                      0.265527    0.001647    2.006895 ^ _1230_/A (sky130_fd_sc_hd__and3_2)
     1    0.024572    0.103529    0.207805    2.214700 ^ _1230_/X (sky130_fd_sc_hd__and3_2)
                                                         _0691_ (net)
                      0.103709    0.003644    2.218344 ^ _1848_/A (sky130_fd_sc_hd__buf_2)
     1    0.005550    0.029234    0.088495    2.306840 ^ _1848_/X (sky130_fd_sc_hd__buf_2)
                                                         u_top.dataMemory.s1_addr0[8] (net)
                      0.029236    0.000230    2.307070 ^ wire33/A (sky130_fd_sc_hd__clkdlybuf4s25_1)
     1    0.002818    0.031875    0.165103    2.472172 ^ wire33/X (sky130_fd_sc_hd__clkdlybuf4s25_1)
                                                         net33 (net)
                      0.031875    0.000087    2.472260 ^ wire210/A (sky130_fd_sc_hd__clkdlybuf4s25_1)
     1    0.008767    0.073790    0.198262    2.670522 ^ wire210/X (sky130_fd_sc_hd__clkdlybuf4s25_1)
                                                         net209 (net)
                      0.098386    0.000259    2.670781 ^ u_top.dataMemory.sram_odd_words/addr0[8] (sky130_sram_2kbyte_1rw1r_32x512_8)
                                              2.670781   data arrival time

                                 10.000000   10.000000   clock clk (rise edge)
                                  0.000000   10.000000   clock source latency
     2    0.157459    0.537694    0.391421   10.391421 ^ clk (in)
                                                         clk (net)
                      0.573756    0.000000   10.391421 ^ clkbuf_0_clk/A (sky130_fd_sc_hd__clkbuf_16)
     2    0.043414    0.060361    0.146404   10.537826 ^ clkbuf_0_clk/X (sky130_fd_sc_hd__clkbuf_16)
                                                         clknet_0_clk (net)
                      0.060891    0.005477   10.543302 ^ clkbuf_1_1__f_clk/A (sky130_fd_sc_hd__clkbuf_16)
     2    0.153688    0.127973    0.149739   10.693041 ^ clkbuf_1_1__f_clk/X (sky130_fd_sc_hd__clkbuf_16)
                                                         clknet_1_1__leaf_clk (net)
                      0.179483    0.021478   10.714519 ^ u_top.dataMemory.sram_odd_words/clk0 (sky130_sram_2kbyte_1rw1r_32x512_8)
                                 -0.100000   10.614518   clock uncertainty
                                  0.000000   10.614518   clock reconvergence pessimism
                                 -0.103000   10.511518   library setup time
                                             10.511518   data required time
---------------------------------------------------------------------------------------------
                                             10.511518   data required time
                                             -2.670781   data arrival time
---------------------------------------------------------------------------------------------
                                              7.840737   slack (MET)


Startpoint: _1573_ (rising edge-triggered flip-flop clocked by clk)
Endpoint: u_top.dataMemory.sram_odd_words
          (falling edge-triggered flip-flop clocked by clk)
Path Group: clk
Path Type: max

Fanout         Cap        Slew       Delay        Time   Description
---------------------------------------------------------------------------------------------
                                  0.000000    0.000000   clock clk (rise edge)
                                  0.000000    0.000000   clock source latency
     2    0.157459    0.537694    0.429212    0.429212 ^ clk (in)
                                                         clk (net)
                      0.571537    0.000000    0.429212 ^ clkbuf_regs_0_clk/A (sky130_fd_sc_hd__clkbuf_16)
     1    0.008638    0.038950    0.134933    0.564145 ^ clkbuf_regs_0_clk/X (sky130_fd_sc_hd__clkbuf_16)
                                                         clk_regs (net)
                      0.038950    0.000284    0.564429 ^ clkbuf_0_clk_regs/A (sky130_fd_sc_hd__clkbuf_16)
     8    0.079104    0.073558    0.125878    0.690307 ^ clkbuf_0_clk_regs/X (sky130_fd_sc_hd__clkbuf_16)
                                                         clknet_0_clk_regs (net)
                      0.073743    0.003078    0.693385 ^ clkbuf_3_0_0_clk_regs/A (sky130_fd_sc_hd__clkbuf_8)
     2    0.018319    0.036012    0.102900    0.796286 ^ clkbuf_3_0_0_clk_regs/X (sky130_fd_sc_hd__clkbuf_8)
                                                         clknet_3_0_0_clk_regs (net)
                      0.036015    0.000381    0.796666 ^ clkbuf_4_1__f_clk_regs/A (sky130_fd_sc_hd__clkbuf_16)
     9    0.035385    0.041843    0.100551    0.897218 ^ clkbuf_4_1__f_clk_regs/X (sky130_fd_sc_hd__clkbuf_16)
                                                         clknet_4_1__leaf_clk_regs (net)
                      0.041850    0.000848    0.898066 ^ _1573_/CLK (sky130_fd_sc_hd__dfstp_4)
    14    0.156525    0.294040    0.589875    1.487941 ^ _1573_/Q (sky130_fd_sc_hd__dfstp_4)
                                                         u_top.dataMemory.clear_active (net)
                      0.294260    0.007131    1.495072 ^ _1699_/A (sky130_fd_sc_hd__buf_2)
     3    0.023091    0.090502    0.156738    1.651811 ^ _1699_/X (sky130_fd_sc_hd__buf_2)
                                                         _0660_ (net)
                      0.090506    0.000766    1.652576 ^ fanout61/A (sky130_fd_sc_hd__clkdlybuf4s25_1)
    10    0.035110    0.265522    0.352671    2.005248 ^ fanout61/X (sky130_fd_sc_hd__clkdlybuf4s25_1)
                                                         net61 (net)
                      0.265529    0.001761    2.007009 ^ _1229_/A (sky130_fd_sc_hd__and3_2)
     1    0.023253    0.099018    0.204392    2.211401 ^ _1229_/X (sky130_fd_sc_hd__and3_2)
                                                         _0690_ (net)
                      0.099176    0.003332    2.214733 ^ _1847_/A (sky130_fd_sc_hd__buf_2)
     1    0.005413    0.028668    0.087033    2.301766 ^ _1847_/X (sky130_fd_sc_hd__buf_2)
                                                         u_top.dataMemory.s1_addr0[7] (net)
                      0.028669    0.000228    2.301994 ^ wire34/A (sky130_fd_sc_hd__clkdlybuf4s25_1)
     1    0.003273    0.034929    0.167526    2.469520 ^ wire34/X (sky130_fd_sc_hd__clkdlybuf4s25_1)
                                                         net34 (net)
                      0.034946    0.000106    2.469627 ^ wire209/A (sky130_fd_sc_hd__clkdlybuf4s25_1)
     1    0.008627    0.072769    0.198425    2.668052 ^ wire209/X (sky130_fd_sc_hd__clkdlybuf4s25_1)
                                                         net208 (net)
                      0.097025    0.000251    2.668303 ^ u_top.dataMemory.sram_odd_words/addr0[7] (sky130_sram_2kbyte_1rw1r_32x512_8)
                                              2.668303   data arrival time

                                 10.000000   10.000000   clock clk (rise edge)
                                  0.000000   10.000000   clock source latency
     2    0.157459    0.537694    0.391421   10.391421 ^ clk (in)
                                                         clk (net)
                      0.573756    0.000000   10.391421 ^ clkbuf_0_clk/A (sky130_fd_sc_hd__clkbuf_16)
     2    0.043414    0.060361    0.146404   10.537826 ^ clkbuf_0_clk/X (sky130_fd_sc_hd__clkbuf_16)
                                                         clknet_0_clk (net)
                      0.060891    0.005477   10.543302 ^ clkbuf_1_1__f_clk/A (sky130_fd_sc_hd__clkbuf_16)
     2    0.153688    0.127973    0.149739   10.693041 ^ clkbuf_1_1__f_clk/X (sky130_fd_sc_hd__clkbuf_16)
                                                         clknet_1_1__leaf_clk (net)
                      0.179483    0.021478   10.714519 ^ u_top.dataMemory.sram_odd_words/clk0 (sky130_sram_2kbyte_1rw1r_32x512_8)
                                 -0.100000   10.614518   clock uncertainty
                                  0.000000   10.614518   clock reconvergence pessimism
                                 -0.103000   10.511518   library setup time
                                             10.511518   data required time
---------------------------------------------------------------------------------------------
                                             10.511518   data required time
                                             -2.668303   data arrival time
---------------------------------------------------------------------------------------------
                                              7.843216   slack (MET)


Startpoint: _1573_ (rising edge-triggered flip-flop clocked by clk)
Endpoint: u_top.dataMemory.sram_even_words
          (falling edge-triggered flip-flop clocked by clk)
Path Group: clk
Path Type: max

Fanout         Cap        Slew       Delay        Time   Description
---------------------------------------------------------------------------------------------
                                  0.000000    0.000000   clock clk (rise edge)
                                  0.000000    0.000000   clock source latency
     2    0.157459    0.537694    0.429212    0.429212 ^ clk (in)
                                                         clk (net)
                      0.571537    0.000000    0.429212 ^ clkbuf_regs_0_clk/A (sky130_fd_sc_hd__clkbuf_16)
     1    0.008638    0.038950    0.134933    0.564145 ^ clkbuf_regs_0_clk/X (sky130_fd_sc_hd__clkbuf_16)
                                                         clk_regs (net)
                      0.038950    0.000284    0.564429 ^ clkbuf_0_clk_regs/A (sky130_fd_sc_hd__clkbuf_16)
     8    0.079104    0.073558    0.125878    0.690307 ^ clkbuf_0_clk_regs/X (sky130_fd_sc_hd__clkbuf_16)
                                                         clknet_0_clk_regs (net)
                      0.073743    0.003078    0.693385 ^ clkbuf_3_0_0_clk_regs/A (sky130_fd_sc_hd__clkbuf_8)
     2    0.018319    0.036012    0.102900    0.796286 ^ clkbuf_3_0_0_clk_regs/X (sky130_fd_sc_hd__clkbuf_8)
                                                         clknet_3_0_0_clk_regs (net)
                      0.036015    0.000381    0.796666 ^ clkbuf_4_1__f_clk_regs/A (sky130_fd_sc_hd__clkbuf_16)
     9    0.035385    0.041843    0.100551    0.897218 ^ clkbuf_4_1__f_clk_regs/X (sky130_fd_sc_hd__clkbuf_16)
                                                         clknet_4_1__leaf_clk_regs (net)
                      0.041850    0.000848    0.898066 ^ _1573_/CLK (sky130_fd_sc_hd__dfstp_4)
    14    0.156525    0.294040    0.589875    1.487941 ^ _1573_/Q (sky130_fd_sc_hd__dfstp_4)
                                                         u_top.dataMemory.clear_active (net)
                      0.294260    0.007131    1.495072 ^ _1699_/A (sky130_fd_sc_hd__buf_2)
     3    0.023091    0.090502    0.156738    1.651811 ^ _1699_/X (sky130_fd_sc_hd__buf_2)
                                                         _0660_ (net)
                      0.090506    0.000763    1.652574 ^ _1082_/A (sky130_fd_sc_hd__inv_2)
     7    0.064803    0.103801    0.107188    1.759761 v _1082_/Y (sky130_fd_sc_hd__inv_2)
                                                         _0433_ (net)
                      0.103831    0.001566    1.761328 v _1220_/A (sky130_fd_sc_hd__nor2_2)
     2    0.013373    0.121381    0.152299    1.913626 ^ _1220_/Y (sky130_fd_sc_hd__nor2_2)
                                                         _0682_ (net)
                      0.121383    0.000467    1.914093 ^ fanout41/A (sky130_fd_sc_hd__buf_2)
    10    0.092010    0.336099    0.304271    2.218364 ^ fanout41/X (sky130_fd_sc_hd__buf_2)
                                                         net41 (net)
                      0.339482    0.028516    2.246880 ^ _1829_/A (sky130_fd_sc_hd__buf_2)
     7    0.021686    0.086283    0.154050    2.400929 ^ _1829_/X (sky130_fd_sc_hd__buf_2)
                                                         u_top.dataMemory.s0_wmask0[3] (net)
                      0.086288    0.000773    2.401703 ^ load_slew26/A (sky130_fd_sc_hd__buf_1)
     1    0.002496    0.030417    0.059409    2.461112 ^ load_slew26/X (sky130_fd_sc_hd__buf_1)
                                                         net26 (net)
                      0.030417    0.000051    2.461163 ^ wire201/A (sky130_fd_sc_hd__clkdlybuf4s25_1)
     1    0.008625    0.072771    0.197068    2.658231 ^ wire201/X (sky130_fd_sc_hd__clkdlybuf4s25_1)
                                                         net200 (net)
                      0.097029    0.000239    2.658470 ^ u_top.dataMemory.sram_even_words/wmask0[1] (sky130_sram_2kbyte_1rw1r_32x512_8)
                                              2.658470   data arrival time

                                 10.000000   10.000000   clock clk (rise edge)
                                  0.000000   10.000000   clock source latency
     2    0.157459    0.537694    0.391421   10.391421 ^ clk (in)
                                                         clk (net)
                      0.573756    0.000000   10.391421 ^ clkbuf_0_clk/A (sky130_fd_sc_hd__clkbuf_16)
     2    0.043414    0.060361    0.146404   10.537826 ^ clkbuf_0_clk/X (sky130_fd_sc_hd__clkbuf_16)
                                                         clknet_0_clk (net)
                      0.060908    0.005552   10.543377 ^ clkbuf_1_0__f_clk/A (sky130_fd_sc_hd__clkbuf_16)
     2    0.125447    0.099176    0.127205   10.670582 ^ clkbuf_1_0__f_clk/X (sky130_fd_sc_hd__clkbuf_16)
                                                         clknet_1_0__leaf_clk (net)
                      0.182698    0.044674   10.715256 ^ u_top.dataMemory.sram_even_words/clk0 (sky130_sram_2kbyte_1rw1r_32x512_8)
                                 -0.100000   10.615255   clock uncertainty
                                  0.000000   10.615255   clock reconvergence pessimism
                                 -0.103000   10.512256   library setup time
                                             10.512256   data required time
---------------------------------------------------------------------------------------------
                                             10.512256   data required time
                                             -2.658470   data arrival time
---------------------------------------------------------------------------------------------
                                              7.853786   slack (MET)


Startpoint: _1573_ (rising edge-triggered flip-flop clocked by clk)
Endpoint: u_top.dataMemory.sram_even_words
          (falling edge-triggered flip-flop clocked by clk)
Path Group: clk
Path Type: max

Fanout         Cap        Slew       Delay        Time   Description
---------------------------------------------------------------------------------------------
                                  0.000000    0.000000   clock clk (rise edge)
                                  0.000000    0.000000   clock source latency
     2    0.157459    0.537694    0.429212    0.429212 ^ clk (in)
                                                         clk (net)
                      0.571537    0.000000    0.429212 ^ clkbuf_regs_0_clk/A (sky130_fd_sc_hd__clkbuf_16)
     1    0.008638    0.038950    0.134933    0.564145 ^ clkbuf_regs_0_clk/X (sky130_fd_sc_hd__clkbuf_16)
                                                         clk_regs (net)
                      0.038950    0.000284    0.564429 ^ clkbuf_0_clk_regs/A (sky130_fd_sc_hd__clkbuf_16)
     8    0.079104    0.073558    0.125878    0.690307 ^ clkbuf_0_clk_regs/X (sky130_fd_sc_hd__clkbuf_16)
                                                         clknet_0_clk_regs (net)
                      0.073743    0.003078    0.693385 ^ clkbuf_3_0_0_clk_regs/A (sky130_fd_sc_hd__clkbuf_8)
     2    0.018319    0.036012    0.102900    0.796286 ^ clkbuf_3_0_0_clk_regs/X (sky130_fd_sc_hd__clkbuf_8)
                                                         clknet_3_0_0_clk_regs (net)
                      0.036015    0.000381    0.796666 ^ clkbuf_4_1__f_clk_regs/A (sky130_fd_sc_hd__clkbuf_16)
     9    0.035385    0.041843    0.100551    0.897218 ^ clkbuf_4_1__f_clk_regs/X (sky130_fd_sc_hd__clkbuf_16)
                                                         clknet_4_1__leaf_clk_regs (net)
                      0.041850    0.000848    0.898066 ^ _1573_/CLK (sky130_fd_sc_hd__dfstp_4)
    14    0.156525    0.294040    0.589875    1.487941 ^ _1573_/Q (sky130_fd_sc_hd__dfstp_4)
                                                         u_top.dataMemory.clear_active (net)
                      0.294260    0.007131    1.495072 ^ _1699_/A (sky130_fd_sc_hd__buf_2)
     3    0.023091    0.090502    0.156738    1.651811 ^ _1699_/X (sky130_fd_sc_hd__buf_2)
                                                         _0660_ (net)
                      0.090506    0.000763    1.652574 ^ _1082_/A (sky130_fd_sc_hd__inv_2)
     7    0.064803    0.103801    0.107188    1.759761 v _1082_/Y (sky130_fd_sc_hd__inv_2)
                                                         _0433_ (net)
                      0.103831    0.001566    1.761328 v _1220_/A (sky130_fd_sc_hd__nor2_2)
     2    0.013373    0.121381    0.152299    1.913626 ^ _1220_/Y (sky130_fd_sc_hd__nor2_2)
                                                         _0682_ (net)
                      0.121383    0.000467    1.914093 ^ fanout41/A (sky130_fd_sc_hd__buf_2)
    10    0.092010    0.336099    0.304271    2.218364 ^ fanout41/X (sky130_fd_sc_hd__buf_2)
                                                         net41 (net)
                      0.339482    0.028516    2.246880 ^ _1829_/A (sky130_fd_sc_hd__buf_2)
     7    0.021686    0.086283    0.154050    2.400929 ^ _1829_/X (sky130_fd_sc_hd__buf_2)
                                                         u_top.dataMemory.s0_wmask0[3] (net)
                      0.086291    0.000927    2.401857 ^ load_slew27/A (sky130_fd_sc_hd__buf_1)
     1    0.002557    0.030883    0.059779    2.461636 ^ load_slew27/X (sky130_fd_sc_hd__buf_1)
                                                         net27 (net)
                      0.030883    0.000075    2.461712 ^ wire200/A (sky130_fd_sc_hd__clkdlybuf4s25_1)
     1    0.008233    0.069963    0.195085    2.656796 ^ wire200/X (sky130_fd_sc_hd__clkdlybuf4s25_1)
                                                         net199 (net)
                      0.093284    0.000240    2.657037 ^ u_top.dataMemory.sram_even_words/wmask0[0] (sky130_sram_2kbyte_1rw1r_32x512_8)
                                              2.657037   data arrival time

                                 10.000000   10.000000   clock clk (rise edge)
                                  0.000000   10.000000   clock source latency
     2    0.157459    0.537694    0.391421   10.391421 ^ clk (in)
                                                         clk (net)
                      0.573756    0.000000   10.391421 ^ clkbuf_0_clk/A (sky130_fd_sc_hd__clkbuf_16)
     2    0.043414    0.060361    0.146404   10.537826 ^ clkbuf_0_clk/X (sky130_fd_sc_hd__clkbuf_16)
                                                         clknet_0_clk (net)
                      0.060908    0.005552   10.543377 ^ clkbuf_1_0__f_clk/A (sky130_fd_sc_hd__clkbuf_16)
     2    0.125447    0.099176    0.127205   10.670582 ^ clkbuf_1_0__f_clk/X (sky130_fd_sc_hd__clkbuf_16)
                                                         clknet_1_0__leaf_clk (net)
                      0.182698    0.044674   10.715256 ^ u_top.dataMemory.sram_even_words/clk0 (sky130_sram_2kbyte_1rw1r_32x512_8)
                                 -0.100000   10.615255   clock uncertainty
                                  0.000000   10.615255   clock reconvergence pessimism
                                 -0.103000   10.512256   library setup time
                                             10.512256   data required time
---------------------------------------------------------------------------------------------
                                             10.512256   data required time
                                             -2.657037   data arrival time
---------------------------------------------------------------------------------------------
                                              7.855219   slack (MET)


Startpoint: _1573_ (rising edge-triggered flip-flop clocked by clk)
Endpoint: u_top.dataMemory.sram_odd_words
          (falling edge-triggered flip-flop clocked by clk)
Path Group: clk
Path Type: max

Fanout         Cap        Slew       Delay        Time   Description
---------------------------------------------------------------------------------------------
                                  0.000000    0.000000   clock clk (rise edge)
                                  0.000000    0.000000   clock source latency
     2    0.157459    0.537694    0.429212    0.429212 ^ clk (in)
                                                         clk (net)
                      0.571537    0.000000    0.429212 ^ clkbuf_regs_0_clk/A (sky130_fd_sc_hd__clkbuf_16)
     1    0.008638    0.038950    0.134933    0.564145 ^ clkbuf_regs_0_clk/X (sky130_fd_sc_hd__clkbuf_16)
                                                         clk_regs (net)
                      0.038950    0.000284    0.564429 ^ clkbuf_0_clk_regs/A (sky130_fd_sc_hd__clkbuf_16)
     8    0.079104    0.073558    0.125878    0.690307 ^ clkbuf_0_clk_regs/X (sky130_fd_sc_hd__clkbuf_16)
                                                         clknet_0_clk_regs (net)
                      0.073743    0.003078    0.693385 ^ clkbuf_3_0_0_clk_regs/A (sky130_fd_sc_hd__clkbuf_8)
     2    0.018319    0.036012    0.102900    0.796286 ^ clkbuf_3_0_0_clk_regs/X (sky130_fd_sc_hd__clkbuf_8)
                                                         clknet_3_0_0_clk_regs (net)
                      0.036015    0.000381    0.796666 ^ clkbuf_4_1__f_clk_regs/A (sky130_fd_sc_hd__clkbuf_16)
     9    0.035385    0.041843    0.100551    0.897218 ^ clkbuf_4_1__f_clk_regs/X (sky130_fd_sc_hd__clkbuf_16)
                                                         clknet_4_1__leaf_clk_regs (net)
                      0.041850    0.000848    0.898066 ^ _1573_/CLK (sky130_fd_sc_hd__dfstp_4)
    14    0.156525    0.294040    0.589875    1.487941 ^ _1573_/Q (sky130_fd_sc_hd__dfstp_4)
                                                         u_top.dataMemory.clear_active (net)
                      0.294260    0.007131    1.495072 ^ _1699_/A (sky130_fd_sc_hd__buf_2)
     3    0.023091    0.090502    0.156738    1.651811 ^ _1699_/X (sky130_fd_sc_hd__buf_2)
                                                         _0660_ (net)
                      0.090506    0.000766    1.652576 ^ fanout61/A (sky130_fd_sc_hd__clkdlybuf4s25_1)
    10    0.035110    0.265522    0.352671    2.005248 ^ fanout61/X (sky130_fd_sc_hd__clkdlybuf4s25_1)
                                                         net61 (net)
                      0.265529    0.001808    2.007056 ^ _1227_/A (sky130_fd_sc_hd__and3_2)
     1    0.019052    0.084702    0.193726    2.200782 ^ _1227_/X (sky130_fd_sc_hd__and3_2)
                                                         _0688_ (net)
                      0.084751    0.001986    2.202768 ^ _1845_/A (sky130_fd_sc_hd__buf_2)
     1    0.005663    0.029053    0.084247    2.287015 ^ _1845_/X (sky130_fd_sc_hd__buf_2)
                                                         u_top.dataMemory.s1_addr0[5] (net)
                      0.029055    0.000236    2.287250 ^ wire36/A (sky130_fd_sc_hd__clkdlybuf4s25_1)
     1    0.003046    0.033398    0.166343    2.453593 ^ wire36/X (sky130_fd_sc_hd__clkdlybuf4s25_1)
                                                         net36 (net)
                      0.033398    0.000096    2.453690 ^ wire207/A (sky130_fd_sc_hd__clkdlybuf4s25_1)
     1    0.008355    0.070822    0.196504    2.650193 ^ wire207/X (sky130_fd_sc_hd__clkdlybuf4s25_1)
                                                         net206 (net)
                      0.094430    0.000227    2.650420 ^ u_top.dataMemory.sram_odd_words/addr0[5] (sky130_sram_2kbyte_1rw1r_32x512_8)
                                              2.650420   data arrival time

                                 10.000000   10.000000   clock clk (rise edge)
                                  0.000000   10.000000   clock source latency
     2    0.157459    0.537694    0.391421   10.391421 ^ clk (in)
                                                         clk (net)
                      0.573756    0.000000   10.391421 ^ clkbuf_0_clk/A (sky130_fd_sc_hd__clkbuf_16)
     2    0.043414    0.060361    0.146404   10.537826 ^ clkbuf_0_clk/X (sky130_fd_sc_hd__clkbuf_16)
                                                         clknet_0_clk (net)
                      0.060891    0.005477   10.543302 ^ clkbuf_1_1__f_clk/A (sky130_fd_sc_hd__clkbuf_16)
     2    0.153688    0.127973    0.149739   10.693041 ^ clkbuf_1_1__f_clk/X (sky130_fd_sc_hd__clkbuf_16)
                                                         clknet_1_1__leaf_clk (net)
                      0.179483    0.021478   10.714519 ^ u_top.dataMemory.sram_odd_words/clk0 (sky130_sram_2kbyte_1rw1r_32x512_8)
                                 -0.100000   10.614518   clock uncertainty
                                  0.000000   10.614518   clock reconvergence pessimism
                                 -0.103000   10.511518   library setup time
                                             10.511518   data required time
---------------------------------------------------------------------------------------------
                                             10.511518   data required time
                                             -2.650420   data arrival time
---------------------------------------------------------------------------------------------
                                              7.861099   slack (MET)


Startpoint: reset (input port clocked by clk)
Endpoint: _1562_ (recovery check against rising-edge clock clk)
Path Group: asynchronous
Path Type: max

Fanout         Cap        Slew       Delay        Time   Description
---------------------------------------------------------------------------------------------
                                  0.000000    0.000000   clock clk (rise edge)
                                  0.000000    0.000000   clock network delay (propagated)
                                  2.000000    2.000000 v input external delay
     3    0.122154    0.188630    0.167624    2.167624 v reset (in)
                                                         reset (net)
                      0.230176    0.000000    2.167624 v _1826_/A (sky130_fd_sc_hd__buf_2)
     5    0.036234    0.069349    0.201628    2.369252 v _1826_/X (sky130_fd_sc_hd__buf_2)
                                                         _0629_ (net)
                      0.069448    0.002446    2.371699 v _1090_/A (sky130_fd_sc_hd__inv_2)
     4    0.050366    0.172981    0.160908    2.532607 ^ _1090_/Y (sky130_fd_sc_hd__inv_2)
                                                         _0291_ (net)
                      0.172996    0.001430    2.534038 ^ fanout64/A (sky130_fd_sc_hd__clkdlybuf4s25_1)
     9    0.029181    0.222232    0.332469    2.866507 ^ fanout64/X (sky130_fd_sc_hd__clkdlybuf4s25_1)
                                                         net64 (net)
                      0.222233    0.001021    2.867528 ^ _1983_/A (sky130_fd_sc_hd__buf_2)
     1    0.004670    0.030423    0.100832    2.968360 ^ _1983_/X (sky130_fd_sc_hd__buf_2)
                                                         _0877_ (net)
                      0.030429    0.000114    2.968474 ^ _1562_/RESET_B (sky130_fd_sc_hd__dfrtp_2)
                                              2.968474   data arrival time

                                 10.000000   10.000000   clock clk (rise edge)
                                  0.000000   10.000000   clock source latency
     2    0.157459    0.537694    0.388335   10.388335 ^ clk (in)
                                                         clk (net)
                      0.571537    0.000000   10.388335 ^ clkbuf_regs_0_clk/A (sky130_fd_sc_hd__clkbuf_16)
     1    0.008638    0.038950    0.122082   10.510417 ^ clkbuf_regs_0_clk/X (sky130_fd_sc_hd__clkbuf_16)
                                                         clk_regs (net)
                      0.038950    0.000258   10.510674 ^ clkbuf_0_clk_regs/A (sky130_fd_sc_hd__clkbuf_16)
     8    0.079104    0.073558    0.113889   10.624564 ^ clkbuf_0_clk_regs/X (sky130_fd_sc_hd__clkbuf_16)
                                                         clknet_0_clk_regs (net)
                      0.073728    0.002673   10.627236 ^ clkbuf_3_2_0_clk_regs/A (sky130_fd_sc_hd__clkbuf_8)
     2    0.019079    0.036888    0.093786   10.721023 ^ clkbuf_3_2_0_clk_regs/X (sky130_fd_sc_hd__clkbuf_8)
                                                         clknet_3_2_0_clk_regs (net)
                      0.036897    0.000529   10.721552 ^ clkbuf_4_4__f_clk_regs/A (sky130_fd_sc_hd__clkbuf_16)
     9    0.030036    0.038118    0.088313   10.809865 ^ clkbuf_4_4__f_clk_regs/X (sky130_fd_sc_hd__clkbuf_16)
                                                         clknet_4_4__leaf_clk_regs (net)
                      0.038122    0.000411   10.810277 ^ _1562_/CLK (sky130_fd_sc_hd__dfrtp_2)
                                 -0.100000   10.710277   clock uncertainty
                                  0.000000   10.710277   clock reconvergence pessimism
                                  0.134940   10.845217   library recovery time
                                             10.845217   data required time
---------------------------------------------------------------------------------------------
                                             10.845217   data required time
                                             -2.968474   data arrival time
---------------------------------------------------------------------------------------------
                                              7.876742   slack (MET)


Startpoint: _1573_ (rising edge-triggered flip-flop clocked by clk)
Endpoint: u_top.dataMemory.sram_odd_words
          (falling edge-triggered flip-flop clocked by clk)
Path Group: clk
Path Type: max

Fanout         Cap        Slew       Delay        Time   Description
---------------------------------------------------------------------------------------------
                                  0.000000    0.000000   clock clk (rise edge)
                                  0.000000    0.000000   clock source latency
     2    0.157459    0.537694    0.429212    0.429212 ^ clk (in)
                                                         clk (net)
                      0.571537    0.000000    0.429212 ^ clkbuf_regs_0_clk/A (sky130_fd_sc_hd__clkbuf_16)
     1    0.008638    0.038950    0.134933    0.564145 ^ clkbuf_regs_0_clk/X (sky130_fd_sc_hd__clkbuf_16)
                                                         clk_regs (net)
                      0.038950    0.000284    0.564429 ^ clkbuf_0_clk_regs/A (sky130_fd_sc_hd__clkbuf_16)
     8    0.079104    0.073558    0.125878    0.690307 ^ clkbuf_0_clk_regs/X (sky130_fd_sc_hd__clkbuf_16)
                                                         clknet_0_clk_regs (net)
                      0.073743    0.003078    0.693385 ^ clkbuf_3_0_0_clk_regs/A (sky130_fd_sc_hd__clkbuf_8)
     2    0.018319    0.036012    0.102900    0.796286 ^ clkbuf_3_0_0_clk_regs/X (sky130_fd_sc_hd__clkbuf_8)
                                                         clknet_3_0_0_clk_regs (net)
                      0.036015    0.000381    0.796666 ^ clkbuf_4_1__f_clk_regs/A (sky130_fd_sc_hd__clkbuf_16)
     9    0.035385    0.041843    0.100551    0.897218 ^ clkbuf_4_1__f_clk_regs/X (sky130_fd_sc_hd__clkbuf_16)
                                                         clknet_4_1__leaf_clk_regs (net)
                      0.041850    0.000848    0.898066 ^ _1573_/CLK (sky130_fd_sc_hd__dfstp_4)
    14    0.156525    0.294040    0.589875    1.487941 ^ _1573_/Q (sky130_fd_sc_hd__dfstp_4)
                                                         u_top.dataMemory.clear_active (net)
                      0.294260    0.007131    1.495072 ^ _1699_/A (sky130_fd_sc_hd__buf_2)
     3    0.023091    0.090502    0.156738    1.651811 ^ _1699_/X (sky130_fd_sc_hd__buf_2)
                                                         _0660_ (net)
                      0.090506    0.000766    1.652576 ^ fanout61/A (sky130_fd_sc_hd__clkdlybuf4s25_1)
    10    0.035110    0.265522    0.352671    2.005248 ^ fanout61/X (sky130_fd_sc_hd__clkdlybuf4s25_1)
                                                         net61 (net)
                      0.265525    0.001470    2.006718 ^ _1123_/A (sky130_fd_sc_hd__nand2_2)
     2    0.016733    0.090852    0.076530    2.083248 v _1123_/Y (sky130_fd_sc_hd__nand2_2)
                                                         _0692_ (net)
                      0.090853    0.000256    2.083503 v _1124_/A (sky130_fd_sc_hd__inv_2)
     1    0.003799    0.030428    0.051238    2.134742 ^ _1124_/Y (sky130_fd_sc_hd__inv_2)
                                                         _0693_ (net)
                      0.030428    0.000103    2.134845 ^ _1828_/A (sky130_fd_sc_hd__buf_2)
     7    0.022606    0.086736    0.113708    2.248553 ^ _1828_/X (sky130_fd_sc_hd__buf_2)
                                                         u_top.dataMemory.s1_wmask0[3] (net)
                      0.086778    0.000901    2.249454 ^ load_slew29/A (sky130_fd_sc_hd__clkdlybuf4s25_1)
     1    0.003227    0.034581    0.181564    2.431018 ^ load_slew29/X (sky130_fd_sc_hd__clkdlybuf4s25_1)
                                                         net29 (net)
                      0.034581    0.000102    2.431120 ^ wire199/A (sky130_fd_sc_hd__clkdlybuf4s25_1)
     1    0.008945    0.075059    0.200024    2.631144 ^ wire199/X (sky130_fd_sc_hd__clkdlybuf4s25_1)
                                                         net198 (net)
                      0.100079    0.000293    2.631437 ^ u_top.dataMemory.sram_odd_words/wmask0[2] (sky130_sram_2kbyte_1rw1r_32x512_8)
                                              2.631437   data arrival time

                                 10.000000   10.000000   clock clk (rise edge)
                                  0.000000   10.000000   clock source latency
     2    0.157459    0.537694    0.391421   10.391421 ^ clk (in)
                                                         clk (net)
                      0.573756    0.000000   10.391421 ^ clkbuf_0_clk/A (sky130_fd_sc_hd__clkbuf_16)
     2    0.043414    0.060361    0.146404   10.537826 ^ clkbuf_0_clk/X (sky130_fd_sc_hd__clkbuf_16)
                                                         clknet_0_clk (net)
                      0.060891    0.005477   10.543302 ^ clkbuf_1_1__f_clk/A (sky130_fd_sc_hd__clkbuf_16)
     2    0.153688    0.127973    0.149739   10.693041 ^ clkbuf_1_1__f_clk/X (sky130_fd_sc_hd__clkbuf_16)
                                                         clknet_1_1__leaf_clk (net)
                      0.179483    0.021478   10.714519 ^ u_top.dataMemory.sram_odd_words/clk0 (sky130_sram_2kbyte_1rw1r_32x512_8)
                                 -0.100000   10.614518   clock uncertainty
                                  0.000000   10.614518   clock reconvergence pessimism
                                 -0.103000   10.511518   library setup time
                                             10.511518   data required time
---------------------------------------------------------------------------------------------
                                             10.511518   data required time
                                             -2.631437   data arrival time
---------------------------------------------------------------------------------------------
                                              7.880082   slack (MET)


Startpoint: _1573_ (rising edge-triggered flip-flop clocked by clk)
Endpoint: u_top.dataMemory.sram_odd_words
          (falling edge-triggered flip-flop clocked by clk)
Path Group: clk
Path Type: max

Fanout         Cap        Slew       Delay        Time   Description
---------------------------------------------------------------------------------------------
                                  0.000000    0.000000   clock clk (rise edge)
                                  0.000000    0.000000   clock source latency
     2    0.157459    0.537694    0.429212    0.429212 ^ clk (in)
                                                         clk (net)
                      0.571537    0.000000    0.429212 ^ clkbuf_regs_0_clk/A (sky130_fd_sc_hd__clkbuf_16)
     1    0.008638    0.038950    0.134933    0.564145 ^ clkbuf_regs_0_clk/X (sky130_fd_sc_hd__clkbuf_16)
                                                         clk_regs (net)
                      0.038950    0.000284    0.564429 ^ clkbuf_0_clk_regs/A (sky130_fd_sc_hd__clkbuf_16)
     8    0.079104    0.073558    0.125878    0.690307 ^ clkbuf_0_clk_regs/X (sky130_fd_sc_hd__clkbuf_16)
                                                         clknet_0_clk_regs (net)
                      0.073743    0.003078    0.693385 ^ clkbuf_3_0_0_clk_regs/A (sky130_fd_sc_hd__clkbuf_8)
     2    0.018319    0.036012    0.102900    0.796286 ^ clkbuf_3_0_0_clk_regs/X (sky130_fd_sc_hd__clkbuf_8)
                                                         clknet_3_0_0_clk_regs (net)
                      0.036015    0.000381    0.796666 ^ clkbuf_4_1__f_clk_regs/A (sky130_fd_sc_hd__clkbuf_16)
     9    0.035385    0.041843    0.100551    0.897218 ^ clkbuf_4_1__f_clk_regs/X (sky130_fd_sc_hd__clkbuf_16)
                                                         clknet_4_1__leaf_clk_regs (net)
                      0.041850    0.000848    0.898066 ^ _1573_/CLK (sky130_fd_sc_hd__dfstp_4)
    14    0.156525    0.294040    0.589875    1.487941 ^ _1573_/Q (sky130_fd_sc_hd__dfstp_4)
                                                         u_top.dataMemory.clear_active (net)
                      0.294260    0.007131    1.495072 ^ _1699_/A (sky130_fd_sc_hd__buf_2)
     3    0.023091    0.090502    0.156738    1.651811 ^ _1699_/X (sky130_fd_sc_hd__buf_2)
                                                         _0660_ (net)
                      0.090506    0.000766    1.652576 ^ fanout61/A (sky130_fd_sc_hd__clkdlybuf4s25_1)
    10    0.035110    0.265522    0.352671    2.005248 ^ fanout61/X (sky130_fd_sc_hd__clkdlybuf4s25_1)
                                                         net61 (net)
                      0.265525    0.001470    2.006718 ^ _1123_/A (sky130_fd_sc_hd__nand2_2)
     2    0.016733    0.090852    0.076530    2.083248 v _1123_/Y (sky130_fd_sc_hd__nand2_2)
                                                         _0692_ (net)
                      0.090853    0.000256    2.083503 v _1124_/A (sky130_fd_sc_hd__inv_2)
     1    0.003799    0.030428    0.051238    2.134742 ^ _1124_/Y (sky130_fd_sc_hd__inv_2)
                                                         _0693_ (net)
                      0.030428    0.000103    2.134845 ^ _1828_/A (sky130_fd_sc_hd__buf_2)
     7    0.022606    0.086736    0.113708    2.248553 ^ _1828_/X (sky130_fd_sc_hd__buf_2)
                                                         u_top.dataMemory.s1_wmask0[3] (net)
                      0.086778    0.000917    2.249470 ^ wire28/A (sky130_fd_sc_hd__clkdlybuf4s25_1)
     1    0.002429    0.029304    0.177022    2.426492 ^ wire28/X (sky130_fd_sc_hd__clkdlybuf4s25_1)
                                                         net28 (net)
                      0.029304    0.000048    2.426541 ^ wire193/A (sky130_fd_sc_hd__clkdlybuf4s25_1)
     1    0.009209    0.076958    0.199867    2.626408 ^ wire193/X (sky130_fd_sc_hd__clkdlybuf4s25_1)
                                                         net192 (net)
                      0.102611    0.000301    2.626709 ^ u_top.dataMemory.sram_odd_words/wmask0[3] (sky130_sram_2kbyte_1rw1r_32x512_8)
                                              2.626709   data arrival time

                                 10.000000   10.000000   clock clk (rise edge)
                                  0.000000   10.000000   clock source latency
     2    0.157459    0.537694    0.391421   10.391421 ^ clk (in)
                                                         clk (net)
                      0.573756    0.000000   10.391421 ^ clkbuf_0_clk/A (sky130_fd_sc_hd__clkbuf_16)
     2    0.043414    0.060361    0.146404   10.537826 ^ clkbuf_0_clk/X (sky130_fd_sc_hd__clkbuf_16)
                                                         clknet_0_clk (net)
                      0.060891    0.005477   10.543302 ^ clkbuf_1_1__f_clk/A (sky130_fd_sc_hd__clkbuf_16)
     2    0.153688    0.127973    0.149739   10.693041 ^ clkbuf_1_1__f_clk/X (sky130_fd_sc_hd__clkbuf_16)
                                                         clknet_1_1__leaf_clk (net)
                      0.179483    0.021478   10.714519 ^ u_top.dataMemory.sram_odd_words/clk0 (sky130_sram_2kbyte_1rw1r_32x512_8)
                                 -0.100000   10.614518   clock uncertainty
                                  0.000000   10.614518   clock reconvergence pessimism
                                 -0.103000   10.511518   library setup time
                                             10.511518   data required time
---------------------------------------------------------------------------------------------
                                             10.511518   data required time
                                             -2.626709   data arrival time
---------------------------------------------------------------------------------------------
                                              7.884809   slack (MET)


Startpoint: _1573_ (rising edge-triggered flip-flop clocked by clk)
Endpoint: u_top.dataMemory.sram_odd_words
          (falling edge-triggered flip-flop clocked by clk)
Path Group: clk
Path Type: max

Fanout         Cap        Slew       Delay        Time   Description
---------------------------------------------------------------------------------------------
                                  0.000000    0.000000   clock clk (rise edge)
                                  0.000000    0.000000   clock source latency
     2    0.157459    0.537694    0.429212    0.429212 ^ clk (in)
                                                         clk (net)
                      0.571537    0.000000    0.429212 ^ clkbuf_regs_0_clk/A (sky130_fd_sc_hd__clkbuf_16)
     1    0.008638    0.038950    0.134933    0.564145 ^ clkbuf_regs_0_clk/X (sky130_fd_sc_hd__clkbuf_16)
                                                         clk_regs (net)
                      0.038950    0.000284    0.564429 ^ clkbuf_0_clk_regs/A (sky130_fd_sc_hd__clkbuf_16)
     8    0.079104    0.073558    0.125878    0.690307 ^ clkbuf_0_clk_regs/X (sky130_fd_sc_hd__clkbuf_16)
                                                         clknet_0_clk_regs (net)
                      0.073743    0.003078    0.693385 ^ clkbuf_3_0_0_clk_regs/A (sky130_fd_sc_hd__clkbuf_8)
     2    0.018319    0.036012    0.102900    0.796286 ^ clkbuf_3_0_0_clk_regs/X (sky130_fd_sc_hd__clkbuf_8)
                                                         clknet_3_0_0_clk_regs (net)
                      0.036015    0.000381    0.796666 ^ clkbuf_4_1__f_clk_regs/A (sky130_fd_sc_hd__clkbuf_16)
     9    0.035385    0.041843    0.100551    0.897218 ^ clkbuf_4_1__f_clk_regs/X (sky130_fd_sc_hd__clkbuf_16)
                                                         clknet_4_1__leaf_clk_regs (net)
                      0.041850    0.000848    0.898066 ^ _1573_/CLK (sky130_fd_sc_hd__dfstp_4)
    14    0.156525    0.294040    0.589875    1.487941 ^ _1573_/Q (sky130_fd_sc_hd__dfstp_4)
                                                         u_top.dataMemory.clear_active (net)
                      0.294260    0.007131    1.495072 ^ _1699_/A (sky130_fd_sc_hd__buf_2)
     3    0.023091    0.090502    0.156738    1.651811 ^ _1699_/X (sky130_fd_sc_hd__buf_2)
                                                         _0660_ (net)
                      0.090506    0.000766    1.652576 ^ fanout61/A (sky130_fd_sc_hd__clkdlybuf4s25_1)
    10    0.035110    0.265522    0.352671    2.005248 ^ fanout61/X (sky130_fd_sc_hd__clkdlybuf4s25_1)
                                                         net61 (net)
                      0.265522    0.000389    2.005636 ^ _1223_/A (sky130_fd_sc_hd__and3_2)
     1    0.006696    0.044444    0.156629    2.162266 ^ _1223_/X (sky130_fd_sc_hd__and3_2)
                                                         _0684_ (net)
                      0.044444    0.000270    2.162536 ^ _1841_/A (sky130_fd_sc_hd__buf_2)
     1    0.005850    0.028768    0.074401    2.236937 ^ _1841_/X (sky130_fd_sc_hd__buf_2)
                                                         u_top.dataMemory.s1_addr0[1] (net)
                      0.028770    0.000232    2.237169 ^ wire40/A (sky130_fd_sc_hd__clkdlybuf4s25_1)
     1    0.002745    0.031386    0.164548    2.401716 ^ wire40/X (sky130_fd_sc_hd__clkdlybuf4s25_1)
                                                         net40 (net)
                      0.031386    0.000081    2.401798 ^ wire203/A (sky130_fd_sc_hd__clkdlybuf4s25_1)
     1    0.008519    0.072012    0.196769    2.598567 ^ wire203/X (sky130_fd_sc_hd__clkdlybuf4s25_1)
                                                         net202 (net)
                      0.096016    0.000267    2.598834 ^ u_top.dataMemory.sram_odd_words/addr0[1] (sky130_sram_2kbyte_1rw1r_32x512_8)
                                              2.598834   data arrival time

                                 10.000000   10.000000   clock clk (rise edge)
                                  0.000000   10.000000   clock source latency
     2    0.157459    0.537694    0.391421   10.391421 ^ clk (in)
                                                         clk (net)
                      0.573756    0.000000   10.391421 ^ clkbuf_0_clk/A (sky130_fd_sc_hd__clkbuf_16)
     2    0.043414    0.060361    0.146404   10.537826 ^ clkbuf_0_clk/X (sky130_fd_sc_hd__clkbuf_16)
                                                         clknet_0_clk (net)
                      0.060891    0.005477   10.543302 ^ clkbuf_1_1__f_clk/A (sky130_fd_sc_hd__clkbuf_16)
     2    0.153688    0.127973    0.149739   10.693041 ^ clkbuf_1_1__f_clk/X (sky130_fd_sc_hd__clkbuf_16)
                                                         clknet_1_1__leaf_clk (net)
                      0.179483    0.021478   10.714519 ^ u_top.dataMemory.sram_odd_words/clk0 (sky130_sram_2kbyte_1rw1r_32x512_8)
                                 -0.100000   10.614518   clock uncertainty
                                  0.000000   10.614518   clock reconvergence pessimism
                                 -0.103000   10.511518   library setup time
                                             10.511518   data required time
---------------------------------------------------------------------------------------------
                                             10.511518   data required time
                                             -2.598834   data arrival time
---------------------------------------------------------------------------------------------
                                              7.912684   slack (MET)


Startpoint: _1573_ (rising edge-triggered flip-flop clocked by clk)
Endpoint: u_top.dataMemory.sram_odd_words
          (falling edge-triggered flip-flop clocked by clk)
Path Group: clk
Path Type: max

Fanout         Cap        Slew       Delay        Time   Description
---------------------------------------------------------------------------------------------
                                  0.000000    0.000000   clock clk (rise edge)
                                  0.000000    0.000000   clock source latency
     2    0.157459    0.537694    0.429212    0.429212 ^ clk (in)
                                                         clk (net)
                      0.571537    0.000000    0.429212 ^ clkbuf_regs_0_clk/A (sky130_fd_sc_hd__clkbuf_16)
     1    0.008638    0.038950    0.134933    0.564145 ^ clkbuf_regs_0_clk/X (sky130_fd_sc_hd__clkbuf_16)
                                                         clk_regs (net)
                      0.038950    0.000284    0.564429 ^ clkbuf_0_clk_regs/A (sky130_fd_sc_hd__clkbuf_16)
     8    0.079104    0.073558    0.125878    0.690307 ^ clkbuf_0_clk_regs/X (sky130_fd_sc_hd__clkbuf_16)
                                                         clknet_0_clk_regs (net)
                      0.073743    0.003078    0.693385 ^ clkbuf_3_0_0_clk_regs/A (sky130_fd_sc_hd__clkbuf_8)
     2    0.018319    0.036012    0.102900    0.796286 ^ clkbuf_3_0_0_clk_regs/X (sky130_fd_sc_hd__clkbuf_8)
                                                         clknet_3_0_0_clk_regs (net)
                      0.036015    0.000381    0.796666 ^ clkbuf_4_1__f_clk_regs/A (sky130_fd_sc_hd__clkbuf_16)
     9    0.035385    0.041843    0.100551    0.897218 ^ clkbuf_4_1__f_clk_regs/X (sky130_fd_sc_hd__clkbuf_16)
                                                         clknet_4_1__leaf_clk_regs (net)
                      0.041850    0.000848    0.898066 ^ _1573_/CLK (sky130_fd_sc_hd__dfstp_4)
    14    0.156525    0.294040    0.589875    1.487941 ^ _1573_/Q (sky130_fd_sc_hd__dfstp_4)
                                                         u_top.dataMemory.clear_active (net)
                      0.294260    0.007131    1.495072 ^ _1699_/A (sky130_fd_sc_hd__buf_2)
     3    0.023091    0.090502    0.156738    1.651811 ^ _1699_/X (sky130_fd_sc_hd__buf_2)
                                                         _0660_ (net)
                      0.090506    0.000766    1.652576 ^ fanout61/A (sky130_fd_sc_hd__clkdlybuf4s25_1)
    10    0.035110    0.265522    0.352671    2.005248 ^ fanout61/X (sky130_fd_sc_hd__clkdlybuf4s25_1)
                                                         net61 (net)
                      0.265528    0.001738    2.006985 ^ _1225_/A (sky130_fd_sc_hd__and3_2)
     1    0.003555    0.034520    0.144979    2.151965 ^ _1225_/X (sky130_fd_sc_hd__and3_2)
                                                         _0686_ (net)
                      0.034532    0.000120    2.152085 ^ _1843_/A (sky130_fd_sc_hd__buf_2)
     1    0.031965    0.120297    0.137238    2.289323 ^ _1843_/X (sky130_fd_sc_hd__buf_2)
                                                         u_top.dataMemory.s1_addr0[3] (net)
                      0.120533    0.004564    2.293888 ^ wire38/A (sky130_fd_sc_hd__buf_1)
     1    0.002644    0.031983    0.062730    2.356617 ^ wire38/X (sky130_fd_sc_hd__buf_1)
                                                         net38 (net)
                      0.031983    0.000080    2.356697 ^ wire205/A (sky130_fd_sc_hd__clkdlybuf4s25_1)
     1    0.009006    0.075503    0.199593    2.556290 ^ wire205/X (sky130_fd_sc_hd__clkdlybuf4s25_1)
                                                         net204 (net)
                      0.100671    0.000259    2.556549 ^ u_top.dataMemory.sram_odd_words/addr0[3] (sky130_sram_2kbyte_1rw1r_32x512_8)
                                              2.556549   data arrival time

                                 10.000000   10.000000   clock clk (rise edge)
                                  0.000000   10.000000   clock source latency
     2    0.157459    0.537694    0.391421   10.391421 ^ clk (in)
                                                         clk (net)
                      0.573756    0.000000   10.391421 ^ clkbuf_0_clk/A (sky130_fd_sc_hd__clkbuf_16)
     2    0.043414    0.060361    0.146404   10.537826 ^ clkbuf_0_clk/X (sky130_fd_sc_hd__clkbuf_16)
                                                         clknet_0_clk (net)
                      0.060891    0.005477   10.543302 ^ clkbuf_1_1__f_clk/A (sky130_fd_sc_hd__clkbuf_16)
     2    0.153688    0.127973    0.149739   10.693041 ^ clkbuf_1_1__f_clk/X (sky130_fd_sc_hd__clkbuf_16)
                                                         clknet_1_1__leaf_clk (net)
                      0.179483    0.021478   10.714519 ^ u_top.dataMemory.sram_odd_words/clk0 (sky130_sram_2kbyte_1rw1r_32x512_8)
                                 -0.100000   10.614518   clock uncertainty
                                  0.000000   10.614518   clock reconvergence pessimism
                                 -0.103000   10.511518   library setup time
                                             10.511518   data required time
---------------------------------------------------------------------------------------------
                                             10.511518   data required time
                                             -2.556549   data arrival time
---------------------------------------------------------------------------------------------
                                              7.954969   slack (MET)


Startpoint: _1573_ (rising edge-triggered flip-flop clocked by clk)
Endpoint: u_top.dataMemory.sram_odd_words
          (falling edge-triggered flip-flop clocked by clk)
Path Group: clk
Path Type: max

Fanout         Cap        Slew       Delay        Time   Description
---------------------------------------------------------------------------------------------
                                  0.000000    0.000000   clock clk (rise edge)
                                  0.000000    0.000000   clock source latency
     2    0.157459    0.537694    0.429212    0.429212 ^ clk (in)
                                                         clk (net)
                      0.571537    0.000000    0.429212 ^ clkbuf_regs_0_clk/A (sky130_fd_sc_hd__clkbuf_16)
     1    0.008638    0.038950    0.134933    0.564145 ^ clkbuf_regs_0_clk/X (sky130_fd_sc_hd__clkbuf_16)
                                                         clk_regs (net)
                      0.038950    0.000284    0.564429 ^ clkbuf_0_clk_regs/A (sky130_fd_sc_hd__clkbuf_16)
     8    0.079104    0.073558    0.125878    0.690307 ^ clkbuf_0_clk_regs/X (sky130_fd_sc_hd__clkbuf_16)
                                                         clknet_0_clk_regs (net)
                      0.073743    0.003078    0.693385 ^ clkbuf_3_0_0_clk_regs/A (sky130_fd_sc_hd__clkbuf_8)
     2    0.018319    0.036012    0.102900    0.796286 ^ clkbuf_3_0_0_clk_regs/X (sky130_fd_sc_hd__clkbuf_8)
                                                         clknet_3_0_0_clk_regs (net)
                      0.036015    0.000381    0.796666 ^ clkbuf_4_1__f_clk_regs/A (sky130_fd_sc_hd__clkbuf_16)
     9    0.035385    0.041843    0.100551    0.897218 ^ clkbuf_4_1__f_clk_regs/X (sky130_fd_sc_hd__clkbuf_16)
                                                         clknet_4_1__leaf_clk_regs (net)
                      0.041850    0.000848    0.898066 ^ _1573_/CLK (sky130_fd_sc_hd__dfstp_4)
    14    0.156525    0.294040    0.589875    1.487941 ^ _1573_/Q (sky130_fd_sc_hd__dfstp_4)
                                                         u_top.dataMemory.clear_active (net)
                      0.294260    0.007131    1.495072 ^ _1699_/A (sky130_fd_sc_hd__buf_2)
     3    0.023091    0.090502    0.156738    1.651811 ^ _1699_/X (sky130_fd_sc_hd__buf_2)
                                                         _0660_ (net)
                      0.090506    0.000766    1.652576 ^ fanout61/A (sky130_fd_sc_hd__clkdlybuf4s25_1)
    10    0.035110    0.265522    0.352671    2.005248 ^ fanout61/X (sky130_fd_sc_hd__clkdlybuf4s25_1)
                                                         net61 (net)
                      0.265530    0.001881    2.007129 ^ _1228_/A (sky130_fd_sc_hd__and3_2)
     1    0.004169    0.036854    0.147744    2.154874 ^ _1228_/X (sky130_fd_sc_hd__and3_2)
                                                         _0689_ (net)
                      0.036854    0.000168    2.155042 ^ _1846_/A (sky130_fd_sc_hd__buf_2)
     1    0.027278    0.103568    0.126156    2.281198 ^ _1846_/X (sky130_fd_sc_hd__buf_2)
                                                         u_top.dataMemory.s1_addr0[6] (net)
                      0.103799    0.004177    2.285375 ^ wire35/A (sky130_fd_sc_hd__buf_1)
     1    0.002993    0.034490    0.063753    2.349127 ^ wire35/X (sky130_fd_sc_hd__buf_1)
                                                         net35 (net)
                      0.034490    0.000093    2.349220 ^ wire208/A (sky130_fd_sc_hd__clkdlybuf4s25_1)
     1    0.008420    0.071286    0.197185    2.546405 ^ wire208/X (sky130_fd_sc_hd__clkdlybuf4s25_1)
                                                         net207 (net)
                      0.095048    0.000227    2.546632 ^ u_top.dataMemory.sram_odd_words/addr0[6] (sky130_sram_2kbyte_1rw1r_32x512_8)
                                              2.546632   data arrival time

                                 10.000000   10.000000   clock clk (rise edge)
                                  0.000000   10.000000   clock source latency
     2    0.157459    0.537694    0.391421   10.391421 ^ clk (in)
                                                         clk (net)
                      0.573756    0.000000   10.391421 ^ clkbuf_0_clk/A (sky130_fd_sc_hd__clkbuf_16)
     2    0.043414    0.060361    0.146404   10.537826 ^ clkbuf_0_clk/X (sky130_fd_sc_hd__clkbuf_16)
                                                         clknet_0_clk (net)
                      0.060891    0.005477   10.543302 ^ clkbuf_1_1__f_clk/A (sky130_fd_sc_hd__clkbuf_16)
     2    0.153688    0.127973    0.149739   10.693041 ^ clkbuf_1_1__f_clk/X (sky130_fd_sc_hd__clkbuf_16)
                                                         clknet_1_1__leaf_clk (net)
                      0.179483    0.021478   10.714519 ^ u_top.dataMemory.sram_odd_words/clk0 (sky130_sram_2kbyte_1rw1r_32x512_8)
                                 -0.100000   10.614518   clock uncertainty
                                  0.000000   10.614518   clock reconvergence pessimism
                                 -0.103000   10.511518   library setup time
                                             10.511518   data required time
---------------------------------------------------------------------------------------------
                                             10.511518   data required time
                                             -2.546632   data arrival time
---------------------------------------------------------------------------------------------
                                              7.964887   slack (MET)


Startpoint: _1573_ (rising edge-triggered flip-flop clocked by clk)
Endpoint: u_top.dataMemory.sram_even_words
          (falling edge-triggered flip-flop clocked by clk)
Path Group: clk
Path Type: max

Fanout         Cap        Slew       Delay        Time   Description
---------------------------------------------------------------------------------------------
                                  0.000000    0.000000   clock clk (rise edge)
                                  0.000000    0.000000   clock source latency
     2    0.157459    0.537694    0.429212    0.429212 ^ clk (in)
                                                         clk (net)
                      0.571537    0.000000    0.429212 ^ clkbuf_regs_0_clk/A (sky130_fd_sc_hd__clkbuf_16)
     1    0.008638    0.038950    0.134933    0.564145 ^ clkbuf_regs_0_clk/X (sky130_fd_sc_hd__clkbuf_16)
                                                         clk_regs (net)
                      0.038950    0.000284    0.564429 ^ clkbuf_0_clk_regs/A (sky130_fd_sc_hd__clkbuf_16)
     8    0.079104    0.073558    0.125878    0.690307 ^ clkbuf_0_clk_regs/X (sky130_fd_sc_hd__clkbuf_16)
                                                         clknet_0_clk_regs (net)
                      0.073743    0.003078    0.693385 ^ clkbuf_3_0_0_clk_regs/A (sky130_fd_sc_hd__clkbuf_8)
     2    0.018319    0.036012    0.102900    0.796286 ^ clkbuf_3_0_0_clk_regs/X (sky130_fd_sc_hd__clkbuf_8)
                                                         clknet_3_0_0_clk_regs (net)
                      0.036015    0.000381    0.796666 ^ clkbuf_4_1__f_clk_regs/A (sky130_fd_sc_hd__clkbuf_16)
     9    0.035385    0.041843    0.100551    0.897218 ^ clkbuf_4_1__f_clk_regs/X (sky130_fd_sc_hd__clkbuf_16)
                                                         clknet_4_1__leaf_clk_regs (net)
                      0.041850    0.000848    0.898066 ^ _1573_/CLK (sky130_fd_sc_hd__dfstp_4)
    14    0.156525    0.294040    0.589875    1.487941 ^ _1573_/Q (sky130_fd_sc_hd__dfstp_4)
                                                         u_top.dataMemory.clear_active (net)
                      0.294260    0.007131    1.495072 ^ _1699_/A (sky130_fd_sc_hd__buf_2)
     3    0.023091    0.090502    0.156738    1.651811 ^ _1699_/X (sky130_fd_sc_hd__buf_2)
                                                         _0660_ (net)
                      0.090506    0.000763    1.652574 ^ _1082_/A (sky130_fd_sc_hd__inv_2)
     7    0.064803    0.103801    0.107188    1.759761 v _1082_/Y (sky130_fd_sc_hd__inv_2)
                                                         _0433_ (net)
                      0.103831    0.001566    1.761328 v _1220_/A (sky130_fd_sc_hd__nor2_2)
     2    0.013373    0.121381    0.152299    1.913626 ^ _1220_/Y (sky130_fd_sc_hd__nor2_2)
                                                         _0682_ (net)
                      0.121387    0.000698    1.914324 ^ _1239_/B (sky130_fd_sc_hd__and2_2)
     1    0.025762    0.104892    0.167450    2.081774 ^ _1239_/X (sky130_fd_sc_hd__and2_2)
                                                         _0680_ (net)
                      0.105159    0.004481    2.086254 ^ _1858_/A (sky130_fd_sc_hd__buf_2)
     1    0.006716    0.032985    0.091929    2.178184 ^ _1858_/X (sky130_fd_sc_hd__buf_2)
                                                         u_top.dataMemory.s0_addr0[8] (net)
                      0.032987    0.000327    2.178511 ^ wire13/A (sky130_fd_sc_hd__clkdlybuf4s25_1)
     1    0.002666    0.030856    0.165345    2.343855 ^ wire13/X (sky130_fd_sc_hd__clkdlybuf4s25_1)
                                                         net13 (net)
                      0.030856    0.000081    2.343937 ^ wire196/A (sky130_fd_sc_hd__clkdlybuf4s25_1)
     1    0.008552    0.072250    0.196811    2.540747 ^ wire196/X (sky130_fd_sc_hd__clkdlybuf4s25_1)
                                                         net195 (net)
                      0.096333    0.000232    2.540979 ^ u_top.dataMemory.sram_even_words/addr0[8] (sky130_sram_2kbyte_1rw1r_32x512_8)
                                              2.540979   data arrival time

                                 10.000000   10.000000   clock clk (rise edge)
                                  0.000000   10.000000   clock source latency
     2    0.157459    0.537694    0.391421   10.391421 ^ clk (in)
                                                         clk (net)
                      0.573756    0.000000   10.391421 ^ clkbuf_0_clk/A (sky130_fd_sc_hd__clkbuf_16)
     2    0.043414    0.060361    0.146404   10.537826 ^ clkbuf_0_clk/X (sky130_fd_sc_hd__clkbuf_16)
                                                         clknet_0_clk (net)
                      0.060908    0.005552   10.543377 ^ clkbuf_1_0__f_clk/A (sky130_fd_sc_hd__clkbuf_16)
     2    0.125447    0.099176    0.127205   10.670582 ^ clkbuf_1_0__f_clk/X (sky130_fd_sc_hd__clkbuf_16)
                                                         clknet_1_0__leaf_clk (net)
                      0.182698    0.044674   10.715256 ^ u_top.dataMemory.sram_even_words/clk0 (sky130_sram_2kbyte_1rw1r_32x512_8)
                                 -0.100000   10.615255   clock uncertainty
                                  0.000000   10.615255   clock reconvergence pessimism
                                 -0.103000   10.512256   library setup time
                                             10.512256   data required time
---------------------------------------------------------------------------------------------
                                             10.512256   data required time
                                             -2.540979   data arrival time
---------------------------------------------------------------------------------------------
                                              7.971276   slack (MET)


Startpoint: _1573_ (rising edge-triggered flip-flop clocked by clk)
Endpoint: u_top.dataMemory.sram_odd_words
          (falling edge-triggered flip-flop clocked by clk)
Path Group: clk
Path Type: max

Fanout         Cap        Slew       Delay        Time   Description
---------------------------------------------------------------------------------------------
                                  0.000000    0.000000   clock clk (rise edge)
                                  0.000000    0.000000   clock source latency
     2    0.157459    0.537694    0.429212    0.429212 ^ clk (in)
                                                         clk (net)
                      0.571537    0.000000    0.429212 ^ clkbuf_regs_0_clk/A (sky130_fd_sc_hd__clkbuf_16)
     1    0.008638    0.038950    0.134933    0.564145 ^ clkbuf_regs_0_clk/X (sky130_fd_sc_hd__clkbuf_16)
                                                         clk_regs (net)
                      0.038950    0.000284    0.564429 ^ clkbuf_0_clk_regs/A (sky130_fd_sc_hd__clkbuf_16)
     8    0.079104    0.073558    0.125878    0.690307 ^ clkbuf_0_clk_regs/X (sky130_fd_sc_hd__clkbuf_16)
                                                         clknet_0_clk_regs (net)
                      0.073743    0.003078    0.693385 ^ clkbuf_3_0_0_clk_regs/A (sky130_fd_sc_hd__clkbuf_8)
     2    0.018319    0.036012    0.102900    0.796286 ^ clkbuf_3_0_0_clk_regs/X (sky130_fd_sc_hd__clkbuf_8)
                                                         clknet_3_0_0_clk_regs (net)
                      0.036015    0.000381    0.796666 ^ clkbuf_4_1__f_clk_regs/A (sky130_fd_sc_hd__clkbuf_16)
     9    0.035385    0.041843    0.100551    0.897218 ^ clkbuf_4_1__f_clk_regs/X (sky130_fd_sc_hd__clkbuf_16)
                                                         clknet_4_1__leaf_clk_regs (net)
                      0.041850    0.000848    0.898066 ^ _1573_/CLK (sky130_fd_sc_hd__dfstp_4)
    14    0.156525    0.294040    0.589875    1.487941 ^ _1573_/Q (sky130_fd_sc_hd__dfstp_4)
                                                         u_top.dataMemory.clear_active (net)
                      0.294260    0.007131    1.495072 ^ _1699_/A (sky130_fd_sc_hd__buf_2)
     3    0.023091    0.090502    0.156738    1.651811 ^ _1699_/X (sky130_fd_sc_hd__buf_2)
                                                         _0660_ (net)
                      0.090506    0.000766    1.652576 ^ fanout61/A (sky130_fd_sc_hd__clkdlybuf4s25_1)
    10    0.035110    0.265522    0.352671    2.005248 ^ fanout61/X (sky130_fd_sc_hd__clkdlybuf4s25_1)
                                                         net61 (net)
                      0.265524    0.001288    2.006536 ^ _1224_/A (sky130_fd_sc_hd__and3_2)
     1    0.004384    0.037720    0.148735    2.155271 ^ _1224_/X (sky130_fd_sc_hd__and3_2)
                                                         _0685_ (net)
                      0.037720    0.000162    2.155433 ^ _1842_/A (sky130_fd_sc_hd__buf_2)
     1    0.025586    0.097533    0.122196    2.277630 ^ _1842_/X (sky130_fd_sc_hd__buf_2)
                                                         u_top.dataMemory.s1_addr0[2] (net)
                      0.097733    0.003781    2.281411 ^ wire39/A (sky130_fd_sc_hd__buf_1)
     1    0.002829    0.033148    0.062299    2.343709 ^ wire39/X (sky130_fd_sc_hd__buf_1)
                                                         net39 (net)
                      0.033148    0.000087    2.343796 ^ wire204/A (sky130_fd_sc_hd__clkdlybuf4s25_1)
     1    0.008263    0.070169    0.195940    2.539736 ^ wire204/X (sky130_fd_sc_hd__clkdlybuf4s25_1)
                                                         net203 (net)
                      0.093558    0.000217    2.539953 ^ u_top.dataMemory.sram_odd_words/addr0[2] (sky130_sram_2kbyte_1rw1r_32x512_8)
                                              2.539953   data arrival time

                                 10.000000   10.000000   clock clk (rise edge)
                                  0.000000   10.000000   clock source latency
     2    0.157459    0.537694    0.391421   10.391421 ^ clk (in)
                                                         clk (net)
                      0.573756    0.000000   10.391421 ^ clkbuf_0_clk/A (sky130_fd_sc_hd__clkbuf_16)
     2    0.043414    0.060361    0.146404   10.537826 ^ clkbuf_0_clk/X (sky130_fd_sc_hd__clkbuf_16)
                                                         clknet_0_clk (net)
                      0.060891    0.005477   10.543302 ^ clkbuf_1_1__f_clk/A (sky130_fd_sc_hd__clkbuf_16)
     2    0.153688    0.127973    0.149739   10.693041 ^ clkbuf_1_1__f_clk/X (sky130_fd_sc_hd__clkbuf_16)
                                                         clknet_1_1__leaf_clk (net)
                      0.179483    0.021478   10.714519 ^ u_top.dataMemory.sram_odd_words/clk0 (sky130_sram_2kbyte_1rw1r_32x512_8)
                                 -0.100000   10.614518   clock uncertainty
                                  0.000000   10.614518   clock reconvergence pessimism
                                 -0.103000   10.511518   library setup time
                                             10.511518   data required time
---------------------------------------------------------------------------------------------
                                             10.511518   data required time
                                             -2.539953   data arrival time
---------------------------------------------------------------------------------------------
                                              7.971566   slack (MET)


Startpoint: _1562_ (rising edge-triggered flip-flop clocked by clk)
Endpoint: _1565_ (rising edge-triggered flip-flop clocked by clk)
Path Group: clk
Path Type: max

Fanout         Cap        Slew       Delay        Time   Description
---------------------------------------------------------------------------------------------
                                  0.000000    0.000000   clock clk (rise edge)
                                  0.000000    0.000000   clock source latency
     2    0.157459    0.537694    0.429212    0.429212 ^ clk (in)
                                                         clk (net)
                      0.571537    0.000000    0.429212 ^ clkbuf_regs_0_clk/A (sky130_fd_sc_hd__clkbuf_16)
     1    0.008638    0.038950    0.134933    0.564145 ^ clkbuf_regs_0_clk/X (sky130_fd_sc_hd__clkbuf_16)
                                                         clk_regs (net)
                      0.038950    0.000284    0.564429 ^ clkbuf_0_clk_regs/A (sky130_fd_sc_hd__clkbuf_16)
     8    0.079104    0.073558    0.125878    0.690307 ^ clkbuf_0_clk_regs/X (sky130_fd_sc_hd__clkbuf_16)
                                                         clknet_0_clk_regs (net)
                      0.073728    0.002954    0.693261 ^ clkbuf_3_2_0_clk_regs/A (sky130_fd_sc_hd__clkbuf_8)
     2    0.019079    0.036888    0.103659    0.796920 ^ clkbuf_3_2_0_clk_regs/X (sky130_fd_sc_hd__clkbuf_8)
                                                         clknet_3_2_0_clk_regs (net)
                      0.036897    0.000585    0.797504 ^ clkbuf_4_4__f_clk_regs/A (sky130_fd_sc_hd__clkbuf_16)
     9    0.030036    0.038118    0.097610    0.895114 ^ clkbuf_4_4__f_clk_regs/X (sky130_fd_sc_hd__clkbuf_16)
                                                         clknet_4_4__leaf_clk_regs (net)
                      0.038122    0.000455    0.895569 ^ _1562_/CLK (sky130_fd_sc_hd__dfrtp_2)
     1    0.002781    0.025687    0.218313    1.113882 ^ _1562_/Q (sky130_fd_sc_hd__dfrtp_2)
                                                         u_top.dataMemory.clear_word[0] (net)
                      0.025687    0.000083    1.113965 ^ _1719_/A (sky130_fd_sc_hd__buf_2)
     2    0.008559    0.037851    0.075696    1.189662 ^ _1719_/X (sky130_fd_sc_hd__buf_2)
                                                         _0662_ (net)
                      0.037851    0.000197    1.189858 ^ fanout59/A (sky130_fd_sc_hd__buf_1)
    10    0.039400    0.343335    0.279830    1.469689 ^ fanout59/X (sky130_fd_sc_hd__buf_1)
                                                         net59 (net)
                      0.343343    0.001470    1.471159 ^ _1092_/D (sky130_fd_sc_hd__and4_2)
     5    0.020396    0.094494    0.217842    1.689001 ^ _1092_/X (sky130_fd_sc_hd__and4_2)
                                                         _0442_ (net)
                      0.094501    0.000949    1.689951 ^ _1095_/C (sky130_fd_sc_hd__and3_2)
     5    0.017821    0.077621    0.161403    1.851354 ^ _1095_/X (sky130_fd_sc_hd__and3_2)
                                                         _0445_ (net)
                      0.077621    0.000362    1.851716 ^ _1098_/C (sky130_fd_sc_hd__and3_2)
     4    0.015878    0.070826    0.153110    2.004826 ^ _1098_/X (sky130_fd_sc_hd__and3_2)
                                                         _0448_ (net)
                      0.070828    0.000490    2.005316 ^ _1101_/A4 (sky130_fd_sc_hd__a41o_2)
     2    0.006833    0.038420    0.126529    2.131845 ^ _1101_/X (sky130_fd_sc_hd__a41o_2)
                                                         _0451_ (net)
                      0.038420    0.000173    2.132018 ^ fanout22/A (sky130_fd_sc_hd__buf_1)
    10    0.041006    0.356736    0.290952    2.422969 ^ fanout22/X (sky130_fd_sc_hd__buf_1)
                                                         net22 (net)
                      0.356738    0.000715    2.423684 ^ _1109_/B (sky130_fd_sc_hd__nor2_2)
     6    0.021991    0.100245    0.065365    2.489049 v _1109_/Y (sky130_fd_sc_hd__nor2_2)
                                                         _0455_ (net)
                      0.100251    0.000639    2.489688 v _1118_/A2 (sky130_fd_sc_hd__a32o_2)
     1    0.002177    0.023077    0.163998    2.653686 v _1118_/X (sky130_fd_sc_hd__a32o_2)
                                                         _0424_ (net)
                      0.023077    0.000064    2.653749 v _1714_/A (sky130_fd_sc_hd__buf_2)
     1    0.003065    0.017343    0.072049    2.725798 v _1714_/X (sky130_fd_sc_hd__buf_2)
                                                         _1073_ (net)
                      0.017343    0.000098    2.725896 v _1565_/D (sky130_fd_sc_hd__dfrtp_2)
                                              2.725896   data arrival time

                                 10.000000   10.000000   clock clk (rise edge)
                                  0.000000   10.000000   clock source latency
     2    0.157459    0.537694    0.388335   10.388335 ^ clk (in)
                                                         clk (net)
                      0.571537    0.000000   10.388335 ^ clkbuf_regs_0_clk/A (sky130_fd_sc_hd__clkbuf_16)
     1    0.008638    0.038950    0.122082   10.510417 ^ clkbuf_regs_0_clk/X (sky130_fd_sc_hd__clkbuf_16)
                                                         clk_regs (net)
                      0.038950    0.000258   10.510674 ^ clkbuf_0_clk_regs/A (sky130_fd_sc_hd__clkbuf_16)
     8    0.079104    0.073558    0.113889   10.624564 ^ clkbuf_0_clk_regs/X (sky130_fd_sc_hd__clkbuf_16)
                                                         clknet_0_clk_regs (net)
                      0.073743    0.002785   10.627349 ^ clkbuf_3_0_0_clk_regs/A (sky130_fd_sc_hd__clkbuf_8)
     2    0.018319    0.036012    0.093100   10.720448 ^ clkbuf_3_0_0_clk_regs/X (sky130_fd_sc_hd__clkbuf_8)
                                                         clknet_3_0_0_clk_regs (net)
                      0.036019    0.000455   10.720903 ^ clkbuf_4_0__f_clk_regs/A (sky130_fd_sc_hd__clkbuf_16)
     9    0.034417    0.041219    0.090552   10.811456 ^ clkbuf_4_0__f_clk_regs/X (sky130_fd_sc_hd__clkbuf_16)
                                                         clknet_4_0__leaf_clk_regs (net)
                      0.041233    0.000941   10.812398 ^ _1565_/CLK (sky130_fd_sc_hd__dfrtp_2)
                                 -0.100000   10.712398   clock uncertainty
                                  0.065744   10.778141   clock reconvergence pessimism
                                 -0.067544   10.710597   library setup time
                                             10.710597   data required time
---------------------------------------------------------------------------------------------
                                             10.710597   data required time
                                             -2.725896   data arrival time
---------------------------------------------------------------------------------------------
                                              7.984701   slack (MET)


Startpoint: _1562_ (rising edge-triggered flip-flop clocked by clk)
Endpoint: _1566_ (rising edge-triggered flip-flop clocked by clk)
Path Group: clk
Path Type: max

Fanout         Cap        Slew       Delay        Time   Description
---------------------------------------------------------------------------------------------
                                  0.000000    0.000000   clock clk (rise edge)
                                  0.000000    0.000000   clock source latency
     2    0.157459    0.537694    0.429212    0.429212 ^ clk (in)
                                                         clk (net)
                      0.571537    0.000000    0.429212 ^ clkbuf_regs_0_clk/A (sky130_fd_sc_hd__clkbuf_16)
     1    0.008638    0.038950    0.134933    0.564145 ^ clkbuf_regs_0_clk/X (sky130_fd_sc_hd__clkbuf_16)
                                                         clk_regs (net)
                      0.038950    0.000284    0.564429 ^ clkbuf_0_clk_regs/A (sky130_fd_sc_hd__clkbuf_16)
     8    0.079104    0.073558    0.125878    0.690307 ^ clkbuf_0_clk_regs/X (sky130_fd_sc_hd__clkbuf_16)
                                                         clknet_0_clk_regs (net)
                      0.073728    0.002954    0.693261 ^ clkbuf_3_2_0_clk_regs/A (sky130_fd_sc_hd__clkbuf_8)
     2    0.019079    0.036888    0.103659    0.796920 ^ clkbuf_3_2_0_clk_regs/X (sky130_fd_sc_hd__clkbuf_8)
                                                         clknet_3_2_0_clk_regs (net)
                      0.036897    0.000585    0.797504 ^ clkbuf_4_4__f_clk_regs/A (sky130_fd_sc_hd__clkbuf_16)
     9    0.030036    0.038118    0.097610    0.895114 ^ clkbuf_4_4__f_clk_regs/X (sky130_fd_sc_hd__clkbuf_16)
                                                         clknet_4_4__leaf_clk_regs (net)
                      0.038122    0.000455    0.895569 ^ _1562_/CLK (sky130_fd_sc_hd__dfrtp_2)
     1    0.002781    0.025687    0.218313    1.113882 ^ _1562_/Q (sky130_fd_sc_hd__dfrtp_2)
                                                         u_top.dataMemory.clear_word[0] (net)
                      0.025687    0.000083    1.113965 ^ _1719_/A (sky130_fd_sc_hd__buf_2)
     2    0.008559    0.037851    0.075696    1.189662 ^ _1719_/X (sky130_fd_sc_hd__buf_2)
                                                         _0662_ (net)
                      0.037851    0.000197    1.189858 ^ fanout59/A (sky130_fd_sc_hd__buf_1)
    10    0.039400    0.343335    0.279830    1.469689 ^ fanout59/X (sky130_fd_sc_hd__buf_1)
                                                         net59 (net)
                      0.343343    0.001470    1.471159 ^ _1092_/D (sky130_fd_sc_hd__and4_2)
     5    0.020396    0.094494    0.217842    1.689001 ^ _1092_/X (sky130_fd_sc_hd__and4_2)
                                                         _0442_ (net)
                      0.094501    0.000949    1.689951 ^ _1095_/C (sky130_fd_sc_hd__and3_2)
     5    0.017821    0.077621    0.161403    1.851354 ^ _1095_/X (sky130_fd_sc_hd__and3_2)
                                                         _0445_ (net)
                      0.077621    0.000362    1.851716 ^ _1098_/C (sky130_fd_sc_hd__and3_2)
     4    0.015878    0.070826    0.153110    2.004826 ^ _1098_/X (sky130_fd_sc_hd__and3_2)
                                                         _0448_ (net)
                      0.070828    0.000490    2.005316 ^ _1101_/A4 (sky130_fd_sc_hd__a41o_2)
     2    0.006833    0.038420    0.126529    2.131845 ^ _1101_/X (sky130_fd_sc_hd__a41o_2)
                                                         _0451_ (net)
                      0.038420    0.000173    2.132018 ^ fanout22/A (sky130_fd_sc_hd__buf_1)
    10    0.041006    0.356736    0.290952    2.422969 ^ fanout22/X (sky130_fd_sc_hd__buf_1)
                                                         net22 (net)
                      0.356738    0.000715    2.423684 ^ _1109_/B (sky130_fd_sc_hd__nor2_2)
     6    0.021991    0.100245    0.065365    2.489049 v _1109_/Y (sky130_fd_sc_hd__nor2_2)
                                                         _0455_ (net)
                      0.100251    0.000680    2.489729 v _1116_/A2 (sky130_fd_sc_hd__a32o_2)
     1    0.002557    0.023812    0.165208    2.654937 v _1116_/X (sky130_fd_sc_hd__a32o_2)
                                                         _0425_ (net)
                      0.023812    0.000081    2.655017 v _1712_/A (sky130_fd_sc_hd__buf_2)
     1    0.002404    0.016302    0.070627    2.725644 v _1712_/X (sky130_fd_sc_hd__buf_2)
                                                         _1074_ (net)
                      0.016302    0.000072    2.725716 v _1566_/D (sky130_fd_sc_hd__dfrtp_2)
                                              2.725716   data arrival time

                                 10.000000   10.000000   clock clk (rise edge)
                                  0.000000   10.000000   clock source latency
     2    0.157459    0.537694    0.388335   10.388335 ^ clk (in)
                                                         clk (net)
                      0.571537    0.000000   10.388335 ^ clkbuf_regs_0_clk/A (sky130_fd_sc_hd__clkbuf_16)
     1    0.008638    0.038950    0.122082   10.510417 ^ clkbuf_regs_0_clk/X (sky130_fd_sc_hd__clkbuf_16)
                                                         clk_regs (net)
                      0.038950    0.000258   10.510674 ^ clkbuf_0_clk_regs/A (sky130_fd_sc_hd__clkbuf_16)
     8    0.079104    0.073558    0.113889   10.624564 ^ clkbuf_0_clk_regs/X (sky130_fd_sc_hd__clkbuf_16)
                                                         clknet_0_clk_regs (net)
                      0.073743    0.002785   10.627349 ^ clkbuf_3_0_0_clk_regs/A (sky130_fd_sc_hd__clkbuf_8)
     2    0.018319    0.036012    0.093100   10.720448 ^ clkbuf_3_0_0_clk_regs/X (sky130_fd_sc_hd__clkbuf_8)
                                                         clknet_3_0_0_clk_regs (net)
                      0.036019    0.000455   10.720903 ^ clkbuf_4_0__f_clk_regs/A (sky130_fd_sc_hd__clkbuf_16)
     9    0.034417    0.041219    0.090552   10.811456 ^ clkbuf_4_0__f_clk_regs/X (sky130_fd_sc_hd__clkbuf_16)
                                                         clknet_4_0__leaf_clk_regs (net)
                      0.041238    0.001023   10.812479 ^ _1566_/CLK (sky130_fd_sc_hd__dfrtp_2)
                                 -0.100000   10.712480   clock uncertainty
                                  0.065744   10.778223   clock reconvergence pessimism
                                 -0.067172   10.711051   library setup time
                                             10.711051   data required time
---------------------------------------------------------------------------------------------
                                             10.711051   data required time
                                             -2.725716   data arrival time
---------------------------------------------------------------------------------------------
                                              7.985335   slack (MET)


Startpoint: _1562_ (rising edge-triggered flip-flop clocked by clk)
Endpoint: _1563_ (rising edge-triggered flip-flop clocked by clk)
Path Group: clk
Path Type: max

Fanout         Cap        Slew       Delay        Time   Description
---------------------------------------------------------------------------------------------
                                  0.000000    0.000000   clock clk (rise edge)
                                  0.000000    0.000000   clock source latency
     2    0.157459    0.537694    0.429212    0.429212 ^ clk (in)
                                                         clk (net)
                      0.571537    0.000000    0.429212 ^ clkbuf_regs_0_clk/A (sky130_fd_sc_hd__clkbuf_16)
     1    0.008638    0.038950    0.134933    0.564145 ^ clkbuf_regs_0_clk/X (sky130_fd_sc_hd__clkbuf_16)
                                                         clk_regs (net)
                      0.038950    0.000284    0.564429 ^ clkbuf_0_clk_regs/A (sky130_fd_sc_hd__clkbuf_16)
     8    0.079104    0.073558    0.125878    0.690307 ^ clkbuf_0_clk_regs/X (sky130_fd_sc_hd__clkbuf_16)
                                                         clknet_0_clk_regs (net)
                      0.073728    0.002954    0.693261 ^ clkbuf_3_2_0_clk_regs/A (sky130_fd_sc_hd__clkbuf_8)
     2    0.019079    0.036888    0.103659    0.796920 ^ clkbuf_3_2_0_clk_regs/X (sky130_fd_sc_hd__clkbuf_8)
                                                         clknet_3_2_0_clk_regs (net)
                      0.036897    0.000585    0.797504 ^ clkbuf_4_4__f_clk_regs/A (sky130_fd_sc_hd__clkbuf_16)
     9    0.030036    0.038118    0.097610    0.895114 ^ clkbuf_4_4__f_clk_regs/X (sky130_fd_sc_hd__clkbuf_16)
                                                         clknet_4_4__leaf_clk_regs (net)
                      0.038122    0.000455    0.895569 ^ _1562_/CLK (sky130_fd_sc_hd__dfrtp_2)
     1    0.002781    0.025687    0.218313    1.113882 ^ _1562_/Q (sky130_fd_sc_hd__dfrtp_2)
                                                         u_top.dataMemory.clear_word[0] (net)
                      0.025687    0.000083    1.113965 ^ _1719_/A (sky130_fd_sc_hd__buf_2)
     2    0.008559    0.037851    0.075696    1.189662 ^ _1719_/X (sky130_fd_sc_hd__buf_2)
                                                         _0662_ (net)
                      0.037851    0.000197    1.189858 ^ fanout59/A (sky130_fd_sc_hd__buf_1)
    10    0.039400    0.343335    0.279830    1.469689 ^ fanout59/X (sky130_fd_sc_hd__buf_1)
                                                         net59 (net)
                      0.343343    0.001470    1.471159 ^ _1092_/D (sky130_fd_sc_hd__and4_2)
     5    0.020396    0.094494    0.217842    1.689001 ^ _1092_/X (sky130_fd_sc_hd__and4_2)
                                                         _0442_ (net)
                      0.094501    0.000949    1.689951 ^ _1095_/C (sky130_fd_sc_hd__and3_2)
     5    0.017821    0.077621    0.161403    1.851354 ^ _1095_/X (sky130_fd_sc_hd__and3_2)
                                                         _0445_ (net)
                      0.077621    0.000362    1.851716 ^ _1098_/C (sky130_fd_sc_hd__and3_2)
     4    0.015878    0.070826    0.153110    2.004826 ^ _1098_/X (sky130_fd_sc_hd__and3_2)
                                                         _0448_ (net)
                      0.070828    0.000490    2.005316 ^ _1101_/A4 (sky130_fd_sc_hd__a41o_2)
     2    0.006833    0.038420    0.126529    2.131845 ^ _1101_/X (sky130_fd_sc_hd__a41o_2)
                                                         _0451_ (net)
                      0.038420    0.000173    2.132018 ^ fanout22/A (sky130_fd_sc_hd__buf_1)
    10    0.041006    0.356736    0.290952    2.422969 ^ fanout22/X (sky130_fd_sc_hd__buf_1)
                                                         net22 (net)
                      0.356738    0.000715    2.423684 ^ _1109_/B (sky130_fd_sc_hd__nor2_2)
     6    0.021991    0.100245    0.065365    2.489049 v _1109_/Y (sky130_fd_sc_hd__nor2_2)
                                                         _0455_ (net)
                      0.100250    0.000609    2.489658 v _1122_/A2 (sky130_fd_sc_hd__a32o_2)
     1    0.002323    0.023359    0.164462    2.654120 v _1122_/X (sky130_fd_sc_hd__a32o_2)
                                                         _0422_ (net)
                      0.023359    0.000069    2.654189 v _1718_/A (sky130_fd_sc_hd__buf_2)
     1    0.002630    0.016659    0.071032    2.725221 v _1718_/X (sky130_fd_sc_hd__buf_2)
                                                         _1071_ (net)
                      0.016659    0.000079    2.725300 v _1563_/D (sky130_fd_sc_hd__dfrtp_2)
                                              2.725300   data arrival time

                                 10.000000   10.000000   clock clk (rise edge)
                                  0.000000   10.000000   clock source latency
     2    0.157459    0.537694    0.388335   10.388335 ^ clk (in)
                                                         clk (net)
                      0.571537    0.000000   10.388335 ^ clkbuf_regs_0_clk/A (sky130_fd_sc_hd__clkbuf_16)
     1    0.008638    0.038950    0.122082   10.510417 ^ clkbuf_regs_0_clk/X (sky130_fd_sc_hd__clkbuf_16)
                                                         clk_regs (net)
                      0.038950    0.000258   10.510674 ^ clkbuf_0_clk_regs/A (sky130_fd_sc_hd__clkbuf_16)
     8    0.079104    0.073558    0.113889   10.624564 ^ clkbuf_0_clk_regs/X (sky130_fd_sc_hd__clkbuf_16)
                                                         clknet_0_clk_regs (net)
                      0.073743    0.002785   10.627349 ^ clkbuf_3_0_0_clk_regs/A (sky130_fd_sc_hd__clkbuf_8)
     2    0.018319    0.036012    0.093100   10.720448 ^ clkbuf_3_0_0_clk_regs/X (sky130_fd_sc_hd__clkbuf_8)
                                                         clknet_3_0_0_clk_regs (net)
                      0.036019    0.000455   10.720903 ^ clkbuf_4_0__f_clk_regs/A (sky130_fd_sc_hd__clkbuf_16)
     9    0.034417    0.041219    0.090552   10.811456 ^ clkbuf_4_0__f_clk_regs/X (sky130_fd_sc_hd__clkbuf_16)
                                                         clknet_4_0__leaf_clk_regs (net)
                      0.041229    0.000870   10.812326 ^ _1563_/CLK (sky130_fd_sc_hd__dfrtp_2)
                                 -0.100000   10.712326   clock uncertainty
                                  0.065744   10.778070   clock reconvergence pessimism
                                 -0.067300   10.710771   library setup time
                                             10.710771   data required time
---------------------------------------------------------------------------------------------
                                             10.710771   data required time
                                             -2.725300   data arrival time
---------------------------------------------------------------------------------------------
                                              7.985470   slack (MET)


Startpoint: _1573_ (rising edge-triggered flip-flop clocked by clk)
Endpoint: u_top.dataMemory.sram_odd_words
          (falling edge-triggered flip-flop clocked by clk)
Path Group: clk
Path Type: max

Fanout         Cap        Slew       Delay        Time   Description
---------------------------------------------------------------------------------------------
                                  0.000000    0.000000   clock clk (rise edge)
                                  0.000000    0.000000   clock source latency
     2    0.157459    0.537694    0.429212    0.429212 ^ clk (in)
                                                         clk (net)
                      0.571537    0.000000    0.429212 ^ clkbuf_regs_0_clk/A (sky130_fd_sc_hd__clkbuf_16)
     1    0.008638    0.038950    0.134933    0.564145 ^ clkbuf_regs_0_clk/X (sky130_fd_sc_hd__clkbuf_16)
                                                         clk_regs (net)
                      0.038950    0.000284    0.564429 ^ clkbuf_0_clk_regs/A (sky130_fd_sc_hd__clkbuf_16)
     8    0.079104    0.073558    0.125878    0.690307 ^ clkbuf_0_clk_regs/X (sky130_fd_sc_hd__clkbuf_16)
                                                         clknet_0_clk_regs (net)
                      0.073743    0.003078    0.693385 ^ clkbuf_3_0_0_clk_regs/A (sky130_fd_sc_hd__clkbuf_8)
     2    0.018319    0.036012    0.102900    0.796286 ^ clkbuf_3_0_0_clk_regs/X (sky130_fd_sc_hd__clkbuf_8)
                                                         clknet_3_0_0_clk_regs (net)
                      0.036015    0.000381    0.796666 ^ clkbuf_4_1__f_clk_regs/A (sky130_fd_sc_hd__clkbuf_16)
     9    0.035385    0.041843    0.100551    0.897218 ^ clkbuf_4_1__f_clk_regs/X (sky130_fd_sc_hd__clkbuf_16)
                                                         clknet_4_1__leaf_clk_regs (net)
                      0.041850    0.000848    0.898066 ^ _1573_/CLK (sky130_fd_sc_hd__dfstp_4)
    14    0.156525    0.294040    0.589875    1.487941 ^ _1573_/Q (sky130_fd_sc_hd__dfstp_4)
                                                         u_top.dataMemory.clear_active (net)
                      0.294260    0.007131    1.495072 ^ _1699_/A (sky130_fd_sc_hd__buf_2)
     3    0.023091    0.090502    0.156738    1.651811 ^ _1699_/X (sky130_fd_sc_hd__buf_2)
                                                         _0660_ (net)
                      0.090506    0.000766    1.652576 ^ fanout61/A (sky130_fd_sc_hd__clkdlybuf4s25_1)
    10    0.035110    0.265522    0.352671    2.005248 ^ fanout61/X (sky130_fd_sc_hd__clkdlybuf4s25_1)
                                                         net61 (net)
                      0.265530    0.001874    2.007122 ^ _1226_/A (sky130_fd_sc_hd__and3_2)
     1    0.003955    0.036005    0.146778    2.153900 ^ _1226_/X (sky130_fd_sc_hd__and3_2)
                                                         _0687_ (net)
                      0.036016    0.000151    2.154051 ^ _1844_/A (sky130_fd_sc_hd__buf_2)
     1    0.022314    0.085801    0.113875    2.267925 ^ _1844_/X (sky130_fd_sc_hd__buf_2)
                                                         u_top.dataMemory.s1_addr0[4] (net)
                      0.085935    0.002891    2.270816 ^ wire37/A (sky130_fd_sc_hd__buf_1)
     1    0.002512    0.030535    0.059484    2.330300 ^ wire37/X (sky130_fd_sc_hd__buf_1)
                                                         net37 (net)
                      0.030535    0.000051    2.330351 ^ wire206/A (sky130_fd_sc_hd__clkdlybuf4s25_1)
     1    0.008318    0.070572    0.195452    2.525803 ^ wire206/X (sky130_fd_sc_hd__clkdlybuf4s25_1)
                                                         net205 (net)
                      0.094095    0.000220    2.526023 ^ u_top.dataMemory.sram_odd_words/addr0[4] (sky130_sram_2kbyte_1rw1r_32x512_8)
                                              2.526023   data arrival time

                                 10.000000   10.000000   clock clk (rise edge)
                                  0.000000   10.000000   clock source latency
     2    0.157459    0.537694    0.391421   10.391421 ^ clk (in)
                                                         clk (net)
                      0.573756    0.000000   10.391421 ^ clkbuf_0_clk/A (sky130_fd_sc_hd__clkbuf_16)
     2    0.043414    0.060361    0.146404   10.537826 ^ clkbuf_0_clk/X (sky130_fd_sc_hd__clkbuf_16)
                                                         clknet_0_clk (net)
                      0.060891    0.005477   10.543302 ^ clkbuf_1_1__f_clk/A (sky130_fd_sc_hd__clkbuf_16)
     2    0.153688    0.127973    0.149739   10.693041 ^ clkbuf_1_1__f_clk/X (sky130_fd_sc_hd__clkbuf_16)
                                                         clknet_1_1__leaf_clk (net)
                      0.179483    0.021478   10.714519 ^ u_top.dataMemory.sram_odd_words/clk0 (sky130_sram_2kbyte_1rw1r_32x512_8)
                                 -0.100000   10.614518   clock uncertainty
                                  0.000000   10.614518   clock reconvergence pessimism
                                 -0.103000   10.511518   library setup time
                                             10.511518   data required time
---------------------------------------------------------------------------------------------
                                             10.511518   data required time
                                             -2.526023   data arrival time
---------------------------------------------------------------------------------------------
                                              7.985495   slack (MET)


Startpoint: _1562_ (rising edge-triggered flip-flop clocked by clk)
Endpoint: _1567_ (rising edge-triggered flip-flop clocked by clk)
Path Group: clk
Path Type: max

Fanout         Cap        Slew       Delay        Time   Description
---------------------------------------------------------------------------------------------
                                  0.000000    0.000000   clock clk (rise edge)
                                  0.000000    0.000000   clock source latency
     2    0.157459    0.537694    0.429212    0.429212 ^ clk (in)
                                                         clk (net)
                      0.571537    0.000000    0.429212 ^ clkbuf_regs_0_clk/A (sky130_fd_sc_hd__clkbuf_16)
     1    0.008638    0.038950    0.134933    0.564145 ^ clkbuf_regs_0_clk/X (sky130_fd_sc_hd__clkbuf_16)
                                                         clk_regs (net)
                      0.038950    0.000284    0.564429 ^ clkbuf_0_clk_regs/A (sky130_fd_sc_hd__clkbuf_16)
     8    0.079104    0.073558    0.125878    0.690307 ^ clkbuf_0_clk_regs/X (sky130_fd_sc_hd__clkbuf_16)
                                                         clknet_0_clk_regs (net)
                      0.073728    0.002954    0.693261 ^ clkbuf_3_2_0_clk_regs/A (sky130_fd_sc_hd__clkbuf_8)
     2    0.019079    0.036888    0.103659    0.796920 ^ clkbuf_3_2_0_clk_regs/X (sky130_fd_sc_hd__clkbuf_8)
                                                         clknet_3_2_0_clk_regs (net)
                      0.036897    0.000585    0.797504 ^ clkbuf_4_4__f_clk_regs/A (sky130_fd_sc_hd__clkbuf_16)
     9    0.030036    0.038118    0.097610    0.895114 ^ clkbuf_4_4__f_clk_regs/X (sky130_fd_sc_hd__clkbuf_16)
                                                         clknet_4_4__leaf_clk_regs (net)
                      0.038122    0.000455    0.895569 ^ _1562_/CLK (sky130_fd_sc_hd__dfrtp_2)
     1    0.002781    0.025687    0.218313    1.113882 ^ _1562_/Q (sky130_fd_sc_hd__dfrtp_2)
                                                         u_top.dataMemory.clear_word[0] (net)
                      0.025687    0.000083    1.113965 ^ _1719_/A (sky130_fd_sc_hd__buf_2)
     2    0.008559    0.037851    0.075696    1.189662 ^ _1719_/X (sky130_fd_sc_hd__buf_2)
                                                         _0662_ (net)
                      0.037851    0.000197    1.189858 ^ fanout59/A (sky130_fd_sc_hd__buf_1)
    10    0.039400    0.343335    0.279830    1.469689 ^ fanout59/X (sky130_fd_sc_hd__buf_1)
                                                         net59 (net)
                      0.343343    0.001470    1.471159 ^ _1092_/D (sky130_fd_sc_hd__and4_2)
     5    0.020396    0.094494    0.217842    1.689001 ^ _1092_/X (sky130_fd_sc_hd__and4_2)
                                                         _0442_ (net)
                      0.094501    0.000949    1.689951 ^ _1095_/C (sky130_fd_sc_hd__and3_2)
     5    0.017821    0.077621    0.161403    1.851354 ^ _1095_/X (sky130_fd_sc_hd__and3_2)
                                                         _0445_ (net)
                      0.077621    0.000362    1.851716 ^ _1098_/C (sky130_fd_sc_hd__and3_2)
     4    0.015878    0.070826    0.153110    2.004826 ^ _1098_/X (sky130_fd_sc_hd__and3_2)
                                                         _0448_ (net)
                      0.070828    0.000490    2.005316 ^ _1101_/A4 (sky130_fd_sc_hd__a41o_2)
     2    0.006833    0.038420    0.126529    2.131845 ^ _1101_/X (sky130_fd_sc_hd__a41o_2)
                                                         _0451_ (net)
                      0.038420    0.000173    2.132018 ^ fanout22/A (sky130_fd_sc_hd__buf_1)
    10    0.041006    0.356736    0.290952    2.422969 ^ fanout22/X (sky130_fd_sc_hd__buf_1)
                                                         net22 (net)
                      0.356738    0.000715    2.423684 ^ _1109_/B (sky130_fd_sc_hd__nor2_2)
     6    0.021991    0.100245    0.065365    2.489049 v _1109_/Y (sky130_fd_sc_hd__nor2_2)
                                                         _0455_ (net)
                      0.100252    0.000719    2.489768 v _1114_/A2 (sky130_fd_sc_hd__a32o_2)
     1    0.002577    0.023849    0.165270    2.655038 v _1114_/X (sky130_fd_sc_hd__a32o_2)
                                                         _0426_ (net)
                      0.023849    0.000082    2.655120 v _1710_/A (sky130_fd_sc_hd__buf_2)
     1    0.002460    0.016390    0.070790    2.725910 v _1710_/X (sky130_fd_sc_hd__buf_2)
                                                         _1075_ (net)
                      0.016390    0.000073    2.725982 v _1567_/D (sky130_fd_sc_hd__dfrtp_2)
                                              2.725982   data arrival time

                                 10.000000   10.000000   clock clk (rise edge)
                                  0.000000   10.000000   clock source latency
     2    0.157459    0.537694    0.388335   10.388335 ^ clk (in)
                                                         clk (net)
                      0.571537    0.000000   10.388335 ^ clkbuf_regs_0_clk/A (sky130_fd_sc_hd__clkbuf_16)
     1    0.008638    0.038950    0.122082   10.510417 ^ clkbuf_regs_0_clk/X (sky130_fd_sc_hd__clkbuf_16)
                                                         clk_regs (net)
                      0.038950    0.000258   10.510674 ^ clkbuf_0_clk_regs/A (sky130_fd_sc_hd__clkbuf_16)
     8    0.079104    0.073558    0.113889   10.624564 ^ clkbuf_0_clk_regs/X (sky130_fd_sc_hd__clkbuf_16)
                                                         clknet_0_clk_regs (net)
                      0.073743    0.002785   10.627349 ^ clkbuf_3_0_0_clk_regs/A (sky130_fd_sc_hd__clkbuf_8)
     2    0.018319    0.036012    0.093100   10.720448 ^ clkbuf_3_0_0_clk_regs/X (sky130_fd_sc_hd__clkbuf_8)
                                                         clknet_3_0_0_clk_regs (net)
                      0.036015    0.000345   10.720794 ^ clkbuf_4_1__f_clk_regs/A (sky130_fd_sc_hd__clkbuf_16)
     9    0.035385    0.041843    0.090975   10.811769 ^ clkbuf_4_1__f_clk_regs/X (sky130_fd_sc_hd__clkbuf_16)
                                                         clknet_4_1__leaf_clk_regs (net)
                      0.041898    0.001423   10.813191 ^ _1567_/CLK (sky130_fd_sc_hd__dfrtp_2)
                                 -0.100000   10.713192   clock uncertainty
                                  0.065744   10.778935   clock reconvergence pessimism
                                 -0.067140   10.711795   library setup time
                                             10.711795   data required time
---------------------------------------------------------------------------------------------
                                             10.711795   data required time
                                             -2.725982   data arrival time
---------------------------------------------------------------------------------------------
                                              7.985813   slack (MET)


Startpoint: _1562_ (rising edge-triggered flip-flop clocked by clk)
Endpoint: _1562_ (rising edge-triggered flip-flop clocked by clk)
Path Group: clk
Path Type: max

Fanout         Cap        Slew       Delay        Time   Description
---------------------------------------------------------------------------------------------
                                  0.000000    0.000000   clock clk (rise edge)
                                  0.000000    0.000000   clock source latency
     2    0.157459    0.537694    0.429212    0.429212 ^ clk (in)
                                                         clk (net)
                      0.571537    0.000000    0.429212 ^ clkbuf_regs_0_clk/A (sky130_fd_sc_hd__clkbuf_16)
     1    0.008638    0.038950    0.134933    0.564145 ^ clkbuf_regs_0_clk/X (sky130_fd_sc_hd__clkbuf_16)
                                                         clk_regs (net)
                      0.038950    0.000284    0.564429 ^ clkbuf_0_clk_regs/A (sky130_fd_sc_hd__clkbuf_16)
     8    0.079104    0.073558    0.125878    0.690307 ^ clkbuf_0_clk_regs/X (sky130_fd_sc_hd__clkbuf_16)
                                                         clknet_0_clk_regs (net)
                      0.073728    0.002954    0.693261 ^ clkbuf_3_2_0_clk_regs/A (sky130_fd_sc_hd__clkbuf_8)
     2    0.019079    0.036888    0.103659    0.796920 ^ clkbuf_3_2_0_clk_regs/X (sky130_fd_sc_hd__clkbuf_8)
                                                         clknet_3_2_0_clk_regs (net)
                      0.036897    0.000585    0.797504 ^ clkbuf_4_4__f_clk_regs/A (sky130_fd_sc_hd__clkbuf_16)
     9    0.030036    0.038118    0.097610    0.895114 ^ clkbuf_4_4__f_clk_regs/X (sky130_fd_sc_hd__clkbuf_16)
                                                         clknet_4_4__leaf_clk_regs (net)
                      0.038122    0.000455    0.895569 ^ _1562_/CLK (sky130_fd_sc_hd__dfrtp_2)
     1    0.002781    0.025687    0.218313    1.113882 ^ _1562_/Q (sky130_fd_sc_hd__dfrtp_2)
                                                         u_top.dataMemory.clear_word[0] (net)
                      0.025687    0.000083    1.113965 ^ _1719_/A (sky130_fd_sc_hd__buf_2)
     2    0.008559    0.037851    0.075696    1.189662 ^ _1719_/X (sky130_fd_sc_hd__buf_2)
                                                         _0662_ (net)
                      0.037851    0.000197    1.189858 ^ fanout59/A (sky130_fd_sc_hd__buf_1)
    10    0.039400    0.343335    0.279830    1.469689 ^ fanout59/X (sky130_fd_sc_hd__buf_1)
                                                         net59 (net)
                      0.343343    0.001470    1.471159 ^ _1092_/D (sky130_fd_sc_hd__and4_2)
     5    0.020396    0.094494    0.217842    1.689001 ^ _1092_/X (sky130_fd_sc_hd__and4_2)
                                                         _0442_ (net)
                      0.094501    0.000949    1.689951 ^ _1095_/C (sky130_fd_sc_hd__and3_2)
     5    0.017821    0.077621    0.161403    1.851354 ^ _1095_/X (sky130_fd_sc_hd__and3_2)
                                                         _0445_ (net)
                      0.077621    0.000362    1.851716 ^ _1098_/C (sky130_fd_sc_hd__and3_2)
     4    0.015878    0.070826    0.153110    2.004826 ^ _1098_/X (sky130_fd_sc_hd__and3_2)
                                                         _0448_ (net)
                      0.070828    0.000490    2.005316 ^ _1101_/A4 (sky130_fd_sc_hd__a41o_2)
     2    0.006833    0.038420    0.126529    2.131845 ^ _1101_/X (sky130_fd_sc_hd__a41o_2)
                                                         _0451_ (net)
                      0.038420    0.000173    2.132018 ^ fanout22/A (sky130_fd_sc_hd__buf_1)
    10    0.041006    0.356736    0.290952    2.422969 ^ fanout22/X (sky130_fd_sc_hd__buf_1)
                                                         net22 (net)
                      0.356738    0.000715    2.423684 ^ _1109_/B (sky130_fd_sc_hd__nor2_2)
     6    0.021991    0.100245    0.065365    2.489049 v _1109_/Y (sky130_fd_sc_hd__nor2_2)
                                                         _0455_ (net)
                      0.100246    0.000288    2.489337 v _1125_/A0 (sky130_fd_sc_hd__mux2_1)
     1    0.002122    0.035360    0.169295    2.658632 v _1125_/X (sky130_fd_sc_hd__mux2_1)
                                                         _0421_ (net)
                      0.035360    0.000046    2.658677 v _1720_/A (sky130_fd_sc_hd__buf_2)
     1    0.003178    0.017506    0.077493    2.736170 v _1720_/X (sky130_fd_sc_hd__buf_2)
                                                         _1070_ (net)
                      0.017506    0.000096    2.736267 v _1562_/D (sky130_fd_sc_hd__dfrtp_2)
                                              2.736267   data arrival time

                                 10.000000   10.000000   clock clk (rise edge)
                                  0.000000   10.000000   clock source latency
     2    0.157459    0.537694    0.388335   10.388335 ^ clk (in)
                                                         clk (net)
                      0.571537    0.000000   10.388335 ^ clkbuf_regs_0_clk/A (sky130_fd_sc_hd__clkbuf_16)
     1    0.008638    0.038950    0.122082   10.510417 ^ clkbuf_regs_0_clk/X (sky130_fd_sc_hd__clkbuf_16)
                                                         clk_regs (net)
                      0.038950    0.000258   10.510674 ^ clkbuf_0_clk_regs/A (sky130_fd_sc_hd__clkbuf_16)
     8    0.079104    0.073558    0.113889   10.624564 ^ clkbuf_0_clk_regs/X (sky130_fd_sc_hd__clkbuf_16)
                                                         clknet_0_clk_regs (net)
                      0.073728    0.002673   10.627236 ^ clkbuf_3_2_0_clk_regs/A (sky130_fd_sc_hd__clkbuf_8)
     2    0.019079    0.036888    0.093786   10.721023 ^ clkbuf_3_2_0_clk_regs/X (sky130_fd_sc_hd__clkbuf_8)
                                                         clknet_3_2_0_clk_regs (net)
                      0.036897    0.000529   10.721552 ^ clkbuf_4_4__f_clk_regs/A (sky130_fd_sc_hd__clkbuf_16)
     9    0.030036    0.038118    0.088313   10.809865 ^ clkbuf_4_4__f_clk_regs/X (sky130_fd_sc_hd__clkbuf_16)
                                                         clknet_4_4__leaf_clk_regs (net)
                      0.038122    0.000411   10.810277 ^ _1562_/CLK (sky130_fd_sc_hd__dfrtp_2)
                                 -0.100000   10.710277   clock uncertainty
                                  0.085292   10.795569   clock reconvergence pessimism
                                 -0.067901   10.727668   library setup time
                                             10.727668   data required time
---------------------------------------------------------------------------------------------
                                             10.727668   data required time
                                             -2.736267   data arrival time
---------------------------------------------------------------------------------------------
                                              7.991402   slack (MET)


Startpoint: _1573_ (rising edge-triggered flip-flop clocked by clk)
Endpoint: u_top.dataMemory.sram_odd_words
          (falling edge-triggered flip-flop clocked by clk)
Path Group: clk
Path Type: max

Fanout         Cap        Slew       Delay        Time   Description
---------------------------------------------------------------------------------------------
                                  0.000000    0.000000   clock clk (rise edge)
                                  0.000000    0.000000   clock source latency
     2    0.157459    0.537694    0.429212    0.429212 ^ clk (in)
                                                         clk (net)
                      0.571537    0.000000    0.429212 ^ clkbuf_regs_0_clk/A (sky130_fd_sc_hd__clkbuf_16)
     1    0.008638    0.038950    0.134933    0.564145 ^ clkbuf_regs_0_clk/X (sky130_fd_sc_hd__clkbuf_16)
                                                         clk_regs (net)
                      0.038950    0.000284    0.564429 ^ clkbuf_0_clk_regs/A (sky130_fd_sc_hd__clkbuf_16)
     8    0.079104    0.073558    0.125878    0.690307 ^ clkbuf_0_clk_regs/X (sky130_fd_sc_hd__clkbuf_16)
                                                         clknet_0_clk_regs (net)
                      0.073743    0.003078    0.693385 ^ clkbuf_3_0_0_clk_regs/A (sky130_fd_sc_hd__clkbuf_8)
     2    0.018319    0.036012    0.102900    0.796286 ^ clkbuf_3_0_0_clk_regs/X (sky130_fd_sc_hd__clkbuf_8)
                                                         clknet_3_0_0_clk_regs (net)
                      0.036015    0.000381    0.796666 ^ clkbuf_4_1__f_clk_regs/A (sky130_fd_sc_hd__clkbuf_16)
     9    0.035385    0.041843    0.100551    0.897218 ^ clkbuf_4_1__f_clk_regs/X (sky130_fd_sc_hd__clkbuf_16)
                                                         clknet_4_1__leaf_clk_regs (net)
                      0.041850    0.000848    0.898066 ^ _1573_/CLK (sky130_fd_sc_hd__dfstp_4)
    14    0.156525    0.294040    0.589875    1.487941 ^ _1573_/Q (sky130_fd_sc_hd__dfstp_4)
                                                         u_top.dataMemory.clear_active (net)
                      0.294260    0.007131    1.495072 ^ _1699_/A (sky130_fd_sc_hd__buf_2)
     3    0.023091    0.090502    0.156738    1.651811 ^ _1699_/X (sky130_fd_sc_hd__buf_2)
                                                         _0660_ (net)
                      0.090506    0.000766    1.652576 ^ fanout61/A (sky130_fd_sc_hd__clkdlybuf4s25_1)
    10    0.035110    0.265522    0.352671    2.005248 ^ fanout61/X (sky130_fd_sc_hd__clkdlybuf4s25_1)
                                                         net61 (net)
                      0.265525    0.001470    2.006718 ^ _1123_/A (sky130_fd_sc_hd__nand2_2)
     2    0.016733    0.090852    0.076530    2.083248 v _1123_/Y (sky130_fd_sc_hd__nand2_2)
                                                         _0692_ (net)
                      0.090853    0.000256    2.083503 v _1124_/A (sky130_fd_sc_hd__inv_2)
     1    0.003799    0.030428    0.051238    2.134742 ^ _1124_/Y (sky130_fd_sc_hd__inv_2)
                                                         _0693_ (net)
                      0.030428    0.000103    2.134845 ^ _1828_/A (sky130_fd_sc_hd__buf_2)
     7    0.022606    0.086736    0.113708    2.248553 ^ _1828_/X (sky130_fd_sc_hd__buf_2)
                                                         u_top.dataMemory.s1_wmask0[3] (net)
                      0.086776    0.000829    2.249382 ^ load_slew31/A (sky130_fd_sc_hd__buf_1)
     1    0.003039    0.034673    0.062851    2.312233 ^ load_slew31/X (sky130_fd_sc_hd__buf_1)
                                                         net31 (net)
                      0.034673    0.000095    2.312328 ^ wire197/A (sky130_fd_sc_hd__clkdlybuf4s25_1)
     1    0.008200    0.069708    0.196037    2.508365 ^ wire197/X (sky130_fd_sc_hd__clkdlybuf4s25_1)
                                                         net196 (net)
                      0.092944    0.000241    2.508606 ^ u_top.dataMemory.sram_odd_words/wmask0[0] (sky130_sram_2kbyte_1rw1r_32x512_8)
                                              2.508606   data arrival time

                                 10.000000   10.000000   clock clk (rise edge)
                                  0.000000   10.000000   clock source latency
     2    0.157459    0.537694    0.391421   10.391421 ^ clk (in)
                                                         clk (net)
                      0.573756    0.000000   10.391421 ^ clkbuf_0_clk/A (sky130_fd_sc_hd__clkbuf_16)
     2    0.043414    0.060361    0.146404   10.537826 ^ clkbuf_0_clk/X (sky130_fd_sc_hd__clkbuf_16)
                                                         clknet_0_clk (net)
                      0.060891    0.005477   10.543302 ^ clkbuf_1_1__f_clk/A (sky130_fd_sc_hd__clkbuf_16)
     2    0.153688    0.127973    0.149739   10.693041 ^ clkbuf_1_1__f_clk/X (sky130_fd_sc_hd__clkbuf_16)
                                                         clknet_1_1__leaf_clk (net)
                      0.179483    0.021478   10.714519 ^ u_top.dataMemory.sram_odd_words/clk0 (sky130_sram_2kbyte_1rw1r_32x512_8)
                                 -0.100000   10.614518   clock uncertainty
                                  0.000000   10.614518   clock reconvergence pessimism
                                 -0.103000   10.511518   library setup time
                                             10.511518   data required time
---------------------------------------------------------------------------------------------
                                             10.511518   data required time
                                             -2.508606   data arrival time
---------------------------------------------------------------------------------------------
                                              8.002913   slack (MET)


Startpoint: _1573_ (rising edge-triggered flip-flop clocked by clk)
Endpoint: u_top.dataMemory.sram_odd_words
          (falling edge-triggered flip-flop clocked by clk)
Path Group: clk
Path Type: max

Fanout         Cap        Slew       Delay        Time   Description
---------------------------------------------------------------------------------------------
                                  0.000000    0.000000   clock clk (rise edge)
                                  0.000000    0.000000   clock source latency
     2    0.157459    0.537694    0.429212    0.429212 ^ clk (in)
                                                         clk (net)
                      0.571537    0.000000    0.429212 ^ clkbuf_regs_0_clk/A (sky130_fd_sc_hd__clkbuf_16)
     1    0.008638    0.038950    0.134933    0.564145 ^ clkbuf_regs_0_clk/X (sky130_fd_sc_hd__clkbuf_16)
                                                         clk_regs (net)
                      0.038950    0.000284    0.564429 ^ clkbuf_0_clk_regs/A (sky130_fd_sc_hd__clkbuf_16)
     8    0.079104    0.073558    0.125878    0.690307 ^ clkbuf_0_clk_regs/X (sky130_fd_sc_hd__clkbuf_16)
                                                         clknet_0_clk_regs (net)
                      0.073743    0.003078    0.693385 ^ clkbuf_3_0_0_clk_regs/A (sky130_fd_sc_hd__clkbuf_8)
     2    0.018319    0.036012    0.102900    0.796286 ^ clkbuf_3_0_0_clk_regs/X (sky130_fd_sc_hd__clkbuf_8)
                                                         clknet_3_0_0_clk_regs (net)
                      0.036015    0.000381    0.796666 ^ clkbuf_4_1__f_clk_regs/A (sky130_fd_sc_hd__clkbuf_16)
     9    0.035385    0.041843    0.100551    0.897218 ^ clkbuf_4_1__f_clk_regs/X (sky130_fd_sc_hd__clkbuf_16)
                                                         clknet_4_1__leaf_clk_regs (net)
                      0.041850    0.000848    0.898066 ^ _1573_/CLK (sky130_fd_sc_hd__dfstp_4)
    14    0.156525    0.294040    0.589875    1.487941 ^ _1573_/Q (sky130_fd_sc_hd__dfstp_4)
                                                         u_top.dataMemory.clear_active (net)
                      0.294260    0.007131    1.495072 ^ _1699_/A (sky130_fd_sc_hd__buf_2)
     3    0.023091    0.090502    0.156738    1.651811 ^ _1699_/X (sky130_fd_sc_hd__buf_2)
                                                         _0660_ (net)
                      0.090506    0.000766    1.652576 ^ fanout61/A (sky130_fd_sc_hd__clkdlybuf4s25_1)
    10    0.035110    0.265522    0.352671    2.005248 ^ fanout61/X (sky130_fd_sc_hd__clkdlybuf4s25_1)
                                                         net61 (net)
                      0.265525    0.001470    2.006718 ^ _1123_/A (sky130_fd_sc_hd__nand2_2)
     2    0.016733    0.090852    0.076530    2.083248 v _1123_/Y (sky130_fd_sc_hd__nand2_2)
                                                         _0692_ (net)
                      0.090853    0.000256    2.083503 v _1124_/A (sky130_fd_sc_hd__inv_2)
     1    0.003799    0.030428    0.051238    2.134742 ^ _1124_/Y (sky130_fd_sc_hd__inv_2)
                                                         _0693_ (net)
                      0.030428    0.000103    2.134845 ^ _1828_/A (sky130_fd_sc_hd__buf_2)
     7    0.022606    0.086736    0.113708    2.248553 ^ _1828_/X (sky130_fd_sc_hd__buf_2)
                                                         u_top.dataMemory.s1_wmask0[3] (net)
                      0.086777    0.000862    2.249415 ^ load_slew30/A (sky130_fd_sc_hd__buf_1)
     1    0.002536    0.030735    0.059696    2.309111 ^ load_slew30/X (sky130_fd_sc_hd__buf_1)
                                                         net30 (net)
                      0.030735    0.000052    2.309162 ^ wire198/A (sky130_fd_sc_hd__clkdlybuf4s25_1)
     1    0.008712    0.073395    0.197623    2.506785 ^ wire198/X (sky130_fd_sc_hd__clkdlybuf4s25_1)
                                                         net197 (net)
                      0.097860    0.000259    2.507044 ^ u_top.dataMemory.sram_odd_words/wmask0[1] (sky130_sram_2kbyte_1rw1r_32x512_8)
                                              2.507044   data arrival time

                                 10.000000   10.000000   clock clk (rise edge)
                                  0.000000   10.000000   clock source latency
     2    0.157459    0.537694    0.391421   10.391421 ^ clk (in)
                                                         clk (net)
                      0.573756    0.000000   10.391421 ^ clkbuf_0_clk/A (sky130_fd_sc_hd__clkbuf_16)
     2    0.043414    0.060361    0.146404   10.537826 ^ clkbuf_0_clk/X (sky130_fd_sc_hd__clkbuf_16)
                                                         clknet_0_clk (net)
                      0.060891    0.005477   10.543302 ^ clkbuf_1_1__f_clk/A (sky130_fd_sc_hd__clkbuf_16)
     2    0.153688    0.127973    0.149739   10.693041 ^ clkbuf_1_1__f_clk/X (sky130_fd_sc_hd__clkbuf_16)
                                                         clknet_1_1__leaf_clk (net)
                      0.179483    0.021478   10.714519 ^ u_top.dataMemory.sram_odd_words/clk0 (sky130_sram_2kbyte_1rw1r_32x512_8)
                                 -0.100000   10.614518   clock uncertainty
                                  0.000000   10.614518   clock reconvergence pessimism
                                 -0.103000   10.511518   library setup time
                                             10.511518   data required time
---------------------------------------------------------------------------------------------
                                             10.511518   data required time
                                             -2.507044   data arrival time
---------------------------------------------------------------------------------------------
                                              8.004474   slack (MET)


Startpoint: _1562_ (rising edge-triggered flip-flop clocked by clk)
Endpoint: _1564_ (rising edge-triggered flip-flop clocked by clk)
Path Group: clk
Path Type: max

Fanout         Cap        Slew       Delay        Time   Description
---------------------------------------------------------------------------------------------
                                  0.000000    0.000000   clock clk (rise edge)
                                  0.000000    0.000000   clock source latency
     2    0.157459    0.537694    0.429212    0.429212 ^ clk (in)
                                                         clk (net)
                      0.571537    0.000000    0.429212 ^ clkbuf_regs_0_clk/A (sky130_fd_sc_hd__clkbuf_16)
     1    0.008638    0.038950    0.134933    0.564145 ^ clkbuf_regs_0_clk/X (sky130_fd_sc_hd__clkbuf_16)
                                                         clk_regs (net)
                      0.038950    0.000284    0.564429 ^ clkbuf_0_clk_regs/A (sky130_fd_sc_hd__clkbuf_16)
     8    0.079104    0.073558    0.125878    0.690307 ^ clkbuf_0_clk_regs/X (sky130_fd_sc_hd__clkbuf_16)
                                                         clknet_0_clk_regs (net)
                      0.073728    0.002954    0.693261 ^ clkbuf_3_2_0_clk_regs/A (sky130_fd_sc_hd__clkbuf_8)
     2    0.019079    0.036888    0.103659    0.796920 ^ clkbuf_3_2_0_clk_regs/X (sky130_fd_sc_hd__clkbuf_8)
                                                         clknet_3_2_0_clk_regs (net)
                      0.036897    0.000585    0.797504 ^ clkbuf_4_4__f_clk_regs/A (sky130_fd_sc_hd__clkbuf_16)
     9    0.030036    0.038118    0.097610    0.895114 ^ clkbuf_4_4__f_clk_regs/X (sky130_fd_sc_hd__clkbuf_16)
                                                         clknet_4_4__leaf_clk_regs (net)
                      0.038122    0.000455    0.895569 ^ _1562_/CLK (sky130_fd_sc_hd__dfrtp_2)
     1    0.002781    0.025687    0.218313    1.113882 ^ _1562_/Q (sky130_fd_sc_hd__dfrtp_2)
                                                         u_top.dataMemory.clear_word[0] (net)
                      0.025687    0.000083    1.113965 ^ _1719_/A (sky130_fd_sc_hd__buf_2)
     2    0.008559    0.037851    0.075696    1.189662 ^ _1719_/X (sky130_fd_sc_hd__buf_2)
                                                         _0662_ (net)
                      0.037851    0.000197    1.189858 ^ fanout59/A (sky130_fd_sc_hd__buf_1)
    10    0.039400    0.343335    0.279830    1.469689 ^ fanout59/X (sky130_fd_sc_hd__buf_1)
                                                         net59 (net)
                      0.343343    0.001470    1.471159 ^ _1092_/D (sky130_fd_sc_hd__and4_2)
     5    0.020396    0.094494    0.217842    1.689001 ^ _1092_/X (sky130_fd_sc_hd__and4_2)
                                                         _0442_ (net)
                      0.094501    0.000949    1.689951 ^ _1095_/C (sky130_fd_sc_hd__and3_2)
     5    0.017821    0.077621    0.161403    1.851354 ^ _1095_/X (sky130_fd_sc_hd__and3_2)
                                                         _0445_ (net)
                      0.077621    0.000362    1.851716 ^ _1098_/C (sky130_fd_sc_hd__and3_2)
     4    0.015878    0.070826    0.153110    2.004826 ^ _1098_/X (sky130_fd_sc_hd__and3_2)
                                                         _0448_ (net)
                      0.070828    0.000490    2.005316 ^ _1101_/A4 (sky130_fd_sc_hd__a41o_2)
     2    0.006833    0.038420    0.126529    2.131845 ^ _1101_/X (sky130_fd_sc_hd__a41o_2)
                                                         _0451_ (net)
                      0.038420    0.000173    2.132018 ^ fanout22/A (sky130_fd_sc_hd__buf_1)
    10    0.041006    0.356736    0.290952    2.422969 ^ fanout22/X (sky130_fd_sc_hd__buf_1)
                                                         net22 (net)
                      0.356738    0.000715    2.423684 ^ _1109_/B (sky130_fd_sc_hd__nor2_2)
     6    0.021991    0.100245    0.065365    2.489049 v _1109_/Y (sky130_fd_sc_hd__nor2_2)
                                                         _0455_ (net)
                      0.100249    0.000537    2.489586 v _1120_/B1 (sky130_fd_sc_hd__a22o_2)
     1    0.002985    0.024680    0.126525    2.616112 v _1120_/X (sky130_fd_sc_hd__a22o_2)
                                                         _0423_ (net)
                      0.024680    0.000090    2.616201 v _1716_/A (sky130_fd_sc_hd__buf_2)
     1    0.002775    0.016885    0.071965    2.688166 v _1716_/X (sky130_fd_sc_hd__buf_2)
                                                         _1072_ (net)
                      0.016885    0.000081    2.688248 v _1564_/D (sky130_fd_sc_hd__dfrtp_2)
                                              2.688248   data arrival time

                                 10.000000   10.000000   clock clk (rise edge)
                                  0.000000   10.000000   clock source latency
     2    0.157459    0.537694    0.388335   10.388335 ^ clk (in)
                                                         clk (net)
                      0.571537    0.000000   10.388335 ^ clkbuf_regs_0_clk/A (sky130_fd_sc_hd__clkbuf_16)
     1    0.008638    0.038950    0.122082   10.510417 ^ clkbuf_regs_0_clk/X (sky130_fd_sc_hd__clkbuf_16)
                                                         clk_regs (net)
                      0.038950    0.000258   10.510674 ^ clkbuf_0_clk_regs/A (sky130_fd_sc_hd__clkbuf_16)
     8    0.079104    0.073558    0.113889   10.624564 ^ clkbuf_0_clk_regs/X (sky130_fd_sc_hd__clkbuf_16)
                                                         clknet_0_clk_regs (net)
                      0.073743    0.002785   10.627349 ^ clkbuf_3_0_0_clk_regs/A (sky130_fd_sc_hd__clkbuf_8)
     2    0.018319    0.036012    0.093100   10.720448 ^ clkbuf_3_0_0_clk_regs/X (sky130_fd_sc_hd__clkbuf_8)
                                                         clknet_3_0_0_clk_regs (net)
                      0.036015    0.000345   10.720794 ^ clkbuf_4_1__f_clk_regs/A (sky130_fd_sc_hd__clkbuf_16)
     9    0.035385    0.041843    0.090975   10.811769 ^ clkbuf_4_1__f_clk_regs/X (sky130_fd_sc_hd__clkbuf_16)
                                                         clknet_4_1__leaf_clk_regs (net)
                      0.041875    0.001152   10.812921 ^ _1564_/CLK (sky130_fd_sc_hd__dfrtp_2)
                                 -0.100000   10.712920   clock uncertainty
                                  0.065744   10.778665   clock reconvergence pessimism
                                 -0.067319   10.711345   library setup time
                                             10.711345   data required time
---------------------------------------------------------------------------------------------
                                             10.711345   data required time
                                             -2.688248   data arrival time
---------------------------------------------------------------------------------------------
                                              8.023097   slack (MET)


Startpoint: _1573_ (rising edge-triggered flip-flop clocked by clk)
Endpoint: u_top.dataMemory.sram_even_words
          (falling edge-triggered flip-flop clocked by clk)
Path Group: clk
Path Type: max

Fanout         Cap        Slew       Delay        Time   Description
---------------------------------------------------------------------------------------------
                                  0.000000    0.000000   clock clk (rise edge)
                                  0.000000    0.000000   clock source latency
     2    0.157459    0.537694    0.429212    0.429212 ^ clk (in)
                                                         clk (net)
                      0.571537    0.000000    0.429212 ^ clkbuf_regs_0_clk/A (sky130_fd_sc_hd__clkbuf_16)
     1    0.008638    0.038950    0.134933    0.564145 ^ clkbuf_regs_0_clk/X (sky130_fd_sc_hd__clkbuf_16)
                                                         clk_regs (net)
                      0.038950    0.000284    0.564429 ^ clkbuf_0_clk_regs/A (sky130_fd_sc_hd__clkbuf_16)
     8    0.079104    0.073558    0.125878    0.690307 ^ clkbuf_0_clk_regs/X (sky130_fd_sc_hd__clkbuf_16)
                                                         clknet_0_clk_regs (net)
                      0.073743    0.003078    0.693385 ^ clkbuf_3_0_0_clk_regs/A (sky130_fd_sc_hd__clkbuf_8)
     2    0.018319    0.036012    0.102900    0.796286 ^ clkbuf_3_0_0_clk_regs/X (sky130_fd_sc_hd__clkbuf_8)
                                                         clknet_3_0_0_clk_regs (net)
                      0.036015    0.000381    0.796666 ^ clkbuf_4_1__f_clk_regs/A (sky130_fd_sc_hd__clkbuf_16)
     9    0.035385    0.041843    0.100551    0.897218 ^ clkbuf_4_1__f_clk_regs/X (sky130_fd_sc_hd__clkbuf_16)
                                                         clknet_4_1__leaf_clk_regs (net)
                      0.041850    0.000848    0.898066 ^ _1573_/CLK (sky130_fd_sc_hd__dfstp_4)
    14    0.156525    0.294040    0.589875    1.487941 ^ _1573_/Q (sky130_fd_sc_hd__dfstp_4)
                                                         u_top.dataMemory.clear_active (net)
                      0.294260    0.007131    1.495072 ^ _1699_/A (sky130_fd_sc_hd__buf_2)
     3    0.023091    0.090502    0.156738    1.651811 ^ _1699_/X (sky130_fd_sc_hd__buf_2)
                                                         _0660_ (net)
                      0.090506    0.000763    1.652574 ^ _1082_/A (sky130_fd_sc_hd__inv_2)
     7    0.064803    0.103801    0.107188    1.759761 v _1082_/Y (sky130_fd_sc_hd__inv_2)
                                                         _0433_ (net)
                      0.103831    0.001566    1.761328 v _1220_/A (sky130_fd_sc_hd__nor2_2)
     2    0.013373    0.121381    0.152299    1.913626 ^ _1220_/Y (sky130_fd_sc_hd__nor2_2)
                                                         _0682_ (net)
                      0.121383    0.000467    1.914093 ^ fanout41/A (sky130_fd_sc_hd__buf_2)
    10    0.092010    0.336099    0.304271    2.218364 ^ fanout41/X (sky130_fd_sc_hd__buf_2)
                                                         net41 (net)
                      0.339035    0.026642    2.245005 ^ _1221_/A (sky130_fd_sc_hd__inv_2)
     1    0.002017    0.043470   -0.009914    2.235091 v _1221_/Y (sky130_fd_sc_hd__inv_2)
                                                         _0681_ (net)
                      0.043470    0.000059    2.235151 v _1859_/A (sky130_fd_sc_hd__buf_2)
     2    0.017225    0.037850    0.106115    2.341266 v _1859_/X (sky130_fd_sc_hd__buf_2)
                                                         u_top.dataMemory.s0_csb0 (net)
                      0.050474    0.000492    2.341757 v u_top.dataMemory.sram_even_words/web0 (sky130_sram_2kbyte_1rw1r_32x512_8)
                                              2.341757   data arrival time

                                 10.000000   10.000000   clock clk (rise edge)
                                  0.000000   10.000000   clock source latency
     2    0.157459    0.537694    0.391421   10.391421 ^ clk (in)
                                                         clk (net)
                      0.573756    0.000000   10.391421 ^ clkbuf_0_clk/A (sky130_fd_sc_hd__clkbuf_16)
     2    0.043414    0.060361    0.146404   10.537826 ^ clkbuf_0_clk/X (sky130_fd_sc_hd__clkbuf_16)
                                                         clknet_0_clk (net)
                      0.060908    0.005552   10.543377 ^ clkbuf_1_0__f_clk/A (sky130_fd_sc_hd__clkbuf_16)
     2    0.125447    0.099176    0.127205   10.670582 ^ clkbuf_1_0__f_clk/X (sky130_fd_sc_hd__clkbuf_16)
                                                         clknet_1_0__leaf_clk (net)
                      0.182698    0.044674   10.715256 ^ u_top.dataMemory.sram_even_words/clk0 (sky130_sram_2kbyte_1rw1r_32x512_8)
                                 -0.100000   10.615255   clock uncertainty
                                  0.000000   10.615255   clock reconvergence pessimism
                                 -0.103000   10.512256   library setup time
                                             10.512256   data required time
---------------------------------------------------------------------------------------------
                                             10.512256   data required time
                                             -2.341757   data arrival time
---------------------------------------------------------------------------------------------
                                              8.170498   slack (MET)


Startpoint: _1573_ (rising edge-triggered flip-flop clocked by clk)
Endpoint: u_top.dataMemory.sram_even_words
          (falling edge-triggered flip-flop clocked by clk)
Path Group: clk
Path Type: max

Fanout         Cap        Slew       Delay        Time   Description
---------------------------------------------------------------------------------------------
                                  0.000000    0.000000   clock clk (rise edge)
                                  0.000000    0.000000   clock source latency
     2    0.157459    0.537694    0.429212    0.429212 ^ clk (in)
                                                         clk (net)
                      0.571537    0.000000    0.429212 ^ clkbuf_regs_0_clk/A (sky130_fd_sc_hd__clkbuf_16)
     1    0.008638    0.038950    0.134933    0.564145 ^ clkbuf_regs_0_clk/X (sky130_fd_sc_hd__clkbuf_16)
                                                         clk_regs (net)
                      0.038950    0.000284    0.564429 ^ clkbuf_0_clk_regs/A (sky130_fd_sc_hd__clkbuf_16)
     8    0.079104    0.073558    0.125878    0.690307 ^ clkbuf_0_clk_regs/X (sky130_fd_sc_hd__clkbuf_16)
                                                         clknet_0_clk_regs (net)
                      0.073743    0.003078    0.693385 ^ clkbuf_3_0_0_clk_regs/A (sky130_fd_sc_hd__clkbuf_8)
     2    0.018319    0.036012    0.102900    0.796286 ^ clkbuf_3_0_0_clk_regs/X (sky130_fd_sc_hd__clkbuf_8)
                                                         clknet_3_0_0_clk_regs (net)
                      0.036015    0.000381    0.796666 ^ clkbuf_4_1__f_clk_regs/A (sky130_fd_sc_hd__clkbuf_16)
     9    0.035385    0.041843    0.100551    0.897218 ^ clkbuf_4_1__f_clk_regs/X (sky130_fd_sc_hd__clkbuf_16)
                                                         clknet_4_1__leaf_clk_regs (net)
                      0.041850    0.000848    0.898066 ^ _1573_/CLK (sky130_fd_sc_hd__dfstp_4)
    14    0.156525    0.294040    0.589875    1.487941 ^ _1573_/Q (sky130_fd_sc_hd__dfstp_4)
                                                         u_top.dataMemory.clear_active (net)
                      0.294260    0.007131    1.495072 ^ _1699_/A (sky130_fd_sc_hd__buf_2)
     3    0.023091    0.090502    0.156738    1.651811 ^ _1699_/X (sky130_fd_sc_hd__buf_2)
                                                         _0660_ (net)
                      0.090506    0.000763    1.652574 ^ _1082_/A (sky130_fd_sc_hd__inv_2)
     7    0.064803    0.103801    0.107188    1.759761 v _1082_/Y (sky130_fd_sc_hd__inv_2)
                                                         _0433_ (net)
                      0.103831    0.001566    1.761328 v _1220_/A (sky130_fd_sc_hd__nor2_2)
     2    0.013373    0.121381    0.152299    1.913626 ^ _1220_/Y (sky130_fd_sc_hd__nor2_2)
                                                         _0682_ (net)
                      0.121383    0.000467    1.914093 ^ fanout41/A (sky130_fd_sc_hd__buf_2)
    10    0.092010    0.336099    0.304271    2.218364 ^ fanout41/X (sky130_fd_sc_hd__buf_2)
                                                         net41 (net)
                      0.339035    0.026642    2.245005 ^ _1221_/A (sky130_fd_sc_hd__inv_2)
     1    0.002017    0.043470   -0.009914    2.235091 v _1221_/Y (sky130_fd_sc_hd__inv_2)
                                                         _0681_ (net)
                      0.043470    0.000059    2.235151 v _1859_/A (sky130_fd_sc_hd__buf_2)
     2    0.017225    0.037850    0.106115    2.341266 v _1859_/X (sky130_fd_sc_hd__buf_2)
                                                         u_top.dataMemory.s0_csb0 (net)
                      0.050473    0.000469    2.341735 v u_top.dataMemory.sram_even_words/csb0 (sky130_sram_2kbyte_1rw1r_32x512_8)
                                              2.341735   data arrival time

                                 10.000000   10.000000   clock clk (rise edge)
                                  0.000000   10.000000   clock source latency
     2    0.157459    0.537694    0.391421   10.391421 ^ clk (in)
                                                         clk (net)
                      0.573756    0.000000   10.391421 ^ clkbuf_0_clk/A (sky130_fd_sc_hd__clkbuf_16)
     2    0.043414    0.060361    0.146404   10.537826 ^ clkbuf_0_clk/X (sky130_fd_sc_hd__clkbuf_16)
                                                         clknet_0_clk (net)
                      0.060908    0.005552   10.543377 ^ clkbuf_1_0__f_clk/A (sky130_fd_sc_hd__clkbuf_16)
     2    0.125447    0.099176    0.127205   10.670582 ^ clkbuf_1_0__f_clk/X (sky130_fd_sc_hd__clkbuf_16)
                                                         clknet_1_0__leaf_clk (net)
                      0.182698    0.044674   10.715256 ^ u_top.dataMemory.sram_even_words/clk0 (sky130_sram_2kbyte_1rw1r_32x512_8)
                                 -0.100000   10.615255   clock uncertainty
                                  0.000000   10.615255   clock reconvergence pessimism
                                 -0.103000   10.512256   library setup time
                                             10.512256   data required time
---------------------------------------------------------------------------------------------
                                             10.512256   data required time
                                             -2.341735   data arrival time
---------------------------------------------------------------------------------------------
                                              8.170521   slack (MET)


Startpoint: _1562_ (rising edge-triggered flip-flop clocked by clk)
Endpoint: _1569_ (rising edge-triggered flip-flop clocked by clk)
Path Group: clk
Path Type: max

Fanout         Cap        Slew       Delay        Time   Description
---------------------------------------------------------------------------------------------
                                  0.000000    0.000000   clock clk (rise edge)
                                  0.000000    0.000000   clock source latency
     2    0.157459    0.537694    0.429212    0.429212 ^ clk (in)
                                                         clk (net)
                      0.571537    0.000000    0.429212 ^ clkbuf_regs_0_clk/A (sky130_fd_sc_hd__clkbuf_16)
     1    0.008638    0.038950    0.134933    0.564145 ^ clkbuf_regs_0_clk/X (sky130_fd_sc_hd__clkbuf_16)
                                                         clk_regs (net)
                      0.038950    0.000284    0.564429 ^ clkbuf_0_clk_regs/A (sky130_fd_sc_hd__clkbuf_16)
     8    0.079104    0.073558    0.125878    0.690307 ^ clkbuf_0_clk_regs/X (sky130_fd_sc_hd__clkbuf_16)
                                                         clknet_0_clk_regs (net)
                      0.073728    0.002954    0.693261 ^ clkbuf_3_2_0_clk_regs/A (sky130_fd_sc_hd__clkbuf_8)
     2    0.019079    0.036888    0.103659    0.796920 ^ clkbuf_3_2_0_clk_regs/X (sky130_fd_sc_hd__clkbuf_8)
                                                         clknet_3_2_0_clk_regs (net)
                      0.036897    0.000585    0.797504 ^ clkbuf_4_4__f_clk_regs/A (sky130_fd_sc_hd__clkbuf_16)
     9    0.030036    0.038118    0.097610    0.895114 ^ clkbuf_4_4__f_clk_regs/X (sky130_fd_sc_hd__clkbuf_16)
                                                         clknet_4_4__leaf_clk_regs (net)
                      0.038122    0.000455    0.895569 ^ _1562_/CLK (sky130_fd_sc_hd__dfrtp_2)
     1    0.002622    0.026991    0.248454    1.144023 v _1562_/Q (sky130_fd_sc_hd__dfrtp_2)
                                                         u_top.dataMemory.clear_word[0] (net)
                      0.026991    0.000078    1.144101 v _1719_/A (sky130_fd_sc_hd__buf_2)
     2    0.008145    0.025128    0.084180    1.228281 v _1719_/X (sky130_fd_sc_hd__buf_2)
                                                         _0662_ (net)
                      0.025128    0.000186    1.228467 v fanout59/A (sky130_fd_sc_hd__buf_1)
    10    0.037482    0.148524    0.162217    1.390684 v fanout59/X (sky130_fd_sc_hd__buf_1)
                                                         net59 (net)
                      0.148574    0.001399    1.392084 v _1092_/D (sky130_fd_sc_hd__and4_2)
     5    0.019083    0.054965    0.236638    1.628721 v _1092_/X (sky130_fd_sc_hd__and4_2)
                                                         _0442_ (net)
                      0.054980    0.000888    1.629610 v _1095_/C (sky130_fd_sc_hd__and3_2)
     5    0.016508    0.050051    0.174932    1.804542 v _1095_/X (sky130_fd_sc_hd__and3_2)
                                                         _0445_ (net)
                      0.050052    0.000335    1.804877 v _1098_/C (sky130_fd_sc_hd__and3_2)
     4    0.014677    0.047622    0.169934    1.974811 v _1098_/X (sky130_fd_sc_hd__and3_2)
                                                         _0448_ (net)
                      0.047640    0.000452    1.975263 v _1101_/A4 (sky130_fd_sc_hd__a41o_2)
     2    0.006472    0.035274    0.191528    2.166790 v _1101_/X (sky130_fd_sc_hd__a41o_2)
                                                         _0451_ (net)
                      0.035274    0.000163    2.166953 v fanout22/A (sky130_fd_sc_hd__buf_1)
    10    0.038201    0.150684    0.169911    2.336864 v fanout22/X (sky130_fd_sc_hd__buf_1)
                                                         net22 (net)
                      0.150685    0.000636    2.337501 v _1110_/B1 (sky130_fd_sc_hd__a32o_2)
     1    0.003477    0.025494    0.138110    2.475611 v _1110_/X (sky130_fd_sc_hd__a32o_2)
                                                         _0428_ (net)
                      0.025494    0.000125    2.475736 v _1706_/A (sky130_fd_sc_hd__buf_2)
     1    0.003025    0.017278    0.072959    2.548695 v _1706_/X (sky130_fd_sc_hd__buf_2)
                                                         _1077_ (net)
                      0.017278    0.000092    2.548787 v _1569_/D (sky130_fd_sc_hd__dfrtp_2)
                                              2.548787   data arrival time

                                 10.000000   10.000000   clock clk (rise edge)
                                  0.000000   10.000000   clock source latency
     2    0.157459    0.537694    0.388335   10.388335 ^ clk (in)
                                                         clk (net)
                      0.571537    0.000000   10.388335 ^ clkbuf_regs_0_clk/A (sky130_fd_sc_hd__clkbuf_16)
     1    0.008638    0.038950    0.122082   10.510417 ^ clkbuf_regs_0_clk/X (sky130_fd_sc_hd__clkbuf_16)
                                                         clk_regs (net)
                      0.038950    0.000258   10.510674 ^ clkbuf_0_clk_regs/A (sky130_fd_sc_hd__clkbuf_16)
     8    0.079104    0.073558    0.113889   10.624564 ^ clkbuf_0_clk_regs/X (sky130_fd_sc_hd__clkbuf_16)
                                                         clknet_0_clk_regs (net)
                      0.073728    0.002673   10.627236 ^ clkbuf_3_2_0_clk_regs/A (sky130_fd_sc_hd__clkbuf_8)
     2    0.019079    0.036888    0.093786   10.721023 ^ clkbuf_3_2_0_clk_regs/X (sky130_fd_sc_hd__clkbuf_8)
                                                         clknet_3_2_0_clk_regs (net)
                      0.036897    0.000529   10.721552 ^ clkbuf_4_4__f_clk_regs/A (sky130_fd_sc_hd__clkbuf_16)
     9    0.030036    0.038118    0.088313   10.809865 ^ clkbuf_4_4__f_clk_regs/X (sky130_fd_sc_hd__clkbuf_16)
                                                         clknet_4_4__leaf_clk_regs (net)
                      0.038138    0.000739   10.810604 ^ _1569_/CLK (sky130_fd_sc_hd__dfrtp_2)
                                 -0.100000   10.710605   clock uncertainty
                                  0.085249   10.795854   clock reconvergence pessimism
                                 -0.067818   10.728036   library setup time
                                             10.728036   data required time
---------------------------------------------------------------------------------------------
                                             10.728036   data required time
                                             -2.548787   data arrival time
---------------------------------------------------------------------------------------------
                                              8.179249   slack (MET)


Startpoint: _1562_ (rising edge-triggered flip-flop clocked by clk)
Endpoint: _1568_ (rising edge-triggered flip-flop clocked by clk)
Path Group: clk
Path Type: max

Fanout         Cap        Slew       Delay        Time   Description
---------------------------------------------------------------------------------------------
                                  0.000000    0.000000   clock clk (rise edge)
                                  0.000000    0.000000   clock source latency
     2    0.157459    0.537694    0.429212    0.429212 ^ clk (in)
                                                         clk (net)
                      0.571537    0.000000    0.429212 ^ clkbuf_regs_0_clk/A (sky130_fd_sc_hd__clkbuf_16)
     1    0.008638    0.038950    0.134933    0.564145 ^ clkbuf_regs_0_clk/X (sky130_fd_sc_hd__clkbuf_16)
                                                         clk_regs (net)
                      0.038950    0.000284    0.564429 ^ clkbuf_0_clk_regs/A (sky130_fd_sc_hd__clkbuf_16)
     8    0.079104    0.073558    0.125878    0.690307 ^ clkbuf_0_clk_regs/X (sky130_fd_sc_hd__clkbuf_16)
                                                         clknet_0_clk_regs (net)
                      0.073728    0.002954    0.693261 ^ clkbuf_3_2_0_clk_regs/A (sky130_fd_sc_hd__clkbuf_8)
     2    0.019079    0.036888    0.103659    0.796920 ^ clkbuf_3_2_0_clk_regs/X (sky130_fd_sc_hd__clkbuf_8)
                                                         clknet_3_2_0_clk_regs (net)
                      0.036897    0.000585    0.797504 ^ clkbuf_4_4__f_clk_regs/A (sky130_fd_sc_hd__clkbuf_16)
     9    0.030036    0.038118    0.097610    0.895114 ^ clkbuf_4_4__f_clk_regs/X (sky130_fd_sc_hd__clkbuf_16)
                                                         clknet_4_4__leaf_clk_regs (net)
                      0.038122    0.000455    0.895569 ^ _1562_/CLK (sky130_fd_sc_hd__dfrtp_2)
     1    0.002622    0.026991    0.248454    1.144023 v _1562_/Q (sky130_fd_sc_hd__dfrtp_2)
                                                         u_top.dataMemory.clear_word[0] (net)
                      0.026991    0.000078    1.144101 v _1719_/A (sky130_fd_sc_hd__buf_2)
     2    0.008145    0.025128    0.084180    1.228281 v _1719_/X (sky130_fd_sc_hd__buf_2)
                                                         _0662_ (net)
                      0.025128    0.000186    1.228467 v fanout59/A (sky130_fd_sc_hd__buf_1)
    10    0.037482    0.148524    0.162217    1.390684 v fanout59/X (sky130_fd_sc_hd__buf_1)
                                                         net59 (net)
                      0.148574    0.001399    1.392084 v _1092_/D (sky130_fd_sc_hd__and4_2)
     5    0.019083    0.054965    0.236638    1.628721 v _1092_/X (sky130_fd_sc_hd__and4_2)
                                                         _0442_ (net)
                      0.054980    0.000888    1.629610 v _1095_/C (sky130_fd_sc_hd__and3_2)
     5    0.016508    0.050051    0.174932    1.804542 v _1095_/X (sky130_fd_sc_hd__and3_2)
                                                         _0445_ (net)
                      0.050052    0.000335    1.804877 v _1098_/C (sky130_fd_sc_hd__and3_2)
     4    0.014677    0.047622    0.169934    1.974811 v _1098_/X (sky130_fd_sc_hd__and3_2)
                                                         _0448_ (net)
                      0.047640    0.000452    1.975263 v _1101_/A4 (sky130_fd_sc_hd__a41o_2)
     2    0.006472    0.035274    0.191528    2.166790 v _1101_/X (sky130_fd_sc_hd__a41o_2)
                                                         _0451_ (net)
                      0.035274    0.000163    2.166953 v fanout22/A (sky130_fd_sc_hd__buf_1)
    10    0.038201    0.150684    0.169911    2.336864 v fanout22/X (sky130_fd_sc_hd__buf_1)
                                                         net22 (net)
                      0.150686    0.000708    2.337572 v _1112_/B1 (sky130_fd_sc_hd__a32o_2)
     1    0.002364    0.023361    0.135046    2.472618 v _1112_/X (sky130_fd_sc_hd__a32o_2)
                                                         _0427_ (net)
                      0.023361    0.000071    2.472690 v _1708_/A (sky130_fd_sc_hd__buf_2)
     1    0.002509    0.016467    0.070714    2.543404 v _1708_/X (sky130_fd_sc_hd__buf_2)
                                                         _1076_ (net)
                      0.016467    0.000075    2.543478 v _1568_/D (sky130_fd_sc_hd__dfrtp_2)
                                              2.543478   data arrival time

                                 10.000000   10.000000   clock clk (rise edge)
                                  0.000000   10.000000   clock source latency
     2    0.157459    0.537694    0.388335   10.388335 ^ clk (in)
                                                         clk (net)
                      0.571537    0.000000   10.388335 ^ clkbuf_regs_0_clk/A (sky130_fd_sc_hd__clkbuf_16)
     1    0.008638    0.038950    0.122082   10.510417 ^ clkbuf_regs_0_clk/X (sky130_fd_sc_hd__clkbuf_16)
                                                         clk_regs (net)
                      0.038950    0.000258   10.510674 ^ clkbuf_0_clk_regs/A (sky130_fd_sc_hd__clkbuf_16)
     8    0.079104    0.073558    0.113889   10.624564 ^ clkbuf_0_clk_regs/X (sky130_fd_sc_hd__clkbuf_16)
                                                         clknet_0_clk_regs (net)
                      0.073728    0.002673   10.627236 ^ clkbuf_3_2_0_clk_regs/A (sky130_fd_sc_hd__clkbuf_8)
     2    0.019079    0.036888    0.093786   10.721023 ^ clkbuf_3_2_0_clk_regs/X (sky130_fd_sc_hd__clkbuf_8)
                                                         clknet_3_2_0_clk_regs (net)
                      0.036897    0.000529   10.721552 ^ clkbuf_4_4__f_clk_regs/A (sky130_fd_sc_hd__clkbuf_16)
     9    0.030036    0.038118    0.088313   10.809865 ^ clkbuf_4_4__f_clk_regs/X (sky130_fd_sc_hd__clkbuf_16)
                                                         clknet_4_4__leaf_clk_regs (net)
                      0.038139    0.000765   10.810630 ^ _1568_/CLK (sky130_fd_sc_hd__dfrtp_2)
                                 -0.100000   10.710630   clock uncertainty
                                  0.085249   10.795879   clock reconvergence pessimism
                                 -0.067529   10.728351   library setup time
                                             10.728351   data required time
---------------------------------------------------------------------------------------------
                                             10.728351   data required time
                                             -2.543478   data arrival time
---------------------------------------------------------------------------------------------
                                              8.184873   slack (MET)


Startpoint: _1562_ (rising edge-triggered flip-flop clocked by clk)
Endpoint: _1570_ (rising edge-triggered flip-flop clocked by clk)
Path Group: clk
Path Type: max

Fanout         Cap        Slew       Delay        Time   Description
---------------------------------------------------------------------------------------------
                                  0.000000    0.000000   clock clk (rise edge)
                                  0.000000    0.000000   clock source latency
     2    0.157459    0.537694    0.429212    0.429212 ^ clk (in)
                                                         clk (net)
                      0.571537    0.000000    0.429212 ^ clkbuf_regs_0_clk/A (sky130_fd_sc_hd__clkbuf_16)
     1    0.008638    0.038950    0.134933    0.564145 ^ clkbuf_regs_0_clk/X (sky130_fd_sc_hd__clkbuf_16)
                                                         clk_regs (net)
                      0.038950    0.000284    0.564429 ^ clkbuf_0_clk_regs/A (sky130_fd_sc_hd__clkbuf_16)
     8    0.079104    0.073558    0.125878    0.690307 ^ clkbuf_0_clk_regs/X (sky130_fd_sc_hd__clkbuf_16)
                                                         clknet_0_clk_regs (net)
                      0.073728    0.002954    0.693261 ^ clkbuf_3_2_0_clk_regs/A (sky130_fd_sc_hd__clkbuf_8)
     2    0.019079    0.036888    0.103659    0.796920 ^ clkbuf_3_2_0_clk_regs/X (sky130_fd_sc_hd__clkbuf_8)
                                                         clknet_3_2_0_clk_regs (net)
                      0.036897    0.000585    0.797504 ^ clkbuf_4_4__f_clk_regs/A (sky130_fd_sc_hd__clkbuf_16)
     9    0.030036    0.038118    0.097610    0.895114 ^ clkbuf_4_4__f_clk_regs/X (sky130_fd_sc_hd__clkbuf_16)
                                                         clknet_4_4__leaf_clk_regs (net)
                      0.038122    0.000455    0.895569 ^ _1562_/CLK (sky130_fd_sc_hd__dfrtp_2)
     1    0.002622    0.026991    0.248454    1.144023 v _1562_/Q (sky130_fd_sc_hd__dfrtp_2)
                                                         u_top.dataMemory.clear_word[0] (net)
                      0.026991    0.000078    1.144101 v _1719_/A (sky130_fd_sc_hd__buf_2)
     2    0.008145    0.025128    0.084180    1.228281 v _1719_/X (sky130_fd_sc_hd__buf_2)
                                                         _0662_ (net)
                      0.025128    0.000186    1.228467 v fanout59/A (sky130_fd_sc_hd__buf_1)
    10    0.037482    0.148524    0.162217    1.390684 v fanout59/X (sky130_fd_sc_hd__buf_1)
                                                         net59 (net)
                      0.148574    0.001399    1.392084 v _1092_/D (sky130_fd_sc_hd__and4_2)
     5    0.019083    0.054965    0.236638    1.628721 v _1092_/X (sky130_fd_sc_hd__and4_2)
                                                         _0442_ (net)
                      0.054980    0.000888    1.629610 v _1095_/C (sky130_fd_sc_hd__and3_2)
     5    0.016508    0.050051    0.174932    1.804542 v _1095_/X (sky130_fd_sc_hd__and3_2)
                                                         _0445_ (net)
                      0.050052    0.000335    1.804877 v _1098_/C (sky130_fd_sc_hd__and3_2)
     4    0.014677    0.047622    0.169934    1.974811 v _1098_/X (sky130_fd_sc_hd__and3_2)
                                                         _0448_ (net)
                      0.047640    0.000452    1.975263 v _1101_/A4 (sky130_fd_sc_hd__a41o_2)
     2    0.006472    0.035274    0.191528    2.166790 v _1101_/X (sky130_fd_sc_hd__a41o_2)
                                                         _0451_ (net)
                      0.035274    0.000163    2.166953 v fanout22/A (sky130_fd_sc_hd__buf_1)
    10    0.038201    0.150684    0.169911    2.336864 v fanout22/X (sky130_fd_sc_hd__buf_1)
                                                         net22 (net)
                      0.150685    0.000490    2.337355 v _1107_/B1 (sky130_fd_sc_hd__a32o_2)
     1    0.002033    0.022732    0.134130    2.471484 v _1107_/X (sky130_fd_sc_hd__a32o_2)
                                                         _0429_ (net)
                      0.022732    0.000062    2.471546 v _1704_/A (sky130_fd_sc_hd__buf_2)
     1    0.002660    0.016706    0.070860    2.542406 v _1704_/X (sky130_fd_sc_hd__buf_2)
                                                         _1078_ (net)
                      0.016706    0.000084    2.542490 v _1570_/D (sky130_fd_sc_hd__dfrtp_2)
                                              2.542490   data arrival time

                                 10.000000   10.000000   clock clk (rise edge)
                                  0.000000   10.000000   clock source latency
     2    0.157459    0.537694    0.388335   10.388335 ^ clk (in)
                                                         clk (net)
                      0.571537    0.000000   10.388335 ^ clkbuf_regs_0_clk/A (sky130_fd_sc_hd__clkbuf_16)
     1    0.008638    0.038950    0.122082   10.510417 ^ clkbuf_regs_0_clk/X (sky130_fd_sc_hd__clkbuf_16)
                                                         clk_regs (net)
                      0.038950    0.000258   10.510674 ^ clkbuf_0_clk_regs/A (sky130_fd_sc_hd__clkbuf_16)
     8    0.079104    0.073558    0.113889   10.624564 ^ clkbuf_0_clk_regs/X (sky130_fd_sc_hd__clkbuf_16)
                                                         clknet_0_clk_regs (net)
                      0.073728    0.002673   10.627236 ^ clkbuf_3_2_0_clk_regs/A (sky130_fd_sc_hd__clkbuf_8)
     2    0.019079    0.036888    0.093786   10.721023 ^ clkbuf_3_2_0_clk_regs/X (sky130_fd_sc_hd__clkbuf_8)
                                                         clknet_3_2_0_clk_regs (net)
                      0.036897    0.000529   10.721552 ^ clkbuf_4_4__f_clk_regs/A (sky130_fd_sc_hd__clkbuf_16)
     9    0.030036    0.038118    0.088313   10.809865 ^ clkbuf_4_4__f_clk_regs/X (sky130_fd_sc_hd__clkbuf_16)
                                                         clknet_4_4__leaf_clk_regs (net)
                      0.038136    0.000712   10.810577 ^ _1570_/CLK (sky130_fd_sc_hd__dfrtp_2)
                                 -0.100000   10.710578   clock uncertainty
                                  0.085249   10.795827   clock reconvergence pessimism
                                 -0.067614   10.728212   library setup time
                                             10.728212   data required time
---------------------------------------------------------------------------------------------
                                             10.728212   data required time
                                             -2.542490   data arrival time
---------------------------------------------------------------------------------------------
                                              8.185722   slack (MET)


Startpoint: reset (input port clocked by clk)
Endpoint: _1569_ (recovery check against rising-edge clock clk)
Path Group: asynchronous
Path Type: max

Fanout         Cap        Slew       Delay        Time   Description
---------------------------------------------------------------------------------------------
                                  0.000000    0.000000   clock clk (rise edge)
                                  0.000000    0.000000   clock network delay (propagated)
                                  2.000000    2.000000 v input external delay
     3    0.122154    0.188630    0.167624    2.167624 v reset (in)
                                                         reset (net)
                      0.230176    0.000000    2.167624 v _1826_/A (sky130_fd_sc_hd__buf_2)
     5    0.036234    0.069349    0.201628    2.369252 v _1826_/X (sky130_fd_sc_hd__buf_2)
                                                         _0629_ (net)
                      0.069479    0.002763    2.372016 v fanout71/A (sky130_fd_sc_hd__buf_2)
    10    0.058332    0.096690    0.168602    2.540618 v fanout71/X (sky130_fd_sc_hd__buf_2)
                                                         net71 (net)
                      0.096871    0.003307    2.543925 v _1439_/A (sky130_fd_sc_hd__inv_2)
     1    0.002402    0.027388    0.046664    2.590589 ^ _1439_/Y (sky130_fd_sc_hd__inv_2)
                                                         _0298_ (net)
                      0.027388    0.000051    2.590641 ^ _1990_/A (sky130_fd_sc_hd__buf_2)
     1    0.004398    0.024033    0.065021    2.655661 ^ _1990_/X (sky130_fd_sc_hd__buf_2)
                                                         _0884_ (net)
                      0.024033    0.000097    2.655759 ^ _1569_/RESET_B (sky130_fd_sc_hd__dfrtp_2)
                                              2.655759   data arrival time

                                 10.000000   10.000000   clock clk (rise edge)
                                  0.000000   10.000000   clock source latency
     2    0.157459    0.537694    0.388335   10.388335 ^ clk (in)
                                                         clk (net)
                      0.571537    0.000000   10.388335 ^ clkbuf_regs_0_clk/A (sky130_fd_sc_hd__clkbuf_16)
     1    0.008638    0.038950    0.122082   10.510417 ^ clkbuf_regs_0_clk/X (sky130_fd_sc_hd__clkbuf_16)
                                                         clk_regs (net)
                      0.038950    0.000258   10.510674 ^ clkbuf_0_clk_regs/A (sky130_fd_sc_hd__clkbuf_16)
     8    0.079104    0.073558    0.113889   10.624564 ^ clkbuf_0_clk_regs/X (sky130_fd_sc_hd__clkbuf_16)
                                                         clknet_0_clk_regs (net)
                      0.073728    0.002673   10.627236 ^ clkbuf_3_2_0_clk_regs/A (sky130_fd_sc_hd__clkbuf_8)
     2    0.019079    0.036888    0.093786   10.721023 ^ clkbuf_3_2_0_clk_regs/X (sky130_fd_sc_hd__clkbuf_8)
                                                         clknet_3_2_0_clk_regs (net)
                      0.036897    0.000529   10.721552 ^ clkbuf_4_4__f_clk_regs/A (sky130_fd_sc_hd__clkbuf_16)
     9    0.030036    0.038118    0.088313   10.809865 ^ clkbuf_4_4__f_clk_regs/X (sky130_fd_sc_hd__clkbuf_16)
                                                         clknet_4_4__leaf_clk_regs (net)
                      0.038138    0.000739   10.810604 ^ _1569_/CLK (sky130_fd_sc_hd__dfrtp_2)
                                 -0.100000   10.710605   clock uncertainty
                                  0.000000   10.710605   clock reconvergence pessimism
                                  0.136582   10.847186   library recovery time
                                             10.847186   data required time
---------------------------------------------------------------------------------------------
                                             10.847186   data required time
                                             -2.655759   data arrival time
---------------------------------------------------------------------------------------------
                                              8.191427   slack (MET)


Startpoint: _1573_ (rising edge-triggered flip-flop clocked by clk)
Endpoint: u_top.dataMemory.sram_odd_words
          (falling edge-triggered flip-flop clocked by clk)
Path Group: clk
Path Type: max

Fanout         Cap        Slew       Delay        Time   Description
---------------------------------------------------------------------------------------------
                                  0.000000    0.000000   clock clk (rise edge)
                                  0.000000    0.000000   clock source latency
     2    0.157459    0.537694    0.429212    0.429212 ^ clk (in)
                                                         clk (net)
                      0.571537    0.000000    0.429212 ^ clkbuf_regs_0_clk/A (sky130_fd_sc_hd__clkbuf_16)
     1    0.008638    0.038950    0.134933    0.564145 ^ clkbuf_regs_0_clk/X (sky130_fd_sc_hd__clkbuf_16)
                                                         clk_regs (net)
                      0.038950    0.000284    0.564429 ^ clkbuf_0_clk_regs/A (sky130_fd_sc_hd__clkbuf_16)
     8    0.079104    0.073558    0.125878    0.690307 ^ clkbuf_0_clk_regs/X (sky130_fd_sc_hd__clkbuf_16)
                                                         clknet_0_clk_regs (net)
                      0.073743    0.003078    0.693385 ^ clkbuf_3_0_0_clk_regs/A (sky130_fd_sc_hd__clkbuf_8)
     2    0.018319    0.036012    0.102900    0.796286 ^ clkbuf_3_0_0_clk_regs/X (sky130_fd_sc_hd__clkbuf_8)
                                                         clknet_3_0_0_clk_regs (net)
                      0.036015    0.000381    0.796666 ^ clkbuf_4_1__f_clk_regs/A (sky130_fd_sc_hd__clkbuf_16)
     9    0.035385    0.041843    0.100551    0.897218 ^ clkbuf_4_1__f_clk_regs/X (sky130_fd_sc_hd__clkbuf_16)
                                                         clknet_4_1__leaf_clk_regs (net)
                      0.041850    0.000848    0.898066 ^ _1573_/CLK (sky130_fd_sc_hd__dfstp_4)
    14    0.156525    0.294040    0.589875    1.487941 ^ _1573_/Q (sky130_fd_sc_hd__dfstp_4)
                                                         u_top.dataMemory.clear_active (net)
                      0.294260    0.007131    1.495072 ^ _1699_/A (sky130_fd_sc_hd__buf_2)
     3    0.023091    0.090502    0.156738    1.651811 ^ _1699_/X (sky130_fd_sc_hd__buf_2)
                                                         _0660_ (net)
                      0.090506    0.000763    1.652574 ^ _1082_/A (sky130_fd_sc_hd__inv_2)
     7    0.064803    0.103801    0.107188    1.759761 v _1082_/Y (sky130_fd_sc_hd__inv_2)
                                                         _0433_ (net)
                      0.103814    0.001054    1.760815 v _1222_/A (sky130_fd_sc_hd__nor2_2)
     1    0.005936    0.071001    0.110637    1.871452 ^ _1222_/Y (sky130_fd_sc_hd__nor2_2)
                                                         _0683_ (net)
                      0.071002    0.000247    1.871699 ^ _1840_/A (sky130_fd_sc_hd__buf_2)
     1    0.004990    0.026489    0.079150    1.950850 ^ _1840_/X (sky130_fd_sc_hd__buf_2)
                                                         u_top.dataMemory.s1_addr0[0] (net)
                      0.026491    0.000212    1.951062 ^ wire23/A (sky130_fd_sc_hd__clkdlybuf4s25_1)
     1    0.003096    0.033740    0.165869    2.116931 ^ wire23/X (sky130_fd_sc_hd__clkdlybuf4s25_1)
                                                         net23 (net)
                      0.033740    0.000095    2.117026 ^ wire195/A (sky130_fd_sc_hd__clkdlybuf4s25_1)
     1    0.009067    0.075938    0.200427    2.317453 ^ wire195/X (sky130_fd_sc_hd__clkdlybuf4s25_1)
                                                         net194 (net)
                      0.101251    0.000290    2.317743 ^ u_top.dataMemory.sram_odd_words/addr0[0] (sky130_sram_2kbyte_1rw1r_32x512_8)
                                              2.317743   data arrival time

                                 10.000000   10.000000   clock clk (rise edge)
                                  0.000000   10.000000   clock source latency
     2    0.157459    0.537694    0.391421   10.391421 ^ clk (in)
                                                         clk (net)
                      0.573756    0.000000   10.391421 ^ clkbuf_0_clk/A (sky130_fd_sc_hd__clkbuf_16)
     2    0.043414    0.060361    0.146404   10.537826 ^ clkbuf_0_clk/X (sky130_fd_sc_hd__clkbuf_16)
                                                         clknet_0_clk (net)
                      0.060891    0.005477   10.543302 ^ clkbuf_1_1__f_clk/A (sky130_fd_sc_hd__clkbuf_16)
     2    0.153688    0.127973    0.149739   10.693041 ^ clkbuf_1_1__f_clk/X (sky130_fd_sc_hd__clkbuf_16)
                                                         clknet_1_1__leaf_clk (net)
                      0.179483    0.021478   10.714519 ^ u_top.dataMemory.sram_odd_words/clk0 (sky130_sram_2kbyte_1rw1r_32x512_8)
                                 -0.100000   10.614518   clock uncertainty
                                  0.000000   10.614518   clock reconvergence pessimism
                                 -0.103000   10.511518   library setup time
                                             10.511518   data required time
---------------------------------------------------------------------------------------------
                                             10.511518   data required time
                                             -2.317743   data arrival time
---------------------------------------------------------------------------------------------
                                              8.193775   slack (MET)


Startpoint: reset (input port clocked by clk)
Endpoint: _1568_ (recovery check against rising-edge clock clk)
Path Group: asynchronous
Path Type: max

Fanout         Cap        Slew       Delay        Time   Description
---------------------------------------------------------------------------------------------
                                  0.000000    0.000000   clock clk (rise edge)
                                  0.000000    0.000000   clock network delay (propagated)
                                  2.000000    2.000000 v input external delay
     3    0.122154    0.188630    0.167624    2.167624 v reset (in)
                                                         reset (net)
                      0.230176    0.000000    2.167624 v _1826_/A (sky130_fd_sc_hd__buf_2)
     5    0.036234    0.069349    0.201628    2.369252 v _1826_/X (sky130_fd_sc_hd__buf_2)
                                                         _0629_ (net)
                      0.069479    0.002763    2.372016 v fanout71/A (sky130_fd_sc_hd__buf_2)
    10    0.058332    0.096690    0.168602    2.540618 v fanout71/X (sky130_fd_sc_hd__buf_2)
                                                         net71 (net)
                      0.096877    0.003372    2.543989 v _1438_/A (sky130_fd_sc_hd__inv_2)
     1    0.002021    0.026297    0.044943    2.588932 ^ _1438_/Y (sky130_fd_sc_hd__inv_2)
                                                         _0297_ (net)
                      0.026297    0.000040    2.588973 ^ _1989_/A (sky130_fd_sc_hd__buf_2)
     1    0.004128    0.023173    0.063857    2.652830 ^ _1989_/X (sky130_fd_sc_hd__buf_2)
                                                         _0883_ (net)
                      0.023173    0.000053    2.652883 ^ _1568_/RESET_B (sky130_fd_sc_hd__dfrtp_2)
                                              2.652883   data arrival time

                                 10.000000   10.000000   clock clk (rise edge)
                                  0.000000   10.000000   clock source latency
     2    0.157459    0.537694    0.388335   10.388335 ^ clk (in)
                                                         clk (net)
                      0.571537    0.000000   10.388335 ^ clkbuf_regs_0_clk/A (sky130_fd_sc_hd__clkbuf_16)
     1    0.008638    0.038950    0.122082   10.510417 ^ clkbuf_regs_0_clk/X (sky130_fd_sc_hd__clkbuf_16)
                                                         clk_regs (net)
                      0.038950    0.000258   10.510674 ^ clkbuf_0_clk_regs/A (sky130_fd_sc_hd__clkbuf_16)
     8    0.079104    0.073558    0.113889   10.624564 ^ clkbuf_0_clk_regs/X (sky130_fd_sc_hd__clkbuf_16)
                                                         clknet_0_clk_regs (net)
                      0.073728    0.002673   10.627236 ^ clkbuf_3_2_0_clk_regs/A (sky130_fd_sc_hd__clkbuf_8)
     2    0.019079    0.036888    0.093786   10.721023 ^ clkbuf_3_2_0_clk_regs/X (sky130_fd_sc_hd__clkbuf_8)
                                                         clknet_3_2_0_clk_regs (net)
                      0.036897    0.000529   10.721552 ^ clkbuf_4_4__f_clk_regs/A (sky130_fd_sc_hd__clkbuf_16)
     9    0.030036    0.038118    0.088313   10.809865 ^ clkbuf_4_4__f_clk_regs/X (sky130_fd_sc_hd__clkbuf_16)
                                                         clknet_4_4__leaf_clk_regs (net)
                      0.038139    0.000765   10.810630 ^ _1568_/CLK (sky130_fd_sc_hd__dfrtp_2)
                                 -0.100000   10.710630   clock uncertainty
                                  0.000000   10.710630   clock reconvergence pessimism
                                  0.136803   10.847432   library recovery time
                                             10.847432   data required time
---------------------------------------------------------------------------------------------
                                             10.847432   data required time
                                             -2.652883   data arrival time
---------------------------------------------------------------------------------------------
                                              8.194550   slack (MET)


Startpoint: reset (input port clocked by clk)
Endpoint: _1571_ (recovery check against rising-edge clock clk)
Path Group: asynchronous
Path Type: max

Fanout         Cap        Slew       Delay        Time   Description
---------------------------------------------------------------------------------------------
                                  0.000000    0.000000   clock clk (rise edge)
                                  0.000000    0.000000   clock network delay (propagated)
                                  2.000000    2.000000 v input external delay
     3    0.122154    0.188630    0.167624    2.167624 v reset (in)
                                                         reset (net)
                      0.230176    0.000000    2.167624 v _1826_/A (sky130_fd_sc_hd__buf_2)
     5    0.036234    0.069349    0.201628    2.369252 v _1826_/X (sky130_fd_sc_hd__buf_2)
                                                         _0629_ (net)
                      0.069479    0.002763    2.372016 v fanout71/A (sky130_fd_sc_hd__buf_2)
    10    0.058332    0.096690    0.168602    2.540618 v fanout71/X (sky130_fd_sc_hd__buf_2)
                                                         net71 (net)
                      0.096881    0.003414    2.544032 v _1441_/A (sky130_fd_sc_hd__inv_2)
     1    0.002105    0.026539    0.045315    2.589347 ^ _1441_/Y (sky130_fd_sc_hd__inv_2)
                                                         _0300_ (net)
                      0.026539    0.000064    2.589411 ^ _1992_/A (sky130_fd_sc_hd__buf_2)
     1    0.003931    0.022547    0.063312    2.652723 ^ _1992_/X (sky130_fd_sc_hd__buf_2)
                                                         _0886_ (net)
                      0.022547    0.000082    2.652805 ^ _1571_/RESET_B (sky130_fd_sc_hd__dfrtp_2)
                                              2.652805   data arrival time

                                 10.000000   10.000000   clock clk (rise edge)
                                  0.000000   10.000000   clock source latency
     2    0.157459    0.537694    0.388335   10.388335 ^ clk (in)
                                                         clk (net)
                      0.571537    0.000000   10.388335 ^ clkbuf_regs_0_clk/A (sky130_fd_sc_hd__clkbuf_16)
     1    0.008638    0.038950    0.122082   10.510417 ^ clkbuf_regs_0_clk/X (sky130_fd_sc_hd__clkbuf_16)
                                                         clk_regs (net)
                      0.038950    0.000258   10.510674 ^ clkbuf_0_clk_regs/A (sky130_fd_sc_hd__clkbuf_16)
     8    0.079104    0.073558    0.113889   10.624564 ^ clkbuf_0_clk_regs/X (sky130_fd_sc_hd__clkbuf_16)
                                                         clknet_0_clk_regs (net)
                      0.073728    0.002673   10.627236 ^ clkbuf_3_2_0_clk_regs/A (sky130_fd_sc_hd__clkbuf_8)
     2    0.019079    0.036888    0.093786   10.721023 ^ clkbuf_3_2_0_clk_regs/X (sky130_fd_sc_hd__clkbuf_8)
                                                         clknet_3_2_0_clk_regs (net)
                      0.036897    0.000529   10.721552 ^ clkbuf_4_4__f_clk_regs/A (sky130_fd_sc_hd__clkbuf_16)
     9    0.030036    0.038118    0.088313   10.809865 ^ clkbuf_4_4__f_clk_regs/X (sky130_fd_sc_hd__clkbuf_16)
                                                         clknet_4_4__leaf_clk_regs (net)
                      0.038135    0.000688   10.810554 ^ _1571_/CLK (sky130_fd_sc_hd__dfrtp_2)
                                 -0.100000   10.710553   clock uncertainty
                                  0.000000   10.710553   clock reconvergence pessimism
                                  0.136962   10.847516   library recovery time
                                             10.847516   data required time
---------------------------------------------------------------------------------------------
                                             10.847516   data required time
                                             -2.652805   data arrival time
---------------------------------------------------------------------------------------------
                                              8.194711   slack (MET)


Startpoint: reset (input port clocked by clk)
Endpoint: _1565_ (recovery check against rising-edge clock clk)
Path Group: asynchronous
Path Type: max

Fanout         Cap        Slew       Delay        Time   Description
---------------------------------------------------------------------------------------------
                                  0.000000    0.000000   clock clk (rise edge)
                                  0.000000    0.000000   clock network delay (propagated)
                                  2.000000    2.000000 v input external delay
     3    0.122154    0.188630    0.167624    2.167624 v reset (in)
                                                         reset (net)
                      0.230176    0.000000    2.167624 v _1826_/A (sky130_fd_sc_hd__buf_2)
     5    0.036234    0.069349    0.201628    2.369252 v _1826_/X (sky130_fd_sc_hd__buf_2)
                                                         _0629_ (net)
                      0.069479    0.002763    2.372016 v fanout71/A (sky130_fd_sc_hd__buf_2)
    10    0.058332    0.096690    0.168602    2.540618 v fanout71/X (sky130_fd_sc_hd__buf_2)
                                                         net71 (net)
                      0.096758    0.002463    2.543081 v _1435_/A (sky130_fd_sc_hd__inv_2)
     1    0.002746    0.028359    0.048179    2.591261 ^ _1435_/Y (sky130_fd_sc_hd__inv_2)
                                                         _0294_ (net)
                      0.028359    0.000087    2.591348 ^ _1986_/A (sky130_fd_sc_hd__buf_2)
     1    0.003876    0.022376    0.063721    2.655069 ^ _1986_/X (sky130_fd_sc_hd__buf_2)
                                                         _0880_ (net)
                      0.022376    0.000081    2.655149 ^ _1565_/RESET_B (sky130_fd_sc_hd__dfrtp_2)
                                              2.655149   data arrival time

                                 10.000000   10.000000   clock clk (rise edge)
                                  0.000000   10.000000   clock source latency
     2    0.157459    0.537694    0.388335   10.388335 ^ clk (in)
                                                         clk (net)
                      0.571537    0.000000   10.388335 ^ clkbuf_regs_0_clk/A (sky130_fd_sc_hd__clkbuf_16)
     1    0.008638    0.038950    0.122082   10.510417 ^ clkbuf_regs_0_clk/X (sky130_fd_sc_hd__clkbuf_16)
                                                         clk_regs (net)
                      0.038950    0.000258   10.510674 ^ clkbuf_0_clk_regs/A (sky130_fd_sc_hd__clkbuf_16)
     8    0.079104    0.073558    0.113889   10.624564 ^ clkbuf_0_clk_regs/X (sky130_fd_sc_hd__clkbuf_16)
                                                         clknet_0_clk_regs (net)
                      0.073743    0.002785   10.627349 ^ clkbuf_3_0_0_clk_regs/A (sky130_fd_sc_hd__clkbuf_8)
     2    0.018319    0.036012    0.093100   10.720448 ^ clkbuf_3_0_0_clk_regs/X (sky130_fd_sc_hd__clkbuf_8)
                                                         clknet_3_0_0_clk_regs (net)
                      0.036019    0.000455   10.720903 ^ clkbuf_4_0__f_clk_regs/A (sky130_fd_sc_hd__clkbuf_16)
     9    0.034417    0.041219    0.090552   10.811456 ^ clkbuf_4_0__f_clk_regs/X (sky130_fd_sc_hd__clkbuf_16)
                                                         clknet_4_0__leaf_clk_regs (net)
                      0.041233    0.000941   10.812398 ^ _1565_/CLK (sky130_fd_sc_hd__dfrtp_2)
                                 -0.100000   10.712398   clock uncertainty
                                  0.000000   10.712398   clock reconvergence pessimism
                                  0.137475   10.849873   library recovery time
                                             10.849873   data required time
---------------------------------------------------------------------------------------------
                                             10.849873   data required time
                                             -2.655149   data arrival time
---------------------------------------------------------------------------------------------
                                              8.194723   slack (MET)


Startpoint: reset (input port clocked by clk)
Endpoint: _1570_ (recovery check against rising-edge clock clk)
Path Group: asynchronous
Path Type: max

Fanout         Cap        Slew       Delay        Time   Description
---------------------------------------------------------------------------------------------
                                  0.000000    0.000000   clock clk (rise edge)
                                  0.000000    0.000000   clock network delay (propagated)
                                  2.000000    2.000000 v input external delay
     3    0.122154    0.188630    0.167624    2.167624 v reset (in)
                                                         reset (net)
                      0.230176    0.000000    2.167624 v _1826_/A (sky130_fd_sc_hd__buf_2)
     5    0.036234    0.069349    0.201628    2.369252 v _1826_/X (sky130_fd_sc_hd__buf_2)
                                                         _0629_ (net)
                      0.069479    0.002763    2.372016 v fanout71/A (sky130_fd_sc_hd__buf_2)
    10    0.058332    0.096690    0.168602    2.540618 v fanout71/X (sky130_fd_sc_hd__buf_2)
                                                         net71 (net)
                      0.096860    0.003190    2.543808 v _1440_/A (sky130_fd_sc_hd__inv_2)
     1    0.002115    0.026562    0.045360    2.589168 ^ _1440_/Y (sky130_fd_sc_hd__inv_2)
                                                         _0299_ (net)
                      0.026562    0.000043    2.589211 ^ _1991_/A (sky130_fd_sc_hd__buf_2)
     1    0.003980    0.022704    0.063472    2.652683 ^ _1991_/X (sky130_fd_sc_hd__buf_2)
                                                         _0885_ (net)
                      0.022704    0.000083    2.652766 ^ _1570_/RESET_B (sky130_fd_sc_hd__dfrtp_2)
                                              2.652766   data arrival time

                                 10.000000   10.000000   clock clk (rise edge)
                                  0.000000   10.000000   clock source latency
     2    0.157459    0.537694    0.388335   10.388335 ^ clk (in)
                                                         clk (net)
                      0.571537    0.000000   10.388335 ^ clkbuf_regs_0_clk/A (sky130_fd_sc_hd__clkbuf_16)
     1    0.008638    0.038950    0.122082   10.510417 ^ clkbuf_regs_0_clk/X (sky130_fd_sc_hd__clkbuf_16)
                                                         clk_regs (net)
                      0.038950    0.000258   10.510674 ^ clkbuf_0_clk_regs/A (sky130_fd_sc_hd__clkbuf_16)
     8    0.079104    0.073558    0.113889   10.624564 ^ clkbuf_0_clk_regs/X (sky130_fd_sc_hd__clkbuf_16)
                                                         clknet_0_clk_regs (net)
                      0.073728    0.002673   10.627236 ^ clkbuf_3_2_0_clk_regs/A (sky130_fd_sc_hd__clkbuf_8)
     2    0.019079    0.036888    0.093786   10.721023 ^ clkbuf_3_2_0_clk_regs/X (sky130_fd_sc_hd__clkbuf_8)
                                                         clknet_3_2_0_clk_regs (net)
                      0.036897    0.000529   10.721552 ^ clkbuf_4_4__f_clk_regs/A (sky130_fd_sc_hd__clkbuf_16)
     9    0.030036    0.038118    0.088313   10.809865 ^ clkbuf_4_4__f_clk_regs/X (sky130_fd_sc_hd__clkbuf_16)
                                                         clknet_4_4__leaf_clk_regs (net)
                      0.038136    0.000712   10.810577 ^ _1570_/CLK (sky130_fd_sc_hd__dfrtp_2)
                                 -0.100000   10.710578   clock uncertainty
                                  0.000000   10.710578   clock reconvergence pessimism
                                  0.136922   10.847500   library recovery time
                                             10.847500   data required time
---------------------------------------------------------------------------------------------
                                             10.847500   data required time
                                             -2.652766   data arrival time
---------------------------------------------------------------------------------------------
                                              8.194734   slack (MET)


Startpoint: reset (input port clocked by clk)
Endpoint: _1563_ (recovery check against rising-edge clock clk)
Path Group: asynchronous
Path Type: max

Fanout         Cap        Slew       Delay        Time   Description
---------------------------------------------------------------------------------------------
                                  0.000000    0.000000   clock clk (rise edge)
                                  0.000000    0.000000   clock network delay (propagated)
                                  2.000000    2.000000 v input external delay
     3    0.122154    0.188630    0.167624    2.167624 v reset (in)
                                                         reset (net)
                      0.230176    0.000000    2.167624 v _1826_/A (sky130_fd_sc_hd__buf_2)
     5    0.036234    0.069349    0.201628    2.369252 v _1826_/X (sky130_fd_sc_hd__buf_2)
                                                         _0629_ (net)
                      0.069479    0.002763    2.372016 v fanout71/A (sky130_fd_sc_hd__buf_2)
    10    0.058332    0.096690    0.168602    2.540618 v fanout71/X (sky130_fd_sc_hd__buf_2)
                                                         net71 (net)
                      0.096747    0.002276    2.542893 v _1433_/A (sky130_fd_sc_hd__inv_2)
     1    0.002603    0.027946    0.047532    2.590426 ^ _1433_/Y (sky130_fd_sc_hd__inv_2)
                                                         _0292_ (net)
                      0.027946    0.000081    2.590507 ^ _1984_/A (sky130_fd_sc_hd__buf_2)
     1    0.004099    0.023084    0.064276    2.654783 ^ _1984_/X (sky130_fd_sc_hd__buf_2)
                                                         _0878_ (net)
                      0.023084    0.000089    2.654871 ^ _1563_/RESET_B (sky130_fd_sc_hd__dfrtp_2)
                                              2.654871   data arrival time

                                 10.000000   10.000000   clock clk (rise edge)
                                  0.000000   10.000000   clock source latency
     2    0.157459    0.537694    0.388335   10.388335 ^ clk (in)
                                                         clk (net)
                      0.571537    0.000000   10.388335 ^ clkbuf_regs_0_clk/A (sky130_fd_sc_hd__clkbuf_16)
     1    0.008638    0.038950    0.122082   10.510417 ^ clkbuf_regs_0_clk/X (sky130_fd_sc_hd__clkbuf_16)
                                                         clk_regs (net)
                      0.038950    0.000258   10.510674 ^ clkbuf_0_clk_regs/A (sky130_fd_sc_hd__clkbuf_16)
     8    0.079104    0.073558    0.113889   10.624564 ^ clkbuf_0_clk_regs/X (sky130_fd_sc_hd__clkbuf_16)
                                                         clknet_0_clk_regs (net)
                      0.073743    0.002785   10.627349 ^ clkbuf_3_0_0_clk_regs/A (sky130_fd_sc_hd__clkbuf_8)
     2    0.018319    0.036012    0.093100   10.720448 ^ clkbuf_3_0_0_clk_regs/X (sky130_fd_sc_hd__clkbuf_8)
                                                         clknet_3_0_0_clk_regs (net)
                      0.036019    0.000455   10.720903 ^ clkbuf_4_0__f_clk_regs/A (sky130_fd_sc_hd__clkbuf_16)
     9    0.034417    0.041219    0.090552   10.811456 ^ clkbuf_4_0__f_clk_regs/X (sky130_fd_sc_hd__clkbuf_16)
                                                         clknet_4_0__leaf_clk_regs (net)
                      0.041229    0.000870   10.812326 ^ _1563_/CLK (sky130_fd_sc_hd__dfrtp_2)
                                 -0.100000   10.712326   clock uncertainty
                                  0.000000   10.712326   clock reconvergence pessimism
                                  0.137293   10.849620   library recovery time
                                             10.849620   data required time
---------------------------------------------------------------------------------------------
                                             10.849620   data required time
                                             -2.654871   data arrival time
---------------------------------------------------------------------------------------------
                                              8.194748   slack (MET)


Startpoint: reset (input port clocked by clk)
Endpoint: _1572_ (recovery check against rising-edge clock clk)
Path Group: asynchronous
Path Type: max

Fanout         Cap        Slew       Delay        Time   Description
---------------------------------------------------------------------------------------------
                                  0.000000    0.000000   clock clk (rise edge)
                                  0.000000    0.000000   clock network delay (propagated)
                                  2.000000    2.000000 v input external delay
     3    0.122154    0.188630    0.167624    2.167624 v reset (in)
                                                         reset (net)
                      0.230176    0.000000    2.167624 v _1826_/A (sky130_fd_sc_hd__buf_2)
     5    0.036234    0.069349    0.201628    2.369252 v _1826_/X (sky130_fd_sc_hd__buf_2)
                                                         _0629_ (net)
                      0.069479    0.002763    2.372016 v fanout71/A (sky130_fd_sc_hd__buf_2)
    10    0.058332    0.096690    0.168602    2.540618 v fanout71/X (sky130_fd_sc_hd__buf_2)
                                                         net71 (net)
                      0.096774    0.002706    2.543324 v _1442_/A (sky130_fd_sc_hd__inv_2)
     1    0.002289    0.027050    0.046119    2.589443 ^ _1442_/Y (sky130_fd_sc_hd__inv_2)
                                                         _0301_ (net)
                      0.027050    0.000069    2.589512 ^ _1993_/A (sky130_fd_sc_hd__buf_2)
     1    0.003811    0.022169    0.063105    2.652617 ^ _1993_/X (sky130_fd_sc_hd__buf_2)
                                                         _0887_ (net)
                      0.022169    0.000077    2.652695 ^ _1572_/RESET_B (sky130_fd_sc_hd__dfrtp_2)
                                              2.652695   data arrival time

                                 10.000000   10.000000   clock clk (rise edge)
                                  0.000000   10.000000   clock source latency
     2    0.157459    0.537694    0.388335   10.388335 ^ clk (in)
                                                         clk (net)
                      0.571537    0.000000   10.388335 ^ clkbuf_regs_0_clk/A (sky130_fd_sc_hd__clkbuf_16)
     1    0.008638    0.038950    0.122082   10.510417 ^ clkbuf_regs_0_clk/X (sky130_fd_sc_hd__clkbuf_16)
                                                         clk_regs (net)
                      0.038950    0.000258   10.510674 ^ clkbuf_0_clk_regs/A (sky130_fd_sc_hd__clkbuf_16)
     8    0.079104    0.073558    0.113889   10.624564 ^ clkbuf_0_clk_regs/X (sky130_fd_sc_hd__clkbuf_16)
                                                         clknet_0_clk_regs (net)
                      0.073728    0.002673   10.627236 ^ clkbuf_3_2_0_clk_regs/A (sky130_fd_sc_hd__clkbuf_8)
     2    0.019079    0.036888    0.093786   10.721023 ^ clkbuf_3_2_0_clk_regs/X (sky130_fd_sc_hd__clkbuf_8)
                                                         clknet_3_2_0_clk_regs (net)
                      0.036897    0.000529   10.721552 ^ clkbuf_4_4__f_clk_regs/A (sky130_fd_sc_hd__clkbuf_16)
     9    0.030036    0.038118    0.088313   10.809865 ^ clkbuf_4_4__f_clk_regs/X (sky130_fd_sc_hd__clkbuf_16)
                                                         clknet_4_4__leaf_clk_regs (net)
                      0.038127    0.000532   10.810397 ^ _1572_/CLK (sky130_fd_sc_hd__dfrtp_2)
                                 -0.100000   10.710398   clock uncertainty
                                  0.000000   10.710398   clock reconvergence pessimism
                                  0.137058   10.847456   library recovery time
                                             10.847456   data required time
---------------------------------------------------------------------------------------------
                                             10.847456   data required time
                                             -2.652695   data arrival time
---------------------------------------------------------------------------------------------
                                              8.194760   slack (MET)


Startpoint: reset (input port clocked by clk)
Endpoint: _1566_ (recovery check against rising-edge clock clk)
Path Group: asynchronous
Path Type: max

Fanout         Cap        Slew       Delay        Time   Description
---------------------------------------------------------------------------------------------
                                  0.000000    0.000000   clock clk (rise edge)
                                  0.000000    0.000000   clock network delay (propagated)
                                  2.000000    2.000000 v input external delay
     3    0.122154    0.188630    0.167624    2.167624 v reset (in)
                                                         reset (net)
                      0.230176    0.000000    2.167624 v _1826_/A (sky130_fd_sc_hd__buf_2)
     5    0.036234    0.069349    0.201628    2.369252 v _1826_/X (sky130_fd_sc_hd__buf_2)
                                                         _0629_ (net)
                      0.069479    0.002763    2.372016 v fanout71/A (sky130_fd_sc_hd__buf_2)
    10    0.058332    0.096690    0.168602    2.540618 v fanout71/X (sky130_fd_sc_hd__buf_2)
                                                         net71 (net)
                      0.096767    0.002606    2.543224 v _1436_/A (sky130_fd_sc_hd__inv_2)
     1    0.002347    0.027216    0.046383    2.589607 ^ _1436_/Y (sky130_fd_sc_hd__inv_2)
                                                         _0295_ (net)
                      0.027216    0.000070    2.589677 ^ _1987_/A (sky130_fd_sc_hd__buf_2)
     1    0.004162    0.023285    0.064256    2.653932 ^ _1987_/X (sky130_fd_sc_hd__buf_2)
                                                         _0881_ (net)
                      0.023285    0.000053    2.653985 ^ _1566_/RESET_B (sky130_fd_sc_hd__dfrtp_2)
                                              2.653985   data arrival time

                                 10.000000   10.000000   clock clk (rise edge)
                                  0.000000   10.000000   clock source latency
     2    0.157459    0.537694    0.388335   10.388335 ^ clk (in)
                                                         clk (net)
                      0.571537    0.000000   10.388335 ^ clkbuf_regs_0_clk/A (sky130_fd_sc_hd__clkbuf_16)
     1    0.008638    0.038950    0.122082   10.510417 ^ clkbuf_regs_0_clk/X (sky130_fd_sc_hd__clkbuf_16)
                                                         clk_regs (net)
                      0.038950    0.000258   10.510674 ^ clkbuf_0_clk_regs/A (sky130_fd_sc_hd__clkbuf_16)
     8    0.079104    0.073558    0.113889   10.624564 ^ clkbuf_0_clk_regs/X (sky130_fd_sc_hd__clkbuf_16)
                                                         clknet_0_clk_regs (net)
                      0.073743    0.002785   10.627349 ^ clkbuf_3_0_0_clk_regs/A (sky130_fd_sc_hd__clkbuf_8)
     2    0.018319    0.036012    0.093100   10.720448 ^ clkbuf_3_0_0_clk_regs/X (sky130_fd_sc_hd__clkbuf_8)
                                                         clknet_3_0_0_clk_regs (net)
                      0.036019    0.000455   10.720903 ^ clkbuf_4_0__f_clk_regs/A (sky130_fd_sc_hd__clkbuf_16)
     9    0.034417    0.041219    0.090552   10.811456 ^ clkbuf_4_0__f_clk_regs/X (sky130_fd_sc_hd__clkbuf_16)
                                                         clknet_4_0__leaf_clk_regs (net)
                      0.041238    0.001023   10.812479 ^ _1566_/CLK (sky130_fd_sc_hd__dfrtp_2)
                                 -0.100000   10.712480   clock uncertainty
                                  0.000000   10.712480   clock reconvergence pessimism
                                  0.137243   10.849722   library recovery time
                                             10.849722   data required time
---------------------------------------------------------------------------------------------
                                             10.849722   data required time
                                             -2.653985   data arrival time
---------------------------------------------------------------------------------------------
                                              8.195737   slack (MET)


Startpoint: reset (input port clocked by clk)
Endpoint: _1567_ (recovery check against rising-edge clock clk)
Path Group: asynchronous
Path Type: max

Fanout         Cap        Slew       Delay        Time   Description
---------------------------------------------------------------------------------------------
                                  0.000000    0.000000   clock clk (rise edge)
                                  0.000000    0.000000   clock network delay (propagated)
                                  2.000000    2.000000 v input external delay
     3    0.122154    0.188630    0.167624    2.167624 v reset (in)
                                                         reset (net)
                      0.230176    0.000000    2.167624 v _1826_/A (sky130_fd_sc_hd__buf_2)
     5    0.036234    0.069349    0.201628    2.369252 v _1826_/X (sky130_fd_sc_hd__buf_2)
                                                         _0629_ (net)
                      0.069479    0.002763    2.372016 v fanout71/A (sky130_fd_sc_hd__buf_2)
    10    0.058332    0.096690    0.168602    2.540618 v fanout71/X (sky130_fd_sc_hd__buf_2)
                                                         net71 (net)
                      0.096777    0.002748    2.543366 v _1437_/A (sky130_fd_sc_hd__inv_2)
     1    0.002090    0.026479    0.045229    2.588594 ^ _1437_/Y (sky130_fd_sc_hd__inv_2)
                                                         _0296_ (net)
                      0.026479    0.000042    2.588637 ^ _1988_/A (sky130_fd_sc_hd__buf_2)
     1    0.004097    0.023074    0.063804    2.652441 ^ _1988_/X (sky130_fd_sc_hd__buf_2)
                                                         _0882_ (net)
                      0.023074    0.000089    2.652530 ^ _1567_/RESET_B (sky130_fd_sc_hd__dfrtp_2)
                                              2.652530   data arrival time

                                 10.000000   10.000000   clock clk (rise edge)
                                  0.000000   10.000000   clock source latency
     2    0.157459    0.537694    0.388335   10.388335 ^ clk (in)
                                                         clk (net)
                      0.571537    0.000000   10.388335 ^ clkbuf_regs_0_clk/A (sky130_fd_sc_hd__clkbuf_16)
     1    0.008638    0.038950    0.122082   10.510417 ^ clkbuf_regs_0_clk/X (sky130_fd_sc_hd__clkbuf_16)
                                                         clk_regs (net)
                      0.038950    0.000258   10.510674 ^ clkbuf_0_clk_regs/A (sky130_fd_sc_hd__clkbuf_16)
     8    0.079104    0.073558    0.113889   10.624564 ^ clkbuf_0_clk_regs/X (sky130_fd_sc_hd__clkbuf_16)
                                                         clknet_0_clk_regs (net)
                      0.073743    0.002785   10.627349 ^ clkbuf_3_0_0_clk_regs/A (sky130_fd_sc_hd__clkbuf_8)
     2    0.018319    0.036012    0.093100   10.720448 ^ clkbuf_3_0_0_clk_regs/X (sky130_fd_sc_hd__clkbuf_8)
                                                         clknet_3_0_0_clk_regs (net)
                      0.036015    0.000345   10.720794 ^ clkbuf_4_1__f_clk_regs/A (sky130_fd_sc_hd__clkbuf_16)
     9    0.035385    0.041843    0.090975   10.811769 ^ clkbuf_4_1__f_clk_regs/X (sky130_fd_sc_hd__clkbuf_16)
                                                         clknet_4_1__leaf_clk_regs (net)
                      0.041898    0.001423   10.813191 ^ _1567_/CLK (sky130_fd_sc_hd__dfrtp_2)
                                 -0.100000   10.713192   clock uncertainty
                                  0.000000   10.713192   clock reconvergence pessimism
                                  0.137397   10.850588   library recovery time
                                             10.850588   data required time
---------------------------------------------------------------------------------------------
                                             10.850588   data required time
                                             -2.652530   data arrival time
---------------------------------------------------------------------------------------------
                                              8.198057   slack (MET)


Startpoint: _1562_ (rising edge-triggered flip-flop clocked by clk)
Endpoint: _1572_ (rising edge-triggered flip-flop clocked by clk)
Path Group: clk
Path Type: max

Fanout         Cap        Slew       Delay        Time   Description
---------------------------------------------------------------------------------------------
                                  0.000000    0.000000   clock clk (rise edge)
                                  0.000000    0.000000   clock source latency
     2    0.157459    0.537694    0.429212    0.429212 ^ clk (in)
                                                         clk (net)
                      0.571537    0.000000    0.429212 ^ clkbuf_regs_0_clk/A (sky130_fd_sc_hd__clkbuf_16)
     1    0.008638    0.038950    0.134933    0.564145 ^ clkbuf_regs_0_clk/X (sky130_fd_sc_hd__clkbuf_16)
                                                         clk_regs (net)
                      0.038950    0.000284    0.564429 ^ clkbuf_0_clk_regs/A (sky130_fd_sc_hd__clkbuf_16)
     8    0.079104    0.073558    0.125878    0.690307 ^ clkbuf_0_clk_regs/X (sky130_fd_sc_hd__clkbuf_16)
                                                         clknet_0_clk_regs (net)
                      0.073728    0.002954    0.693261 ^ clkbuf_3_2_0_clk_regs/A (sky130_fd_sc_hd__clkbuf_8)
     2    0.019079    0.036888    0.103659    0.796920 ^ clkbuf_3_2_0_clk_regs/X (sky130_fd_sc_hd__clkbuf_8)
                                                         clknet_3_2_0_clk_regs (net)
                      0.036897    0.000585    0.797504 ^ clkbuf_4_4__f_clk_regs/A (sky130_fd_sc_hd__clkbuf_16)
     9    0.030036    0.038118    0.097610    0.895114 ^ clkbuf_4_4__f_clk_regs/X (sky130_fd_sc_hd__clkbuf_16)
                                                         clknet_4_4__leaf_clk_regs (net)
                      0.038122    0.000455    0.895569 ^ _1562_/CLK (sky130_fd_sc_hd__dfrtp_2)
     1    0.002622    0.026991    0.248454    1.144023 v _1562_/Q (sky130_fd_sc_hd__dfrtp_2)
                                                         u_top.dataMemory.clear_word[0] (net)
                      0.026991    0.000078    1.144101 v _1719_/A (sky130_fd_sc_hd__buf_2)
     2    0.008145    0.025128    0.084180    1.228281 v _1719_/X (sky130_fd_sc_hd__buf_2)
                                                         _0662_ (net)
                      0.025128    0.000186    1.228467 v fanout59/A (sky130_fd_sc_hd__buf_1)
    10    0.037482    0.148524    0.162217    1.390684 v fanout59/X (sky130_fd_sc_hd__buf_1)
                                                         net59 (net)
                      0.148574    0.001399    1.392084 v _1092_/D (sky130_fd_sc_hd__and4_2)
     5    0.019083    0.054965    0.236638    1.628721 v _1092_/X (sky130_fd_sc_hd__and4_2)
                                                         _0442_ (net)
                      0.054980    0.000888    1.629610 v _1095_/C (sky130_fd_sc_hd__and3_2)
     5    0.016508    0.050051    0.174932    1.804542 v _1095_/X (sky130_fd_sc_hd__and3_2)
                                                         _0445_ (net)
                      0.050052    0.000335    1.804877 v _1098_/C (sky130_fd_sc_hd__and3_2)
     4    0.014677    0.047622    0.169934    1.974811 v _1098_/X (sky130_fd_sc_hd__and3_2)
                                                         _0448_ (net)
                      0.047640    0.000452    1.975263 v _1101_/A4 (sky130_fd_sc_hd__a41o_2)
     2    0.006472    0.035274    0.191528    2.166790 v _1101_/X (sky130_fd_sc_hd__a41o_2)
                                                         _0451_ (net)
                      0.035274    0.000163    2.166953 v fanout22/A (sky130_fd_sc_hd__buf_1)
    10    0.038201    0.150684    0.169911    2.336864 v fanout22/X (sky130_fd_sc_hd__buf_1)
                                                         net22 (net)
                      0.150686    0.000719    2.337583 v _1102_/B1 (sky130_fd_sc_hd__o21a_2)
     1    0.002125    0.024271    0.120394    2.457977 v _1102_/X (sky130_fd_sc_hd__o21a_2)
                                                         _0431_ (net)
                      0.024271    0.000063    2.458040 v _1700_/A (sky130_fd_sc_hd__buf_2)
     1    0.002743    0.016836    0.071706    2.529746 v _1700_/X (sky130_fd_sc_hd__buf_2)
                                                         _1080_ (net)
                      0.016836    0.000086    2.529832 v _1572_/D (sky130_fd_sc_hd__dfrtp_2)
                                              2.529832   data arrival time

                                 10.000000   10.000000   clock clk (rise edge)
                                  0.000000   10.000000   clock source latency
     2    0.157459    0.537694    0.388335   10.388335 ^ clk (in)
                                                         clk (net)
                      0.571537    0.000000   10.388335 ^ clkbuf_regs_0_clk/A (sky130_fd_sc_hd__clkbuf_16)
     1    0.008638    0.038950    0.122082   10.510417 ^ clkbuf_regs_0_clk/X (sky130_fd_sc_hd__clkbuf_16)
                                                         clk_regs (net)
                      0.038950    0.000258   10.510674 ^ clkbuf_0_clk_regs/A (sky130_fd_sc_hd__clkbuf_16)
     8    0.079104    0.073558    0.113889   10.624564 ^ clkbuf_0_clk_regs/X (sky130_fd_sc_hd__clkbuf_16)
                                                         clknet_0_clk_regs (net)
                      0.073728    0.002673   10.627236 ^ clkbuf_3_2_0_clk_regs/A (sky130_fd_sc_hd__clkbuf_8)
     2    0.019079    0.036888    0.093786   10.721023 ^ clkbuf_3_2_0_clk_regs/X (sky130_fd_sc_hd__clkbuf_8)
                                                         clknet_3_2_0_clk_regs (net)
                      0.036897    0.000529   10.721552 ^ clkbuf_4_4__f_clk_regs/A (sky130_fd_sc_hd__clkbuf_16)
     9    0.030036    0.038118    0.088313   10.809865 ^ clkbuf_4_4__f_clk_regs/X (sky130_fd_sc_hd__clkbuf_16)
                                                         clknet_4_4__leaf_clk_regs (net)
                      0.038127    0.000532   10.810397 ^ _1572_/CLK (sky130_fd_sc_hd__dfrtp_2)
                                 -0.100000   10.710398   clock uncertainty
                                  0.085249   10.795647   clock reconvergence pessimism
                                 -0.067662   10.727985   library setup time
                                             10.727985   data required time
---------------------------------------------------------------------------------------------
                                             10.727985   data required time
                                             -2.529832   data arrival time
---------------------------------------------------------------------------------------------
                                              8.198153   slack (MET)


Startpoint: reset (input port clocked by clk)
Endpoint: _1564_ (recovery check against rising-edge clock clk)
Path Group: asynchronous
Path Type: max

Fanout         Cap        Slew       Delay        Time   Description
---------------------------------------------------------------------------------------------
                                  0.000000    0.000000   clock clk (rise edge)
                                  0.000000    0.000000   clock network delay (propagated)
                                  2.000000    2.000000 v input external delay
     3    0.122154    0.188630    0.167624    2.167624 v reset (in)
                                                         reset (net)
                      0.230176    0.000000    2.167624 v _1826_/A (sky130_fd_sc_hd__buf_2)
     5    0.036234    0.069349    0.201628    2.369252 v _1826_/X (sky130_fd_sc_hd__buf_2)
                                                         _0629_ (net)
                      0.069479    0.002763    2.372016 v fanout71/A (sky130_fd_sc_hd__buf_2)
    10    0.058332    0.096690    0.168602    2.540618 v fanout71/X (sky130_fd_sc_hd__buf_2)
                                                         net71 (net)
                      0.096707    0.001365    2.541983 v _1434_/A (sky130_fd_sc_hd__inv_2)
     1    0.002177    0.026719    0.045599    2.587582 ^ _1434_/Y (sky130_fd_sc_hd__inv_2)
                                                         _0293_ (net)
                      0.026719    0.000064    2.587646 ^ _1985_/A (sky130_fd_sc_hd__buf_2)
     1    0.003968    0.022667    0.063486    2.651132 ^ _1985_/X (sky130_fd_sc_hd__buf_2)
                                                         _0879_ (net)
                      0.022667    0.000084    2.651216 ^ _1564_/RESET_B (sky130_fd_sc_hd__dfrtp_2)
                                              2.651216   data arrival time

                                 10.000000   10.000000   clock clk (rise edge)
                                  0.000000   10.000000   clock source latency
     2    0.157459    0.537694    0.388335   10.388335 ^ clk (in)
                                                         clk (net)
                      0.571537    0.000000   10.388335 ^ clkbuf_regs_0_clk/A (sky130_fd_sc_hd__clkbuf_16)
     1    0.008638    0.038950    0.122082   10.510417 ^ clkbuf_regs_0_clk/X (sky130_fd_sc_hd__clkbuf_16)
                                                         clk_regs (net)
                      0.038950    0.000258   10.510674 ^ clkbuf_0_clk_regs/A (sky130_fd_sc_hd__clkbuf_16)
     8    0.079104    0.073558    0.113889   10.624564 ^ clkbuf_0_clk_regs/X (sky130_fd_sc_hd__clkbuf_16)
                                                         clknet_0_clk_regs (net)
                      0.073743    0.002785   10.627349 ^ clkbuf_3_0_0_clk_regs/A (sky130_fd_sc_hd__clkbuf_8)
     2    0.018319    0.036012    0.093100   10.720448 ^ clkbuf_3_0_0_clk_regs/X (sky130_fd_sc_hd__clkbuf_8)
                                                         clknet_3_0_0_clk_regs (net)
                      0.036015    0.000345   10.720794 ^ clkbuf_4_1__f_clk_regs/A (sky130_fd_sc_hd__clkbuf_16)
     9    0.035385    0.041843    0.090975   10.811769 ^ clkbuf_4_1__f_clk_regs/X (sky130_fd_sc_hd__clkbuf_16)
                                                         clknet_4_1__leaf_clk_regs (net)
                      0.041875    0.001152   10.812921 ^ _1564_/CLK (sky130_fd_sc_hd__dfrtp_2)
                                 -0.100000   10.712920   clock uncertainty
                                  0.000000   10.712920   clock reconvergence pessimism
                                  0.137498   10.850419   library recovery time
                                             10.850419   data required time
---------------------------------------------------------------------------------------------
                                             10.850419   data required time
                                             -2.651216   data arrival time
---------------------------------------------------------------------------------------------
                                              8.199203   slack (MET)


Startpoint: _1573_ (rising edge-triggered flip-flop clocked by clk)
Endpoint: u_top.dataMemory.sram_odd_words
          (falling edge-triggered flip-flop clocked by clk)
Path Group: clk
Path Type: max

Fanout         Cap        Slew       Delay        Time   Description
---------------------------------------------------------------------------------------------
                                  0.000000    0.000000   clock clk (rise edge)
                                  0.000000    0.000000   clock source latency
     2    0.157459    0.537694    0.429212    0.429212 ^ clk (in)
                                                         clk (net)
                      0.571537    0.000000    0.429212 ^ clkbuf_regs_0_clk/A (sky130_fd_sc_hd__clkbuf_16)
     1    0.008638    0.038950    0.134933    0.564145 ^ clkbuf_regs_0_clk/X (sky130_fd_sc_hd__clkbuf_16)
                                                         clk_regs (net)
                      0.038950    0.000284    0.564429 ^ clkbuf_0_clk_regs/A (sky130_fd_sc_hd__clkbuf_16)
     8    0.079104    0.073558    0.125878    0.690307 ^ clkbuf_0_clk_regs/X (sky130_fd_sc_hd__clkbuf_16)
                                                         clknet_0_clk_regs (net)
                      0.073743    0.003078    0.693385 ^ clkbuf_3_0_0_clk_regs/A (sky130_fd_sc_hd__clkbuf_8)
     2    0.018319    0.036012    0.102900    0.796286 ^ clkbuf_3_0_0_clk_regs/X (sky130_fd_sc_hd__clkbuf_8)
                                                         clknet_3_0_0_clk_regs (net)
                      0.036015    0.000381    0.796666 ^ clkbuf_4_1__f_clk_regs/A (sky130_fd_sc_hd__clkbuf_16)
     9    0.035385    0.041843    0.100551    0.897218 ^ clkbuf_4_1__f_clk_regs/X (sky130_fd_sc_hd__clkbuf_16)
                                                         clknet_4_1__leaf_clk_regs (net)
                      0.041850    0.000848    0.898066 ^ _1573_/CLK (sky130_fd_sc_hd__dfstp_4)
    14    0.156525    0.294040    0.589875    1.487941 ^ _1573_/Q (sky130_fd_sc_hd__dfstp_4)
                                                         u_top.dataMemory.clear_active (net)
                      0.294260    0.007131    1.495072 ^ _1699_/A (sky130_fd_sc_hd__buf_2)
     3    0.023091    0.090502    0.156738    1.651811 ^ _1699_/X (sky130_fd_sc_hd__buf_2)
                                                         _0660_ (net)
                      0.090506    0.000766    1.652576 ^ fanout61/A (sky130_fd_sc_hd__clkdlybuf4s25_1)
    10    0.035110    0.265522    0.352671    2.005248 ^ fanout61/X (sky130_fd_sc_hd__clkdlybuf4s25_1)
                                                         net61 (net)
                      0.265525    0.001470    2.006718 ^ _1123_/A (sky130_fd_sc_hd__nand2_2)
     2    0.016733    0.090852    0.076530    2.083248 v _1123_/Y (sky130_fd_sc_hd__nand2_2)
                                                         _0692_ (net)
                      0.090858    0.000612    2.083859 v _1849_/A (sky130_fd_sc_hd__buf_2)
     2    0.020405    0.042623    0.130332    2.214192 v _1849_/X (sky130_fd_sc_hd__buf_2)
                                                         u_top.dataMemory.s1_csb0 (net)
                      0.056861    0.000958    2.215150 v u_top.dataMemory.sram_odd_words/web0 (sky130_sram_2kbyte_1rw1r_32x512_8)
                                              2.215150   data arrival time

                                 10.000000   10.000000   clock clk (rise edge)
                                  0.000000   10.000000   clock source latency
     2    0.157459    0.537694    0.391421   10.391421 ^ clk (in)
                                                         clk (net)
                      0.573756    0.000000   10.391421 ^ clkbuf_0_clk/A (sky130_fd_sc_hd__clkbuf_16)
     2    0.043414    0.060361    0.146404   10.537826 ^ clkbuf_0_clk/X (sky130_fd_sc_hd__clkbuf_16)
                                                         clknet_0_clk (net)
                      0.060891    0.005477   10.543302 ^ clkbuf_1_1__f_clk/A (sky130_fd_sc_hd__clkbuf_16)
     2    0.153688    0.127973    0.149739   10.693041 ^ clkbuf_1_1__f_clk/X (sky130_fd_sc_hd__clkbuf_16)
                                                         clknet_1_1__leaf_clk (net)
                      0.179483    0.021478   10.714519 ^ u_top.dataMemory.sram_odd_words/clk0 (sky130_sram_2kbyte_1rw1r_32x512_8)
                                 -0.100000   10.614518   clock uncertainty
                                  0.000000   10.614518   clock reconvergence pessimism
                                 -0.103000   10.511518   library setup time
                                             10.511518   data required time
---------------------------------------------------------------------------------------------
                                             10.511518   data required time
                                             -2.215150   data arrival time
---------------------------------------------------------------------------------------------
                                              8.296369   slack (MET)


Startpoint: _1573_ (rising edge-triggered flip-flop clocked by clk)
Endpoint: u_top.dataMemory.sram_odd_words
          (falling edge-triggered flip-flop clocked by clk)
Path Group: clk
Path Type: max

Fanout         Cap        Slew       Delay        Time   Description
---------------------------------------------------------------------------------------------
                                  0.000000    0.000000   clock clk (rise edge)
                                  0.000000    0.000000   clock source latency
     2    0.157459    0.537694    0.429212    0.429212 ^ clk (in)
                                                         clk (net)
                      0.571537    0.000000    0.429212 ^ clkbuf_regs_0_clk/A (sky130_fd_sc_hd__clkbuf_16)
     1    0.008638    0.038950    0.134933    0.564145 ^ clkbuf_regs_0_clk/X (sky130_fd_sc_hd__clkbuf_16)
                                                         clk_regs (net)
                      0.038950    0.000284    0.564429 ^ clkbuf_0_clk_regs/A (sky130_fd_sc_hd__clkbuf_16)
     8    0.079104    0.073558    0.125878    0.690307 ^ clkbuf_0_clk_regs/X (sky130_fd_sc_hd__clkbuf_16)
                                                         clknet_0_clk_regs (net)
                      0.073743    0.003078    0.693385 ^ clkbuf_3_0_0_clk_regs/A (sky130_fd_sc_hd__clkbuf_8)
     2    0.018319    0.036012    0.102900    0.796286 ^ clkbuf_3_0_0_clk_regs/X (sky130_fd_sc_hd__clkbuf_8)
                                                         clknet_3_0_0_clk_regs (net)
                      0.036015    0.000381    0.796666 ^ clkbuf_4_1__f_clk_regs/A (sky130_fd_sc_hd__clkbuf_16)
     9    0.035385    0.041843    0.100551    0.897218 ^ clkbuf_4_1__f_clk_regs/X (sky130_fd_sc_hd__clkbuf_16)
                                                         clknet_4_1__leaf_clk_regs (net)
                      0.041850    0.000848    0.898066 ^ _1573_/CLK (sky130_fd_sc_hd__dfstp_4)
    14    0.156525    0.294040    0.589875    1.487941 ^ _1573_/Q (sky130_fd_sc_hd__dfstp_4)
                                                         u_top.dataMemory.clear_active (net)
                      0.294260    0.007131    1.495072 ^ _1699_/A (sky130_fd_sc_hd__buf_2)
     3    0.023091    0.090502    0.156738    1.651811 ^ _1699_/X (sky130_fd_sc_hd__buf_2)
                                                         _0660_ (net)
                      0.090506    0.000766    1.652576 ^ fanout61/A (sky130_fd_sc_hd__clkdlybuf4s25_1)
    10    0.035110    0.265522    0.352671    2.005248 ^ fanout61/X (sky130_fd_sc_hd__clkdlybuf4s25_1)
                                                         net61 (net)
                      0.265525    0.001470    2.006718 ^ _1123_/A (sky130_fd_sc_hd__nand2_2)
     2    0.016733    0.090852    0.076530    2.083248 v _1123_/Y (sky130_fd_sc_hd__nand2_2)
                                                         _0692_ (net)
                      0.090858    0.000612    2.083859 v _1849_/A (sky130_fd_sc_hd__buf_2)
     2    0.020405    0.042623    0.130332    2.214192 v _1849_/X (sky130_fd_sc_hd__buf_2)
                                                         u_top.dataMemory.s1_csb0 (net)
                      0.056853    0.000828    2.215020 v u_top.dataMemory.sram_odd_words/csb0 (sky130_sram_2kbyte_1rw1r_32x512_8)
                                              2.215020   data arrival time

                                 10.000000   10.000000   clock clk (rise edge)
                                  0.000000   10.000000   clock source latency
     2    0.157459    0.537694    0.391421   10.391421 ^ clk (in)
                                                         clk (net)
                      0.573756    0.000000   10.391421 ^ clkbuf_0_clk/A (sky130_fd_sc_hd__clkbuf_16)
     2    0.043414    0.060361    0.146404   10.537826 ^ clkbuf_0_clk/X (sky130_fd_sc_hd__clkbuf_16)
                                                         clknet_0_clk (net)
                      0.060891    0.005477   10.543302 ^ clkbuf_1_1__f_clk/A (sky130_fd_sc_hd__clkbuf_16)
     2    0.153688    0.127973    0.149739   10.693041 ^ clkbuf_1_1__f_clk/X (sky130_fd_sc_hd__clkbuf_16)
                                                         clknet_1_1__leaf_clk (net)
                      0.179483    0.021478   10.714519 ^ u_top.dataMemory.sram_odd_words/clk0 (sky130_sram_2kbyte_1rw1r_32x512_8)
                                 -0.100000   10.614518   clock uncertainty
                                  0.000000   10.614518   clock reconvergence pessimism
                                 -0.103000   10.511518   library setup time
                                             10.511518   data required time
---------------------------------------------------------------------------------------------
                                             10.511518   data required time
                                             -2.215020   data arrival time
---------------------------------------------------------------------------------------------
                                              8.296498   slack (MET)


Startpoint: reset (input port clocked by clk)
Endpoint: _1573_ (recovery check against rising-edge clock clk)
Path Group: asynchronous
Path Type: max

Fanout         Cap        Slew       Delay        Time   Description
---------------------------------------------------------------------------------------------
                                  0.000000    0.000000   clock clk (rise edge)
                                  0.000000    0.000000   clock network delay (propagated)
                                  2.000000    2.000000 v input external delay
     3    0.122154    0.188630    0.167624    2.167624 v reset (in)
                                                         reset (net)
                      0.230176    0.000000    2.167624 v _1826_/A (sky130_fd_sc_hd__buf_2)
     5    0.036234    0.069349    0.201628    2.369252 v _1826_/X (sky130_fd_sc_hd__buf_2)
                                                         _0629_ (net)
                      0.069481    0.002781    2.372033 v _1443_/A (sky130_fd_sc_hd__inv_2)
     1    0.002459    0.023229    0.039903    2.411937 ^ _1443_/Y (sky130_fd_sc_hd__inv_2)
                                                         _0302_ (net)
                      0.023229    0.000054    2.411990 ^ _1994_/A (sky130_fd_sc_hd__buf_2)
     1    0.003798    0.022123    0.061855    2.473845 ^ _1994_/X (sky130_fd_sc_hd__buf_2)
                                                         _0888_ (net)
                      0.022123    0.000078    2.473922 ^ _1573_/SET_B (sky130_fd_sc_hd__dfstp_4)
                                              2.473922   data arrival time

                                 10.000000   10.000000   clock clk (rise edge)
                                  0.000000   10.000000   clock source latency
     2    0.157459    0.537694    0.388335   10.388335 ^ clk (in)
                                                         clk (net)
                      0.571537    0.000000   10.388335 ^ clkbuf_regs_0_clk/A (sky130_fd_sc_hd__clkbuf_16)
     1    0.008638    0.038950    0.122082   10.510417 ^ clkbuf_regs_0_clk/X (sky130_fd_sc_hd__clkbuf_16)
                                                         clk_regs (net)
                      0.038950    0.000258   10.510674 ^ clkbuf_0_clk_regs/A (sky130_fd_sc_hd__clkbuf_16)
     8    0.079104    0.073558    0.113889   10.624564 ^ clkbuf_0_clk_regs/X (sky130_fd_sc_hd__clkbuf_16)
                                                         clknet_0_clk_regs (net)
                      0.073743    0.002785   10.627349 ^ clkbuf_3_0_0_clk_regs/A (sky130_fd_sc_hd__clkbuf_8)
     2    0.018319    0.036012    0.093100   10.720448 ^ clkbuf_3_0_0_clk_regs/X (sky130_fd_sc_hd__clkbuf_8)
                                                         clknet_3_0_0_clk_regs (net)
                      0.036015    0.000345   10.720794 ^ clkbuf_4_1__f_clk_regs/A (sky130_fd_sc_hd__clkbuf_16)
     9    0.035385    0.041843    0.090975   10.811769 ^ clkbuf_4_1__f_clk_regs/X (sky130_fd_sc_hd__clkbuf_16)
                                                         clknet_4_1__leaf_clk_regs (net)
                      0.041850    0.000767   10.812536 ^ _1573_/CLK (sky130_fd_sc_hd__dfstp_4)
                                 -0.100000   10.712536   clock uncertainty
                                  0.000000   10.712536   clock reconvergence pessimism
                                  0.086588   10.799125   library recovery time
                                             10.799125   data required time
---------------------------------------------------------------------------------------------
                                             10.799125   data required time
                                             -2.473922   data arrival time
---------------------------------------------------------------------------------------------
                                              8.325202   slack (MET)


Startpoint: _1562_ (rising edge-triggered flip-flop clocked by clk)
Endpoint: _1571_ (rising edge-triggered flip-flop clocked by clk)
Path Group: clk
Path Type: max

Fanout         Cap        Slew       Delay        Time   Description
---------------------------------------------------------------------------------------------
                                  0.000000    0.000000   clock clk (rise edge)
                                  0.000000    0.000000   clock source latency
     2    0.157459    0.537694    0.429212    0.429212 ^ clk (in)
                                                         clk (net)
                      0.571537    0.000000    0.429212 ^ clkbuf_regs_0_clk/A (sky130_fd_sc_hd__clkbuf_16)
     1    0.008638    0.038950    0.134933    0.564145 ^ clkbuf_regs_0_clk/X (sky130_fd_sc_hd__clkbuf_16)
                                                         clk_regs (net)
                      0.038950    0.000284    0.564429 ^ clkbuf_0_clk_regs/A (sky130_fd_sc_hd__clkbuf_16)
     8    0.079104    0.073558    0.125878    0.690307 ^ clkbuf_0_clk_regs/X (sky130_fd_sc_hd__clkbuf_16)
                                                         clknet_0_clk_regs (net)
                      0.073728    0.002954    0.693261 ^ clkbuf_3_2_0_clk_regs/A (sky130_fd_sc_hd__clkbuf_8)
     2    0.019079    0.036888    0.103659    0.796920 ^ clkbuf_3_2_0_clk_regs/X (sky130_fd_sc_hd__clkbuf_8)
                                                         clknet_3_2_0_clk_regs (net)
                      0.036897    0.000585    0.797504 ^ clkbuf_4_4__f_clk_regs/A (sky130_fd_sc_hd__clkbuf_16)
     9    0.030036    0.038118    0.097610    0.895114 ^ clkbuf_4_4__f_clk_regs/X (sky130_fd_sc_hd__clkbuf_16)
                                                         clknet_4_4__leaf_clk_regs (net)
                      0.038122    0.000455    0.895569 ^ _1562_/CLK (sky130_fd_sc_hd__dfrtp_2)
     1    0.002622    0.026991    0.248454    1.144023 v _1562_/Q (sky130_fd_sc_hd__dfrtp_2)
                                                         u_top.dataMemory.clear_word[0] (net)
                      0.026991    0.000078    1.144101 v _1719_/A (sky130_fd_sc_hd__buf_2)
     2    0.008145    0.025128    0.084180    1.228281 v _1719_/X (sky130_fd_sc_hd__buf_2)
                                                         _0662_ (net)
                      0.025128    0.000186    1.228467 v fanout59/A (sky130_fd_sc_hd__buf_1)
    10    0.037482    0.148524    0.162217    1.390684 v fanout59/X (sky130_fd_sc_hd__buf_1)
                                                         net59 (net)
                      0.148574    0.001399    1.392084 v _1092_/D (sky130_fd_sc_hd__and4_2)
     5    0.019083    0.054965    0.236638    1.628721 v _1092_/X (sky130_fd_sc_hd__and4_2)
                                                         _0442_ (net)
                      0.054980    0.000888    1.629610 v _1095_/C (sky130_fd_sc_hd__and3_2)
     5    0.016508    0.050051    0.174932    1.804542 v _1095_/X (sky130_fd_sc_hd__and3_2)
                                                         _0445_ (net)
                      0.050052    0.000335    1.804877 v _1098_/C (sky130_fd_sc_hd__and3_2)
     4    0.014677    0.047622    0.169934    1.974811 v _1098_/X (sky130_fd_sc_hd__and3_2)
                                                         _0448_ (net)
                      0.047640    0.000442    1.975253 v _1100_/B (sky130_fd_sc_hd__nand2_2)
     2    0.009207    0.049964    0.066381    2.041635 ^ _1100_/Y (sky130_fd_sc_hd__nand2_2)
                                                         _0450_ (net)
                      0.049965    0.000280    2.041914 ^ _1103_/B (sky130_fd_sc_hd__nor2_2)
     1    0.002477    0.042433    0.018164    2.060079 v _1103_/Y (sky130_fd_sc_hd__nor2_2)
                                                         _0452_ (net)
                      0.042433    0.000074    2.060153 v _1104_/B2 (sky130_fd_sc_hd__o22a_2)
     1    0.002359    0.024604    0.110024    2.170177 v _1104_/X (sky130_fd_sc_hd__o22a_2)
                                                         _0430_ (net)
                      0.024604    0.000072    2.170249 v _1702_/A (sky130_fd_sc_hd__buf_2)
     1    0.002706    0.016777    0.071749    2.241998 v _1702_/X (sky130_fd_sc_hd__buf_2)
                                                         _1079_ (net)
                      0.016777    0.000084    2.242082 v _1571_/D (sky130_fd_sc_hd__dfrtp_2)
                                              2.242082   data arrival time

                                 10.000000   10.000000   clock clk (rise edge)
                                  0.000000   10.000000   clock source latency
     2    0.157459    0.537694    0.388335   10.388335 ^ clk (in)
                                                         clk (net)
                      0.571537    0.000000   10.388335 ^ clkbuf_regs_0_clk/A (sky130_fd_sc_hd__clkbuf_16)
     1    0.008638    0.038950    0.122082   10.510417 ^ clkbuf_regs_0_clk/X (sky130_fd_sc_hd__clkbuf_16)
                                                         clk_regs (net)
                      0.038950    0.000258   10.510674 ^ clkbuf_0_clk_regs/A (sky130_fd_sc_hd__clkbuf_16)
     8    0.079104    0.073558    0.113889   10.624564 ^ clkbuf_0_clk_regs/X (sky130_fd_sc_hd__clkbuf_16)
                                                         clknet_0_clk_regs (net)
                      0.073728    0.002673   10.627236 ^ clkbuf_3_2_0_clk_regs/A (sky130_fd_sc_hd__clkbuf_8)
     2    0.019079    0.036888    0.093786   10.721023 ^ clkbuf_3_2_0_clk_regs/X (sky130_fd_sc_hd__clkbuf_8)
                                                         clknet_3_2_0_clk_regs (net)
                      0.036897    0.000529   10.721552 ^ clkbuf_4_4__f_clk_regs/A (sky130_fd_sc_hd__clkbuf_16)
     9    0.030036    0.038118    0.088313   10.809865 ^ clkbuf_4_4__f_clk_regs/X (sky130_fd_sc_hd__clkbuf_16)
                                                         clknet_4_4__leaf_clk_regs (net)
                      0.038135    0.000688   10.810554 ^ _1571_/CLK (sky130_fd_sc_hd__dfrtp_2)
                                 -0.100000   10.710553   clock uncertainty
                                  0.085249   10.795803   clock reconvergence pessimism
                                 -0.067640   10.728164   library setup time
                                             10.728164   data required time
---------------------------------------------------------------------------------------------
                                             10.728164   data required time
                                             -2.242082   data arrival time
---------------------------------------------------------------------------------------------
                                              8.486081   slack (MET)


Startpoint: _1573_ (rising edge-triggered flip-flop clocked by clk)
Endpoint: _1573_ (rising edge-triggered flip-flop clocked by clk)
Path Group: clk
Path Type: max

Fanout         Cap        Slew       Delay        Time   Description
---------------------------------------------------------------------------------------------
                                  0.000000    0.000000   clock clk (rise edge)
                                  0.000000    0.000000   clock source latency
     2    0.157459    0.537694    0.429212    0.429212 ^ clk (in)
                                                         clk (net)
                      0.571537    0.000000    0.429212 ^ clkbuf_regs_0_clk/A (sky130_fd_sc_hd__clkbuf_16)
     1    0.008638    0.038950    0.134933    0.564145 ^ clkbuf_regs_0_clk/X (sky130_fd_sc_hd__clkbuf_16)
                                                         clk_regs (net)
                      0.038950    0.000284    0.564429 ^ clkbuf_0_clk_regs/A (sky130_fd_sc_hd__clkbuf_16)
     8    0.079104    0.073558    0.125878    0.690307 ^ clkbuf_0_clk_regs/X (sky130_fd_sc_hd__clkbuf_16)
                                                         clknet_0_clk_regs (net)
                      0.073743    0.003078    0.693385 ^ clkbuf_3_0_0_clk_regs/A (sky130_fd_sc_hd__clkbuf_8)
     2    0.018319    0.036012    0.102900    0.796286 ^ clkbuf_3_0_0_clk_regs/X (sky130_fd_sc_hd__clkbuf_8)
                                                         clknet_3_0_0_clk_regs (net)
                      0.036015    0.000381    0.796666 ^ clkbuf_4_1__f_clk_regs/A (sky130_fd_sc_hd__clkbuf_16)
     9    0.035385    0.041843    0.100551    0.897218 ^ clkbuf_4_1__f_clk_regs/X (sky130_fd_sc_hd__clkbuf_16)
                                                         clknet_4_1__leaf_clk_regs (net)
                      0.041850    0.000848    0.898066 ^ _1573_/CLK (sky130_fd_sc_hd__dfstp_4)
    14    0.156525    0.294040    0.589875    1.487941 ^ _1573_/Q (sky130_fd_sc_hd__dfstp_4)
                                                         u_top.dataMemory.clear_active (net)
                      0.294260    0.007131    1.495072 ^ _1699_/A (sky130_fd_sc_hd__buf_2)
     3    0.023091    0.090502    0.156738    1.651811 ^ _1699_/X (sky130_fd_sc_hd__buf_2)
                                                         _0660_ (net)
                      0.090506    0.000763    1.652574 ^ _1082_/A (sky130_fd_sc_hd__inv_2)
     7    0.064803    0.103801    0.107188    1.759761 v _1082_/Y (sky130_fd_sc_hd__inv_2)
                                                         _0433_ (net)
                      0.103841    0.001805    1.761566 v _1106_/B (sky130_fd_sc_hd__nor2_2)
     4    0.016332    0.141849    0.153500    1.915066 ^ _1106_/Y (sky130_fd_sc_hd__nor2_2)
                                                         _0290_ (net)
                      0.141850    0.000297    1.915363 ^ _1827_/A (sky130_fd_sc_hd__buf_2)
     1    0.004473    0.027136    0.091938    2.007300 ^ _1827_/X (sky130_fd_sc_hd__buf_2)
                                                         _0026_ (net)
                      0.027137    0.000129    2.007429 ^ _1573_/D (sky130_fd_sc_hd__dfstp_4)
                                              2.007429   data arrival time

                                 10.000000   10.000000   clock clk (rise edge)
                                  0.000000   10.000000   clock source latency
     2    0.157459    0.537694    0.388335   10.388335 ^ clk (in)
                                                         clk (net)
                      0.571537    0.000000   10.388335 ^ clkbuf_regs_0_clk/A (sky130_fd_sc_hd__clkbuf_16)
     1    0.008638    0.038950    0.122082   10.510417 ^ clkbuf_regs_0_clk/X (sky130_fd_sc_hd__clkbuf_16)
                                                         clk_regs (net)
                      0.038950    0.000258   10.510674 ^ clkbuf_0_clk_regs/A (sky130_fd_sc_hd__clkbuf_16)
     8    0.079104    0.073558    0.113889   10.624564 ^ clkbuf_0_clk_regs/X (sky130_fd_sc_hd__clkbuf_16)
                                                         clknet_0_clk_regs (net)
                      0.073743    0.002785   10.627349 ^ clkbuf_3_0_0_clk_regs/A (sky130_fd_sc_hd__clkbuf_8)
     2    0.018319    0.036012    0.093100   10.720448 ^ clkbuf_3_0_0_clk_regs/X (sky130_fd_sc_hd__clkbuf_8)
                                                         clknet_3_0_0_clk_regs (net)
                      0.036015    0.000345   10.720794 ^ clkbuf_4_1__f_clk_regs/A (sky130_fd_sc_hd__clkbuf_16)
     9    0.035385    0.041843    0.090975   10.811769 ^ clkbuf_4_1__f_clk_regs/X (sky130_fd_sc_hd__clkbuf_16)
                                                         clknet_4_1__leaf_clk_regs (net)
                      0.041850    0.000767   10.812536 ^ _1573_/CLK (sky130_fd_sc_hd__dfstp_4)
                                 -0.100000   10.712536   clock uncertainty
                                  0.085530   10.798066   clock reconvergence pessimism
                                 -0.032045   10.766021   library setup time
                                             10.766021   data required time
---------------------------------------------------------------------------------------------
                                             10.766021   data required time
                                             -2.007429   data arrival time
---------------------------------------------------------------------------------------------
                                              8.758591   slack (MET)


Startpoint: _1573_ (rising edge-triggered flip-flop clocked by clk)
Endpoint: u_top.dataMemory.sram_even_words
          (falling edge-triggered flip-flop clocked by clk)
Path Group: clk
Path Type: max

Fanout         Cap        Slew       Delay        Time   Description
---------------------------------------------------------------------------------------------
                                  0.000000    0.000000   clock clk (rise edge)
                                  0.000000    0.000000   clock source latency
     2    0.157459    0.537694    0.429212    0.429212 ^ clk (in)
                                                         clk (net)
                      0.571537    0.000000    0.429212 ^ clkbuf_regs_0_clk/A (sky130_fd_sc_hd__clkbuf_16)
     1    0.008638    0.038950    0.134933    0.564145 ^ clkbuf_regs_0_clk/X (sky130_fd_sc_hd__clkbuf_16)
                                                         clk_regs (net)
                      0.038950    0.000284    0.564429 ^ clkbuf_0_clk_regs/A (sky130_fd_sc_hd__clkbuf_16)
     8    0.079104    0.073558    0.125878    0.690307 ^ clkbuf_0_clk_regs/X (sky130_fd_sc_hd__clkbuf_16)
                                                         clknet_0_clk_regs (net)
                      0.073743    0.003078    0.693385 ^ clkbuf_3_0_0_clk_regs/A (sky130_fd_sc_hd__clkbuf_8)
     2    0.018319    0.036012    0.102900    0.796286 ^ clkbuf_3_0_0_clk_regs/X (sky130_fd_sc_hd__clkbuf_8)
                                                         clknet_3_0_0_clk_regs (net)
                      0.036015    0.000381    0.796666 ^ clkbuf_4_1__f_clk_regs/A (sky130_fd_sc_hd__clkbuf_16)
     9    0.035385    0.041843    0.100551    0.897218 ^ clkbuf_4_1__f_clk_regs/X (sky130_fd_sc_hd__clkbuf_16)
                                                         clknet_4_1__leaf_clk_regs (net)
                      0.041850    0.000848    0.898066 ^ _1573_/CLK (sky130_fd_sc_hd__dfstp_4)
    14    0.156525    0.294040    0.589875    1.487941 ^ _1573_/Q (sky130_fd_sc_hd__dfstp_4)
                                                         u_top.dataMemory.clear_active (net)
                      0.393980    0.017679    1.505620 ^ u_top.dataMemory.sram_even_words/csb1 (sky130_sram_2kbyte_1rw1r_32x512_8)
                                              1.505620   data arrival time

                                 10.000000   10.000000   clock clk (rise edge)
                                  0.000000   10.000000   clock source latency
     2    0.157459    0.537694    0.391421   10.391421 ^ clk (in)
                                                         clk (net)
                      0.573756    0.000000   10.391421 ^ clkbuf_0_clk/A (sky130_fd_sc_hd__clkbuf_16)
     2    0.043414    0.060361    0.146404   10.537826 ^ clkbuf_0_clk/X (sky130_fd_sc_hd__clkbuf_16)
                                                         clknet_0_clk (net)
                      0.060908    0.005552   10.543377 ^ clkbuf_1_0__f_clk/A (sky130_fd_sc_hd__clkbuf_16)
     2    0.125447    0.099176    0.127205   10.670582 ^ clkbuf_1_0__f_clk/X (sky130_fd_sc_hd__clkbuf_16)
                                                         clknet_1_0__leaf_clk (net)
                      0.132933    0.004940   10.675522 ^ u_top.dataMemory.sram_even_words/clk1 (sky130_sram_2kbyte_1rw1r_32x512_8)
                                 -0.100000   10.575522   clock uncertainty
                                  0.000000   10.575522   clock reconvergence pessimism
                                 -0.103000   10.472522   library setup time
                                             10.472522   data required time
---------------------------------------------------------------------------------------------
                                             10.472522   data required time
                                             -1.505620   data arrival time
---------------------------------------------------------------------------------------------
                                              8.966902   slack (MET)


Startpoint: _1573_ (rising edge-triggered flip-flop clocked by clk)
Endpoint: u_top.dataMemory.sram_odd_words
          (falling edge-triggered flip-flop clocked by clk)
Path Group: clk
Path Type: max

Fanout         Cap        Slew       Delay        Time   Description
---------------------------------------------------------------------------------------------
                                  0.000000    0.000000   clock clk (rise edge)
                                  0.000000    0.000000   clock source latency
     2    0.157459    0.537694    0.429212    0.429212 ^ clk (in)
                                                         clk (net)
                      0.571537    0.000000    0.429212 ^ clkbuf_regs_0_clk/A (sky130_fd_sc_hd__clkbuf_16)
     1    0.008638    0.038950    0.134933    0.564145 ^ clkbuf_regs_0_clk/X (sky130_fd_sc_hd__clkbuf_16)
                                                         clk_regs (net)
                      0.038950    0.000284    0.564429 ^ clkbuf_0_clk_regs/A (sky130_fd_sc_hd__clkbuf_16)
     8    0.079104    0.073558    0.125878    0.690307 ^ clkbuf_0_clk_regs/X (sky130_fd_sc_hd__clkbuf_16)
                                                         clknet_0_clk_regs (net)
                      0.073743    0.003078    0.693385 ^ clkbuf_3_0_0_clk_regs/A (sky130_fd_sc_hd__clkbuf_8)
     2    0.018319    0.036012    0.102900    0.796286 ^ clkbuf_3_0_0_clk_regs/X (sky130_fd_sc_hd__clkbuf_8)
                                                         clknet_3_0_0_clk_regs (net)
                      0.036015    0.000381    0.796666 ^ clkbuf_4_1__f_clk_regs/A (sky130_fd_sc_hd__clkbuf_16)
     9    0.035385    0.041843    0.100551    0.897218 ^ clkbuf_4_1__f_clk_regs/X (sky130_fd_sc_hd__clkbuf_16)
                                                         clknet_4_1__leaf_clk_regs (net)
                      0.041850    0.000848    0.898066 ^ _1573_/CLK (sky130_fd_sc_hd__dfstp_4)
    14    0.156525    0.294040    0.589875    1.487941 ^ _1573_/Q (sky130_fd_sc_hd__dfstp_4)
                                                         u_top.dataMemory.clear_active (net)
                      0.397221    0.028397    1.516338 ^ u_top.dataMemory.sram_odd_words/csb1 (sky130_sram_2kbyte_1rw1r_32x512_8)
                                              1.516338   data arrival time

                                 10.000000   10.000000   clock clk (rise edge)
                                  0.000000   10.000000   clock source latency
     2    0.157459    0.537694    0.391421   10.391421 ^ clk (in)
                                                         clk (net)
                      0.573756    0.000000   10.391421 ^ clkbuf_0_clk/A (sky130_fd_sc_hd__clkbuf_16)
     2    0.043414    0.060361    0.146404   10.537826 ^ clkbuf_0_clk/X (sky130_fd_sc_hd__clkbuf_16)
                                                         clknet_0_clk (net)
                      0.060891    0.005477   10.543302 ^ clkbuf_1_1__f_clk/A (sky130_fd_sc_hd__clkbuf_16)
     2    0.153688    0.127973    0.149739   10.693041 ^ clkbuf_1_1__f_clk/X (sky130_fd_sc_hd__clkbuf_16)
                                                         clknet_1_1__leaf_clk (net)
                      0.180516    0.022728   10.715768 ^ u_top.dataMemory.sram_odd_words/clk1 (sky130_sram_2kbyte_1rw1r_32x512_8)
                                 -0.100000   10.615768   clock uncertainty
                                  0.000000   10.615768   clock reconvergence pessimism
                                 -0.103000   10.512768   library setup time
                                             10.512768   data required time
---------------------------------------------------------------------------------------------
                                             10.512768   data required time
                                             -1.516338   data arrival time
---------------------------------------------------------------------------------------------
                                              8.996429   slack (MET)



