
===========================================================================
report_checks -path_delay min (Hold)
============================================================================
======================= nom_tt_025C_1v80 Corner ===================================

Startpoint: reset (input port clocked by clk)
Endpoint: _1564_ (removal check against rising-edge clock clk)
Path Group: asynchronous
Path Type: min

Fanout         Cap        Slew       Delay        Time   Description
---------------------------------------------------------------------------------------------
                                  0.000000    0.000000   clock clk (rise edge)
                                  0.000000    0.000000   clock network delay (propagated)
                                  2.000000    2.000000 v input external delay
     1    0.064500    0.143645    0.105000    2.105000 v reset (in)
                                                         reset (net)
                      0.145242    0.000000    2.105000 v _1826_/A (sky130_fd_sc_hd__buf_2)
    14    0.080241    0.185739    0.284234    2.389234 v _1826_/X (sky130_fd_sc_hd__buf_2)
                                                         _0629_ (net)
                      0.185801    0.003041    2.392275 v _1434_/A (sky130_fd_sc_hd__inv_2)
     1    0.001835    0.044283    0.068351    2.460626 ^ _1434_/Y (sky130_fd_sc_hd__inv_2)
                                                         _0293_ (net)
                      0.044283    0.000000    2.460626 ^ _1985_/A (sky130_fd_sc_hd__buf_2)
     1    0.003766    0.031902    0.089726    2.550352 ^ _1985_/X (sky130_fd_sc_hd__buf_2)
                                                         _0879_ (net)
                      0.031902    0.000003    2.550355 ^ _1564_/RESET_B (sky130_fd_sc_hd__dfrtp_2)
                                              2.550355   data arrival time

                                  0.000000    0.000000   clock clk (rise edge)
                                  0.000000    0.000000   clock source latency
   134    0.531548    2.377944    1.775326    1.775326 ^ clk (in)
                                                         clk (net)
                      2.395744    0.000000    1.775326 ^ _1564_/CLK (sky130_fd_sc_hd__dfrtp_2)
                                  0.250000    2.025326   clock uncertainty
                                  0.000000    2.025326   clock reconvergence pessimism
                                  0.666805    2.692132   library removal time
                                              2.692132   data required time
---------------------------------------------------------------------------------------------
                                              2.692132   data required time
                                             -2.550355   data arrival time
---------------------------------------------------------------------------------------------
                                             -0.141777   slack (VIOLATED)


Startpoint: reset (input port clocked by clk)
Endpoint: _1563_ (removal check against rising-edge clock clk)
Path Group: asynchronous
Path Type: min

Fanout         Cap        Slew       Delay        Time   Description
---------------------------------------------------------------------------------------------
                                  0.000000    0.000000   clock clk (rise edge)
                                  0.000000    0.000000   clock network delay (propagated)
                                  2.000000    2.000000 v input external delay
     1    0.064500    0.143645    0.105000    2.105000 v reset (in)
                                                         reset (net)
                      0.145242    0.000000    2.105000 v _1826_/A (sky130_fd_sc_hd__buf_2)
    14    0.080241    0.185739    0.284234    2.389234 v _1826_/X (sky130_fd_sc_hd__buf_2)
                                                         _0629_ (net)
                      0.185811    0.003255    2.392489 v _1433_/A (sky130_fd_sc_hd__inv_2)
     1    0.001971    0.044956    0.069316    2.461805 ^ _1433_/Y (sky130_fd_sc_hd__inv_2)
                                                         _0292_ (net)
                      0.044956    0.000002    2.461807 ^ _1984_/A (sky130_fd_sc_hd__buf_2)
     1    0.003663    0.031443    0.089546    2.551353 ^ _1984_/X (sky130_fd_sc_hd__buf_2)
                                                         _0878_ (net)
                      0.031443    0.000001    2.551354 ^ _1563_/RESET_B (sky130_fd_sc_hd__dfrtp_2)
                                              2.551354   data arrival time

                                  0.000000    0.000000   clock clk (rise edge)
                                  0.000000    0.000000   clock source latency
   134    0.531548    2.377944    1.775720    1.775720 ^ clk (in)
                                                         clk (net)
                      2.395828    0.000000    1.775720 ^ _1563_/CLK (sky130_fd_sc_hd__dfrtp_2)
                                  0.250000    2.025720   clock uncertainty
                                  0.000000    2.025720   clock reconvergence pessimism
                                  0.666697    2.692418   library removal time
                                              2.692418   data required time
---------------------------------------------------------------------------------------------
                                              2.692418   data required time
                                             -2.551354   data arrival time
---------------------------------------------------------------------------------------------
                                             -0.141063   slack (VIOLATED)


Startpoint: reset (input port clocked by clk)
Endpoint: _1566_ (removal check against rising-edge clock clk)
Path Group: asynchronous
Path Type: min

Fanout         Cap        Slew       Delay        Time   Description
---------------------------------------------------------------------------------------------
                                  0.000000    0.000000   clock clk (rise edge)
                                  0.000000    0.000000   clock network delay (propagated)
                                  2.000000    2.000000 v input external delay
     1    0.064500    0.143645    0.105000    2.105000 v reset (in)
                                                         reset (net)
                      0.145242    0.000000    2.105000 v _1826_/A (sky130_fd_sc_hd__buf_2)
    14    0.080241    0.185739    0.284234    2.389234 v _1826_/X (sky130_fd_sc_hd__buf_2)
                                                         _0629_ (net)
                      0.185815    0.003332    2.392565 v _1436_/A (sky130_fd_sc_hd__inv_2)
     1    0.002055    0.045370    0.069910    2.462475 ^ _1436_/Y (sky130_fd_sc_hd__inv_2)
                                                         _0295_ (net)
                      0.045370    0.000002    2.462478 ^ _1987_/A (sky130_fd_sc_hd__buf_2)
     1    0.003841    0.032231    0.090417    2.552895 ^ _1987_/X (sky130_fd_sc_hd__buf_2)
                                                         _0881_ (net)
                      0.032231    0.000004    2.552899 ^ _1566_/RESET_B (sky130_fd_sc_hd__dfrtp_2)
                                              2.552899   data arrival time

                                  0.000000    0.000000   clock clk (rise edge)
                                  0.000000    0.000000   clock source latency
   134    0.531548    2.377944    1.776074    1.776074 ^ clk (in)
                                                         clk (net)
                      2.395904    0.000000    1.776074 ^ _1566_/CLK (sky130_fd_sc_hd__dfrtp_2)
                                  0.250000    2.026074   clock uncertainty
                                  0.000000    2.026074   clock reconvergence pessimism
                                  0.666908    2.692983   library removal time
                                              2.692983   data required time
---------------------------------------------------------------------------------------------
                                              2.692983   data required time
                                             -2.552899   data arrival time
---------------------------------------------------------------------------------------------
                                             -0.140084   slack (VIOLATED)


Startpoint: reset (input port clocked by clk)
Endpoint: _1572_ (removal check against rising-edge clock clk)
Path Group: asynchronous
Path Type: min

Fanout         Cap        Slew       Delay        Time   Description
---------------------------------------------------------------------------------------------
                                  0.000000    0.000000   clock clk (rise edge)
                                  0.000000    0.000000   clock network delay (propagated)
                                  2.000000    2.000000 v input external delay
     1    0.064500    0.143645    0.105000    2.105000 v reset (in)
                                                         reset (net)
                      0.145242    0.000000    2.105000 v _1826_/A (sky130_fd_sc_hd__buf_2)
    14    0.080241    0.185739    0.284234    2.389234 v _1826_/X (sky130_fd_sc_hd__buf_2)
                                                         _0629_ (net)
                      0.185818    0.003389    2.392623 v _1442_/A (sky130_fd_sc_hd__inv_2)
     1    0.001989    0.045044    0.069442    2.462065 ^ _1442_/Y (sky130_fd_sc_hd__inv_2)
                                                         _0301_ (net)
                      0.045044    0.000002    2.462066 ^ _1993_/A (sky130_fd_sc_hd__buf_2)
     1    0.003894    0.032466    0.090516    2.552582 ^ _1993_/X (sky130_fd_sc_hd__buf_2)
                                                         _0887_ (net)
                      0.032466    0.000006    2.552588 ^ _1572_/RESET_B (sky130_fd_sc_hd__dfrtp_2)
                                              2.552588   data arrival time

                                  0.000000    0.000000   clock clk (rise edge)
                                  0.000000    0.000000   clock source latency
   134    0.531548    2.377944    1.775406    1.775406 ^ clk (in)
                                                         clk (net)
                      2.395761    0.000000    1.775406 ^ _1572_/CLK (sky130_fd_sc_hd__dfrtp_2)
                                  0.250000    2.025406   clock uncertainty
                                  0.000000    2.025406   clock reconvergence pessimism
                                  0.666952    2.692358   library removal time
                                              2.692358   data required time
---------------------------------------------------------------------------------------------
                                              2.692358   data required time
                                             -2.552588   data arrival time
---------------------------------------------------------------------------------------------
                                             -0.139770   slack (VIOLATED)


Startpoint: reset (input port clocked by clk)
Endpoint: _1565_ (removal check against rising-edge clock clk)
Path Group: asynchronous
Path Type: min

Fanout         Cap        Slew       Delay        Time   Description
---------------------------------------------------------------------------------------------
                                  0.000000    0.000000   clock clk (rise edge)
                                  0.000000    0.000000   clock network delay (propagated)
                                  2.000000    2.000000 v input external delay
     1    0.064500    0.143645    0.105000    2.105000 v reset (in)
                                                         reset (net)
                      0.145242    0.000000    2.105000 v _1826_/A (sky130_fd_sc_hd__buf_2)
    14    0.080241    0.185739    0.284234    2.389234 v _1826_/X (sky130_fd_sc_hd__buf_2)
                                                         _0629_ (net)
                      0.185814    0.003300    2.392534 v _1435_/A (sky130_fd_sc_hd__inv_2)
     1    0.002066    0.045421    0.069982    2.462516 ^ _1435_/Y (sky130_fd_sc_hd__inv_2)
                                                         _0294_ (net)
                      0.045421    0.000003    2.462518 ^ _1986_/A (sky130_fd_sc_hd__buf_2)
     1    0.003928    0.032612    0.090784    2.553303 ^ _1986_/X (sky130_fd_sc_hd__buf_2)
                                                         _0880_ (net)
                      0.032612    0.000006    2.553308 ^ _1565_/RESET_B (sky130_fd_sc_hd__dfrtp_2)
                                              2.553308   data arrival time

                                  0.000000    0.000000   clock clk (rise edge)
                                  0.000000    0.000000   clock source latency
   134    0.531548    2.377944    1.775912    1.775912 ^ clk (in)
                                                         clk (net)
                      2.395869    0.000000    1.775912 ^ _1565_/CLK (sky130_fd_sc_hd__dfrtp_2)
                                  0.250000    2.025912   clock uncertainty
                                  0.000000    2.025912   clock reconvergence pessimism
                                  0.667002    2.692913   library removal time
                                              2.692913   data required time
---------------------------------------------------------------------------------------------
                                              2.692913   data required time
                                             -2.553308   data arrival time
---------------------------------------------------------------------------------------------
                                             -0.139605   slack (VIOLATED)


Startpoint: reset (input port clocked by clk)
Endpoint: _1567_ (removal check against rising-edge clock clk)
Path Group: asynchronous
Path Type: min

Fanout         Cap        Slew       Delay        Time   Description
---------------------------------------------------------------------------------------------
                                  0.000000    0.000000   clock clk (rise edge)
                                  0.000000    0.000000   clock network delay (propagated)
                                  2.000000    2.000000 v input external delay
     1    0.064500    0.143645    0.105000    2.105000 v reset (in)
                                                         reset (net)
                      0.145242    0.000000    2.105000 v _1826_/A (sky130_fd_sc_hd__buf_2)
    14    0.080241    0.185739    0.284234    2.389234 v _1826_/X (sky130_fd_sc_hd__buf_2)
                                                         _0629_ (net)
                      0.185816    0.003350    2.392584 v _1437_/A (sky130_fd_sc_hd__inv_2)
     1    0.002178    0.045972    0.070773    2.463357 ^ _1437_/Y (sky130_fd_sc_hd__inv_2)
                                                         _0296_ (net)
                      0.045972    0.000003    2.463360 ^ _1988_/A (sky130_fd_sc_hd__buf_2)
     1    0.003961    0.032756    0.091114    2.554474 ^ _1988_/X (sky130_fd_sc_hd__buf_2)
                                                         _0882_ (net)
                      0.032756    0.000006    2.554480 ^ _1567_/RESET_B (sky130_fd_sc_hd__dfrtp_2)
                                              2.554480   data arrival time

                                  0.000000    0.000000   clock clk (rise edge)
                                  0.000000    0.000000   clock source latency
   134    0.531548    2.377944    1.776205    1.776205 ^ clk (in)
                                                         clk (net)
                      2.395931    0.000000    1.776205 ^ _1567_/CLK (sky130_fd_sc_hd__dfrtp_2)
                                  0.250000    2.026205   clock uncertainty
                                  0.000000    2.026205   clock reconvergence pessimism
                                  0.667046    2.693251   library removal time
                                              2.693251   data required time
---------------------------------------------------------------------------------------------
                                              2.693251   data required time
                                             -2.554480   data arrival time
---------------------------------------------------------------------------------------------
                                             -0.138771   slack (VIOLATED)


Startpoint: reset (input port clocked by clk)
Endpoint: _1571_ (removal check against rising-edge clock clk)
Path Group: asynchronous
Path Type: min

Fanout         Cap        Slew       Delay        Time   Description
---------------------------------------------------------------------------------------------
                                  0.000000    0.000000   clock clk (rise edge)
                                  0.000000    0.000000   clock network delay (propagated)
                                  2.000000    2.000000 v input external delay
     1    0.064500    0.143645    0.105000    2.105000 v reset (in)
                                                         reset (net)
                      0.145242    0.000000    2.105000 v _1826_/A (sky130_fd_sc_hd__buf_2)
    14    0.080241    0.185739    0.284234    2.389234 v _1826_/X (sky130_fd_sc_hd__buf_2)
                                                         _0629_ (net)
                      0.185826    0.003523    2.392757 v _1441_/A (sky130_fd_sc_hd__inv_2)
     1    0.002113    0.045654    0.070316    2.463073 ^ _1441_/Y (sky130_fd_sc_hd__inv_2)
                                                         _0300_ (net)
                      0.045654    0.000003    2.463077 ^ _1992_/A (sky130_fd_sc_hd__buf_2)
     1    0.003907    0.032520    0.090783    2.553860 ^ _1992_/X (sky130_fd_sc_hd__buf_2)
                                                         _0886_ (net)
                      0.032520    0.000006    2.553866 ^ _1571_/RESET_B (sky130_fd_sc_hd__dfrtp_2)
                                              2.553866   data arrival time

                                  0.000000    0.000000   clock clk (rise edge)
                                  0.000000    0.000000   clock source latency
   134    0.531548    2.377944    1.775519    1.775519 ^ clk (in)
                                                         clk (net)
                      2.395785    0.000000    1.775519 ^ _1571_/CLK (sky130_fd_sc_hd__dfrtp_2)
                                  0.250000    2.025519   clock uncertainty
                                  0.000000    2.025519   clock reconvergence pessimism
                                  0.666968    2.692487   library removal time
                                              2.692487   data required time
---------------------------------------------------------------------------------------------
                                              2.692487   data required time
                                             -2.553866   data arrival time
---------------------------------------------------------------------------------------------
                                             -0.138621   slack (VIOLATED)


Startpoint: reset (input port clocked by clk)
Endpoint: _1570_ (removal check against rising-edge clock clk)
Path Group: asynchronous
Path Type: min

Fanout         Cap        Slew       Delay        Time   Description
---------------------------------------------------------------------------------------------
                                  0.000000    0.000000   clock clk (rise edge)
                                  0.000000    0.000000   clock network delay (propagated)
                                  2.000000    2.000000 v input external delay
     1    0.064500    0.143645    0.105000    2.105000 v reset (in)
                                                         reset (net)
                      0.145242    0.000000    2.105000 v _1826_/A (sky130_fd_sc_hd__buf_2)
    14    0.080241    0.185739    0.284234    2.389234 v _1826_/X (sky130_fd_sc_hd__buf_2)
                                                         _0629_ (net)
                      0.185828    0.003572    2.392806 v _1440_/A (sky130_fd_sc_hd__inv_2)
     1    0.002134    0.045761    0.070471    2.463277 ^ _1440_/Y (sky130_fd_sc_hd__inv_2)
                                                         _0299_ (net)
                      0.045761    0.000003    2.463280 ^ _1991_/A (sky130_fd_sc_hd__buf_2)
     1    0.003893    0.032459    0.090766    2.554046 ^ _1991_/X (sky130_fd_sc_hd__buf_2)
                                                         _0885_ (net)
                      0.032459    0.000004    2.554050 ^ _1570_/RESET_B (sky130_fd_sc_hd__dfrtp_2)
                                              2.554050   data arrival time

                                  0.000000    0.000000   clock clk (rise edge)
                                  0.000000    0.000000   clock source latency
   134    0.531548    2.377944    1.775577    1.775577 ^ clk (in)
                                                         clk (net)
                      2.395797    0.000000    1.775577 ^ _1570_/CLK (sky130_fd_sc_hd__dfrtp_2)
                                  0.250000    2.025577   clock uncertainty
                                  0.000000    2.025577   clock reconvergence pessimism
                                  0.666954    2.692531   library removal time
                                              2.692531   data required time
---------------------------------------------------------------------------------------------
                                              2.692531   data required time
                                             -2.554050   data arrival time
---------------------------------------------------------------------------------------------
                                             -0.138481   slack (VIOLATED)


Startpoint: reset (input port clocked by clk)
Endpoint: _1568_ (removal check against rising-edge clock clk)
Path Group: asynchronous
Path Type: min

Fanout         Cap        Slew       Delay        Time   Description
---------------------------------------------------------------------------------------------
                                  0.000000    0.000000   clock clk (rise edge)
                                  0.000000    0.000000   clock network delay (propagated)
                                  2.000000    2.000000 v input external delay
     1    0.064500    0.143645    0.105000    2.105000 v reset (in)
                                                         reset (net)
                      0.145242    0.000000    2.105000 v _1826_/A (sky130_fd_sc_hd__buf_2)
    14    0.080241    0.185739    0.284234    2.389234 v _1826_/X (sky130_fd_sc_hd__buf_2)
                                                         _0629_ (net)
                      0.185828    0.003564    2.392798 v _1438_/A (sky130_fd_sc_hd__inv_2)
     1    0.002279    0.046475    0.071493    2.464291 ^ _1438_/Y (sky130_fd_sc_hd__inv_2)
                                                         _0297_ (net)
                      0.046475    0.000004    2.464295 ^ _1989_/A (sky130_fd_sc_hd__buf_2)
     1    0.003949    0.032706    0.091247    2.555542 ^ _1989_/X (sky130_fd_sc_hd__buf_2)
                                                         _0883_ (net)
                      0.032706    0.000005    2.555548 ^ _1568_/RESET_B (sky130_fd_sc_hd__dfrtp_2)
                                              2.555548   data arrival time

                                  0.000000    0.000000   clock clk (rise edge)
                                  0.000000    0.000000   clock source latency
   134    0.531548    2.377944    1.775657    1.775657 ^ clk (in)
                                                         clk (net)
                      2.395814    0.000000    1.775657 ^ _1568_/CLK (sky130_fd_sc_hd__dfrtp_2)
                                  0.250000    2.025657   clock uncertainty
                                  0.000000    2.025657   clock reconvergence pessimism
                                  0.667019    2.692677   library removal time
                                              2.692677   data required time
---------------------------------------------------------------------------------------------
                                              2.692677   data required time
                                             -2.555548   data arrival time
---------------------------------------------------------------------------------------------
                                             -0.137129   slack (VIOLATED)


Startpoint: reset (input port clocked by clk)
Endpoint: _1569_ (removal check against rising-edge clock clk)
Path Group: asynchronous
Path Type: min

Fanout         Cap        Slew       Delay        Time   Description
---------------------------------------------------------------------------------------------
                                  0.000000    0.000000   clock clk (rise edge)
                                  0.000000    0.000000   clock network delay (propagated)
                                  2.000000    2.000000 v input external delay
     1    0.064500    0.143645    0.105000    2.105000 v reset (in)
                                                         reset (net)
                      0.145242    0.000000    2.105000 v _1826_/A (sky130_fd_sc_hd__buf_2)
    14    0.080241    0.185739    0.284234    2.389234 v _1826_/X (sky130_fd_sc_hd__buf_2)
                                                         _0629_ (net)
                      0.185830    0.003593    2.392827 v _1439_/A (sky130_fd_sc_hd__inv_2)
     1    0.002483    0.047478    0.072932    2.465759 ^ _1439_/Y (sky130_fd_sc_hd__inv_2)
                                                         _0298_ (net)
                      0.047478    0.000007    2.465765 ^ _1990_/A (sky130_fd_sc_hd__buf_2)
     1    0.004029    0.033054    0.091925    2.557690 ^ _1990_/X (sky130_fd_sc_hd__buf_2)
                                                         _0884_ (net)
                      0.033054    0.000007    2.557698 ^ _1569_/RESET_B (sky130_fd_sc_hd__dfrtp_2)
                                              2.557698   data arrival time

                                  0.000000    0.000000   clock clk (rise edge)
                                  0.000000    0.000000   clock source latency
   134    0.531548    2.377944    1.775646    1.775646 ^ clk (in)
                                                         clk (net)
                      2.395812    0.000000    1.775646 ^ _1569_/CLK (sky130_fd_sc_hd__dfrtp_2)
                                  0.250000    2.025646   clock uncertainty
                                  0.000000    2.025646   clock reconvergence pessimism
                                  0.667108    2.692754   library removal time
                                              2.692754   data required time
---------------------------------------------------------------------------------------------
                                              2.692754   data required time
                                             -2.557698   data arrival time
---------------------------------------------------------------------------------------------
                                             -0.135056   slack (VIOLATED)


Startpoint: reset (input port clocked by clk)
Endpoint: _1573_ (removal check against rising-edge clock clk)
Path Group: asynchronous
Path Type: min

Fanout         Cap        Slew       Delay        Time   Description
---------------------------------------------------------------------------------------------
                                  0.000000    0.000000   clock clk (rise edge)
                                  0.000000    0.000000   clock network delay (propagated)
                                  2.000000    2.000000 v input external delay
     1    0.064500    0.143645    0.105000    2.105000 v reset (in)
                                                         reset (net)
                      0.145242    0.000000    2.105000 v _1826_/A (sky130_fd_sc_hd__buf_2)
    14    0.080241    0.185739    0.284234    2.389234 v _1826_/X (sky130_fd_sc_hd__buf_2)
                                                         _0629_ (net)
                      0.185784    0.002646    2.391880 v _1443_/A (sky130_fd_sc_hd__inv_2)
     1    0.001842    0.044314    0.068396    2.460276 ^ _1443_/Y (sky130_fd_sc_hd__inv_2)
                                                         _0302_ (net)
                      0.044314    0.000000    2.460276 ^ _1994_/A (sky130_fd_sc_hd__buf_2)
     1    0.003486    0.030666    0.088604    2.548881 ^ _1994_/X (sky130_fd_sc_hd__buf_2)
                                                         _0888_ (net)
                      0.030666    0.000001    2.548882 ^ _1573_/SET_B (sky130_fd_sc_hd__dfstp_2)
                                              2.548882   data arrival time

                                  0.000000    0.000000   clock clk (rise edge)
                                  0.000000    0.000000   clock source latency
   134    0.531548    2.377944    1.774564    1.774564 ^ clk (in)
                                                         clk (net)
                      2.395582    0.000000    1.774564 ^ _1573_/CLK (sky130_fd_sc_hd__dfstp_2)
                                  0.250000    2.024564   clock uncertainty
                                  0.000000    2.024564   clock reconvergence pessimism
                                  0.484739    2.509303   library removal time
                                              2.509303   data required time
---------------------------------------------------------------------------------------------
                                              2.509303   data required time
                                             -2.548882   data arrival time
---------------------------------------------------------------------------------------------
                                              0.039579   slack (MET)


Startpoint: _1532_ (rising edge-triggered flip-flop clocked by clk)
Endpoint: _1533_ (rising edge-triggered flip-flop clocked by clk)
Path Group: clk
Path Type: min

Fanout         Cap        Slew       Delay        Time   Description
---------------------------------------------------------------------------------------------
                                  0.000000    0.000000   clock clk (rise edge)
                                  0.000000    0.000000   clock source latency
   134    0.531548    2.377944    1.587606    1.587606 ^ clk (in)
                                                         clk (net)
                      2.391644    0.000000    1.587606 ^ _1532_/CLK (sky130_fd_sc_hd__dfxtp_2)
     1    0.002056    0.027897    0.606585    2.194191 ^ _1532_/Q (sky130_fd_sc_hd__dfxtp_2)
                                                         u_top.RV32I_Logic.Single_Cycle_Datapath.pcREG.q[2] (net)
                      0.027897    0.000003    2.194193 ^ _1830_/A (sky130_fd_sc_hd__buf_2)
     6    0.018810    0.098131    0.133614    2.327807 ^ _1830_/X (sky130_fd_sc_hd__buf_2)
                                                         _0650_ (net)
                      0.098131    0.000060    2.327867 ^ _1356_/A1 (sky130_fd_sc_hd__a21oi_2)
     1    0.002089    0.031143    0.051308    2.379175 v _1356_/Y (sky130_fd_sc_hd__a21oi_2)
                                                         _0392_ (net)
                      0.031143    0.000005    2.379180 v _1954_/A (sky130_fd_sc_hd__buf_2)
     1    0.002021    0.022099    0.099543    2.478723 v _1954_/X (sky130_fd_sc_hd__buf_2)
                                                         _1041_ (net)
                      0.022099    0.000004    2.478727 v _1533_/D (sky130_fd_sc_hd__dfxtp_2)
                                              2.478727   data arrival time

                                  0.000000    0.000000   clock clk (rise edge)
                                  0.000000    0.000000   clock source latency
   134    0.531548    2.377944    1.753868    1.753868 ^ clk (in)
                                                         clk (net)
                      2.391487    0.000000    1.753868 ^ _1533_/CLK (sky130_fd_sc_hd__dfxtp_2)
                                  0.250000    2.003868   clock uncertainty
                                  0.000000    2.003868   clock reconvergence pessimism
                                  0.208791    2.212659   library hold time
                                              2.212659   data required time
---------------------------------------------------------------------------------------------
                                              2.212659   data required time
                                             -2.478727   data arrival time
---------------------------------------------------------------------------------------------
                                              0.266068   slack (MET)


Startpoint: _1572_ (rising edge-triggered flip-flop clocked by clk)
Endpoint: _1573_ (rising edge-triggered flip-flop clocked by clk)
Path Group: clk
Path Type: min

Fanout         Cap        Slew       Delay        Time   Description
---------------------------------------------------------------------------------------------
                                  0.000000    0.000000   clock clk (rise edge)
                                  0.000000    0.000000   clock source latency
   134    0.531548    2.377944    1.606320    1.606320 ^ clk (in)
                                                         clk (net)
                      2.395761    0.000000    1.606320 ^ _1572_/CLK (sky130_fd_sc_hd__dfrtp_2)
     1    0.002292    0.036875    0.632210    2.238530 ^ _1572_/Q (sky130_fd_sc_hd__dfrtp_2)
                                                         u_top.dataMemory.clear_last_pending (net)
                      0.036875    0.000005    2.238535 ^ _1698_/A (sky130_fd_sc_hd__buf_2)
     4    0.017997    0.094357    0.134263    2.372797 ^ _1698_/X (sky130_fd_sc_hd__buf_2)
                                                         _0661_ (net)
                      0.094357    0.000065    2.372863 ^ _1106_/A (sky130_fd_sc_hd__nor2_2)
     4    0.012131    0.044813    0.063550    2.436413 v _1106_/Y (sky130_fd_sc_hd__nor2_2)
                                                         _0290_ (net)
                      0.044813    0.000019    2.436431 v _1827_/A (sky130_fd_sc_hd__buf_2)
     1    0.003773    0.025727    0.111176    2.547607 v _1827_/X (sky130_fd_sc_hd__buf_2)
                                                         _0026_ (net)
                      0.025727    0.000019    2.547626 v _1573_/D (sky130_fd_sc_hd__dfstp_2)
                                              2.547626   data arrival time

                                  0.000000    0.000000   clock clk (rise edge)
                                  0.000000    0.000000   clock source latency
   134    0.531548    2.377944    1.774564    1.774564 ^ clk (in)
                                                         clk (net)
                      2.395582    0.000000    1.774564 ^ _1573_/CLK (sky130_fd_sc_hd__dfstp_2)
                                  0.250000    2.024564   clock uncertainty
                                  0.000000    2.024564   clock reconvergence pessimism
                                  0.236560    2.261124   library hold time
                                              2.261124   data required time
---------------------------------------------------------------------------------------------
                                              2.261124   data required time
                                             -2.547626   data arrival time
---------------------------------------------------------------------------------------------
                                              0.286502   slack (MET)


Startpoint: _1561_ (rising edge-triggered flip-flop clocked by clk)
Endpoint: _1466_ (rising edge-triggered flip-flop clocked by clk)
Path Group: clk
Path Type: min

Fanout         Cap        Slew       Delay        Time   Description
---------------------------------------------------------------------------------------------
                                  0.000000    0.000000   clock clk (rise edge)
                                  0.000000    0.000000   clock source latency
   134    0.531548    2.377944    1.591243    1.591243 ^ clk (in)
                                                         clk (net)
                      2.392400    0.000000    1.591243 ^ _1561_/CLK (sky130_fd_sc_hd__dfxtp_2)
     1    0.001844    0.021097    0.579883    2.171125 v _1561_/Q (sky130_fd_sc_hd__dfxtp_2)
                                                         u_top.RV32I_Logic.Single_Cycle_Datapath.pcREG.q[31] (net)
                      0.021097    0.000002    2.171128 v _1824_/A (sky130_fd_sc_hd__buf_2)
     3    0.010359    0.040237    0.117908    2.289036 v _1824_/X (sky130_fd_sc_hd__buf_2)
                                                         _0652_ (net)
                      0.040237    0.000034    2.289070 v _1287_/A1 (sky130_fd_sc_hd__a22o_2)
     1    0.002073    0.035482    0.210419    2.499489 v _1287_/X (sky130_fd_sc_hd__a22o_2)
                                                         _0325_ (net)
                      0.035482    0.000005    2.499494 v _1887_/A (sky130_fd_sc_hd__buf_2)
     1    0.001927    0.021841    0.100991    2.600485 v _1887_/X (sky130_fd_sc_hd__buf_2)
                                                         _0934_ (net)
                      0.021841    0.000003    2.600487 v _1466_/D (sky130_fd_sc_hd__dfxtp_2)
                                              2.600487   data arrival time

                                  0.000000    0.000000   clock clk (rise edge)
                                  0.000000    0.000000   clock source latency
   134    0.531548    2.377944    1.758445    1.758445 ^ clk (in)
                                                         clk (net)
                      2.392344    0.000000    1.758445 ^ _1466_/CLK (sky130_fd_sc_hd__dfxtp_2)
                                  0.250000    2.008445   clock uncertainty
                                  0.000000    2.008445   clock reconvergence pessimism
                                  0.208960    2.217405   library hold time
                                              2.217405   data required time
---------------------------------------------------------------------------------------------
                                              2.217405   data required time
                                             -2.600487   data arrival time
---------------------------------------------------------------------------------------------
                                              0.383082   slack (MET)


Startpoint: _1557_ (rising edge-triggered flip-flop clocked by clk)
Endpoint: _1462_ (rising edge-triggered flip-flop clocked by clk)
Path Group: clk
Path Type: min

Fanout         Cap        Slew       Delay        Time   Description
---------------------------------------------------------------------------------------------
                                  0.000000    0.000000   clock clk (rise edge)
                                  0.000000    0.000000   clock source latency
   134    0.531548    2.377944    1.591964    1.591964 ^ clk (in)
                                                         clk (net)
                      2.392553    0.000000    1.591964 ^ _1557_/CLK (sky130_fd_sc_hd__dfxtp_2)
     1    0.002103    0.021309    0.580795    2.172759 v _1557_/Q (sky130_fd_sc_hd__dfxtp_2)
                                                         u_top.RV32I_Logic.Single_Cycle_Datapath.pcREG.q[27] (net)
                      0.021309    0.000005    2.172763 v _1804_/A (sky130_fd_sc_hd__buf_2)
     5    0.013221    0.045460    0.124451    2.297214 v _1804_/X (sky130_fd_sc_hd__buf_2)
                                                         _0647_ (net)
                      0.045460    0.000099    2.297313 v _1283_/A1 (sky130_fd_sc_hd__a22o_2)
     1    0.001884    0.034869    0.211455    2.508768 v _1283_/X (sky130_fd_sc_hd__a22o_2)
                                                         _0321_ (net)
                      0.034869    0.000002    2.508771 v _1883_/A (sky130_fd_sc_hd__buf_2)
     1    0.001952    0.021908    0.100828    2.609599 v _1883_/X (sky130_fd_sc_hd__buf_2)
                                                         _0926_ (net)
                      0.021908    0.000002    2.609601 v _1462_/D (sky130_fd_sc_hd__dfxtp_2)
                                              2.609601   data arrival time

                                  0.000000    0.000000   clock clk (rise edge)
                                  0.000000    0.000000   clock source latency
   134    0.531548    2.377944    1.760925    1.760925 ^ clk (in)
                                                         clk (net)
                      2.392820    0.000000    1.760925 ^ _1462_/CLK (sky130_fd_sc_hd__dfxtp_2)
                                  0.250000    2.010925   clock uncertainty
                                  0.000000    2.010925   clock reconvergence pessimism
                                  0.208969    2.219894   library hold time
                                              2.219894   data required time
---------------------------------------------------------------------------------------------
                                              2.219894   data required time
                                             -2.609601   data arrival time
---------------------------------------------------------------------------------------------
                                              0.389707   slack (MET)


Startpoint: _1558_ (rising edge-triggered flip-flop clocked by clk)
Endpoint: _1463_ (rising edge-triggered flip-flop clocked by clk)
Path Group: clk
Path Type: min

Fanout         Cap        Slew       Delay        Time   Description
---------------------------------------------------------------------------------------------
                                  0.000000    0.000000   clock clk (rise edge)
                                  0.000000    0.000000   clock source latency
   134    0.531548    2.377944    1.591941    1.591941 ^ clk (in)
                                                         clk (net)
                      2.392548    0.000000    1.591941 ^ _1558_/CLK (sky130_fd_sc_hd__dfxtp_2)
     1    0.001853    0.021119    0.579927    2.171868 v _1558_/Q (sky130_fd_sc_hd__dfxtp_2)
                                                         u_top.RV32I_Logic.Single_Cycle_Datapath.pcREG.q[28] (net)
                      0.021119    0.000002    2.171870 v _1809_/A (sky130_fd_sc_hd__buf_2)
     5    0.015027    0.049028    0.127590    2.299459 v _1809_/X (sky130_fd_sc_hd__buf_2)
                                                         _0648_ (net)
                      0.049028    0.000010    2.299469 v _1284_/A1 (sky130_fd_sc_hd__a22o_2)
     1    0.001892    0.034921    0.212844    2.512313 v _1284_/X (sky130_fd_sc_hd__a22o_2)
                                                         _0322_ (net)
                      0.034921    0.000002    2.512315 v _1884_/A (sky130_fd_sc_hd__buf_2)
     1    0.001872    0.021704    0.100573    2.612888 v _1884_/X (sky130_fd_sc_hd__buf_2)
                                                         _0928_ (net)
                      0.021704    0.000002    2.612890 v _1463_/D (sky130_fd_sc_hd__dfxtp_2)
                                              2.612890   data arrival time

                                  0.000000    0.000000   clock clk (rise edge)
                                  0.000000    0.000000   clock source latency
   134    0.531548    2.377944    1.759446    1.759446 ^ clk (in)
                                                         clk (net)
                      2.392535    0.000000    1.759446 ^ _1463_/CLK (sky130_fd_sc_hd__dfxtp_2)
                                  0.250000    2.009446   clock uncertainty
                                  0.000000    2.009446   clock reconvergence pessimism
                                  0.209030    2.218476   library hold time
                                              2.218476   data required time
---------------------------------------------------------------------------------------------
                                              2.218476   data required time
                                             -2.612890   data arrival time
---------------------------------------------------------------------------------------------
                                              0.394414   slack (MET)


Startpoint: _1560_ (rising edge-triggered flip-flop clocked by clk)
Endpoint: _1465_ (rising edge-triggered flip-flop clocked by clk)
Path Group: clk
Path Type: min

Fanout         Cap        Slew       Delay        Time   Description
---------------------------------------------------------------------------------------------
                                  0.000000    0.000000   clock clk (rise edge)
                                  0.000000    0.000000   clock source latency
   134    0.531548    2.377944    1.591134    1.591134 ^ clk (in)
                                                         clk (net)
                      2.392377    0.000000    1.591134 ^ _1560_/CLK (sky130_fd_sc_hd__dfxtp_2)
     1    0.002109    0.021321    0.580799    2.171932 v _1560_/Q (sky130_fd_sc_hd__dfxtp_2)
                                                         u_top.RV32I_Logic.Single_Cycle_Datapath.pcREG.q[30] (net)
                      0.021321    0.000005    2.171937 v _1819_/A (sky130_fd_sc_hd__buf_2)
     6    0.018286    0.055640    0.133459    2.305396 v _1819_/X (sky130_fd_sc_hd__buf_2)
                                                         _0651_ (net)
                      0.055640    0.000046    2.305442 v _1286_/A1 (sky130_fd_sc_hd__a22o_2)
     1    0.001958    0.035174    0.215628    2.521070 v _1286_/X (sky130_fd_sc_hd__a22o_2)
                                                         _0324_ (net)
                      0.035174    0.000003    2.521073 v _1886_/A (sky130_fd_sc_hd__buf_2)
     1    0.001910    0.021800    0.100808    2.621881 v _1886_/X (sky130_fd_sc_hd__buf_2)
                                                         _0932_ (net)
                      0.021800    0.000002    2.621883 v _1465_/D (sky130_fd_sc_hd__dfxtp_2)
                                              2.621883   data arrival time

                                  0.000000    0.000000   clock clk (rise edge)
                                  0.000000    0.000000   clock source latency
   134    0.531548    2.377944    1.756540    1.756540 ^ clk (in)
                                                         clk (net)
                      2.391984    0.000000    1.756540 ^ _1465_/CLK (sky130_fd_sc_hd__dfxtp_2)
                                  0.250000    2.006540   clock uncertainty
                                  0.000000    2.006540   clock reconvergence pessimism
                                  0.208949    2.215489   library hold time
                                              2.215489   data required time
---------------------------------------------------------------------------------------------
                                              2.215489   data required time
                                             -2.621883   data arrival time
---------------------------------------------------------------------------------------------
                                              0.406394   slack (MET)


Startpoint: _1556_ (rising edge-triggered flip-flop clocked by clk)
Endpoint: _1461_ (rising edge-triggered flip-flop clocked by clk)
Path Group: clk
Path Type: min

Fanout         Cap        Slew       Delay        Time   Description
---------------------------------------------------------------------------------------------
                                  0.000000    0.000000   clock clk (rise edge)
                                  0.000000    0.000000   clock source latency
   134    0.531548    2.377944    1.591788    1.591788 ^ clk (in)
                                                         clk (net)
                      2.392516    0.000000    1.591788 ^ _1556_/CLK (sky130_fd_sc_hd__dfxtp_2)
     1    0.001972    0.021427    0.580338    2.172127 v _1556_/Q (sky130_fd_sc_hd__dfxtp_2)
                                                         u_top.RV32I_Logic.Single_Cycle_Datapath.pcREG.q[26] (net)
                      0.021427    0.000003    2.172129 v _1799_/A (sky130_fd_sc_hd__buf_2)
     5    0.019711    0.058578    0.136031    2.308160 v _1799_/X (sky130_fd_sc_hd__buf_2)
                                                         _0646_ (net)
                      0.058578    0.000100    2.308261 v _1282_/A1 (sky130_fd_sc_hd__a22o_2)
     1    0.002033    0.035430    0.217057    2.525318 v _1282_/X (sky130_fd_sc_hd__a22o_2)
                                                         _0320_ (net)
                      0.035430    0.000004    2.525322 v _1882_/A (sky130_fd_sc_hd__buf_2)
     1    0.002091    0.022264    0.101539    2.626862 v _1882_/X (sky130_fd_sc_hd__buf_2)
                                                         _0924_ (net)
                      0.022264    0.000004    2.626865 v _1461_/D (sky130_fd_sc_hd__dfxtp_2)
                                              2.626865   data arrival time

                                  0.000000    0.000000   clock clk (rise edge)
                                  0.000000    0.000000   clock source latency
   134    0.531548    2.377944    1.759399    1.759399 ^ clk (in)
                                                         clk (net)
                      2.392526    0.000000    1.759399 ^ _1461_/CLK (sky130_fd_sc_hd__dfxtp_2)
                                  0.250000    2.009399   clock uncertainty
                                  0.000000    2.009399   clock reconvergence pessimism
                                  0.208804    2.218203   library hold time
                                              2.218203   data required time
---------------------------------------------------------------------------------------------
                                              2.218203   data required time
                                             -2.626865   data arrival time
---------------------------------------------------------------------------------------------
                                              0.408663   slack (MET)


Startpoint: _1550_ (rising edge-triggered flip-flop clocked by clk)
Endpoint: _1455_ (rising edge-triggered flip-flop clocked by clk)
Path Group: clk
Path Type: min

Fanout         Cap        Slew       Delay        Time   Description
---------------------------------------------------------------------------------------------
                                  0.000000    0.000000   clock clk (rise edge)
                                  0.000000    0.000000   clock source latency
   134    0.531548    2.377944    1.596736    1.596736 ^ clk (in)
                                                         clk (net)
                      2.393583    0.000000    1.596736 ^ _1550_/CLK (sky130_fd_sc_hd__dfxtp_2)
     1    0.001800    0.020984    0.579840    2.176576 v _1550_/Q (sky130_fd_sc_hd__dfxtp_2)
                                                         u_top.RV32I_Logic.Single_Cycle_Datapath.pcREG.q[20] (net)
                      0.020984    0.000002    2.176578 v _1769_/A (sky130_fd_sc_hd__buf_2)
     6    0.020015    0.059203    0.136402    2.312980 v _1769_/X (sky130_fd_sc_hd__buf_2)
                                                         _0640_ (net)
                      0.059203    0.000082    2.313062 v _1276_/A1 (sky130_fd_sc_hd__a22o_2)
     1    0.001944    0.035130    0.216843    2.529905 v _1276_/X (sky130_fd_sc_hd__a22o_2)
                                                         _0314_ (net)
                      0.035130    0.000003    2.529908 v _1876_/A (sky130_fd_sc_hd__buf_2)
     1    0.001856    0.021660    0.100601    2.630509 v _1876_/X (sky130_fd_sc_hd__buf_2)
                                                         _0912_ (net)
                      0.021660    0.000002    2.630511 v _1455_/D (sky130_fd_sc_hd__dfxtp_2)
                                              2.630511   data arrival time

                                  0.000000    0.000000   clock clk (rise edge)
                                  0.000000    0.000000   clock source latency
   134    0.531548    2.377944    1.762154    1.762154 ^ clk (in)
                                                         clk (net)
                      2.393059    0.000000    1.762154 ^ _1455_/CLK (sky130_fd_sc_hd__dfxtp_2)
                                  0.250000    2.012155   clock uncertainty
                                  0.000000    2.012155   clock reconvergence pessimism
                                  0.209088    2.221242   library hold time
                                              2.221242   data required time
---------------------------------------------------------------------------------------------
                                              2.221242   data required time
                                             -2.630511   data arrival time
---------------------------------------------------------------------------------------------
                                              0.409269   slack (MET)


Startpoint: _1553_ (rising edge-triggered flip-flop clocked by clk)
Endpoint: _1458_ (rising edge-triggered flip-flop clocked by clk)
Path Group: clk
Path Type: min

Fanout         Cap        Slew       Delay        Time   Description
---------------------------------------------------------------------------------------------
                                  0.000000    0.000000   clock clk (rise edge)
                                  0.000000    0.000000   clock source latency
   134    0.531548    2.377944    1.599730    1.599730 ^ clk (in)
                                                         clk (net)
                      2.394247    0.000000    1.599730 ^ _1553_/CLK (sky130_fd_sc_hd__dfxtp_2)
     1    0.001841    0.021090    0.580044    2.179774 v _1553_/Q (sky130_fd_sc_hd__dfxtp_2)
                                                         u_top.RV32I_Logic.Single_Cycle_Datapath.pcREG.q[23] (net)
                      0.021090    0.000002    2.179776 v _1784_/A (sky130_fd_sc_hd__buf_2)
     7    0.021672    0.062670    0.139352    2.319128 v _1784_/X (sky130_fd_sc_hd__buf_2)
                                                         _0643_ (net)
                      0.062670    0.000087    2.319215 v _1279_/A1 (sky130_fd_sc_hd__a22o_2)
     1    0.002366    0.035871    0.220187    2.539402 v _1279_/X (sky130_fd_sc_hd__a22o_2)
                                                         _0317_ (net)
                      0.035871    0.000007    2.539409 v _1879_/A (sky130_fd_sc_hd__buf_2)
     1    0.002343    0.022375    0.102589    2.641998 v _1879_/X (sky130_fd_sc_hd__buf_2)
                                                         _0918_ (net)
                      0.022375    0.000007    2.642005 v _1458_/D (sky130_fd_sc_hd__dfxtp_2)
                                              2.642005   data arrival time

                                  0.000000    0.000000   clock clk (rise edge)
                                  0.000000    0.000000   clock source latency
   134    0.531548    2.377944    1.768936    1.768936 ^ clk (in)
                                                         clk (net)
                      2.394413    0.000000    1.768936 ^ _1458_/CLK (sky130_fd_sc_hd__dfxtp_2)
                                  0.250000    2.018936   clock uncertainty
                                  0.000000    2.018936   clock reconvergence pessimism
                                  0.208903    2.227839   library hold time
                                              2.227839   data required time
---------------------------------------------------------------------------------------------
                                              2.227839   data required time
                                             -2.642005   data arrival time
---------------------------------------------------------------------------------------------
                                              0.414166   slack (MET)


Startpoint: _1547_ (rising edge-triggered flip-flop clocked by clk)
Endpoint: _1452_ (rising edge-triggered flip-flop clocked by clk)
Path Group: clk
Path Type: min

Fanout         Cap        Slew       Delay        Time   Description
---------------------------------------------------------------------------------------------
                                  0.000000    0.000000   clock clk (rise edge)
                                  0.000000    0.000000   clock source latency
   134    0.531548    2.377944    1.595040    1.595040 ^ clk (in)
                                                         clk (net)
                      2.393212    0.000000    1.595040 ^ _1547_/CLK (sky130_fd_sc_hd__dfxtp_2)
     1    0.002331    0.021801    0.581643    2.176684 v _1547_/Q (sky130_fd_sc_hd__dfxtp_2)
                                                         u_top.RV32I_Logic.Single_Cycle_Datapath.pcREG.q[17] (net)
                      0.021801    0.000006    2.176690 v _1754_/A (sky130_fd_sc_hd__buf_2)
     7    0.025685    0.071170    0.146665    2.323355 v _1754_/X (sky130_fd_sc_hd__buf_2)
                                                         _0637_ (net)
                      0.071171    0.000345    2.323699 v _1273_/A1 (sky130_fd_sc_hd__a22o_2)
     1    0.002189    0.035978    0.222380    2.546079 v _1273_/X (sky130_fd_sc_hd__a22o_2)
                                                         _0311_ (net)
                      0.035978    0.000004    2.546083 v _1873_/A (sky130_fd_sc_hd__buf_2)
     1    0.002138    0.022382    0.101924    2.648007 v _1873_/X (sky130_fd_sc_hd__buf_2)
                                                         _0906_ (net)
                      0.022382    0.000004    2.648011 v _1452_/D (sky130_fd_sc_hd__dfxtp_2)
                                              2.648011   data arrival time

                                  0.000000    0.000000   clock clk (rise edge)
                                  0.000000    0.000000   clock source latency
   134    0.531548    2.377944    1.768811    1.768811 ^ clk (in)
                                                         clk (net)
                      2.394387    0.000000    1.768811 ^ _1452_/CLK (sky130_fd_sc_hd__dfxtp_2)
                                  0.250000    2.018811   clock uncertainty
                                  0.000000    2.018811   clock reconvergence pessimism
                                  0.208898    2.227709   library hold time
                                              2.227709   data required time
---------------------------------------------------------------------------------------------
                                              2.227709   data required time
                                             -2.648011   data arrival time
---------------------------------------------------------------------------------------------
                                              0.420302   slack (MET)


Startpoint: _1552_ (rising edge-triggered flip-flop clocked by clk)
Endpoint: _1457_ (rising edge-triggered flip-flop clocked by clk)
Path Group: clk
Path Type: min

Fanout         Cap        Slew       Delay        Time   Description
---------------------------------------------------------------------------------------------
                                  0.000000    0.000000   clock clk (rise edge)
                                  0.000000    0.000000   clock source latency
   134    0.531548    2.377944    1.599131    1.599131 ^ clk (in)
                                                         clk (net)
                      2.394113    0.000000    1.599131 ^ _1552_/CLK (sky130_fd_sc_hd__dfxtp_2)
     1    0.001903    0.021249    0.580246    2.179377 v _1552_/Q (sky130_fd_sc_hd__dfxtp_2)
                                                         u_top.RV32I_Logic.Single_Cycle_Datapath.pcREG.q[22] (net)
                      0.021249    0.000002    2.179379 v _1779_/A (sky130_fd_sc_hd__buf_2)
     7    0.024712    0.069046    0.144831    2.324211 v _1779_/X (sky130_fd_sc_hd__buf_2)
                                                         _0642_ (net)
                      0.069046    0.000118    2.324329 v _1278_/A1 (sky130_fd_sc_hd__a22o_2)
     1    0.002244    0.036162    0.221886    2.546214 v _1278_/X (sky130_fd_sc_hd__a22o_2)
                                                         _0316_ (net)
                      0.036162    0.000006    2.546221 v _1878_/A (sky130_fd_sc_hd__buf_2)
     1    0.002385    0.022465    0.102852    2.649073 v _1878_/X (sky130_fd_sc_hd__buf_2)
                                                         _0916_ (net)
                      0.022465    0.000007    2.649080 v _1457_/D (sky130_fd_sc_hd__dfxtp_2)
                                              2.649080   data arrival time

                                  0.000000    0.000000   clock clk (rise edge)
                                  0.000000    0.000000   clock source latency
   134    0.531548    2.377944    1.768643    1.768643 ^ clk (in)
                                                         clk (net)
                      2.394353    0.000000    1.768643 ^ _1457_/CLK (sky130_fd_sc_hd__dfxtp_2)
                                  0.250000    2.018642   clock uncertainty
                                  0.000000    2.018642   clock reconvergence pessimism
                                  0.208862    2.227504   library hold time
                                              2.227504   data required time
---------------------------------------------------------------------------------------------
                                              2.227504   data required time
                                             -2.649080   data arrival time
---------------------------------------------------------------------------------------------
                                              0.421576   slack (MET)


Startpoint: _1539_ (rising edge-triggered flip-flop clocked by clk)
Endpoint: _1539_ (rising edge-triggered flip-flop clocked by clk)
Path Group: clk
Path Type: min

Fanout         Cap        Slew       Delay        Time   Description
---------------------------------------------------------------------------------------------
                                  0.000000    0.000000   clock clk (rise edge)
                                  0.000000    0.000000   clock source latency
   134    0.531548    2.377944    1.585461    1.585461 ^ clk (in)
                                                         clk (net)
                      2.391209    0.000000    1.585461 ^ _1539_/CLK (sky130_fd_sc_hd__dfxtp_2)
     1    0.002132    0.028235    0.606875    2.192337 ^ _1539_/Q (sky130_fd_sc_hd__dfxtp_2)
                                                         u_top.RV32I_Logic.Single_Cycle_Datapath.pcREG.q[9] (net)
                      0.028235    0.000003    2.192340 ^ _1837_/A (sky130_fd_sc_hd__buf_2)
     5    0.016934    0.089418    0.127841    2.320181 ^ _1837_/X (sky130_fd_sc_hd__buf_2)
                                                         _0659_ (net)
                      0.089418    0.000039    2.320220 ^ _1372_/A1 (sky130_fd_sc_hd__a21oi_2)
     1    0.001921    0.031745    0.048713    2.368933 v _1372_/Y (sky130_fd_sc_hd__a21oi_2)
                                                         _0398_ (net)
                      0.031745    0.000003    2.368936 v _1960_/A (sky130_fd_sc_hd__buf_2)
     1    0.001886    0.021752    0.099323    2.468259 v _1960_/X (sky130_fd_sc_hd__buf_2)
                                                         _1047_ (net)
                      0.021752    0.000002    2.468261 v _1539_/D (sky130_fd_sc_hd__dfxtp_2)
                                              2.468261   data arrival time

                                  0.000000    0.000000   clock clk (rise edge)
                                  0.000000    0.000000   clock source latency
   134    0.531548    2.377944    1.752352    1.752352 ^ clk (in)
                                                         clk (net)
                      2.391209    0.000000    1.752352 ^ _1539_/CLK (sky130_fd_sc_hd__dfxtp_2)
                                  0.250000    2.002352   clock uncertainty
                                 -0.166891    1.835461   clock reconvergence pessimism
                                  0.208909    2.044371   library hold time
                                              2.044371   data required time
---------------------------------------------------------------------------------------------
                                              2.044371   data required time
                                             -2.468261   data arrival time
---------------------------------------------------------------------------------------------
                                              0.423890   slack (MET)


Startpoint: _1548_ (rising edge-triggered flip-flop clocked by clk)
Endpoint: _1453_ (rising edge-triggered flip-flop clocked by clk)
Path Group: clk
Path Type: min

Fanout         Cap        Slew       Delay        Time   Description
---------------------------------------------------------------------------------------------
                                  0.000000    0.000000   clock clk (rise edge)
                                  0.000000    0.000000   clock source latency
   134    0.531548    2.377944    1.595761    1.595761 ^ clk (in)
                                                         clk (net)
                      2.393369    0.000000    1.595761 ^ _1548_/CLK (sky130_fd_sc_hd__dfxtp_2)
     1    0.001975    0.021433    0.580426    2.176186 v _1548_/Q (sky130_fd_sc_hd__dfxtp_2)
                                                         u_top.RV32I_Logic.Single_Cycle_Datapath.pcREG.q[18] (net)
                      0.021433    0.000004    2.176190 v _1759_/A (sky130_fd_sc_hd__buf_2)
     6    0.025320    0.070338    0.145969    2.322159 v _1759_/X (sky130_fd_sc_hd__buf_2)
                                                         _0638_ (net)
                      0.070338    0.000091    2.322250 v _1274_/A1 (sky130_fd_sc_hd__a22o_2)
     1    0.001980    0.035267    0.221047    2.543296 v _1274_/X (sky130_fd_sc_hd__a22o_2)
                                                         _0312_ (net)
                      0.035267    0.000003    2.543299 v _1874_/A (sky130_fd_sc_hd__buf_2)
     1    0.001862    0.021676    0.100679    2.643978 v _1874_/X (sky130_fd_sc_hd__buf_2)
                                                         _0908_ (net)
                      0.021676    0.000001    2.643979 v _1453_/D (sky130_fd_sc_hd__dfxtp_2)
                                              2.643979   data arrival time

                                  0.000000    0.000000   clock clk (rise edge)
                                  0.000000    0.000000   clock source latency
   134    0.531548    2.377944    1.759389    1.759389 ^ clk (in)
                                                         clk (net)
                      2.392524    0.000000    1.759389 ^ _1453_/CLK (sky130_fd_sc_hd__dfxtp_2)
                                  0.250000    2.009389   clock uncertainty
                                  0.000000    2.009389   clock reconvergence pessimism
                                  0.209040    2.218430   library hold time
                                              2.218430   data required time
---------------------------------------------------------------------------------------------
                                              2.218430   data required time
                                             -2.643979   data arrival time
---------------------------------------------------------------------------------------------
                                              0.425550   slack (MET)


Startpoint: _1536_ (rising edge-triggered flip-flop clocked by clk)
Endpoint: _1536_ (rising edge-triggered flip-flop clocked by clk)
Path Group: clk
Path Type: min

Fanout         Cap        Slew       Delay        Time   Description
---------------------------------------------------------------------------------------------
                                  0.000000    0.000000   clock clk (rise edge)
                                  0.000000    0.000000   clock source latency
   134    0.531548    2.377944    1.585336    1.585336 ^ clk (in)
                                                         clk (net)
                      2.391184    0.000000    1.585336 ^ _1536_/CLK (sky130_fd_sc_hd__dfxtp_2)
     1    0.002236    0.028695    0.607328    2.192664 ^ _1536_/Q (sky130_fd_sc_hd__dfxtp_2)
                                                         u_top.RV32I_Logic.Single_Cycle_Datapath.pcREG.q[6] (net)
                      0.028695    0.000004    2.192668 ^ _1834_/A (sky130_fd_sc_hd__buf_2)
     5    0.017215    0.090725    0.128883    2.321551 ^ _1834_/X (sky130_fd_sc_hd__buf_2)
                                                         _0656_ (net)
                      0.090725    0.000057    2.321608 ^ _1364_/A1 (sky130_fd_sc_hd__a21oi_2)
     1    0.002066    0.031971    0.049499    2.371107 v _1364_/Y (sky130_fd_sc_hd__a21oi_2)
                                                         _0395_ (net)
                      0.031971    0.000004    2.371110 v _1957_/A (sky130_fd_sc_hd__buf_2)
     1    0.001869    0.021707    0.099356    2.470466 v _1957_/X (sky130_fd_sc_hd__buf_2)
                                                         _1044_ (net)
                      0.021707    0.000001    2.470468 v _1536_/D (sky130_fd_sc_hd__dfxtp_2)
                                              2.470468   data arrival time

                                  0.000000    0.000000   clock clk (rise edge)
                                  0.000000    0.000000   clock source latency
   134    0.531548    2.377944    1.752214    1.752214 ^ clk (in)
                                                         clk (net)
                      2.391184    0.000000    1.752214 ^ _1536_/CLK (sky130_fd_sc_hd__dfxtp_2)
                                  0.250000    2.002214   clock uncertainty
                                 -0.166878    1.835336   clock reconvergence pessimism
                                  0.208926    2.044262   library hold time
                                              2.044262   data required time
---------------------------------------------------------------------------------------------
                                              2.044262   data required time
                                             -2.470468   data arrival time
---------------------------------------------------------------------------------------------
                                              0.426206   slack (MET)


Startpoint: _1549_ (rising edge-triggered flip-flop clocked by clk)
Endpoint: _1454_ (rising edge-triggered flip-flop clocked by clk)
Path Group: clk
Path Type: min

Fanout         Cap        Slew       Delay        Time   Description
---------------------------------------------------------------------------------------------
                                  0.000000    0.000000   clock clk (rise edge)
                                  0.000000    0.000000   clock source latency
   134    0.531548    2.377944    1.597809    1.597809 ^ clk (in)
                                                         clk (net)
                      2.393819    0.000000    1.597809 ^ _1549_/CLK (sky130_fd_sc_hd__dfxtp_2)
     1    0.001998    0.021493    0.580548    2.178356 v _1549_/Q (sky130_fd_sc_hd__dfxtp_2)
                                                         u_top.RV32I_Logic.Single_Cycle_Datapath.pcREG.q[19] (net)
                      0.021493    0.000003    2.178360 v _1764_/A (sky130_fd_sc_hd__buf_2)
     8    0.027267    0.074481    0.149423    2.327783 v _1764_/X (sky130_fd_sc_hd__buf_2)
                                                         _0639_ (net)
                      0.074481    0.000317    2.328100 v _1275_/A1 (sky130_fd_sc_hd__a22o_2)
     1    0.002310    0.036396    0.224178    2.552279 v _1275_/X (sky130_fd_sc_hd__a22o_2)
                                                         _0313_ (net)
                      0.036396    0.000005    2.552284 v _1875_/A (sky130_fd_sc_hd__buf_2)
     1    0.002249    0.022665    0.102478    2.654762 v _1875_/X (sky130_fd_sc_hd__buf_2)
                                                         _0910_ (net)
                      0.022665    0.000004    2.654766 v _1454_/D (sky130_fd_sc_hd__dfxtp_2)
                                              2.654766   data arrival time

                                  0.000000    0.000000   clock clk (rise edge)
                                  0.000000    0.000000   clock source latency
   134    0.531548    2.377944    1.769282    1.769282 ^ clk (in)
                                                         clk (net)
                      2.394483    0.000000    1.769282 ^ _1454_/CLK (sky130_fd_sc_hd__dfxtp_2)
                                  0.250000    2.019282   clock uncertainty
                                  0.000000    2.019282   clock reconvergence pessimism
                                  0.208791    2.228073   library hold time
                                              2.228073   data required time
---------------------------------------------------------------------------------------------
                                              2.228073   data required time
                                             -2.654766   data arrival time
---------------------------------------------------------------------------------------------
                                              0.426693   slack (MET)


Startpoint: _1554_ (rising edge-triggered flip-flop clocked by clk)
Endpoint: _1459_ (rising edge-triggered flip-flop clocked by clk)
Path Group: clk
Path Type: min

Fanout         Cap        Slew       Delay        Time   Description
---------------------------------------------------------------------------------------------
                                  0.000000    0.000000   clock clk (rise edge)
                                  0.000000    0.000000   clock source latency
   134    0.531548    2.377944    1.598508    1.598508 ^ clk (in)
                                                         clk (net)
                      2.393974    0.000000    1.598508 ^ _1554_/CLK (sky130_fd_sc_hd__dfxtp_2)
     1    0.001977    0.021438    0.580489    2.178997 v _1554_/Q (sky130_fd_sc_hd__dfxtp_2)
                                                         u_top.RV32I_Logic.Single_Cycle_Datapath.pcREG.q[24] (net)
                      0.021438    0.000004    2.179000 v _1789_/A (sky130_fd_sc_hd__buf_2)
     6    0.028523    0.077138    0.151660    2.330660 v _1789_/X (sky130_fd_sc_hd__buf_2)
                                                         _0644_ (net)
                      0.077138    0.000183    2.330843 v _1280_/A1 (sky130_fd_sc_hd__a22o_2)
     1    0.002170    0.035922    0.224441    2.555285 v _1280_/X (sky130_fd_sc_hd__a22o_2)
                                                         _0318_ (net)
                      0.035922    0.000004    2.555289 v _1880_/A (sky130_fd_sc_hd__buf_2)
     1    0.002343    0.022374    0.102609    2.657898 v _1880_/X (sky130_fd_sc_hd__buf_2)
                                                         _0920_ (net)
                      0.022374    0.000005    2.657903 v _1459_/D (sky130_fd_sc_hd__dfxtp_2)
                                              2.657903   data arrival time

                                  0.000000    0.000000   clock clk (rise edge)
                                  0.000000    0.000000   clock source latency
   134    0.531548    2.377944    1.769116    1.769116 ^ clk (in)
                                                         clk (net)
                      2.394450    0.000000    1.769116 ^ _1459_/CLK (sky130_fd_sc_hd__dfxtp_2)
                                  0.250000    2.019116   clock uncertainty
                                  0.000000    2.019116   clock reconvergence pessimism
                                  0.208906    2.228022   library hold time
                                              2.228022   data required time
---------------------------------------------------------------------------------------------
                                              2.228022   data required time
                                             -2.657903   data arrival time
---------------------------------------------------------------------------------------------
                                              0.429881   slack (MET)


Startpoint: _1551_ (rising edge-triggered flip-flop clocked by clk)
Endpoint: _1456_ (rising edge-triggered flip-flop clocked by clk)
Path Group: clk
Path Type: min

Fanout         Cap        Slew       Delay        Time   Description
---------------------------------------------------------------------------------------------
                                  0.000000    0.000000   clock clk (rise edge)
                                  0.000000    0.000000   clock source latency
   134    0.531548    2.377944    1.598498    1.598498 ^ clk (in)
                                                         clk (net)
                      2.393972    0.000000    1.598498 ^ _1551_/CLK (sky130_fd_sc_hd__dfxtp_2)
     1    0.002236    0.021598    0.581386    2.179883 v _1551_/Q (sky130_fd_sc_hd__dfxtp_2)
                                                         u_top.RV32I_Logic.Single_Cycle_Datapath.pcREG.q[21] (net)
                      0.021598    0.000006    2.179889 v _1774_/A (sky130_fd_sc_hd__buf_2)
     6    0.028140    0.076360    0.150980    2.330870 v _1774_/X (sky130_fd_sc_hd__buf_2)
                                                         _0641_ (net)
                      0.076361    0.000327    2.331197 v _1277_/A1 (sky130_fd_sc_hd__a22o_2)
     1    0.002418    0.036765    0.225389    2.556586 v _1277_/X (sky130_fd_sc_hd__a22o_2)
                                                         _0315_ (net)
                      0.036765    0.000006    2.556592 v _1877_/A (sky130_fd_sc_hd__buf_2)
     1    0.002305    0.022287    0.102820    2.659413 v _1877_/X (sky130_fd_sc_hd__buf_2)
                                                         _0914_ (net)
                      0.022287    0.000005    2.659417 v _1456_/D (sky130_fd_sc_hd__dfxtp_2)
                                              2.659417   data arrival time

                                  0.000000    0.000000   clock clk (rise edge)
                                  0.000000    0.000000   clock source latency
   134    0.531548    2.377944    1.769885    1.769885 ^ clk (in)
                                                         clk (net)
                      2.394607    0.000000    1.769885 ^ _1456_/CLK (sky130_fd_sc_hd__dfxtp_2)
                                  0.250000    2.019886   clock uncertainty
                                  0.000000    2.019886   clock reconvergence pessimism
                                  0.208953    2.228838   library hold time
                                              2.228838   data required time
---------------------------------------------------------------------------------------------
                                              2.228838   data required time
                                             -2.659417   data arrival time
---------------------------------------------------------------------------------------------
                                              0.430579   slack (MET)


Startpoint: _1546_ (rising edge-triggered flip-flop clocked by clk)
Endpoint: _1451_ (rising edge-triggered flip-flop clocked by clk)
Path Group: clk
Path Type: min

Fanout         Cap        Slew       Delay        Time   Description
---------------------------------------------------------------------------------------------
                                  0.000000    0.000000   clock clk (rise edge)
                                  0.000000    0.000000   clock source latency
   134    0.531548    2.377944    1.593231    1.593231 ^ clk (in)
                                                         clk (net)
                      2.392823    0.000000    1.593231 ^ _1546_/CLK (sky130_fd_sc_hd__dfxtp_2)
     1    0.001871    0.021165    0.580014    2.173245 v _1546_/Q (sky130_fd_sc_hd__dfxtp_2)
                                                         u_top.RV32I_Logic.Single_Cycle_Datapath.pcREG.q[16] (net)
                      0.021165    0.000002    2.173247 v _1749_/A (sky130_fd_sc_hd__buf_2)
     8    0.029833    0.079917    0.153899    2.327146 v _1749_/X (sky130_fd_sc_hd__buf_2)
                                                         _0636_ (net)
                      0.079917    0.000014    2.327159 v _1272_/A1 (sky130_fd_sc_hd__a22o_2)
     1    0.001877    0.034929    0.223997    2.551157 v _1272_/X (sky130_fd_sc_hd__a22o_2)
                                                         _0310_ (net)
                      0.034929    0.000002    2.551158 v _1872_/A (sky130_fd_sc_hd__buf_2)
     1    0.001803    0.021527    0.100338    2.651496 v _1872_/X (sky130_fd_sc_hd__buf_2)
                                                         _0904_ (net)
                      0.021527    0.000000    2.651497 v _1451_/D (sky130_fd_sc_hd__dfxtp_2)
                                              2.651497   data arrival time

                                  0.000000    0.000000   clock clk (rise edge)
                                  0.000000    0.000000   clock source latency
   134    0.531548    2.377944    1.759323    1.759323 ^ clk (in)
                                                         clk (net)
                      2.392511    0.000000    1.759323 ^ _1451_/CLK (sky130_fd_sc_hd__dfxtp_2)
                                  0.250000    2.009323   clock uncertainty
                                  0.000000    2.009323   clock reconvergence pessimism
                                  0.209100    2.218422   library hold time
                                              2.218422   data required time
---------------------------------------------------------------------------------------------
                                              2.218422   data required time
                                             -2.651497   data arrival time
---------------------------------------------------------------------------------------------
                                              0.433075   slack (MET)


Startpoint: _1559_ (rising edge-triggered flip-flop clocked by clk)
Endpoint: _1464_ (rising edge-triggered flip-flop clocked by clk)
Path Group: clk
Path Type: min

Fanout         Cap        Slew       Delay        Time   Description
---------------------------------------------------------------------------------------------
                                  0.000000    0.000000   clock clk (rise edge)
                                  0.000000    0.000000   clock source latency
   134    0.531548    2.377944    1.591062    1.591062 ^ clk (in)
                                                         clk (net)
                      2.392362    0.000000    1.591062 ^ _1559_/CLK (sky130_fd_sc_hd__dfxtp_2)
     1    0.002135    0.021378    0.580888    2.171950 v _1559_/Q (sky130_fd_sc_hd__dfxtp_2)
                                                         u_top.RV32I_Logic.Single_Cycle_Datapath.pcREG.q[29] (net)
                      0.021378    0.000005    2.171955 v _1814_/A (sky130_fd_sc_hd__buf_2)
     8    0.030436    0.081238    0.155004    2.326959 v _1814_/X (sky130_fd_sc_hd__buf_2)
                                                         _0649_ (net)
                      0.081238    0.000104    2.327063 v _1285_/A1 (sky130_fd_sc_hd__a22o_2)
     1    0.001929    0.035108    0.224733    2.551796 v _1285_/X (sky130_fd_sc_hd__a22o_2)
                                                         _0323_ (net)
                      0.035108    0.000002    2.551798 v _1885_/A (sky130_fd_sc_hd__buf_2)
     1    0.001860    0.021670    0.100606    2.652404 v _1885_/X (sky130_fd_sc_hd__buf_2)
                                                         _0930_ (net)
                      0.021670    0.000001    2.652406 v _1464_/D (sky130_fd_sc_hd__dfxtp_2)
                                              2.652406   data arrival time

                                  0.000000    0.000000   clock clk (rise edge)
                                  0.000000    0.000000   clock source latency
   134    0.531548    2.377944    1.756544    1.756544 ^ clk (in)
                                                         clk (net)
                      2.391984    0.000000    1.756544 ^ _1464_/CLK (sky130_fd_sc_hd__dfxtp_2)
                                  0.250000    2.006544   clock uncertainty
                                  0.000000    2.006544   clock reconvergence pessimism
                                  0.209001    2.215545   library hold time
                                              2.215545   data required time
---------------------------------------------------------------------------------------------
                                              2.215545   data required time
                                             -2.652406   data arrival time
---------------------------------------------------------------------------------------------
                                              0.436860   slack (MET)


Startpoint: _1555_ (rising edge-triggered flip-flop clocked by clk)
Endpoint: _1460_ (rising edge-triggered flip-flop clocked by clk)
Path Group: clk
Path Type: min

Fanout         Cap        Slew       Delay        Time   Description
---------------------------------------------------------------------------------------------
                                  0.000000    0.000000   clock clk (rise edge)
                                  0.000000    0.000000   clock source latency
   134    0.531548    2.377944    1.591683    1.591683 ^ clk (in)
                                                         clk (net)
                      2.392493    0.000000    1.591683 ^ _1555_/CLK (sky130_fd_sc_hd__dfxtp_2)
     1    0.001961    0.021397    0.580297    2.171980 v _1555_/Q (sky130_fd_sc_hd__dfxtp_2)
                                                         u_top.RV32I_Logic.Single_Cycle_Datapath.pcREG.q[25] (net)
                      0.021397    0.000003    2.171983 v _1794_/A (sky130_fd_sc_hd__buf_2)
    10    0.032560    0.085754    0.158834    2.330817 v _1794_/X (sky130_fd_sc_hd__buf_2)
                                                         _0645_ (net)
                      0.085754    0.000163    2.330980 v _1281_/A1 (sky130_fd_sc_hd__a22o_2)
     1    0.002035    0.035476    0.226889    2.557870 v _1281_/X (sky130_fd_sc_hd__a22o_2)
                                                         _0319_ (net)
                      0.035476    0.000003    2.557873 v _1881_/A (sky130_fd_sc_hd__buf_2)
     1    0.002269    0.022215    0.102171    2.660044 v _1881_/X (sky130_fd_sc_hd__buf_2)
                                                         _0922_ (net)
                      0.022215    0.000005    2.660049 v _1460_/D (sky130_fd_sc_hd__dfxtp_2)
                                              2.660049   data arrival time

                                  0.000000    0.000000   clock clk (rise edge)
                                  0.000000    0.000000   clock source latency
   134    0.531548    2.377944    1.759357    1.759357 ^ clk (in)
                                                         clk (net)
                      2.392518    0.000000    1.759357 ^ _1460_/CLK (sky130_fd_sc_hd__dfxtp_2)
                                  0.250000    2.009356   clock uncertainty
                                  0.000000    2.009356   clock reconvergence pessimism
                                  0.208823    2.218179   library hold time
                                              2.218179   data required time
---------------------------------------------------------------------------------------------
                                              2.218179   data required time
                                             -2.660049   data arrival time
---------------------------------------------------------------------------------------------
                                              0.441870   slack (MET)


Startpoint: _1552_ (rising edge-triggered flip-flop clocked by clk)
Endpoint: _1552_ (rising edge-triggered flip-flop clocked by clk)
Path Group: clk
Path Type: min

Fanout         Cap        Slew       Delay        Time   Description
---------------------------------------------------------------------------------------------
                                  0.000000    0.000000   clock clk (rise edge)
                                  0.000000    0.000000   clock source latency
   134    0.531548    2.377944    1.599131    1.599131 ^ clk (in)
                                                         clk (net)
                      2.394113    0.000000    1.599131 ^ _1552_/CLK (sky130_fd_sc_hd__dfxtp_2)
     1    0.002063    0.027929    0.606873    2.206003 ^ _1552_/Q (sky130_fd_sc_hd__dfxtp_2)
                                                         u_top.RV32I_Logic.Single_Cycle_Datapath.pcREG.q[22] (net)
                      0.027929    0.000003    2.206006 ^ _1779_/A (sky130_fd_sc_hd__buf_2)
     7    0.026309    0.133037    0.157171    2.363177 ^ _1779_/X (sky130_fd_sc_hd__buf_2)
                                                         _0642_ (net)
                      0.133037    0.000078    2.363255 ^ _1407_/A1 (sky130_fd_sc_hd__a21oi_2)
     1    0.002214    0.031978    0.058675    2.421930 v _1407_/Y (sky130_fd_sc_hd__a21oi_2)
                                                         _0411_ (net)
                      0.031978    0.000006    2.421936 v _1973_/A (sky130_fd_sc_hd__buf_2)
     1    0.001979    0.021989    0.099739    2.521675 v _1973_/X (sky130_fd_sc_hd__buf_2)
                                                         _1060_ (net)
                      0.021989    0.000003    2.521677 v _1552_/D (sky130_fd_sc_hd__dfxtp_2)
                                              2.521677   data arrival time

                                  0.000000    0.000000   clock clk (rise edge)
                                  0.000000    0.000000   clock source latency
   134    0.531548    2.377944    1.767460    1.767460 ^ clk (in)
                                                         clk (net)
                      2.394113    0.000000    1.767460 ^ _1552_/CLK (sky130_fd_sc_hd__dfxtp_2)
                                  0.250000    2.017460   clock uncertainty
                                 -0.168329    1.849131   clock reconvergence pessimism
                                  0.209035    2.058166   library hold time
                                              2.058166   data required time
---------------------------------------------------------------------------------------------
                                              2.058166   data required time
                                             -2.521677   data arrival time
---------------------------------------------------------------------------------------------
                                              0.463511   slack (MET)


Startpoint: _1516_ (rising edge-triggered flip-flop clocked by clk)
Endpoint: _1516_ (rising edge-triggered flip-flop clocked by clk)
Path Group: clk
Path Type: min

Fanout         Cap        Slew       Delay        Time   Description
---------------------------------------------------------------------------------------------
                                  0.000000    0.000000   clock clk (rise edge)
                                  0.000000    0.000000   clock source latency
   134    0.531548    2.377944    1.589810    1.589810 ^ clk (in)
                                                         clk (net)
                      2.392100    0.000000    1.589810 ^ _1516_/CLK (sky130_fd_sc_hd__dfxtp_2)
     1    0.002194    0.021506    0.581067    2.170877 v _1516_/Q (sky130_fd_sc_hd__dfxtp_2)
                                                         u_top.instruction_mmu.u_tlb.vpn[3][4] (net)
                      0.021506    0.000005    2.170882 v _1748_/A (sky130_fd_sc_hd__buf_2)
     2    0.003975    0.026302    0.102405    2.273287 v _1748_/X (sky130_fd_sc_hd__buf_2)
                                                         _0778_ (net)
                      0.026302    0.000006    2.273293 v _1337_/A (sky130_fd_sc_hd__and2_2)
     1    0.001779    0.031990    0.142333    2.415626 v _1337_/X (sky130_fd_sc_hd__and2_2)
                                                         _0375_ (net)
                      0.031990    0.000001    2.415627 v _1937_/A (sky130_fd_sc_hd__buf_2)
     1    0.001723    0.021333    0.098858    2.514486 v _1937_/X (sky130_fd_sc_hd__buf_2)
                                                         _1024_ (net)
                      0.021333    0.000000    2.514486 v _1516_/D (sky130_fd_sc_hd__dfxtp_2)
                                              2.514486   data arrival time

                                  0.000000    0.000000   clock clk (rise edge)
                                  0.000000    0.000000   clock source latency
   134    0.531548    2.377944    1.757159    1.757159 ^ clk (in)
                                                         clk (net)
                      2.392100    0.000000    1.757159 ^ _1516_/CLK (sky130_fd_sc_hd__dfxtp_2)
                                  0.250000    2.007159   clock uncertainty
                                 -0.167348    1.839810   clock reconvergence pessimism
                                  0.209146    2.048957   library hold time
                                              2.048957   data required time
---------------------------------------------------------------------------------------------
                                              2.048957   data required time
                                             -2.514486   data arrival time
---------------------------------------------------------------------------------------------
                                              0.465529   slack (MET)


Startpoint: _1485_ (rising edge-triggered flip-flop clocked by clk)
Endpoint: _1485_ (rising edge-triggered flip-flop clocked by clk)
Path Group: clk
Path Type: min

Fanout         Cap        Slew       Delay        Time   Description
---------------------------------------------------------------------------------------------
                                  0.000000    0.000000   clock clk (rise edge)
                                  0.000000    0.000000   clock source latency
   134    0.531548    2.377944    1.589338    1.589338 ^ clk (in)
                                                         clk (net)
                      2.392002    0.000000    1.589338 ^ _1485_/CLK (sky130_fd_sc_hd__dfxtp_2)
     1    0.002171    0.021939    0.580981    2.170320 v _1485_/Q (sky130_fd_sc_hd__dfxtp_2)
                                                         u_top.instruction_mmu.u_tlb.vpn[1][18] (net)
                      0.021939    0.000004    2.170324 v _1816_/A (sky130_fd_sc_hd__buf_2)
     2    0.003942    0.026211    0.102457    2.272781 v _1816_/X (sky130_fd_sc_hd__buf_2)
                                                         _0733_ (net)
                      0.026211    0.000008    2.272789 v _1306_/A (sky130_fd_sc_hd__and2_2)
     1    0.001811    0.032082    0.142433    2.415222 v _1306_/X (sky130_fd_sc_hd__and2_2)
                                                         _0344_ (net)
                      0.032082    0.000001    2.415223 v _1906_/A (sky130_fd_sc_hd__buf_2)
     1    0.001767    0.021445    0.099048    2.514271 v _1906_/X (sky130_fd_sc_hd__buf_2)
                                                         _0972_ (net)
                      0.021445    0.000000    2.514271 v _1485_/D (sky130_fd_sc_hd__dfxtp_2)
                                              2.514271   data arrival time

                                  0.000000    0.000000   clock clk (rise edge)
                                  0.000000    0.000000   clock source latency
   134    0.531548    2.377944    1.756637    1.756637 ^ clk (in)
                                                         clk (net)
                      2.392002    0.000000    1.756637 ^ _1485_/CLK (sky130_fd_sc_hd__dfxtp_2)
                                  0.250000    2.006637   clock uncertainty
                                 -0.167299    1.839338   clock reconvergence pessimism
                                  0.209094    2.048432   library hold time
                                              2.048432   data required time
---------------------------------------------------------------------------------------------
                                              2.048432   data required time
                                             -2.514271   data arrival time
---------------------------------------------------------------------------------------------
                                              0.465840   slack (MET)


Startpoint: _1514_ (rising edge-triggered flip-flop clocked by clk)
Endpoint: _1514_ (rising edge-triggered flip-flop clocked by clk)
Path Group: clk
Path Type: min

Fanout         Cap        Slew       Delay        Time   Description
---------------------------------------------------------------------------------------------
                                  0.000000    0.000000   clock clk (rise edge)
                                  0.000000    0.000000   clock source latency
   134    0.531548    2.377944    1.591532    1.591532 ^ clk (in)
                                                         clk (net)
                      2.392461    0.000000    1.591532 ^ _1514_/CLK (sky130_fd_sc_hd__dfxtp_2)
     1    0.002031    0.021578    0.580537    2.172070 v _1514_/Q (sky130_fd_sc_hd__dfxtp_2)
                                                         u_top.instruction_mmu.u_tlb.vpn[3][2] (net)
                      0.021578    0.000004    2.172073 v _1740_/A (sky130_fd_sc_hd__buf_2)
     2    0.003778    0.026602    0.101756    2.273829 v _1740_/X (sky130_fd_sc_hd__buf_2)
                                                         _0776_ (net)
                      0.026602    0.000005    2.273834 v _1335_/A (sky130_fd_sc_hd__and2_2)
     1    0.001925    0.032410    0.143071    2.416905 v _1335_/X (sky130_fd_sc_hd__and2_2)
                                                         _0373_ (net)
                      0.032410    0.000002    2.416907 v _1935_/A (sky130_fd_sc_hd__buf_2)
     1    0.001871    0.021711    0.099543    2.516451 v _1935_/X (sky130_fd_sc_hd__buf_2)
                                                         _1022_ (net)
                      0.021711    0.000002    2.516453 v _1514_/D (sky130_fd_sc_hd__dfxtp_2)
                                              2.516453   data arrival time

                                  0.000000    0.000000   clock clk (rise edge)
                                  0.000000    0.000000   clock source latency
   134    0.531548    2.377944    1.759062    1.759062 ^ clk (in)
                                                         clk (net)
                      2.392461    0.000000    1.759062 ^ _1514_/CLK (sky130_fd_sc_hd__dfxtp_2)
                                  0.250000    2.009062   clock uncertainty
                                 -0.167530    1.841532   clock reconvergence pessimism
                                  0.209021    2.050554   library hold time
                                              2.050554   data required time
---------------------------------------------------------------------------------------------
                                              2.050554   data required time
                                             -2.516453   data arrival time
---------------------------------------------------------------------------------------------
                                              0.465899   slack (MET)


Startpoint: _1528_ (rising edge-triggered flip-flop clocked by clk)
Endpoint: _1528_ (rising edge-triggered flip-flop clocked by clk)
Path Group: clk
Path Type: min

Fanout         Cap        Slew       Delay        Time   Description
---------------------------------------------------------------------------------------------
                                  0.000000    0.000000   clock clk (rise edge)
                                  0.000000    0.000000   clock source latency
   134    0.531548    2.377944    1.590064    1.590064 ^ clk (in)
                                                         clk (net)
                      2.392153    0.000000    1.590064 ^ _1528_/CLK (sky130_fd_sc_hd__dfxtp_2)
     1    0.002199    0.022010    0.581092    2.171156 v _1528_/Q (sky130_fd_sc_hd__dfxtp_2)
                                                         u_top.instruction_mmu.u_tlb.vpn[3][16] (net)
                      0.022010    0.000004    2.171160 v _1808_/A (sky130_fd_sc_hd__buf_2)
     2    0.003946    0.026224    0.102500    2.273660 v _1808_/X (sky130_fd_sc_hd__buf_2)
                                                         _0771_ (net)
                      0.026224    0.000007    2.273668 v _1349_/A (sky130_fd_sc_hd__and2_2)
     1    0.001746    0.031895    0.142162    2.415830 v _1349_/X (sky130_fd_sc_hd__and2_2)
                                                         _0387_ (net)
                      0.031895    0.000000    2.415830 v _1949_/A (sky130_fd_sc_hd__buf_2)
     1    0.001849    0.021656    0.099255    2.515085 v _1949_/X (sky130_fd_sc_hd__buf_2)
                                                         _1036_ (net)
                      0.021656    0.000001    2.515087 v _1528_/D (sky130_fd_sc_hd__dfxtp_2)
                                              2.515087   data arrival time

                                  0.000000    0.000000   clock clk (rise edge)
                                  0.000000    0.000000   clock source latency
   134    0.531548    2.377944    1.757439    1.757439 ^ clk (in)
                                                         clk (net)
                      2.392153    0.000000    1.757439 ^ _1528_/CLK (sky130_fd_sc_hd__dfxtp_2)
                                  0.250000    2.007439   clock uncertainty
                                 -0.167375    1.840064   clock reconvergence pessimism
                                  0.209020    2.049084   library hold time
                                              2.049084   data required time
---------------------------------------------------------------------------------------------
                                              2.049084   data required time
                                             -2.515087   data arrival time
---------------------------------------------------------------------------------------------
                                              0.466002   slack (MET)


Startpoint: _1520_ (rising edge-triggered flip-flop clocked by clk)
Endpoint: _1520_ (rising edge-triggered flip-flop clocked by clk)
Path Group: clk
Path Type: min

Fanout         Cap        Slew       Delay        Time   Description
---------------------------------------------------------------------------------------------
                                  0.000000    0.000000   clock clk (rise edge)
                                  0.000000    0.000000   clock source latency
   134    0.531548    2.377944    1.593571    1.593571 ^ clk (in)
                                                         clk (net)
                      2.392895    0.000000    1.593571 ^ _1520_/CLK (sky130_fd_sc_hd__dfxtp_2)
     1    0.002148    0.021878    0.580983    2.174554 v _1520_/Q (sky130_fd_sc_hd__dfxtp_2)
                                                         u_top.instruction_mmu.u_tlb.vpn[3][8] (net)
                      0.021878    0.000004    2.174558 v _1768_/A (sky130_fd_sc_hd__buf_2)
     2    0.004189    0.026906    0.103288    2.277846 v _1768_/X (sky130_fd_sc_hd__buf_2)
                                                         _0782_ (net)
                      0.026906    0.000006    2.277852 v _1341_/A (sky130_fd_sc_hd__and2_2)
     1    0.001727    0.031846    0.142353    2.420205 v _1341_/X (sky130_fd_sc_hd__and2_2)
                                                         _0379_ (net)
                      0.031846    0.000000    2.420206 v _1941_/A (sky130_fd_sc_hd__buf_2)
     1    0.001719    0.021323    0.098785    2.518991 v _1941_/X (sky130_fd_sc_hd__buf_2)
                                                         _1028_ (net)
                      0.021323    0.000000    2.518991 v _1520_/D (sky130_fd_sc_hd__dfxtp_2)
                                              2.518991   data arrival time

                                  0.000000    0.000000   clock clk (rise edge)
                                  0.000000    0.000000   clock source latency
   134    0.531548    2.377944    1.761316    1.761316 ^ clk (in)
                                                         clk (net)
                      2.392895    0.000000    1.761316 ^ _1520_/CLK (sky130_fd_sc_hd__dfxtp_2)
                                  0.250000    2.011316   clock uncertainty
                                 -0.167744    1.843571   clock reconvergence pessimism
                                  0.209211    2.052782   library hold time
                                              2.052782   data required time
---------------------------------------------------------------------------------------------
                                              2.052782   data required time
                                             -2.518991   data arrival time
---------------------------------------------------------------------------------------------
                                              0.466210   slack (MET)


Startpoint: _1445_ (rising edge-triggered flip-flop clocked by clk)
Endpoint: _1445_ (rising edge-triggered flip-flop clocked by clk)
Path Group: clk
Path Type: min

Fanout         Cap        Slew       Delay        Time   Description
---------------------------------------------------------------------------------------------
                                  0.000000    0.000000   clock clk (rise edge)
                                  0.000000    0.000000   clock source latency
   134    0.531548    2.377944    1.591837    1.591837 ^ clk (in)
                                                         clk (net)
                      2.392526    0.000000    1.591837 ^ _1445_/CLK (sky130_fd_sc_hd__dfxtp_2)
     1    0.002085    0.021717    0.580731    2.172568 v _1445_/Q (sky130_fd_sc_hd__dfxtp_2)
                                                         u_top.instruction_mmu.u_tlb.valid[1] (net)
                      0.021717    0.000004    2.172572 v _1726_/A (sky130_fd_sc_hd__buf_2)
     2    0.004055    0.026528    0.102765    2.275337 v _1726_/X (sky130_fd_sc_hd__buf_2)
                                                         _0701_ (net)
                      0.026528    0.000005    2.275341 v _1264_/A (sky130_fd_sc_hd__and2_2)
     1    0.001837    0.032159    0.142670    2.418011 v _1264_/X (sky130_fd_sc_hd__and2_2)
                                                         _0304_ (net)
                      0.032159    0.000002    2.418013 v _1866_/A (sky130_fd_sc_hd__buf_2)
     1    0.001791    0.021507    0.099163    2.517176 v _1866_/X (sky130_fd_sc_hd__buf_2)
                                                         _0892_ (net)
                      0.021507    0.000000    2.517177 v _1445_/D (sky130_fd_sc_hd__dfxtp_2)
                                              2.517177   data arrival time

                                  0.000000    0.000000   clock clk (rise edge)
                                  0.000000    0.000000   clock source latency
   134    0.531548    2.377944    1.759398    1.759398 ^ clk (in)
                                                         clk (net)
                      2.392526    0.000000    1.759398 ^ _1445_/CLK (sky130_fd_sc_hd__dfxtp_2)
                                  0.250000    2.009398   clock uncertainty
                                 -0.167562    1.841837   clock reconvergence pessimism
                                  0.209109    2.050945   library hold time
                                              2.050945   data required time
---------------------------------------------------------------------------------------------
                                              2.050945   data required time
                                             -2.517177   data arrival time
---------------------------------------------------------------------------------------------
                                              0.466232   slack (MET)


Startpoint: _1495_ (rising edge-triggered flip-flop clocked by clk)
Endpoint: _1495_ (rising edge-triggered flip-flop clocked by clk)
Path Group: clk
Path Type: min

Fanout         Cap        Slew       Delay        Time   Description
---------------------------------------------------------------------------------------------
                                  0.000000    0.000000   clock clk (rise edge)
                                  0.000000    0.000000   clock source latency
   134    0.531548    2.377944    1.593195    1.593195 ^ clk (in)
                                                         clk (net)
                      2.392815    0.000000    1.593195 ^ _1495_/CLK (sky130_fd_sc_hd__dfxtp_2)
     1    0.002224    0.022073    0.581238    2.174433 v _1495_/Q (sky130_fd_sc_hd__dfxtp_2)
                                                         u_top.instruction_mmu.u_tlb.vpn[2][8] (net)
                      0.022073    0.000004    2.174437 v _1767_/A (sky130_fd_sc_hd__buf_2)
     2    0.004153    0.026804    0.103239    2.277676 v _1767_/X (sky130_fd_sc_hd__buf_2)
                                                         _0762_ (net)
                      0.026804    0.000006    2.277683 v _1316_/A (sky130_fd_sc_hd__and2_2)
     1    0.001737    0.031874    0.142356    2.420039 v _1316_/X (sky130_fd_sc_hd__and2_2)
                                                         _0354_ (net)
                      0.031874    0.000000    2.420039 v _1916_/A (sky130_fd_sc_hd__buf_2)
     1    0.001798    0.021527    0.099072    2.519111 v _1916_/X (sky130_fd_sc_hd__buf_2)
                                                         _0992_ (net)
                      0.021527    0.000000    2.519112 v _1495_/D (sky130_fd_sc_hd__dfxtp_2)
                                              2.519112   data arrival time

                                  0.000000    0.000000   clock clk (rise edge)
                                  0.000000    0.000000   clock source latency
   134    0.531548    2.377944    1.760900    1.760900 ^ clk (in)
                                                         clk (net)
                      2.392815    0.000000    1.760900 ^ _1495_/CLK (sky130_fd_sc_hd__dfxtp_2)
                                  0.250000    2.010900   clock uncertainty
                                 -0.167705    1.843195   clock reconvergence pessimism
                                  0.209123    2.052318   library hold time
                                              2.052318   data required time
---------------------------------------------------------------------------------------------
                                              2.052318   data required time
                                             -2.519112   data arrival time
---------------------------------------------------------------------------------------------
                                              0.466794   slack (MET)


Startpoint: _1469_ (rising edge-triggered flip-flop clocked by clk)
Endpoint: _1469_ (rising edge-triggered flip-flop clocked by clk)
Path Group: clk
Path Type: min

Fanout         Cap        Slew       Delay        Time   Description
---------------------------------------------------------------------------------------------
                                  0.000000    0.000000   clock clk (rise edge)
                                  0.000000    0.000000   clock source latency
   134    0.531548    2.377944    1.591439    1.591439 ^ clk (in)
                                                         clk (net)
                      2.392442    0.000000    1.591439 ^ _1469_/CLK (sky130_fd_sc_hd__dfxtp_2)
     1    0.002109    0.021778    0.580806    2.172244 v _1469_/Q (sky130_fd_sc_hd__dfxtp_2)
                                                         u_top.instruction_mmu.u_tlb.vpn[1][2] (net)
                      0.021778    0.000004    2.172248 v _1738_/A (sky130_fd_sc_hd__buf_2)
     2    0.004051    0.026516    0.102774    2.275023 v _1738_/X (sky130_fd_sc_hd__buf_2)
                                                         _0736_ (net)
                      0.026516    0.000004    2.275027 v _1290_/A (sky130_fd_sc_hd__and2_2)
     1    0.001860    0.032221    0.142758    2.417785 v _1290_/X (sky130_fd_sc_hd__and2_2)
                                                         _0328_ (net)
                      0.032221    0.000002    2.417787 v _1890_/A (sky130_fd_sc_hd__buf_2)
     1    0.001895    0.021774    0.099549    2.517337 v _1890_/X (sky130_fd_sc_hd__buf_2)
                                                         _0940_ (net)
                      0.021774    0.000002    2.517339 v _1469_/D (sky130_fd_sc_hd__dfxtp_2)
                                              2.517339   data arrival time

                                  0.000000    0.000000   clock clk (rise edge)
                                  0.000000    0.000000   clock source latency
   134    0.531548    2.377944    1.758959    1.758959 ^ clk (in)
                                                         clk (net)
                      2.392442    0.000000    1.758959 ^ _1469_/CLK (sky130_fd_sc_hd__dfxtp_2)
                                  0.250000    2.008959   clock uncertainty
                                 -0.167520    1.841439   clock reconvergence pessimism
                                  0.208995    2.050433   library hold time
                                              2.050433   data required time
---------------------------------------------------------------------------------------------
                                              2.050433   data required time
                                             -2.517339   data arrival time
---------------------------------------------------------------------------------------------
                                              0.466905   slack (MET)


Startpoint: _1511_ (rising edge-triggered flip-flop clocked by clk)
Endpoint: _1511_ (rising edge-triggered flip-flop clocked by clk)
Path Group: clk
Path Type: min

Fanout         Cap        Slew       Delay        Time   Description
---------------------------------------------------------------------------------------------
                                  0.000000    0.000000   clock clk (rise edge)
                                  0.000000    0.000000   clock source latency
   134    0.531548    2.377944    1.591846    1.591846 ^ clk (in)
                                                         clk (net)
                      2.392528    0.000000    1.591846 ^ _1511_/CLK (sky130_fd_sc_hd__dfxtp_2)
     1    0.001919    0.021291    0.580157    2.172003 v _1511_/Q (sky130_fd_sc_hd__dfxtp_2)
                                                         u_top.instruction_mmu.u_tlb.valid[3] (net)
                      0.021291    0.000003    2.172006 v _1728_/A (sky130_fd_sc_hd__buf_2)
     2    0.003848    0.026779    0.101887    2.273893 v _1728_/X (sky130_fd_sc_hd__buf_2)
                                                         _0703_ (net)
                      0.026779    0.000003    2.273896 v _1332_/A (sky130_fd_sc_hd__and2_2)
     1    0.002048    0.032760    0.143658    2.417554 v _1332_/X (sky130_fd_sc_hd__and2_2)
                                                         _0370_ (net)
                      0.032760    0.000004    2.417557 v _1932_/A (sky130_fd_sc_hd__buf_2)
     1    0.001999    0.022038    0.100129    2.517686 v _1932_/X (sky130_fd_sc_hd__buf_2)
                                                         _1019_ (net)
                      0.022038    0.000003    2.517689 v _1511_/D (sky130_fd_sc_hd__dfxtp_2)
                                              2.517689   data arrival time

                                  0.000000    0.000000   clock clk (rise edge)
                                  0.000000    0.000000   clock source latency
   134    0.531548    2.377944    1.759409    1.759409 ^ clk (in)
                                                         clk (net)
                      2.392528    0.000000    1.759409 ^ _1511_/CLK (sky130_fd_sc_hd__dfxtp_2)
                                  0.250000    2.009409   clock uncertainty
                                 -0.167563    1.841846   clock reconvergence pessimism
                                  0.208895    2.050741   library hold time
                                              2.050741   data required time
---------------------------------------------------------------------------------------------
                                              2.050741   data required time
                                             -2.517689   data arrival time
---------------------------------------------------------------------------------------------
                                              0.466947   slack (MET)


Startpoint: _1489_ (rising edge-triggered flip-flop clocked by clk)
Endpoint: _1489_ (rising edge-triggered flip-flop clocked by clk)
Path Group: clk
Path Type: min

Fanout         Cap        Slew       Delay        Time   Description
---------------------------------------------------------------------------------------------
                                  0.000000    0.000000   clock clk (rise edge)
                                  0.000000    0.000000   clock source latency
   134    0.531548    2.377944    1.591625    1.591625 ^ clk (in)
                                                         clk (net)
                      2.392481    0.000000    1.591625 ^ _1489_/CLK (sky130_fd_sc_hd__dfxtp_2)
     1    0.001883    0.021198    0.580027    2.171652 v _1489_/Q (sky130_fd_sc_hd__dfxtp_2)
                                                         u_top.instruction_mmu.u_tlb.vpn[2][2] (net)
                      0.021198    0.000002    2.171654 v _1739_/A (sky130_fd_sc_hd__buf_2)
     2    0.004117    0.026700    0.102780    2.274435 v _1739_/X (sky130_fd_sc_hd__buf_2)
                                                         _0756_ (net)
                      0.026700    0.000002    2.274436 v _1310_/A (sky130_fd_sc_hd__and2_2)
     1    0.001967    0.032530    0.143286    2.417722 v _1310_/X (sky130_fd_sc_hd__and2_2)
                                                         _0348_ (net)
                      0.032530    0.000003    2.417725 v _1910_/A (sky130_fd_sc_hd__buf_2)
     1    0.001970    0.021963    0.099933    2.517658 v _1910_/X (sky130_fd_sc_hd__buf_2)
                                                         _0980_ (net)
                      0.021963    0.000002    2.517660 v _1489_/D (sky130_fd_sc_hd__dfxtp_2)
                                              2.517660   data arrival time

                                  0.000000    0.000000   clock clk (rise edge)
                                  0.000000    0.000000   clock source latency
   134    0.531548    2.377944    1.759165    1.759165 ^ clk (in)
                                                         clk (net)
                      2.392481    0.000000    1.759165 ^ _1489_/CLK (sky130_fd_sc_hd__dfxtp_2)
                                  0.250000    2.009165   clock uncertainty
                                 -0.167539    1.841625   clock reconvergence pessimism
                                  0.208921    2.050546   library hold time
                                              2.050546   data required time
---------------------------------------------------------------------------------------------
                                              2.050546   data required time
                                             -2.517660   data arrival time
---------------------------------------------------------------------------------------------
                                              0.467114   slack (MET)


Startpoint: _1506_ (rising edge-triggered flip-flop clocked by clk)
Endpoint: _1506_ (rising edge-triggered flip-flop clocked by clk)
Path Group: clk
Path Type: min

Fanout         Cap        Slew       Delay        Time   Description
---------------------------------------------------------------------------------------------
                                  0.000000    0.000000   clock clk (rise edge)
                                  0.000000    0.000000   clock source latency
   134    0.531548    2.377944    1.590835    1.590835 ^ clk (in)
                                                         clk (net)
                      2.392314    0.000000    1.590835 ^ _1506_/CLK (sky130_fd_sc_hd__dfxtp_2)
     1    0.002251    0.021631    0.581284    2.172119 v _1506_/Q (sky130_fd_sc_hd__dfxtp_2)
                                                         u_top.instruction_mmu.u_tlb.vpn[2][19] (net)
                      0.021631    0.000006    2.172125 v _1822_/A (sky130_fd_sc_hd__buf_2)
     2    0.004189    0.026906    0.103193    2.275317 v _1822_/X (sky130_fd_sc_hd__buf_2)
                                                         _0754_ (net)
                      0.026906    0.000007    2.275324 v _1327_/A (sky130_fd_sc_hd__and2_2)
     1    0.001797    0.032047    0.142651    2.417975 v _1327_/X (sky130_fd_sc_hd__and2_2)
                                                         _0365_ (net)
                      0.032047    0.000002    2.417977 v _1927_/A (sky130_fd_sc_hd__buf_2)
     1    0.001783    0.021486    0.099089    2.517066 v _1927_/X (sky130_fd_sc_hd__buf_2)
                                                         _1014_ (net)
                      0.021486    0.000001    2.517067 v _1506_/D (sky130_fd_sc_hd__dfxtp_2)
                                              2.517067   data arrival time

                                  0.000000    0.000000   clock clk (rise edge)
                                  0.000000    0.000000   clock source latency
   134    0.531548    2.377944    1.758291    1.758291 ^ clk (in)
                                                         clk (net)
                      2.392314    0.000000    1.758291 ^ _1506_/CLK (sky130_fd_sc_hd__dfxtp_2)
                                  0.250000    2.008291   clock uncertainty
                                 -0.167456    1.840834   clock reconvergence pessimism
                                  0.209101    2.049935   library hold time
                                              2.049935   data required time
---------------------------------------------------------------------------------------------
                                              2.049935   data required time
                                             -2.517067   data arrival time
---------------------------------------------------------------------------------------------
                                              0.467132   slack (MET)


Startpoint: _1521_ (rising edge-triggered flip-flop clocked by clk)
Endpoint: _1521_ (rising edge-triggered flip-flop clocked by clk)
Path Group: clk
Path Type: min

Fanout         Cap        Slew       Delay        Time   Description
---------------------------------------------------------------------------------------------
                                  0.000000    0.000000   clock clk (rise edge)
                                  0.000000    0.000000   clock source latency
   134    0.531548    2.377944    1.601328    1.601328 ^ clk (in)
                                                         clk (net)
                      2.394608    0.000000    1.601328 ^ _1521_/CLK (sky130_fd_sc_hd__dfxtp_2)
     1    0.001681    0.020678    0.579522    2.180850 v _1521_/Q (sky130_fd_sc_hd__dfxtp_2)
                                                         u_top.instruction_mmu.u_tlb.vpn[3][9] (net)
                      0.020678    0.000000    2.180850 v _1773_/A (sky130_fd_sc_hd__buf_2)
     2    0.004394    0.028129    0.103434    2.284283 v _1773_/X (sky130_fd_sc_hd__buf_2)
                                                         _0783_ (net)
                      0.028129    0.000003    2.284286 v _1342_/A (sky130_fd_sc_hd__and2_2)
     1    0.001969    0.032547    0.143865    2.428152 v _1342_/X (sky130_fd_sc_hd__and2_2)
                                                         _0380_ (net)
                      0.032547    0.000002    2.428154 v _1942_/A (sky130_fd_sc_hd__buf_2)
     1    0.001908    0.021805    0.099726    2.527880 v _1942_/X (sky130_fd_sc_hd__buf_2)
                                                         _1029_ (net)
                      0.021805    0.000002    2.527882 v _1521_/D (sky130_fd_sc_hd__dfxtp_2)
                                              2.527882   data arrival time

                                  0.000000    0.000000   clock clk (rise edge)
                                  0.000000    0.000000   clock source latency
   134    0.531548    2.377944    1.769889    1.769889 ^ clk (in)
                                                         clk (net)
                      2.394608    0.000000    1.769889 ^ _1521_/CLK (sky130_fd_sc_hd__dfxtp_2)
                                  0.250000    2.019889   clock uncertainty
                                 -0.168561    1.851328   clock reconvergence pessimism
                                  0.209147    2.060475   library hold time
                                              2.060475   data required time
---------------------------------------------------------------------------------------------
                                              2.060475   data required time
                                             -2.527882   data arrival time
---------------------------------------------------------------------------------------------
                                              0.467407   slack (MET)


Startpoint: _1527_ (rising edge-triggered flip-flop clocked by clk)
Endpoint: _1527_ (rising edge-triggered flip-flop clocked by clk)
Path Group: clk
Path Type: min

Fanout         Cap        Slew       Delay        Time   Description
---------------------------------------------------------------------------------------------
                                  0.000000    0.000000   clock clk (rise edge)
                                  0.000000    0.000000   clock source latency
   134    0.531548    2.377944    1.591679    1.591679 ^ clk (in)
                                                         clk (net)
                      2.392492    0.000000    1.591679 ^ _1527_/CLK (sky130_fd_sc_hd__dfxtp_2)
     1    0.002240    0.022114    0.581263    2.172942 v _1527_/Q (sky130_fd_sc_hd__dfxtp_2)
                                                         u_top.instruction_mmu.u_tlb.vpn[3][15] (net)
                      0.022114    0.000005    2.172946 v _1803_/A (sky130_fd_sc_hd__buf_2)
     2    0.004172    0.026858    0.103319    2.276266 v _1803_/X (sky130_fd_sc_hd__buf_2)
                                                         _0770_ (net)
                      0.026858    0.000007    2.276273 v _1348_/A (sky130_fd_sc_hd__and2_2)
     1    0.001782    0.032002    0.142566    2.418839 v _1348_/X (sky130_fd_sc_hd__and2_2)
                                                         _0386_ (net)
                      0.032002    0.000000    2.418840 v _1948_/A (sky130_fd_sc_hd__buf_2)
     1    0.001859    0.021682    0.099335    2.518175 v _1948_/X (sky130_fd_sc_hd__buf_2)
                                                         _1035_ (net)
                      0.021682    0.000001    2.518177 v _1527_/D (sky130_fd_sc_hd__dfxtp_2)
                                              2.518177   data arrival time

                                  0.000000    0.000000   clock clk (rise edge)
                                  0.000000    0.000000   clock source latency
   134    0.531548    2.377944    1.759223    1.759223 ^ clk (in)
                                                         clk (net)
                      2.392492    0.000000    1.759223 ^ _1527_/CLK (sky130_fd_sc_hd__dfxtp_2)
                                  0.250000    2.009223   clock uncertainty
                                 -0.167545    1.841679   clock reconvergence pessimism
                                  0.209035    2.050714   library hold time
                                              2.050714   data required time
---------------------------------------------------------------------------------------------
                                              2.050714   data required time
                                             -2.518177   data arrival time
---------------------------------------------------------------------------------------------
                                              0.467463   slack (MET)


Startpoint: _1493_ (rising edge-triggered flip-flop clocked by clk)
Endpoint: _1493_ (rising edge-triggered flip-flop clocked by clk)
Path Group: clk
Path Type: min

Fanout         Cap        Slew       Delay        Time   Description
---------------------------------------------------------------------------------------------
                                  0.000000    0.000000   clock clk (rise edge)
                                  0.000000    0.000000   clock source latency
   134    0.531548    2.377944    1.589225    1.589225 ^ clk (in)
                                                         clk (net)
                      2.391979    0.000000    1.589225 ^ _1493_/CLK (sky130_fd_sc_hd__dfxtp_2)
     1    0.002328    0.021798    0.581521    2.170747 v _1493_/Q (sky130_fd_sc_hd__dfxtp_2)
                                                         u_top.instruction_mmu.u_tlb.vpn[2][6] (net)
                      0.021798    0.000006    2.170752 v _1757_/A (sky130_fd_sc_hd__buf_2)
     2    0.004079    0.026594    0.102877    2.273629 v _1757_/X (sky130_fd_sc_hd__buf_2)
                                                         _0760_ (net)
                      0.026594    0.000007    2.273636 v _1314_/A (sky130_fd_sc_hd__and2_2)
     1    0.001802    0.032058    0.142546    2.416183 v _1314_/X (sky130_fd_sc_hd__and2_2)
                                                         _0352_ (net)
                      0.032058    0.000001    2.416184 v _1914_/A (sky130_fd_sc_hd__buf_2)
     1    0.001899    0.021784    0.099495    2.515679 v _1914_/X (sky130_fd_sc_hd__buf_2)
                                                         _0988_ (net)
                      0.021784    0.000002    2.515681 v _1493_/D (sky130_fd_sc_hd__dfxtp_2)
                                              2.515681   data arrival time

                                  0.000000    0.000000   clock clk (rise edge)
                                  0.000000    0.000000   clock source latency
   134    0.531548    2.377944    1.756512    1.756512 ^ clk (in)
                                                         clk (net)
                      2.391979    0.000000    1.756512 ^ _1493_/CLK (sky130_fd_sc_hd__dfxtp_2)
                                  0.250000    2.006512   clock uncertainty
                                 -0.167287    1.839225   clock reconvergence pessimism
                                  0.208955    2.048180   library hold time
                                              2.048180   data required time
---------------------------------------------------------------------------------------------
                                              2.048180   data required time
                                             -2.515681   data arrival time
---------------------------------------------------------------------------------------------
                                              0.467501   slack (MET)


Startpoint: _1500_ (rising edge-triggered flip-flop clocked by clk)
Endpoint: _1500_ (rising edge-triggered flip-flop clocked by clk)
Path Group: clk
Path Type: min

Fanout         Cap        Slew       Delay        Time   Description
---------------------------------------------------------------------------------------------
                                  0.000000    0.000000   clock clk (rise edge)
                                  0.000000    0.000000   clock source latency
   134    0.531548    2.377944    1.600837    1.600837 ^ clk (in)
                                                         clk (net)
                      2.394497    0.000000    1.600837 ^ _1500_/CLK (sky130_fd_sc_hd__dfxtp_2)
     1    0.001732    0.020809    0.579689    2.180526 v _1500_/Q (sky130_fd_sc_hd__dfxtp_2)
                                                         u_top.instruction_mmu.u_tlb.vpn[2][13] (net)
                      0.020809    0.000000    2.180527 v _1792_/A (sky130_fd_sc_hd__buf_2)
     2    0.004321    0.027972    0.103309    2.283836 v _1792_/X (sky130_fd_sc_hd__buf_2)
                                                         _0748_ (net)
                      0.027972    0.000002    2.283838 v _1321_/A (sky130_fd_sc_hd__and2_2)
     1    0.001998    0.032628    0.143924    2.427762 v _1321_/X (sky130_fd_sc_hd__and2_2)
                                                         _0359_ (net)
                      0.032628    0.000003    2.427764 v _1921_/A (sky130_fd_sc_hd__buf_2)
     1    0.001974    0.021973    0.099987    2.527752 v _1921_/X (sky130_fd_sc_hd__buf_2)
                                                         _1002_ (net)
                      0.021973    0.000002    2.527754 v _1500_/D (sky130_fd_sc_hd__dfxtp_2)
                                              2.527754   data arrival time

                                  0.000000    0.000000   clock clk (rise edge)
                                  0.000000    0.000000   clock source latency
   134    0.531548    2.377944    1.769347    1.769347 ^ clk (in)
                                                         clk (net)
                      2.394497    0.000000    1.769347 ^ _1500_/CLK (sky130_fd_sc_hd__dfxtp_2)
                                  0.250000    2.019346   clock uncertainty
                                 -0.168509    1.850837   clock reconvergence pessimism
                                  0.209071    2.059908   library hold time
                                              2.059908   data required time
---------------------------------------------------------------------------------------------
                                              2.059908   data required time
                                             -2.527754   data arrival time
---------------------------------------------------------------------------------------------
                                              0.467846   slack (MET)


Startpoint: _1505_ (rising edge-triggered flip-flop clocked by clk)
Endpoint: _1505_ (rising edge-triggered flip-flop clocked by clk)
Path Group: clk
Path Type: min

Fanout         Cap        Slew       Delay        Time   Description
---------------------------------------------------------------------------------------------
                                  0.000000    0.000000   clock clk (rise edge)
                                  0.000000    0.000000   clock source latency
   134    0.531548    2.377944    1.588961    1.588961 ^ clk (in)
                                                         clk (net)
                      2.391924    0.000000    1.588961 ^ _1505_/CLK (sky130_fd_sc_hd__dfxtp_2)
     1    0.002247    0.021622    0.581235    2.170196 v _1505_/Q (sky130_fd_sc_hd__dfxtp_2)
                                                         u_top.instruction_mmu.u_tlb.vpn[2][18] (net)
                      0.021622    0.000005    2.170201 v _1817_/A (sky130_fd_sc_hd__buf_2)
     2    0.004375    0.027357    0.103744    2.273945 v _1817_/X (sky130_fd_sc_hd__buf_2)
                                                         _0753_ (net)
                      0.027357    0.000008    2.273953 v _1326_/A (sky130_fd_sc_hd__and2_2)
     1    0.001859    0.032226    0.143091    2.417044 v _1326_/X (sky130_fd_sc_hd__and2_2)
                                                         _0364_ (net)
                      0.032226    0.000002    2.417046 v _1926_/A (sky130_fd_sc_hd__buf_2)
     1    0.001757    0.021421    0.099075    2.516120 v _1926_/X (sky130_fd_sc_hd__buf_2)
                                                         _1012_ (net)
                      0.021421    0.000000    2.516121 v _1505_/D (sky130_fd_sc_hd__dfxtp_2)
                                              2.516121   data arrival time

                                  0.000000    0.000000   clock clk (rise edge)
                                  0.000000    0.000000   clock source latency
   134    0.531548    2.377944    1.756220    1.756220 ^ clk (in)
                                                         clk (net)
                      2.391924    0.000000    1.756220 ^ _1505_/CLK (sky130_fd_sc_hd__dfxtp_2)
                                  0.250000    2.006219   clock uncertainty
                                 -0.167259    1.838961   clock reconvergence pessimism
                                  0.209097    2.048058   library hold time
                                              2.048058   data required time
---------------------------------------------------------------------------------------------
                                              2.048058   data required time
                                             -2.516121   data arrival time
---------------------------------------------------------------------------------------------
                                              0.468063   slack (MET)


Startpoint: _1525_ (rising edge-triggered flip-flop clocked by clk)
Endpoint: _1525_ (rising edge-triggered flip-flop clocked by clk)
Path Group: clk
Path Type: min

Fanout         Cap        Slew       Delay        Time   Description
---------------------------------------------------------------------------------------------
                                  0.000000    0.000000   clock clk (rise edge)
                                  0.000000    0.000000   clock source latency
   134    0.531548    2.377944    1.600734    1.600734 ^ clk (in)
                                                         clk (net)
                      2.394473    0.000000    1.600734 ^ _1525_/CLK (sky130_fd_sc_hd__dfxtp_2)
     1    0.001760    0.020882    0.579784    2.180518 v _1525_/Q (sky130_fd_sc_hd__dfxtp_2)
                                                         u_top.instruction_mmu.u_tlb.vpn[3][13] (net)
                      0.020882    0.000001    2.180519 v _1793_/A (sky130_fd_sc_hd__buf_2)
     2    0.004503    0.028363    0.103773    2.284292 v _1793_/X (sky130_fd_sc_hd__buf_2)
                                                         _0768_ (net)
                      0.028363    0.000003    2.284295 v _1346_/A (sky130_fd_sc_hd__and2_2)
     1    0.002009    0.032661    0.144125    2.428420 v _1346_/X (sky130_fd_sc_hd__and2_2)
                                                         _0384_ (net)
                      0.032661    0.000003    2.428423 v _1946_/A (sky130_fd_sc_hd__buf_2)
     1    0.001911    0.021814    0.099785    2.528208 v _1946_/X (sky130_fd_sc_hd__buf_2)
                                                         _1033_ (net)
                      0.021814    0.000002    2.528210 v _1525_/D (sky130_fd_sc_hd__dfxtp_2)
                                              2.528210   data arrival time

                                  0.000000    0.000000   clock clk (rise edge)
                                  0.000000    0.000000   clock source latency
   134    0.531548    2.377944    1.769232    1.769232 ^ clk (in)
                                                         clk (net)
                      2.394473    0.000000    1.769232 ^ _1525_/CLK (sky130_fd_sc_hd__dfxtp_2)
                                  0.250000    2.019232   clock uncertainty
                                 -0.168498    1.850734   clock reconvergence pessimism
                                  0.209133    2.059867   library hold time
                                              2.059867   data required time
---------------------------------------------------------------------------------------------
                                              2.059867   data required time
                                             -2.528210   data arrival time
---------------------------------------------------------------------------------------------
                                              0.468343   slack (MET)


Startpoint: _1530_ (rising edge-triggered flip-flop clocked by clk)
Endpoint: _1530_ (rising edge-triggered flip-flop clocked by clk)
Path Group: clk
Path Type: min

Fanout         Cap        Slew       Delay        Time   Description
---------------------------------------------------------------------------------------------
                                  0.000000    0.000000   clock clk (rise edge)
                                  0.000000    0.000000   clock source latency
   134    0.531548    2.377944    1.587644    1.587644 ^ clk (in)
                                                         clk (net)
                      2.391652    0.000000    1.587644 ^ _1530_/CLK (sky130_fd_sc_hd__dfxtp_2)
     1    0.002221    0.021565    0.581120    2.168764 v _1530_/Q (sky130_fd_sc_hd__dfxtp_2)
                                                         u_top.instruction_mmu.u_tlb.vpn[3][18] (net)
                      0.021565    0.000005    2.168769 v _1818_/A (sky130_fd_sc_hd__buf_2)
     2    0.004479    0.027555    0.103973    2.272742 v _1818_/X (sky130_fd_sc_hd__buf_2)
                                                         _0773_ (net)
                      0.027555    0.000008    2.272750 v _1351_/A (sky130_fd_sc_hd__and2_2)
     1    0.001932    0.032435    0.143477    2.416227 v _1351_/X (sky130_fd_sc_hd__and2_2)
                                                         _0389_ (net)
                      0.032435    0.000002    2.416229 v _1951_/A (sky130_fd_sc_hd__buf_2)
     1    0.001727    0.021341    0.099054    2.515283 v _1951_/X (sky130_fd_sc_hd__buf_2)
                                                         _1038_ (net)
                      0.021341    0.000000    2.515284 v _1530_/D (sky130_fd_sc_hd__dfxtp_2)
                                              2.515284   data arrival time

                                  0.000000    0.000000   clock clk (rise edge)
                                  0.000000    0.000000   clock source latency
   134    0.531548    2.377944    1.754765    1.754765 ^ clk (in)
                                                         clk (net)
                      2.391652    0.000000    1.754765 ^ _1530_/CLK (sky130_fd_sc_hd__dfxtp_2)
                                  0.250000    2.004765   clock uncertainty
                                 -0.167120    1.837644   clock reconvergence pessimism
                                  0.209109    2.046753   library hold time
                                              2.046753   data required time
---------------------------------------------------------------------------------------------
                                              2.046753   data required time
                                             -2.515284   data arrival time
---------------------------------------------------------------------------------------------
                                              0.468531   slack (MET)


Startpoint: _1502_ (rising edge-triggered flip-flop clocked by clk)
Endpoint: _1502_ (rising edge-triggered flip-flop clocked by clk)
Path Group: clk
Path Type: min

Fanout         Cap        Slew       Delay        Time   Description
---------------------------------------------------------------------------------------------
                                  0.000000    0.000000   clock clk (rise edge)
                                  0.000000    0.000000   clock source latency
   134    0.531548    2.377944    1.592002    1.592002 ^ clk (in)
                                                         clk (net)
                      2.392561    0.000000    1.592002 ^ _1502_/CLK (sky130_fd_sc_hd__dfxtp_2)
     1    0.002247    0.021621    0.581292    2.173294 v _1502_/Q (sky130_fd_sc_hd__dfxtp_2)
                                                         u_top.instruction_mmu.u_tlb.vpn[2][15] (net)
                      0.021621    0.000005    2.173299 v _1802_/A (sky130_fd_sc_hd__buf_2)
     2    0.004481    0.027559    0.103999    2.277299 v _1802_/X (sky130_fd_sc_hd__buf_2)
                                                         _0750_ (net)
                      0.027559    0.000007    2.277306 v _1323_/A (sky130_fd_sc_hd__and2_2)
     1    0.001849    0.032201    0.143132    2.420438 v _1323_/X (sky130_fd_sc_hd__and2_2)
                                                         _0361_ (net)
                      0.032201    0.000002    2.420440 v _1923_/A (sky130_fd_sc_hd__buf_2)
     1    0.001803    0.021537    0.099221    2.519661 v _1923_/X (sky130_fd_sc_hd__buf_2)
                                                         _1006_ (net)
                      0.021537    0.000001    2.519662 v _1502_/D (sky130_fd_sc_hd__dfxtp_2)
                                              2.519662   data arrival time

                                  0.000000    0.000000   clock clk (rise edge)
                                  0.000000    0.000000   clock source latency
   134    0.531548    2.377944    1.759580    1.759580 ^ clk (in)
                                                         clk (net)
                      2.392561    0.000000    1.759580 ^ _1502_/CLK (sky130_fd_sc_hd__dfxtp_2)
                                  0.250000    2.009581   clock uncertainty
                                 -0.167579    1.842002   clock reconvergence pessimism
                                  0.209099    2.051101   library hold time
                                              2.051101   data required time
---------------------------------------------------------------------------------------------
                                              2.051101   data required time
                                             -2.519662   data arrival time
---------------------------------------------------------------------------------------------
                                              0.468561   slack (MET)


Startpoint: _1475_ (rising edge-triggered flip-flop clocked by clk)
Endpoint: _1475_ (rising edge-triggered flip-flop clocked by clk)
Path Group: clk
Path Type: min

Fanout         Cap        Slew       Delay        Time   Description
---------------------------------------------------------------------------------------------
                                  0.000000    0.000000   clock clk (rise edge)
                                  0.000000    0.000000   clock source latency
   134    0.531548    2.377944    1.592774    1.592774 ^ clk (in)
                                                         clk (net)
                      2.392725    0.000000    1.592774 ^ _1475_/CLK (sky130_fd_sc_hd__dfxtp_2)
     1    0.002217    0.021557    0.581206    2.173980 v _1475_/Q (sky130_fd_sc_hd__dfxtp_2)
                                                         u_top.instruction_mmu.u_tlb.vpn[1][8] (net)
                      0.021557    0.000005    2.173985 v _1766_/A (sky130_fd_sc_hd__buf_2)
     2    0.004690    0.027957    0.104478    2.278463 v _1766_/X (sky130_fd_sc_hd__buf_2)
                                                         _0742_ (net)
                      0.027957    0.000006    2.278469 v _1296_/A (sky130_fd_sc_hd__and2_2)
     1    0.001779    0.032004    0.142993    2.421463 v _1296_/X (sky130_fd_sc_hd__and2_2)
                                                         _0334_ (net)
                      0.032004    0.000001    2.421464 v _1896_/A (sky130_fd_sc_hd__buf_2)
     1    0.001796    0.021521    0.099118    2.520581 v _1896_/X (sky130_fd_sc_hd__buf_2)
                                                         _0952_ (net)
                      0.021521    0.000000    2.520582 v _1475_/D (sky130_fd_sc_hd__dfxtp_2)
                                              2.520582   data arrival time

                                  0.000000    0.000000   clock clk (rise edge)
                                  0.000000    0.000000   clock source latency
   134    0.531548    2.377944    1.760435    1.760435 ^ clk (in)
                                                         clk (net)
                      2.392725    0.000000    1.760435 ^ _1475_/CLK (sky130_fd_sc_hd__dfxtp_2)
                                  0.250000    2.010435   clock uncertainty
                                 -0.167660    1.842774   clock reconvergence pessimism
                                  0.209118    2.051892   library hold time
                                              2.051892   data required time
---------------------------------------------------------------------------------------------
                                              2.051892   data required time
                                             -2.520582   data arrival time
---------------------------------------------------------------------------------------------
                                              0.468690   slack (MET)


Startpoint: _1501_ (rising edge-triggered flip-flop clocked by clk)
Endpoint: _1501_ (rising edge-triggered flip-flop clocked by clk)
Path Group: clk
Path Type: min

Fanout         Cap        Slew       Delay        Time   Description
---------------------------------------------------------------------------------------------
                                  0.000000    0.000000   clock clk (rise edge)
                                  0.000000    0.000000   clock source latency
   134    0.531548    2.377944    1.604359    1.604359 ^ clk (in)
                                                         clk (net)
                      2.395303    0.000000    1.604359 ^ _1501_/CLK (sky130_fd_sc_hd__dfxtp_2)
     1    0.001784    0.020943    0.579944    2.184303 v _1501_/Q (sky130_fd_sc_hd__dfxtp_2)
                                                         u_top.instruction_mmu.u_tlb.vpn[2][14] (net)
                      0.020943    0.000001    2.184304 v _1797_/A (sky130_fd_sc_hd__buf_2)
     2    0.004535    0.027659    0.103871    2.288175 v _1797_/X (sky130_fd_sc_hd__buf_2)
                                                         _0749_ (net)
                      0.027659    0.000002    2.288177 v _1322_/A (sky130_fd_sc_hd__and2_2)
     1    0.002036    0.032734    0.143960    2.432138 v _1322_/X (sky130_fd_sc_hd__and2_2)
                                                         _0360_ (net)
                      0.032734    0.000003    2.432141 v _1922_/A (sky130_fd_sc_hd__buf_2)
     1    0.001995    0.022028    0.100105    2.532245 v _1922_/X (sky130_fd_sc_hd__buf_2)
                                                         _1004_ (net)
                      0.022028    0.000002    2.532248 v _1501_/D (sky130_fd_sc_hd__dfxtp_2)
                                              2.532248   data arrival time

                                  0.000000    0.000000   clock clk (rise edge)
                                  0.000000    0.000000   clock source latency
   134    0.531548    2.377944    1.773239    1.773239 ^ clk (in)
                                                         clk (net)
                      2.395303    0.000000    1.773239 ^ _1501_/CLK (sky130_fd_sc_hd__dfxtp_2)
                                  0.250000    2.023239   clock uncertainty
                                 -0.168880    1.854359   clock reconvergence pessimism
                                  0.209110    2.063469   library hold time
                                              2.063469   data required time
---------------------------------------------------------------------------------------------
                                              2.063469   data required time
                                             -2.532248   data arrival time
---------------------------------------------------------------------------------------------
                                              0.468778   slack (MET)


Startpoint: _1513_ (rising edge-triggered flip-flop clocked by clk)
Endpoint: _1513_ (rising edge-triggered flip-flop clocked by clk)
Path Group: clk
Path Type: min

Fanout         Cap        Slew       Delay        Time   Description
---------------------------------------------------------------------------------------------
                                  0.000000    0.000000   clock clk (rise edge)
                                  0.000000    0.000000   clock source latency
   134    0.531548    2.377944    1.591790    1.591790 ^ clk (in)
                                                         clk (net)
                      2.392516    0.000000    1.591790 ^ _1513_/CLK (sky130_fd_sc_hd__dfxtp_2)
     1    0.002022    0.021556    0.580513    2.172303 v _1513_/Q (sky130_fd_sc_hd__dfxtp_2)
                                                         u_top.instruction_mmu.u_tlb.vpn[3][1] (net)
                      0.021556    0.000004    2.172307 v _1736_/A (sky130_fd_sc_hd__buf_2)
     2    0.004365    0.027339    0.103698    2.276004 v _1736_/X (sky130_fd_sc_hd__buf_2)
                                                         _0775_ (net)
                      0.027339    0.000008    2.276012 v _1334_/A (sky130_fd_sc_hd__and2_2)
     1    0.001991    0.032602    0.143640    2.419652 v _1334_/X (sky130_fd_sc_hd__and2_2)
                                                         _0372_ (net)
                      0.032602    0.000003    2.419655 v _1934_/A (sky130_fd_sc_hd__buf_2)
     1    0.001960    0.021938    0.099928    2.519583 v _1934_/X (sky130_fd_sc_hd__buf_2)
                                                         _1021_ (net)
                      0.021938    0.000003    2.519586 v _1513_/D (sky130_fd_sc_hd__dfxtp_2)
                                              2.519586   data arrival time

                                  0.000000    0.000000   clock clk (rise edge)
                                  0.000000    0.000000   clock source latency
   134    0.531548    2.377944    1.759347    1.759347 ^ clk (in)
                                                         clk (net)
                      2.392516    0.000000    1.759347 ^ _1513_/CLK (sky130_fd_sc_hd__dfxtp_2)
                                  0.250000    2.009347   clock uncertainty
                                 -0.167557    1.841790   clock reconvergence pessimism
                                  0.208934    2.050724   library hold time
                                              2.050724   data required time
---------------------------------------------------------------------------------------------
                                              2.050724   data required time
                                             -2.519586   data arrival time
---------------------------------------------------------------------------------------------
                                              0.468862   slack (MET)


Startpoint: _1491_ (rising edge-triggered flip-flop clocked by clk)
Endpoint: _1491_ (rising edge-triggered flip-flop clocked by clk)
Path Group: clk
Path Type: min

Fanout         Cap        Slew       Delay        Time   Description
---------------------------------------------------------------------------------------------
                                  0.000000    0.000000   clock clk (rise edge)
                                  0.000000    0.000000   clock source latency
   134    0.531548    2.377944    1.588335    1.588335 ^ clk (in)
                                                         clk (net)
                      2.391794    0.000000    1.588335 ^ _1491_/CLK (sky130_fd_sc_hd__dfxtp_2)
     1    0.002335    0.021808    0.581528    2.169863 v _1491_/Q (sky130_fd_sc_hd__dfxtp_2)
                                                         u_top.instruction_mmu.u_tlb.vpn[2][4] (net)
                      0.021808    0.000006    2.169869 v _1747_/A (sky130_fd_sc_hd__buf_2)
     2    0.004312    0.027238    0.103665    2.273534 v _1747_/X (sky130_fd_sc_hd__buf_2)
                                                         _0758_ (net)
                      0.027238    0.000010    2.273544 v _1312_/A (sky130_fd_sc_hd__and2_2)
     1    0.001922    0.032406    0.143311    2.416855 v _1312_/X (sky130_fd_sc_hd__and2_2)
                                                         _0350_ (net)
                      0.032406    0.000003    2.416858 v _1912_/A (sky130_fd_sc_hd__buf_2)
     1    0.001833    0.021614    0.099410    2.516268 v _1912_/X (sky130_fd_sc_hd__buf_2)
                                                         _0984_ (net)
                      0.021614    0.000002    2.516269 v _1491_/D (sky130_fd_sc_hd__dfxtp_2)
                                              2.516269   data arrival time

                                  0.000000    0.000000   clock clk (rise edge)
                                  0.000000    0.000000   clock source latency
   134    0.531548    2.377944    1.755528    1.755528 ^ clk (in)
                                                         clk (net)
                      2.391794    0.000000    1.755528 ^ _1491_/CLK (sky130_fd_sc_hd__dfxtp_2)
                                  0.250000    2.005527   clock uncertainty
                                 -0.167193    1.838335   clock reconvergence pessimism
                                  0.209010    2.047344   library hold time
                                              2.047344   data required time
---------------------------------------------------------------------------------------------
                                              2.047344   data required time
                                             -2.516269   data arrival time
---------------------------------------------------------------------------------------------
                                              0.468925   slack (MET)


Startpoint: _1531_ (rising edge-triggered flip-flop clocked by clk)
Endpoint: _1531_ (rising edge-triggered flip-flop clocked by clk)
Path Group: clk
Path Type: min

Fanout         Cap        Slew       Delay        Time   Description
---------------------------------------------------------------------------------------------
                                  0.000000    0.000000   clock clk (rise edge)
                                  0.000000    0.000000   clock source latency
   134    0.531548    2.377944    1.590730    1.590730 ^ clk (in)
                                                         clk (net)
                      2.392292    0.000000    1.590730 ^ _1531_/CLK (sky130_fd_sc_hd__dfxtp_2)
     1    0.002398    0.021909    0.581792    2.172522 v _1531_/Q (sky130_fd_sc_hd__dfxtp_2)
                                                         u_top.instruction_mmu.u_tlb.vpn[3][19] (net)
                      0.021909    0.000007    2.172529 v _1823_/A (sky130_fd_sc_hd__buf_2)
     2    0.004376    0.027360    0.103857    2.276386 v _1823_/X (sky130_fd_sc_hd__buf_2)
                                                         _0774_ (net)
                      0.027360    0.000008    2.276394 v _1352_/A (sky130_fd_sc_hd__and2_2)
     1    0.001826    0.032131    0.142952    2.419345 v _1352_/X (sky130_fd_sc_hd__and2_2)
                                                         _0390_ (net)
                      0.032131    0.000002    2.419347 v _1952_/A (sky130_fd_sc_hd__buf_2)
     1    0.001880    0.021735    0.099460    2.518807 v _1952_/X (sky130_fd_sc_hd__buf_2)
                                                         _1039_ (net)
                      0.021735    0.000002    2.518809 v _1531_/D (sky130_fd_sc_hd__dfxtp_2)
                                              2.518809   data arrival time

                                  0.000000    0.000000   clock clk (rise edge)
                                  0.000000    0.000000   clock source latency
   134    0.531548    2.377944    1.758175    1.758175 ^ clk (in)
                                                         clk (net)
                      2.392292    0.000000    1.758175 ^ _1531_/CLK (sky130_fd_sc_hd__dfxtp_2)
                                  0.250000    2.008175   clock uncertainty
                                 -0.167445    1.840730   clock reconvergence pessimism
                                  0.208999    2.049729   library hold time
                                              2.049729   data required time
---------------------------------------------------------------------------------------------
                                              2.049729   data required time
                                             -2.518809   data arrival time
---------------------------------------------------------------------------------------------
                                              0.469080   slack (MET)


Startpoint: _1450_ (rising edge-triggered flip-flop clocked by clk)
Endpoint: _1450_ (rising edge-triggered flip-flop clocked by clk)
Path Group: clk
Path Type: min

Fanout         Cap        Slew       Delay        Time   Description
---------------------------------------------------------------------------------------------
                                  0.000000    0.000000   clock clk (rise edge)
                                  0.000000    0.000000   clock source latency
   134    0.531548    2.377944    1.603290    1.603290 ^ clk (in)
                                                         clk (net)
                      2.395056    0.000000    1.603290 ^ _1450_/CLK (sky130_fd_sc_hd__dfxtp_2)
     1    0.001798    0.020979    0.579970    2.183260 v _1450_/Q (sky130_fd_sc_hd__dfxtp_2)
                                                         u_top.instruction_mmu.u_tlb.vpn[0][3] (net)
                      0.020979    0.000002    2.183262 v _1741_/A (sky130_fd_sc_hd__buf_2)
     2    0.004445    0.027489    0.103668    2.286930 v _1741_/X (sky130_fd_sc_hd__buf_2)
                                                         _0717_ (net)
                      0.027489    0.000000    2.286931 v _1271_/A (sky130_fd_sc_hd__and2_2)
     1    0.002140    0.033027    0.144328    2.431259 v _1271_/X (sky130_fd_sc_hd__and2_2)
                                                         _0309_ (net)
                      0.033027    0.000004    2.431263 v _1871_/A (sky130_fd_sc_hd__buf_2)
     1    0.002000    0.022040    0.100243    2.531506 v _1871_/X (sky130_fd_sc_hd__buf_2)
                                                         _0902_ (net)
                      0.022040    0.000002    2.531508 v _1450_/D (sky130_fd_sc_hd__dfxtp_2)
                                              2.531508   data arrival time

                                  0.000000    0.000000   clock clk (rise edge)
                                  0.000000    0.000000   clock source latency
   134    0.531548    2.377944    1.772057    1.772057 ^ clk (in)
                                                         clk (net)
                      2.395056    0.000000    1.772057 ^ _1450_/CLK (sky130_fd_sc_hd__dfxtp_2)
                                  0.250000    2.022057   clock uncertainty
                                 -0.168767    1.853290   clock reconvergence pessimism
                                  0.209086    2.062376   library hold time
                                              2.062376   data required time
---------------------------------------------------------------------------------------------
                                              2.062376   data required time
                                             -2.531508   data arrival time
---------------------------------------------------------------------------------------------
                                              0.469132   slack (MET)


Startpoint: _1467_ (rising edge-triggered flip-flop clocked by clk)
Endpoint: _1467_ (rising edge-triggered flip-flop clocked by clk)
Path Group: clk
Path Type: min

Fanout         Cap        Slew       Delay        Time   Description
---------------------------------------------------------------------------------------------
                                  0.000000    0.000000   clock clk (rise edge)
                                  0.000000    0.000000   clock source latency
   134    0.531548    2.377944    1.591819    1.591819 ^ clk (in)
                                                         clk (net)
                      2.392522    0.000000    1.591819 ^ _1467_/CLK (sky130_fd_sc_hd__dfxtp_2)
     1    0.001876    0.021179    0.580005    2.171824 v _1467_/Q (sky130_fd_sc_hd__dfxtp_2)
                                                         u_top.instruction_mmu.u_tlb.vpn[1][0] (net)
                      0.021179    0.000002    2.171827 v _1730_/A (sky130_fd_sc_hd__buf_2)
     2    0.004592    0.027769    0.104099    2.275925 v _1730_/X (sky130_fd_sc_hd__buf_2)
                                                         _0724_ (net)
                      0.027769    0.000005    2.275931 v _1288_/A (sky130_fd_sc_hd__and2_2)
     1    0.002025    0.032702    0.143955    2.419886 v _1288_/X (sky130_fd_sc_hd__and2_2)
                                                         _0326_ (net)
                      0.032702    0.000004    2.419889 v _1888_/A (sky130_fd_sc_hd__buf_2)
     1    0.001972    0.021968    0.100011    2.519900 v _1888_/X (sky130_fd_sc_hd__buf_2)
                                                         _0936_ (net)
                      0.021968    0.000003    2.519903 v _1467_/D (sky130_fd_sc_hd__dfxtp_2)
                                              2.519903   data arrival time

                                  0.000000    0.000000   clock clk (rise edge)
                                  0.000000    0.000000   clock source latency
   134    0.531548    2.377944    1.759379    1.759379 ^ clk (in)
                                                         clk (net)
                      2.392522    0.000000    1.759379 ^ _1467_/CLK (sky130_fd_sc_hd__dfxtp_2)
                                  0.250000    2.009379   clock uncertainty
                                 -0.167560    1.841819   clock reconvergence pessimism
                                  0.208922    2.050742   library hold time
                                              2.050742   data required time
---------------------------------------------------------------------------------------------
                                              2.050742   data required time
                                             -2.519903   data arrival time
---------------------------------------------------------------------------------------------
                                              0.469161   slack (MET)


Startpoint: _1478_ (rising edge-triggered flip-flop clocked by clk)
Endpoint: _1478_ (rising edge-triggered flip-flop clocked by clk)
Path Group: clk
Path Type: min

Fanout         Cap        Slew       Delay        Time   Description
---------------------------------------------------------------------------------------------
                                  0.000000    0.000000   clock clk (rise edge)
                                  0.000000    0.000000   clock source latency
   134    0.531548    2.377944    1.601895    1.601895 ^ clk (in)
                                                         clk (net)
                      2.394737    0.000000    1.601895 ^ _1478_/CLK (sky130_fd_sc_hd__dfxtp_2)
     1    0.001793    0.020967    0.579924    2.181819 v _1478_/Q (sky130_fd_sc_hd__dfxtp_2)
                                                         u_top.instruction_mmu.u_tlb.vpn[1][11] (net)
                      0.020967    0.000002    2.181820 v _1781_/A (sky130_fd_sc_hd__buf_2)
     2    0.004588    0.027760    0.104007    2.285827 v _1781_/X (sky130_fd_sc_hd__buf_2)
                                                         _0726_ (net)
                      0.027760    0.000003    2.285830 v _1299_/A (sky130_fd_sc_hd__and2_2)
     1    0.002091    0.032890    0.144231    2.430061 v _1299_/X (sky130_fd_sc_hd__and2_2)
                                                         _0337_ (net)
                      0.032890    0.000004    2.430065 v _1899_/A (sky130_fd_sc_hd__buf_2)
     1    0.001979    0.021984    0.100111    2.530176 v _1899_/X (sky130_fd_sc_hd__buf_2)
                                                         _0958_ (net)
                      0.021984    0.000002    2.530178 v _1478_/D (sky130_fd_sc_hd__dfxtp_2)
                                              2.530178   data arrival time

                                  0.000000    0.000000   clock clk (rise edge)
                                  0.000000    0.000000   clock source latency
   134    0.531548    2.377944    1.770515    1.770515 ^ clk (in)
                                                         clk (net)
                      2.394737    0.000000    1.770515 ^ _1478_/CLK (sky130_fd_sc_hd__dfxtp_2)
                                  0.250000    2.020515   clock uncertainty
                                 -0.168620    1.851895   clock reconvergence pessimism
                                  0.209085    2.060979   library hold time
                                              2.060979   data required time
---------------------------------------------------------------------------------------------
                                              2.060979   data required time
                                             -2.530178   data arrival time
---------------------------------------------------------------------------------------------
                                              0.469199   slack (MET)


Startpoint: _1492_ (rising edge-triggered flip-flop clocked by clk)
Endpoint: _1492_ (rising edge-triggered flip-flop clocked by clk)
Path Group: clk
Path Type: min

Fanout         Cap        Slew       Delay        Time   Description
---------------------------------------------------------------------------------------------
                                  0.000000    0.000000   clock clk (rise edge)
                                  0.000000    0.000000   clock source latency
   134    0.531548    2.377944    1.602580    1.602580 ^ clk (in)
                                                         clk (net)
                      2.394893    0.000000    1.602580 ^ _1492_/CLK (sky130_fd_sc_hd__dfxtp_2)
     1    0.001819    0.021032    0.580026    2.182606 v _1492_/Q (sky130_fd_sc_hd__dfxtp_2)
                                                         u_top.instruction_mmu.u_tlb.vpn[2][5] (net)
                      0.021032    0.000002    2.182607 v _1752_/A (sky130_fd_sc_hd__buf_2)
     2    0.004541    0.028447    0.103922    2.286530 v _1752_/X (sky130_fd_sc_hd__buf_2)
                                                         _0759_ (net)
                      0.028447    0.000005    2.286535 v _1313_/A (sky130_fd_sc_hd__and2_2)
     1    0.002078    0.032858    0.144450    2.430984 v _1313_/X (sky130_fd_sc_hd__and2_2)
                                                         _0351_ (net)
                      0.032858    0.000004    2.430988 v _1913_/A (sky130_fd_sc_hd__buf_2)
     1    0.001940    0.021887    0.099965    2.530953 v _1913_/X (sky130_fd_sc_hd__buf_2)
                                                         _0986_ (net)
                      0.021887    0.000002    2.530956 v _1492_/D (sky130_fd_sc_hd__dfxtp_2)
                                              2.530956   data arrival time

                                  0.000000    0.000000   clock clk (rise edge)
                                  0.000000    0.000000   clock source latency
   134    0.531548    2.377944    1.771273    1.771273 ^ clk (in)
                                                         clk (net)
                      2.394893    0.000000    1.771273 ^ _1492_/CLK (sky130_fd_sc_hd__dfxtp_2)
                                  0.250000    2.021272   clock uncertainty
                                 -0.168693    1.852580   clock reconvergence pessimism
                                  0.209136    2.061716   library hold time
                                              2.061716   data required time
---------------------------------------------------------------------------------------------
                                              2.061716   data required time
                                             -2.530956   data arrival time
---------------------------------------------------------------------------------------------
                                              0.469240   slack (MET)


Startpoint: _1487_ (rising edge-triggered flip-flop clocked by clk)
Endpoint: _1487_ (rising edge-triggered flip-flop clocked by clk)
Path Group: clk
Path Type: min

Fanout         Cap        Slew       Delay        Time   Description
---------------------------------------------------------------------------------------------
                                  0.000000    0.000000   clock clk (rise edge)
                                  0.000000    0.000000   clock source latency
   134    0.531548    2.377944    1.604413    1.604413 ^ clk (in)
                                                         clk (net)
                      2.395316    0.000000    1.604413 ^ _1487_/CLK (sky130_fd_sc_hd__dfxtp_2)
     1    0.001889    0.021212    0.580307    2.184721 v _1487_/Q (sky130_fd_sc_hd__dfxtp_2)
                                                         u_top.instruction_mmu.u_tlb.vpn[2][0] (net)
                      0.021212    0.000002    2.184722 v _1731_/A (sky130_fd_sc_hd__buf_2)
     2    0.004397    0.027398    0.103642    2.288365 v _1731_/X (sky130_fd_sc_hd__buf_2)
                                                         _0744_ (net)
                      0.027398    0.000002    2.288367 v _1308_/A (sky130_fd_sc_hd__and2_2)
     1    0.002138    0.033020    0.144283    2.432650 v _1308_/X (sky130_fd_sc_hd__and2_2)
                                                         _0346_ (net)
                      0.033020    0.000004    2.432654 v _1908_/A (sky130_fd_sc_hd__buf_2)
     1    0.001972    0.021968    0.100142    2.532796 v _1908_/X (sky130_fd_sc_hd__buf_2)
                                                         _0976_ (net)
                      0.021968    0.000002    2.532799 v _1487_/D (sky130_fd_sc_hd__dfxtp_2)
                                              2.532799   data arrival time

                                  0.000000    0.000000   clock clk (rise edge)
                                  0.000000    0.000000   clock source latency
   134    0.531548    2.377944    1.773299    1.773299 ^ clk (in)
                                                         clk (net)
                      2.395316    0.000000    1.773299 ^ _1487_/CLK (sky130_fd_sc_hd__dfxtp_2)
                                  0.250000    2.023299   clock uncertainty
                                 -0.168885    1.854413   clock reconvergence pessimism
                                  0.209135    2.063549   library hold time
                                              2.063549   data required time
---------------------------------------------------------------------------------------------
                                              2.063549   data required time
                                             -2.532799   data arrival time
---------------------------------------------------------------------------------------------
                                              0.469250   slack (MET)


Startpoint: _1449_ (rising edge-triggered flip-flop clocked by clk)
Endpoint: _1449_ (rising edge-triggered flip-flop clocked by clk)
Path Group: clk
Path Type: min

Fanout         Cap        Slew       Delay        Time   Description
---------------------------------------------------------------------------------------------
                                  0.000000    0.000000   clock clk (rise edge)
                                  0.000000    0.000000   clock source latency
   134    0.531548    2.377944    1.591330    1.591330 ^ clk (in)
                                                         clk (net)
                      2.392419    0.000000    1.591330 ^ _1449_/CLK (sky130_fd_sc_hd__dfxtp_2)
     1    0.002350    0.021832    0.581637    2.172967 v _1449_/Q (sky130_fd_sc_hd__dfxtp_2)
                                                         u_top.instruction_mmu.u_tlb.vpn[0][2] (net)
                      0.021832    0.000006    2.172974 v _1737_/A (sky130_fd_sc_hd__buf_2)
     2    0.004482    0.027561    0.104082    2.277056 v _1737_/X (sky130_fd_sc_hd__buf_2)
                                                         _0716_ (net)
                      0.027561    0.000009    2.277065 v _1270_/A (sky130_fd_sc_hd__and2_2)
     1    0.001903    0.032354    0.143360    2.420425 v _1270_/X (sky130_fd_sc_hd__and2_2)
                                                         _0308_ (net)
                      0.032354    0.000003    2.420428 v _1870_/A (sky130_fd_sc_hd__buf_2)
     1    0.001803    0.021538    0.099286    2.519713 v _1870_/X (sky130_fd_sc_hd__buf_2)
                                                         _0900_ (net)
                      0.021538    0.000001    2.519715 v _1449_/D (sky130_fd_sc_hd__dfxtp_2)
                                              2.519715   data arrival time

                                  0.000000    0.000000   clock clk (rise edge)
                                  0.000000    0.000000   clock source latency
   134    0.531548    2.377944    1.758839    1.758839 ^ clk (in)
                                                         clk (net)
                      2.392419    0.000000    1.758839 ^ _1449_/CLK (sky130_fd_sc_hd__dfxtp_2)
                                  0.250000    2.008839   clock uncertainty
                                 -0.167508    1.841330   clock reconvergence pessimism
                                  0.209088    2.050419   library hold time
                                              2.050419   data required time
---------------------------------------------------------------------------------------------
                                              2.050419   data required time
                                             -2.519715   data arrival time
---------------------------------------------------------------------------------------------
                                              0.469296   slack (MET)


Startpoint: _1477_ (rising edge-triggered flip-flop clocked by clk)
Endpoint: _1477_ (rising edge-triggered flip-flop clocked by clk)
Path Group: clk
Path Type: min

Fanout         Cap        Slew       Delay        Time   Description
---------------------------------------------------------------------------------------------
                                  0.000000    0.000000   clock clk (rise edge)
                                  0.000000    0.000000   clock source latency
   134    0.531548    2.377944    1.600924    1.600924 ^ clk (in)
                                                         clk (net)
                      2.394516    0.000000    1.600924 ^ _1477_/CLK (sky130_fd_sc_hd__dfxtp_2)
     1    0.001798    0.020979    0.579920    2.180845 v _1477_/Q (sky130_fd_sc_hd__dfxtp_2)
                                                         u_top.instruction_mmu.u_tlb.vpn[1][10] (net)
                      0.020979    0.000002    2.180846 v _1776_/A (sky130_fd_sc_hd__buf_2)
     2    0.004866    0.028289    0.104680    2.285526 v _1776_/X (sky130_fd_sc_hd__buf_2)
                                                         _0725_ (net)
                      0.028289    0.000005    2.285531 v _1298_/A (sky130_fd_sc_hd__and2_2)
     1    0.002045    0.032762    0.144246    2.429777 v _1298_/X (sky130_fd_sc_hd__and2_2)
                                                         _0336_ (net)
                      0.032762    0.000004    2.429780 v _1898_/A (sky130_fd_sc_hd__buf_2)
     1    0.001913    0.021817    0.099832    2.529612 v _1898_/X (sky130_fd_sc_hd__buf_2)
                                                         _0956_ (net)
                      0.021817    0.000002    2.529614 v _1477_/D (sky130_fd_sc_hd__dfxtp_2)
                                              2.529614   data arrival time

                                  0.000000    0.000000   clock clk (rise edge)
                                  0.000000    0.000000   clock source latency
   134    0.531548    2.377944    1.769443    1.769443 ^ clk (in)
                                                         clk (net)
                      2.394516    0.000000    1.769443 ^ _1477_/CLK (sky130_fd_sc_hd__dfxtp_2)
                                  0.250000    2.019443   clock uncertainty
                                 -0.168518    1.850924   clock reconvergence pessimism
                                  0.209135    2.060060   library hold time
                                              2.060060   data required time
---------------------------------------------------------------------------------------------
                                              2.060060   data required time
                                             -2.529614   data arrival time
---------------------------------------------------------------------------------------------
                                              0.469555   slack (MET)


Startpoint: _1515_ (rising edge-triggered flip-flop clocked by clk)
Endpoint: _1515_ (rising edge-triggered flip-flop clocked by clk)
Path Group: clk
Path Type: min

Fanout         Cap        Slew       Delay        Time   Description
---------------------------------------------------------------------------------------------
                                  0.000000    0.000000   clock clk (rise edge)
                                  0.000000    0.000000   clock source latency
   134    0.531548    2.377944    1.603494    1.603494 ^ clk (in)
                                                         clk (net)
                      2.395103    0.000000    1.603494 ^ _1515_/CLK (sky130_fd_sc_hd__dfxtp_2)
     1    0.001882    0.021194    0.580263    2.183757 v _1515_/Q (sky130_fd_sc_hd__dfxtp_2)
                                                         u_top.instruction_mmu.u_tlb.vpn[3][3] (net)
                      0.021194    0.000002    2.183759 v _1744_/A (sky130_fd_sc_hd__buf_2)
     2    0.004534    0.028432    0.103967    2.287726 v _1744_/X (sky130_fd_sc_hd__buf_2)
                                                         _0777_ (net)
                      0.028432    0.000002    2.287728 v _1336_/A (sky130_fd_sc_hd__and2_2)
     1    0.002071    0.032837    0.144413    2.432141 v _1336_/X (sky130_fd_sc_hd__and2_2)
                                                         _0374_ (net)
                      0.032837    0.000003    2.432144 v _1936_/A (sky130_fd_sc_hd__buf_2)
     1    0.001964    0.021947    0.100038    2.532182 v _1936_/X (sky130_fd_sc_hd__buf_2)
                                                         _1023_ (net)
                      0.021947    0.000002    2.532183 v _1515_/D (sky130_fd_sc_hd__dfxtp_2)
                                              2.532183   data arrival time

                                  0.000000    0.000000   clock clk (rise edge)
                                  0.000000    0.000000   clock source latency
   134    0.531548    2.377944    1.772282    1.772282 ^ clk (in)
                                                         clk (net)
                      2.395103    0.000000    1.772282 ^ _1515_/CLK (sky130_fd_sc_hd__dfxtp_2)
                                  0.250000    2.022282   clock uncertainty
                                 -0.168789    1.853494   clock reconvergence pessimism
                                  0.209128    2.062622   library hold time
                                              2.062622   data required time
---------------------------------------------------------------------------------------------
                                              2.062622   data required time
                                             -2.532183   data arrival time
---------------------------------------------------------------------------------------------
                                              0.469562   slack (MET)


Startpoint: _1512_ (rising edge-triggered flip-flop clocked by clk)
Endpoint: _1512_ (rising edge-triggered flip-flop clocked by clk)
Path Group: clk
Path Type: min

Fanout         Cap        Slew       Delay        Time   Description
---------------------------------------------------------------------------------------------
                                  0.000000    0.000000   clock clk (rise edge)
                                  0.000000    0.000000   clock source latency
   134    0.531548    2.377944    1.591740    1.591740 ^ clk (in)
                                                         clk (net)
                      2.392505    0.000000    1.591740 ^ _1512_/CLK (sky130_fd_sc_hd__dfxtp_2)
     1    0.002202    0.021525    0.581134    2.172873 v _1512_/Q (sky130_fd_sc_hd__dfxtp_2)
                                                         u_top.instruction_mmu.u_tlb.vpn[3][0] (net)
                      0.021525    0.000005    2.172878 v _1732_/A (sky130_fd_sc_hd__buf_2)
     2    0.004867    0.028292    0.104889    2.277768 v _1732_/X (sky130_fd_sc_hd__buf_2)
                                                         _0764_ (net)
                      0.028292    0.000005    2.277772 v _1333_/A (sky130_fd_sc_hd__and2_2)
     1    0.001801    0.032069    0.143220    2.420992 v _1333_/X (sky130_fd_sc_hd__and2_2)
                                                         _0371_ (net)
                      0.032069    0.000002    2.420994 v _1933_/A (sky130_fd_sc_hd__buf_2)
     1    0.001864    0.021695    0.099380    2.520374 v _1933_/X (sky130_fd_sc_hd__buf_2)
                                                         _1020_ (net)
                      0.021695    0.000002    2.520375 v _1512_/D (sky130_fd_sc_hd__dfxtp_2)
                                              2.520375   data arrival time

                                  0.000000    0.000000   clock clk (rise edge)
                                  0.000000    0.000000   clock source latency
   134    0.531548    2.377944    1.759291    1.759291 ^ clk (in)
                                                         clk (net)
                      2.392505    0.000000    1.759291 ^ _1512_/CLK (sky130_fd_sc_hd__dfxtp_2)
                                  0.250000    2.009291   clock uncertainty
                                 -0.167551    1.841740   clock reconvergence pessimism
                                  0.209031    2.050771   library hold time
                                              2.050771   data required time
---------------------------------------------------------------------------------------------
                                              2.050771   data required time
                                             -2.520375   data arrival time
---------------------------------------------------------------------------------------------
                                              0.469604   slack (MET)


Startpoint: _1444_ (rising edge-triggered flip-flop clocked by clk)
Endpoint: _1444_ (rising edge-triggered flip-flop clocked by clk)
Path Group: clk
Path Type: min

Fanout         Cap        Slew       Delay        Time   Description
---------------------------------------------------------------------------------------------
                                  0.000000    0.000000   clock clk (rise edge)
                                  0.000000    0.000000   clock source latency
   134    0.531548    2.377944    1.601094    1.601094 ^ clk (in)
                                                         clk (net)
                      2.394555    0.000000    1.601094 ^ _1444_/CLK (sky130_fd_sc_hd__dfxtp_2)
     1    0.001817    0.021029    0.579990    2.181084 v _1444_/Q (sky130_fd_sc_hd__dfxtp_2)
                                                         u_top.instruction_mmu.u_tlb.valid[2] (net)
                      0.021029    0.000001    2.181086 v _1727_/A (sky130_fd_sc_hd__buf_2)
     2    0.004701    0.027975    0.104302    2.285388 v _1727_/X (sky130_fd_sc_hd__buf_2)
                                                         _0702_ (net)
                      0.027975    0.000001    2.285389 v _1263_/A (sky130_fd_sc_hd__and2_2)
     1    0.002086    0.032878    0.144296    2.429685 v _1263_/X (sky130_fd_sc_hd__and2_2)
                                                         _0303_ (net)
                      0.032878    0.000003    2.429688 v _1865_/A (sky130_fd_sc_hd__buf_2)
     1    0.001975    0.021975    0.100093    2.529781 v _1865_/X (sky130_fd_sc_hd__buf_2)
                                                         _0890_ (net)
                      0.021975    0.000002    2.529783 v _1444_/D (sky130_fd_sc_hd__dfxtp_2)
                                              2.529783   data arrival time

                                  0.000000    0.000000   clock clk (rise edge)
                                  0.000000    0.000000   clock source latency
   134    0.531548    2.377944    1.769630    1.769630 ^ clk (in)
                                                         clk (net)
                      2.394555    0.000000    1.769630 ^ _1444_/CLK (sky130_fd_sc_hd__dfxtp_2)
                                  0.250000    2.019630   clock uncertainty
                                 -0.168536    1.851094   clock reconvergence pessimism
                                  0.209074    2.060169   library hold time
                                              2.060169   data required time
---------------------------------------------------------------------------------------------
                                              2.060169   data required time
                                             -2.529783   data arrival time
---------------------------------------------------------------------------------------------
                                              0.469615   slack (MET)


Startpoint: _1476_ (rising edge-triggered flip-flop clocked by clk)
Endpoint: _1476_ (rising edge-triggered flip-flop clocked by clk)
Path Group: clk
Path Type: min

Fanout         Cap        Slew       Delay        Time   Description
---------------------------------------------------------------------------------------------
                                  0.000000    0.000000   clock clk (rise edge)
                                  0.000000    0.000000   clock source latency
   134    0.531548    2.377944    1.603894    1.603894 ^ clk (in)
                                                         clk (net)
                      2.395195    0.000000    1.603894 ^ _1476_/CLK (sky130_fd_sc_hd__dfxtp_2)
     1    0.001873    0.021172    0.580243    2.184136 v _1476_/Q (sky130_fd_sc_hd__dfxtp_2)
                                                         u_top.instruction_mmu.u_tlb.vpn[1][9] (net)
                      0.021172    0.000002    2.184138 v _1771_/A (sky130_fd_sc_hd__buf_2)
     2    0.004575    0.027735    0.104054    2.288192 v _1771_/X (sky130_fd_sc_hd__buf_2)
                                                         _0743_ (net)
                      0.027735    0.000003    2.288196 v _1297_/A (sky130_fd_sc_hd__and2_2)
     1    0.002106    0.032933    0.144285    2.432480 v _1297_/X (sky130_fd_sc_hd__and2_2)
                                                         _0335_ (net)
                      0.032933    0.000004    2.432484 v _1897_/A (sky130_fd_sc_hd__buf_2)
     1    0.002025    0.022103    0.100288    2.532772 v _1897_/X (sky130_fd_sc_hd__buf_2)
                                                         _0954_ (net)
                      0.022103    0.000003    2.532775 v _1476_/D (sky130_fd_sc_hd__dfxtp_2)
                                              2.532775   data arrival time

                                  0.000000    0.000000   clock clk (rise edge)
                                  0.000000    0.000000   clock source latency
   134    0.531548    2.377944    1.772724    1.772724 ^ clk (in)
                                                         clk (net)
                      2.395195    0.000000    1.772724 ^ _1476_/CLK (sky130_fd_sc_hd__dfxtp_2)
                                  0.250000    2.022724   clock uncertainty
                                 -0.168831    1.853893   clock reconvergence pessimism
                                  0.209072    2.062965   library hold time
                                              2.062965   data required time
---------------------------------------------------------------------------------------------
                                              2.062965   data required time
                                             -2.532775   data arrival time
---------------------------------------------------------------------------------------------
                                              0.469810   slack (MET)


Startpoint: _1488_ (rising edge-triggered flip-flop clocked by clk)
Endpoint: _1488_ (rising edge-triggered flip-flop clocked by clk)
Path Group: clk
Path Type: min

Fanout         Cap        Slew       Delay        Time   Description
---------------------------------------------------------------------------------------------
                                  0.000000    0.000000   clock clk (rise edge)
                                  0.000000    0.000000   clock source latency
   134    0.531548    2.377944    1.604419    1.604419 ^ clk (in)
                                                         clk (net)
                      2.395317    0.000000    1.604419 ^ _1488_/CLK (sky130_fd_sc_hd__dfxtp_2)
     1    0.001948    0.021364    0.580513    2.184932 v _1488_/Q (sky130_fd_sc_hd__dfxtp_2)
                                                         u_top.instruction_mmu.u_tlb.vpn[2][1] (net)
                      0.021364    0.000002    2.184934 v _1735_/A (sky130_fd_sc_hd__buf_2)
     2    0.004223    0.027003    0.103211    2.288145 v _1735_/X (sky130_fd_sc_hd__buf_2)
                                                         _0755_ (net)
                      0.027003    0.000001    2.288146 v _1309_/A (sky130_fd_sc_hd__and2_2)
     1    0.002220    0.033251    0.144471    2.432618 v _1309_/X (sky130_fd_sc_hd__and2_2)
                                                         _0347_ (net)
                      0.033251    0.000004    2.432622 v _1909_/A (sky130_fd_sc_hd__buf_2)
     1    0.002098    0.022288    0.100671    2.533293 v _1909_/X (sky130_fd_sc_hd__buf_2)
                                                         _0978_ (net)
                      0.022288    0.000003    2.533296 v _1488_/D (sky130_fd_sc_hd__dfxtp_2)
                                              2.533296   data arrival time

                                  0.000000    0.000000   clock clk (rise edge)
                                  0.000000    0.000000   clock source latency
   134    0.531548    2.377944    1.773305    1.773305 ^ clk (in)
                                                         clk (net)
                      2.395317    0.000000    1.773305 ^ _1488_/CLK (sky130_fd_sc_hd__dfxtp_2)
                                  0.250000    2.023305   clock uncertainty
                                 -0.168886    1.854419   clock reconvergence pessimism
                                  0.209006    2.063425   library hold time
                                              2.063425   data required time
---------------------------------------------------------------------------------------------
                                              2.063425   data required time
                                             -2.533296   data arrival time
---------------------------------------------------------------------------------------------
                                              0.469871   slack (MET)


Startpoint: _1471_ (rising edge-triggered flip-flop clocked by clk)
Endpoint: _1471_ (rising edge-triggered flip-flop clocked by clk)
Path Group: clk
Path Type: min

Fanout         Cap        Slew       Delay        Time   Description
---------------------------------------------------------------------------------------------
                                  0.000000    0.000000   clock clk (rise edge)
                                  0.000000    0.000000   clock source latency
   134    0.531548    2.377944    1.589146    1.589146 ^ clk (in)
                                                         clk (net)
                      2.391962    0.000000    1.589146 ^ _1471_/CLK (sky130_fd_sc_hd__dfxtp_2)
     1    0.002364    0.021855    0.581645    2.170791 v _1471_/Q (sky130_fd_sc_hd__dfxtp_2)
                                                         u_top.instruction_mmu.u_tlb.vpn[1][4] (net)
                      0.021855    0.000007    2.170798 v _1746_/A (sky130_fd_sc_hd__buf_2)
     2    0.004384    0.027375    0.103855    2.274652 v _1746_/X (sky130_fd_sc_hd__buf_2)
                                                         _0738_ (net)
                      0.027375    0.000010    2.274663 v _1292_/A (sky130_fd_sc_hd__and2_2)
     1    0.002016    0.032673    0.143760    2.418422 v _1292_/X (sky130_fd_sc_hd__and2_2)
                                                         _0330_ (net)
                      0.032673    0.000004    2.418427 v _1892_/A (sky130_fd_sc_hd__buf_2)
     1    0.001881    0.021735    0.099684    2.518110 v _1892_/X (sky130_fd_sc_hd__buf_2)
                                                         _0944_ (net)
                      0.021735    0.000002    2.518112 v _1471_/D (sky130_fd_sc_hd__dfxtp_2)
                                              2.518112   data arrival time

                                  0.000000    0.000000   clock clk (rise edge)
                                  0.000000    0.000000   clock source latency
   134    0.531548    2.377944    1.756425    1.756425 ^ clk (in)
                                                         clk (net)
                      2.391962    0.000000    1.756425 ^ _1471_/CLK (sky130_fd_sc_hd__dfxtp_2)
                                  0.250000    2.006425   clock uncertainty
                                 -0.167279    1.839146   clock reconvergence pessimism
                                  0.208974    2.048120   library hold time
                                              2.048120   data required time
---------------------------------------------------------------------------------------------
                                              2.048120   data required time
                                             -2.518112   data arrival time
---------------------------------------------------------------------------------------------
                                              0.469992   slack (MET)


Startpoint: _1482_ (rising edge-triggered flip-flop clocked by clk)
Endpoint: _1482_ (rising edge-triggered flip-flop clocked by clk)
Path Group: clk
Path Type: min

Fanout         Cap        Slew       Delay        Time   Description
---------------------------------------------------------------------------------------------
                                  0.000000    0.000000   clock clk (rise edge)
                                  0.000000    0.000000   clock source latency
   134    0.531548    2.377944    1.591143    1.591143 ^ clk (in)
                                                         clk (net)
                      2.392379    0.000000    1.591143 ^ _1482_/CLK (sky130_fd_sc_hd__dfxtp_2)
     1    0.002314    0.021768    0.581510    2.172653 v _1482_/Q (sky130_fd_sc_hd__dfxtp_2)
                                                         u_top.instruction_mmu.u_tlb.vpn[1][15] (net)
                      0.021768    0.000006    2.172658 v _1801_/A (sky130_fd_sc_hd__buf_2)
     2    0.004922    0.028399    0.105115    2.277774 v _1801_/X (sky130_fd_sc_hd__buf_2)
                                                         _0730_ (net)
                      0.028399    0.000006    2.277780 v _1303_/A (sky130_fd_sc_hd__and2_2)
     1    0.001846    0.032199    0.143454    2.421234 v _1303_/X (sky130_fd_sc_hd__and2_2)
                                                         _0341_ (net)
                      0.032199    0.000002    2.421236 v _1903_/A (sky130_fd_sc_hd__buf_2)
     1    0.001770    0.021454    0.099109    2.520345 v _1903_/X (sky130_fd_sc_hd__buf_2)
                                                         _0966_ (net)
                      0.021454    0.000000    2.520345 v _1482_/D (sky130_fd_sc_hd__dfxtp_2)
                                              2.520345   data arrival time

                                  0.000000    0.000000   clock clk (rise edge)
                                  0.000000    0.000000   clock source latency
   134    0.531548    2.377944    1.758632    1.758632 ^ clk (in)
                                                         clk (net)
                      2.392379    0.000000    1.758632 ^ _1482_/CLK (sky130_fd_sc_hd__dfxtp_2)
                                  0.250000    2.008632   clock uncertainty
                                 -0.167489    1.841143   clock reconvergence pessimism
                                  0.209119    2.050262   library hold time
                                              2.050262   data required time
---------------------------------------------------------------------------------------------
                                              2.050262   data required time
                                             -2.520345   data arrival time
---------------------------------------------------------------------------------------------
                                              0.470084   slack (MET)


Startpoint: _1472_ (rising edge-triggered flip-flop clocked by clk)
Endpoint: _1472_ (rising edge-triggered flip-flop clocked by clk)
Path Group: clk
Path Type: min

Fanout         Cap        Slew       Delay        Time   Description
---------------------------------------------------------------------------------------------
                                  0.000000    0.000000   clock clk (rise edge)
                                  0.000000    0.000000   clock source latency
   134    0.531548    2.377944    1.601301    1.601301 ^ clk (in)
                                                         clk (net)
                      2.394602    0.000000    1.601301 ^ _1472_/CLK (sky130_fd_sc_hd__dfxtp_2)
     1    0.001761    0.020883    0.579798    2.181099 v _1472_/Q (sky130_fd_sc_hd__dfxtp_2)
                                                         u_top.instruction_mmu.u_tlb.vpn[1][5] (net)
                      0.020883    0.000001    2.181100 v _1751_/A (sky130_fd_sc_hd__buf_2)
     2    0.005128    0.028785    0.105272    2.286372 v _1751_/X (sky130_fd_sc_hd__buf_2)
                                                         _0739_ (net)
                      0.028785    0.000002    2.286374 v _1293_/A (sky130_fd_sc_hd__and2_2)
     1    0.002020    0.032696    0.144341    2.430715 v _1293_/X (sky130_fd_sc_hd__and2_2)
                                                         _0331_ (net)
                      0.032696    0.000003    2.430718 v _1893_/A (sky130_fd_sc_hd__buf_2)
     1    0.001926    0.021850    0.099848    2.530566 v _1893_/X (sky130_fd_sc_hd__buf_2)
                                                         _0946_ (net)
                      0.021850    0.000002    2.530568 v _1472_/D (sky130_fd_sc_hd__dfxtp_2)
                                              2.530568   data arrival time

                                  0.000000    0.000000   clock clk (rise edge)
                                  0.000000    0.000000   clock source latency
   134    0.531548    2.377944    1.769859    1.769859 ^ clk (in)
                                                         clk (net)
                      2.394602    0.000000    1.769859 ^ _1472_/CLK (sky130_fd_sc_hd__dfxtp_2)
                                  0.250000    2.019859   clock uncertainty
                                 -0.168558    1.851301   clock reconvergence pessimism
                                  0.209129    2.060430   library hold time
                                              2.060430   data required time
---------------------------------------------------------------------------------------------
                                              2.060430   data required time
                                             -2.530568   data arrival time
---------------------------------------------------------------------------------------------
                                              0.470138   slack (MET)


Startpoint: _1523_ (rising edge-triggered flip-flop clocked by clk)
Endpoint: _1523_ (rising edge-triggered flip-flop clocked by clk)
Path Group: clk
Path Type: min

Fanout         Cap        Slew       Delay        Time   Description
---------------------------------------------------------------------------------------------
                                  0.000000    0.000000   clock clk (rise edge)
                                  0.000000    0.000000   clock source latency
   134    0.531548    2.377944    1.601397    1.601397 ^ clk (in)
                                                         clk (net)
                      2.394624    0.000000    1.601397 ^ _1523_/CLK (sky130_fd_sc_hd__dfxtp_2)
     1    0.001807    0.021002    0.579961    2.181358 v _1523_/Q (sky130_fd_sc_hd__dfxtp_2)
                                                         u_top.instruction_mmu.u_tlb.vpn[3][11] (net)
                      0.021002    0.000002    2.181360 v _1783_/A (sky130_fd_sc_hd__buf_2)
     2    0.005130    0.028790    0.105322    2.286682 v _1783_/X (sky130_fd_sc_hd__buf_2)
                                                         _0766_ (net)
                      0.028790    0.000002    2.286684 v _1344_/A (sky130_fd_sc_hd__and2_2)
     1    0.002050    0.032782    0.144470    2.431154 v _1344_/X (sky130_fd_sc_hd__and2_2)
                                                         _0382_ (net)
                      0.032782    0.000004    2.431158 v _1944_/A (sky130_fd_sc_hd__buf_2)
     1    0.001925    0.021848    0.099881    2.531039 v _1944_/X (sky130_fd_sc_hd__buf_2)
                                                         _1031_ (net)
                      0.021848    0.000002    2.531041 v _1523_/D (sky130_fd_sc_hd__dfxtp_2)
                                              2.531041   data arrival time

                                  0.000000    0.000000   clock clk (rise edge)
                                  0.000000    0.000000   clock source latency
   134    0.531548    2.377944    1.769965    1.769965 ^ clk (in)
                                                         clk (net)
                      2.394624    0.000000    1.769965 ^ _1523_/CLK (sky130_fd_sc_hd__dfxtp_2)
                                  0.250000    2.019965   clock uncertainty
                                 -0.168568    1.851397   clock reconvergence pessimism
                                  0.209131    2.060528   library hold time
                                              2.060528   data required time
---------------------------------------------------------------------------------------------
                                              2.060528   data required time
                                             -2.531041   data arrival time
---------------------------------------------------------------------------------------------
                                              0.470512   slack (MET)


Startpoint: _1503_ (rising edge-triggered flip-flop clocked by clk)
Endpoint: _1503_ (rising edge-triggered flip-flop clocked by clk)
Path Group: clk
Path Type: min

Fanout         Cap        Slew       Delay        Time   Description
---------------------------------------------------------------------------------------------
                                  0.000000    0.000000   clock clk (rise edge)
                                  0.000000    0.000000   clock source latency
   134    0.531548    2.377944    1.590054    1.590054 ^ clk (in)
                                                         clk (net)
                      2.392151    0.000000    1.590054 ^ _1503_/CLK (sky130_fd_sc_hd__dfxtp_2)
     1    0.002468    0.022025    0.582023    2.172077 v _1503_/Q (sky130_fd_sc_hd__dfxtp_2)
                                                         u_top.instruction_mmu.u_tlb.vpn[2][16] (net)
                      0.022025    0.000007    2.172083 v _1807_/A (sky130_fd_sc_hd__buf_2)
     2    0.004725    0.028024    0.104741    2.276824 v _1807_/X (sky130_fd_sc_hd__buf_2)
                                                         _0751_ (net)
                      0.028024    0.000006    2.276831 v _1324_/A (sky130_fd_sc_hd__and2_2)
     1    0.001832    0.032156    0.143245    2.420076 v _1324_/X (sky130_fd_sc_hd__and2_2)
                                                         _0362_ (net)
                      0.032156    0.000001    2.420078 v _1924_/A (sky130_fd_sc_hd__buf_2)
     1    0.001924    0.021848    0.099623    2.519701 v _1924_/X (sky130_fd_sc_hd__buf_2)
                                                         _1008_ (net)
                      0.021848    0.000002    2.519703 v _1503_/D (sky130_fd_sc_hd__dfxtp_2)
                                              2.519703   data arrival time

                                  0.000000    0.000000   clock clk (rise edge)
                                  0.000000    0.000000   clock source latency
   134    0.531548    2.377944    1.757428    1.757428 ^ clk (in)
                                                         clk (net)
                      2.392151    0.000000    1.757428 ^ _1503_/CLK (sky130_fd_sc_hd__dfxtp_2)
                                  0.250000    2.007428   clock uncertainty
                                 -0.167374    1.840054   clock reconvergence pessimism
                                  0.208943    2.048997   library hold time
                                              2.048997   data required time
---------------------------------------------------------------------------------------------
                                              2.048997   data required time
                                             -2.519703   data arrival time
---------------------------------------------------------------------------------------------
                                              0.470706   slack (MET)


Startpoint: _1486_ (rising edge-triggered flip-flop clocked by clk)
Endpoint: _1486_ (rising edge-triggered flip-flop clocked by clk)
Path Group: clk
Path Type: min

Fanout         Cap        Slew       Delay        Time   Description
---------------------------------------------------------------------------------------------
                                  0.000000    0.000000   clock clk (rise edge)
                                  0.000000    0.000000   clock source latency
   134    0.531548    2.377944    1.590598    1.590598 ^ clk (in)
                                                         clk (net)
                      2.392265    0.000000    1.590598 ^ _1486_/CLK (sky130_fd_sc_hd__dfxtp_2)
     1    0.002421    0.021946    0.581869    2.172467 v _1486_/Q (sky130_fd_sc_hd__dfxtp_2)
                                                         u_top.instruction_mmu.u_tlb.vpn[1][19] (net)
                      0.021946    0.000007    2.172474 v _1821_/A (sky130_fd_sc_hd__buf_2)
     2    0.004979    0.028507    0.105320    2.277794 v _1821_/X (sky130_fd_sc_hd__buf_2)
                                                         _0734_ (net)
                      0.028507    0.000007    2.277801 v _1307_/A (sky130_fd_sc_hd__and2_2)
     1    0.001844    0.032193    0.143488    2.421288 v _1307_/X (sky130_fd_sc_hd__and2_2)
                                                         _0345_ (net)
                      0.032193    0.000002    2.421290 v _1907_/A (sky130_fd_sc_hd__buf_2)
     1    0.001790    0.021506    0.099176    2.520466 v _1907_/X (sky130_fd_sc_hd__buf_2)
                                                         _0974_ (net)
                      0.021506    0.000001    2.520467 v _1486_/D (sky130_fd_sc_hd__dfxtp_2)
                                              2.520467   data arrival time

                                  0.000000    0.000000   clock clk (rise edge)
                                  0.000000    0.000000   clock source latency
   134    0.531548    2.377944    1.758030    1.758030 ^ clk (in)
                                                         clk (net)
                      2.392265    0.000000    1.758030 ^ _1486_/CLK (sky130_fd_sc_hd__dfxtp_2)
                                  0.250000    2.008029   clock uncertainty
                                 -0.167431    1.840598   clock reconvergence pessimism
                                  0.209089    2.049688   library hold time
                                              2.049688   data required time
---------------------------------------------------------------------------------------------
                                              2.049688   data required time
                                             -2.520467   data arrival time
---------------------------------------------------------------------------------------------
                                              0.470779   slack (MET)


Startpoint: _1481_ (rising edge-triggered flip-flop clocked by clk)
Endpoint: _1481_ (rising edge-triggered flip-flop clocked by clk)
Path Group: clk
Path Type: min

Fanout         Cap        Slew       Delay        Time   Description
---------------------------------------------------------------------------------------------
                                  0.000000    0.000000   clock clk (rise edge)
                                  0.000000    0.000000   clock source latency
   134    0.531548    2.377944    1.601017    1.601017 ^ clk (in)
                                                         clk (net)
                      2.394537    0.000000    1.601017 ^ _1481_/CLK (sky130_fd_sc_hd__dfxtp_2)
     1    0.001879    0.021186    0.580200    2.181218 v _1481_/Q (sky130_fd_sc_hd__dfxtp_2)
                                                         u_top.instruction_mmu.u_tlb.vpn[1][14] (net)
                      0.021186    0.000002    2.181220 v _1796_/A (sky130_fd_sc_hd__buf_2)
     2    0.004986    0.028518    0.105047    2.286268 v _1796_/X (sky130_fd_sc_hd__buf_2)
                                                         _0729_ (net)
                      0.028518    0.000008    2.286275 v _1302_/A (sky130_fd_sc_hd__and2_2)
     1    0.002114    0.032961    0.144630    2.430905 v _1302_/X (sky130_fd_sc_hd__and2_2)
                                                         _0340_ (net)
                      0.032961    0.000004    2.430909 v _1902_/A (sky130_fd_sc_hd__buf_2)
     1    0.001991    0.022016    0.100182    2.531092 v _1902_/X (sky130_fd_sc_hd__buf_2)
                                                         _0964_ (net)
                      0.022016    0.000003    2.531095 v _1481_/D (sky130_fd_sc_hd__dfxtp_2)
                                              2.531095   data arrival time

                                  0.000000    0.000000   clock clk (rise edge)
                                  0.000000    0.000000   clock source latency
   134    0.531548    2.377944    1.769546    1.769546 ^ clk (in)
                                                         clk (net)
                      2.394537    0.000000    1.769546 ^ _1481_/CLK (sky130_fd_sc_hd__dfxtp_2)
                                  0.250000    2.019546   clock uncertainty
                                 -0.168528    1.851017   clock reconvergence pessimism
                                  0.209057    2.060074   library hold time
                                              2.060074   data required time
---------------------------------------------------------------------------------------------
                                              2.060074   data required time
                                             -2.531095   data arrival time
---------------------------------------------------------------------------------------------
                                              0.471020   slack (MET)


Startpoint: _1517_ (rising edge-triggered flip-flop clocked by clk)
Endpoint: _1517_ (rising edge-triggered flip-flop clocked by clk)
Path Group: clk
Path Type: min

Fanout         Cap        Slew       Delay        Time   Description
---------------------------------------------------------------------------------------------
                                  0.000000    0.000000   clock clk (rise edge)
                                  0.000000    0.000000   clock source latency
   134    0.531548    2.377944    1.602798    1.602798 ^ clk (in)
                                                         clk (net)
                      2.394943    0.000000    1.602798 ^ _1517_/CLK (sky130_fd_sc_hd__dfxtp_2)
     1    0.001924    0.021303    0.580396    2.183194 v _1517_/Q (sky130_fd_sc_hd__dfxtp_2)
                                                         u_top.instruction_mmu.u_tlb.vpn[3][5] (net)
                      0.021303    0.000002    2.183197 v _1753_/A (sky130_fd_sc_hd__buf_2)
     2    0.005221    0.028975    0.105657    2.288854 v _1753_/X (sky130_fd_sc_hd__buf_2)
                                                         _0779_ (net)
                      0.028975    0.000004    2.288858 v _1338_/A (sky130_fd_sc_hd__and2_2)
     1    0.002080    0.032867    0.144668    2.433526 v _1338_/X (sky130_fd_sc_hd__and2_2)
                                                         _0376_ (net)
                      0.032867    0.000004    2.433529 v _1938_/A (sky130_fd_sc_hd__buf_2)
     1    0.001957    0.021930    0.100027    2.533557 v _1938_/X (sky130_fd_sc_hd__buf_2)
                                                         _1025_ (net)
                      0.021930    0.000002    2.533559 v _1517_/D (sky130_fd_sc_hd__dfxtp_2)
                                              2.533559   data arrival time

                                  0.000000    0.000000   clock clk (rise edge)
                                  0.000000    0.000000   clock source latency
   134    0.531548    2.377944    1.771514    1.771514 ^ clk (in)
                                                         clk (net)
                      2.394943    0.000000    1.771514 ^ _1517_/CLK (sky130_fd_sc_hd__dfxtp_2)
                                  0.250000    2.021514   clock uncertainty
                                 -0.168716    1.852798   clock reconvergence pessimism
                                  0.209122    2.061920   library hold time
                                              2.061920   data required time
---------------------------------------------------------------------------------------------
                                              2.061920   data required time
                                             -2.533559   data arrival time
---------------------------------------------------------------------------------------------
                                              0.471639   slack (MET)


Startpoint: _1490_ (rising edge-triggered flip-flop clocked by clk)
Endpoint: _1490_ (rising edge-triggered flip-flop clocked by clk)
Path Group: clk
Path Type: min

Fanout         Cap        Slew       Delay        Time   Description
---------------------------------------------------------------------------------------------
                                  0.000000    0.000000   clock clk (rise edge)
                                  0.000000    0.000000   clock source latency
   134    0.531548    2.377944    1.604906    1.604906 ^ clk (in)
                                                         clk (net)
                      2.395430    0.000000    1.604906 ^ _1490_/CLK (sky130_fd_sc_hd__dfxtp_2)
     1    0.001959    0.021392    0.580560    2.185467 v _1490_/Q (sky130_fd_sc_hd__dfxtp_2)
                                                         u_top.instruction_mmu.u_tlb.vpn[2][3] (net)
                      0.021392    0.000002    2.185469 v _1743_/A (sky130_fd_sc_hd__buf_2)
     2    0.004991    0.028528    0.105139    2.290608 v _1743_/X (sky130_fd_sc_hd__buf_2)
                                                         _0757_ (net)
                      0.028528    0.000002    2.290610 v _1311_/A (sky130_fd_sc_hd__and2_2)
     1    0.002203    0.033212    0.145007    2.435617 v _1311_/X (sky130_fd_sc_hd__and2_2)
                                                         _0349_ (net)
                      0.033212    0.000004    2.435622 v _1911_/A (sky130_fd_sc_hd__buf_2)
     1    0.001987    0.022005    0.100272    2.535893 v _1911_/X (sky130_fd_sc_hd__buf_2)
                                                         _0982_ (net)
                      0.022005    0.000002    2.535896 v _1490_/D (sky130_fd_sc_hd__dfxtp_2)
                                              2.535896   data arrival time

                                  0.000000    0.000000   clock clk (rise edge)
                                  0.000000    0.000000   clock source latency
   134    0.531548    2.377944    1.773844    1.773844 ^ clk (in)
                                                         clk (net)
                      2.395430    0.000000    1.773844 ^ _1490_/CLK (sky130_fd_sc_hd__dfxtp_2)
                                  0.250000    2.023844   clock uncertainty
                                 -0.168937    1.854906   clock reconvergence pessimism
                                  0.209129    2.064035   library hold time
                                              2.064035   data required time
---------------------------------------------------------------------------------------------
                                              2.064035   data required time
                                             -2.535896   data arrival time
---------------------------------------------------------------------------------------------
                                              0.471860   slack (MET)


Startpoint: _1498_ (rising edge-triggered flip-flop clocked by clk)
Endpoint: _1498_ (rising edge-triggered flip-flop clocked by clk)
Path Group: clk
Path Type: min

Fanout         Cap        Slew       Delay        Time   Description
---------------------------------------------------------------------------------------------
                                  0.000000    0.000000   clock clk (rise edge)
                                  0.000000    0.000000   clock source latency
   134    0.531548    2.377944    1.602071    1.602071 ^ clk (in)
                                                         clk (net)
                      2.394777    0.000000    1.602071 ^ _1498_/CLK (sky130_fd_sc_hd__dfxtp_2)
     1    0.001893    0.021222    0.580272    2.182342 v _1498_/Q (sky130_fd_sc_hd__dfxtp_2)
                                                         u_top.instruction_mmu.u_tlb.vpn[2][11] (net)
                      0.021222    0.000002    2.182345 v _1782_/A (sky130_fd_sc_hd__buf_2)
     2    0.005242    0.029014    0.105674    2.288019 v _1782_/X (sky130_fd_sc_hd__buf_2)
                                                         _0746_ (net)
                      0.029014    0.000004    2.288023 v _1319_/A (sky130_fd_sc_hd__and2_2)
     1    0.002119    0.032977    0.144847    2.432870 v _1319_/X (sky130_fd_sc_hd__and2_2)
                                                         _0357_ (net)
                      0.032977    0.000004    2.432874 v _1919_/A (sky130_fd_sc_hd__buf_2)
     1    0.001990    0.022014    0.100187    2.533061 v _1919_/X (sky130_fd_sc_hd__buf_2)
                                                         _0998_ (net)
                      0.022014    0.000002    2.533063 v _1498_/D (sky130_fd_sc_hd__dfxtp_2)
                                              2.533063   data arrival time

                                  0.000000    0.000000   clock clk (rise edge)
                                  0.000000    0.000000   clock source latency
   134    0.531548    2.377944    1.770710    1.770710 ^ clk (in)
                                                         clk (net)
                      2.394777    0.000000    1.770710 ^ _1498_/CLK (sky130_fd_sc_hd__dfxtp_2)
                                  0.250000    2.020710   clock uncertainty
                                 -0.168639    1.852070   clock reconvergence pessimism
                                  0.209076    2.061146   library hold time
                                              2.061146   data required time
---------------------------------------------------------------------------------------------
                                              2.061146   data required time
                                             -2.533063   data arrival time
---------------------------------------------------------------------------------------------
                                              0.471917   slack (MET)


Startpoint: _1474_ (rising edge-triggered flip-flop clocked by clk)
Endpoint: _1474_ (rising edge-triggered flip-flop clocked by clk)
Path Group: clk
Path Type: min

Fanout         Cap        Slew       Delay        Time   Description
---------------------------------------------------------------------------------------------
                                  0.000000    0.000000   clock clk (rise edge)
                                  0.000000    0.000000   clock source latency
   134    0.531548    2.377944    1.601086    1.601086 ^ clk (in)
                                                         clk (net)
                      2.394553    0.000000    1.601086 ^ _1474_/CLK (sky130_fd_sc_hd__dfxtp_2)
     1    0.002007    0.021515    0.580646    2.181731 v _1474_/Q (sky130_fd_sc_hd__dfxtp_2)
                                                         u_top.instruction_mmu.u_tlb.vpn[1][7] (net)
                      0.021515    0.000004    2.181736 v _1761_/A (sky130_fd_sc_hd__buf_2)
     2    0.004967    0.028483    0.105128    2.286863 v _1761_/X (sky130_fd_sc_hd__buf_2)
                                                         _0741_ (net)
                      0.028483    0.000003    2.286866 v _1295_/A (sky130_fd_sc_hd__and2_2)
     1    0.002186    0.033166    0.144920    2.431786 v _1295_/X (sky130_fd_sc_hd__and2_2)
                                                         _0333_ (net)
                      0.033166    0.000005    2.431792 v _1895_/A (sky130_fd_sc_hd__buf_2)
     1    0.002041    0.022143    0.100439    2.532230 v _1895_/X (sky130_fd_sc_hd__buf_2)
                                                         _0950_ (net)
                      0.022143    0.000003    2.532234 v _1474_/D (sky130_fd_sc_hd__dfxtp_2)
                                              2.532234   data arrival time

                                  0.000000    0.000000   clock clk (rise edge)
                                  0.000000    0.000000   clock source latency
   134    0.531548    2.377944    1.769621    1.769621 ^ clk (in)
                                                         clk (net)
                      2.394553    0.000000    1.769621 ^ _1474_/CLK (sky130_fd_sc_hd__dfxtp_2)
                                  0.250000    2.019621   clock uncertainty
                                 -0.168535    1.851086   clock reconvergence pessimism
                                  0.209007    2.060093   library hold time
                                              2.060093   data required time
---------------------------------------------------------------------------------------------
                                              2.060093   data required time
                                             -2.532234   data arrival time
---------------------------------------------------------------------------------------------
                                              0.472141   slack (MET)


Startpoint: _1524_ (rising edge-triggered flip-flop clocked by clk)
Endpoint: _1524_ (rising edge-triggered flip-flop clocked by clk)
Path Group: clk
Path Type: min

Fanout         Cap        Slew       Delay        Time   Description
---------------------------------------------------------------------------------------------
                                  0.000000    0.000000   clock clk (rise edge)
                                  0.000000    0.000000   clock source latency
   134    0.531548    2.377944    1.604260    1.604260 ^ clk (in)
                                                         clk (net)
                      2.395280    0.000000    1.604260 ^ _1524_/CLK (sky130_fd_sc_hd__dfxtp_2)
     1    0.002055    0.021640    0.580882    2.185142 v _1524_/Q (sky130_fd_sc_hd__dfxtp_2)
                                                         u_top.instruction_mmu.u_tlb.vpn[3][12] (net)
                      0.021640    0.000003    2.185145 v _1788_/A (sky130_fd_sc_hd__buf_2)
     2    0.004700    0.027975    0.104535    2.289680 v _1788_/X (sky130_fd_sc_hd__buf_2)
                                                         _0767_ (net)
                      0.027975    0.000001    2.289681 v _1345_/A (sky130_fd_sc_hd__and2_2)
     1    0.002250    0.033343    0.144986    2.434666 v _1345_/X (sky130_fd_sc_hd__and2_2)
                                                         _0383_ (net)
                      0.033343    0.000005    2.434671 v _1945_/A (sky130_fd_sc_hd__buf_2)
     1    0.002187    0.022518    0.101018    2.535689 v _1945_/X (sky130_fd_sc_hd__buf_2)
                                                         _1032_ (net)
                      0.022518    0.000004    2.535693 v _1524_/D (sky130_fd_sc_hd__dfxtp_2)
                                              2.535693   data arrival time

                                  0.000000    0.000000   clock clk (rise edge)
                                  0.000000    0.000000   clock source latency
   134    0.531548    2.377944    1.773129    1.773129 ^ clk (in)
                                                         clk (net)
                      2.395280    0.000000    1.773129 ^ _1524_/CLK (sky130_fd_sc_hd__dfxtp_2)
                                  0.250000    2.023129   clock uncertainty
                                 -0.168869    1.854260   clock reconvergence pessimism
                                  0.208911    2.063171   library hold time
                                              2.063171   data required time
---------------------------------------------------------------------------------------------
                                              2.063171   data required time
                                             -2.535693   data arrival time
---------------------------------------------------------------------------------------------
                                              0.472522   slack (MET)


Startpoint: _1483_ (rising edge-triggered flip-flop clocked by clk)
Endpoint: _1483_ (rising edge-triggered flip-flop clocked by clk)
Path Group: clk
Path Type: min

Fanout         Cap        Slew       Delay        Time   Description
---------------------------------------------------------------------------------------------
                                  0.000000    0.000000   clock clk (rise edge)
                                  0.000000    0.000000   clock source latency
   134    0.531548    2.377944    1.590429    1.590429 ^ clk (in)
                                                         clk (net)
                      2.392229    0.000000    1.590429 ^ _1483_/CLK (sky130_fd_sc_hd__dfxtp_2)
     1    0.002373    0.021869    0.581700    2.172129 v _1483_/Q (sky130_fd_sc_hd__dfxtp_2)
                                                         u_top.instruction_mmu.u_tlb.vpn[1][16] (net)
                      0.021869    0.000007    2.172136 v _1806_/A (sky130_fd_sc_hd__buf_2)
     2    0.005369    0.029260    0.106225    2.278360 v _1806_/X (sky130_fd_sc_hd__buf_2)
                                                         _0731_ (net)
                      0.029260    0.000008    2.278368 v _1304_/A (sky130_fd_sc_hd__and2_2)
     1    0.001971    0.032558    0.144321    2.422689 v _1304_/X (sky130_fd_sc_hd__and2_2)
                                                         _0342_ (net)
                      0.032558    0.000003    2.422692 v _1904_/A (sky130_fd_sc_hd__buf_2)
     1    0.001820    0.021579    0.099426    2.522118 v _1904_/X (sky130_fd_sc_hd__buf_2)
                                                         _0968_ (net)
                      0.021579    0.000001    2.522119 v _1483_/D (sky130_fd_sc_hd__dfxtp_2)
                                              2.522119   data arrival time

                                  0.000000    0.000000   clock clk (rise edge)
                                  0.000000    0.000000   clock source latency
   134    0.531548    2.377944    1.757843    1.757843 ^ clk (in)
                                                         clk (net)
                      2.392229    0.000000    1.757843 ^ _1483_/CLK (sky130_fd_sc_hd__dfxtp_2)
                                  0.250000    2.007843   clock uncertainty
                                 -0.167414    1.840429   clock reconvergence pessimism
                                  0.209057    2.049486   library hold time
                                              2.049486   data required time
---------------------------------------------------------------------------------------------
                                              2.049486   data required time
                                             -2.522119   data arrival time
---------------------------------------------------------------------------------------------
                                              0.472633   slack (MET)


Startpoint: _1497_ (rising edge-triggered flip-flop clocked by clk)
Endpoint: _1497_ (rising edge-triggered flip-flop clocked by clk)
Path Group: clk
Path Type: min

Fanout         Cap        Slew       Delay        Time   Description
---------------------------------------------------------------------------------------------
                                  0.000000    0.000000   clock clk (rise edge)
                                  0.000000    0.000000   clock source latency
   134    0.531548    2.377944    1.602115    1.602115 ^ clk (in)
                                                         clk (net)
                      2.394787    0.000000    1.602115 ^ _1497_/CLK (sky130_fd_sc_hd__dfxtp_2)
     1    0.001992    0.021477    0.580616    2.182731 v _1497_/Q (sky130_fd_sc_hd__dfxtp_2)
                                                         u_top.instruction_mmu.u_tlb.vpn[2][10] (net)
                      0.021477    0.000004    2.182735 v _1777_/A (sky130_fd_sc_hd__buf_2)
     2    0.005066    0.028671    0.105350    2.288085 v _1777_/X (sky130_fd_sc_hd__buf_2)
                                                         _0745_ (net)
                      0.028671    0.000005    2.288090 v _1318_/A (sky130_fd_sc_hd__and2_2)
     1    0.002220    0.033262    0.145137    2.433228 v _1318_/X (sky130_fd_sc_hd__and2_2)
                                                         _0356_ (net)
                      0.033262    0.000006    2.433233 v _1918_/A (sky130_fd_sc_hd__buf_2)
     1    0.002106    0.022311    0.100706    2.533939 v _1918_/X (sky130_fd_sc_hd__buf_2)
                                                         _0996_ (net)
                      0.022311    0.000004    2.533943 v _1497_/D (sky130_fd_sc_hd__dfxtp_2)
                                              2.533943   data arrival time

                                  0.000000    0.000000   clock clk (rise edge)
                                  0.000000    0.000000   clock source latency
   134    0.531548    2.377944    1.770759    1.770759 ^ clk (in)
                                                         clk (net)
                      2.394787    0.000000    1.770759 ^ _1497_/CLK (sky130_fd_sc_hd__dfxtp_2)
                                  0.250000    2.020759   clock uncertainty
                                 -0.168644    1.852115   clock reconvergence pessimism
                                  0.208957    2.061072   library hold time
                                              2.061072   data required time
---------------------------------------------------------------------------------------------
                                              2.061072   data required time
                                             -2.533943   data arrival time
---------------------------------------------------------------------------------------------
                                              0.472871   slack (MET)


Startpoint: _1496_ (rising edge-triggered flip-flop clocked by clk)
Endpoint: _1496_ (rising edge-triggered flip-flop clocked by clk)
Path Group: clk
Path Type: min

Fanout         Cap        Slew       Delay        Time   Description
---------------------------------------------------------------------------------------------
                                  0.000000    0.000000   clock clk (rise edge)
                                  0.000000    0.000000   clock source latency
   134    0.531548    2.377944    1.604518    1.604518 ^ clk (in)
                                                         clk (net)
                      2.395340    0.000000    1.604518 ^ _1496_/CLK (sky130_fd_sc_hd__dfxtp_2)
     1    0.001978    0.021441    0.580619    2.185137 v _1496_/Q (sky130_fd_sc_hd__dfxtp_2)
                                                         u_top.instruction_mmu.u_tlb.vpn[2][9] (net)
                      0.021441    0.000003    2.185140 v _1772_/A (sky130_fd_sc_hd__buf_2)
     2    0.005177    0.028891    0.105604    2.290743 v _1772_/X (sky130_fd_sc_hd__buf_2)
                                                         _0763_ (net)
                      0.028891    0.000002    2.290745 v _1317_/A (sky130_fd_sc_hd__and2_2)
     1    0.002184    0.033163    0.145075    2.435821 v _1317_/X (sky130_fd_sc_hd__and2_2)
                                                         _0355_ (net)
                      0.033163    0.000004    2.435825 v _1917_/A (sky130_fd_sc_hd__buf_2)
     1    0.002095    0.022281    0.100624    2.536449 v _1917_/X (sky130_fd_sc_hd__buf_2)
                                                         _0994_ (net)
                      0.022281    0.000003    2.536453 v _1496_/D (sky130_fd_sc_hd__dfxtp_2)
                                              2.536453   data arrival time

                                  0.000000    0.000000   clock clk (rise edge)
                                  0.000000    0.000000   clock source latency
   134    0.531548    2.377944    1.773415    1.773415 ^ clk (in)
                                                         clk (net)
                      2.395340    0.000000    1.773415 ^ _1496_/CLK (sky130_fd_sc_hd__dfxtp_2)
                                  0.250000    2.023415   clock uncertainty
                                 -0.168897    1.854518   clock reconvergence pessimism
                                  0.209011    2.063529   library hold time
                                              2.063529   data required time
---------------------------------------------------------------------------------------------
                                              2.063529   data required time
                                             -2.536453   data arrival time
---------------------------------------------------------------------------------------------
                                              0.472924   slack (MET)


Startpoint: _1473_ (rising edge-triggered flip-flop clocked by clk)
Endpoint: _1473_ (rising edge-triggered flip-flop clocked by clk)
Path Group: clk
Path Type: min

Fanout         Cap        Slew       Delay        Time   Description
---------------------------------------------------------------------------------------------
                                  0.000000    0.000000   clock clk (rise edge)
                                  0.000000    0.000000   clock source latency
   134    0.531548    2.377944    1.590559    1.590559 ^ clk (in)
                                                         clk (net)
                      2.392256    0.000000    1.590559 ^ _1473_/CLK (sky130_fd_sc_hd__dfxtp_2)
     1    0.002511    0.022095    0.582178    2.172737 v _1473_/Q (sky130_fd_sc_hd__dfxtp_2)
                                                         u_top.instruction_mmu.u_tlb.vpn[1][6] (net)
                      0.022095    0.000009    2.172746 v _1756_/A (sky130_fd_sc_hd__buf_2)
     2    0.004884    0.028327    0.105147    2.277892 v _1756_/X (sky130_fd_sc_hd__buf_2)
                                                         _0740_ (net)
                      0.028327    0.000013    2.277906 v _1294_/A (sky130_fd_sc_hd__and2_2)
     1    0.002087    0.032883    0.144440    2.422345 v _1294_/X (sky130_fd_sc_hd__and2_2)
                                                         _0332_ (net)
                      0.032883    0.000005    2.422350 v _1894_/A (sky130_fd_sc_hd__buf_2)
     1    0.001978    0.021983    0.100106    2.522457 v _1894_/X (sky130_fd_sc_hd__buf_2)
                                                         _0948_ (net)
                      0.021983    0.000003    2.522460 v _1473_/D (sky130_fd_sc_hd__dfxtp_2)
                                              2.522460   data arrival time

                                  0.000000    0.000000   clock clk (rise edge)
                                  0.000000    0.000000   clock source latency
   134    0.531548    2.377944    1.757986    1.757986 ^ clk (in)
                                                         clk (net)
                      2.392256    0.000000    1.757986 ^ _1473_/CLK (sky130_fd_sc_hd__dfxtp_2)
                                  0.250000    2.007986   clock uncertainty
                                 -0.167427    1.840559   clock reconvergence pessimism
                                  0.208896    2.049455   library hold time
                                              2.049455   data required time
---------------------------------------------------------------------------------------------
                                              2.049455   data required time
                                             -2.522460   data arrival time
---------------------------------------------------------------------------------------------
                                              0.473005   slack (MET)


Startpoint: _1549_ (rising edge-triggered flip-flop clocked by clk)
Endpoint: _1549_ (rising edge-triggered flip-flop clocked by clk)
Path Group: clk
Path Type: min

Fanout         Cap        Slew       Delay        Time   Description
---------------------------------------------------------------------------------------------
                                  0.000000    0.000000   clock clk (rise edge)
                                  0.000000    0.000000   clock source latency
   134    0.531548    2.377944    1.597809    1.597809 ^ clk (in)
                                                         clk (net)
                      2.393819    0.000000    1.597809 ^ _1549_/CLK (sky130_fd_sc_hd__dfxtp_2)
     1    0.002158    0.028350    0.607259    2.205068 ^ _1549_/Q (sky130_fd_sc_hd__dfxtp_2)
                                                         u_top.RV32I_Logic.Single_Cycle_Datapath.pcREG.q[19] (net)
                      0.028350    0.000003    2.205071 ^ _1764_/A (sky130_fd_sc_hd__buf_2)
     8    0.028822    0.144757    0.165183    2.370254 ^ _1764_/X (sky130_fd_sc_hd__buf_2)
                                                         _0639_ (net)
                      0.144757    0.000082    2.370336 ^ _1399_/A1 (sky130_fd_sc_hd__a21oi_2)
     1    0.002198    0.031978    0.059909    2.430245 v _1399_/Y (sky130_fd_sc_hd__a21oi_2)
                                                         _0408_ (net)
                      0.031978    0.000006    2.430251 v _1970_/A (sky130_fd_sc_hd__buf_2)
     1    0.001947    0.021908    0.099629    2.529880 v _1970_/X (sky130_fd_sc_hd__buf_2)
                                                         _1057_ (net)
                      0.021908    0.000002    2.529882 v _1549_/D (sky130_fd_sc_hd__dfxtp_2)
                                              2.529882   data arrival time

                                  0.000000    0.000000   clock clk (rise edge)
                                  0.000000    0.000000   clock source latency
   134    0.531548    2.377944    1.765999    1.765999 ^ clk (in)
                                                         clk (net)
                      2.393819    0.000000    1.765999 ^ _1549_/CLK (sky130_fd_sc_hd__dfxtp_2)
                                  0.250000    2.015999   clock uncertainty
                                 -0.168190    1.847808   clock reconvergence pessimism
                                  0.209046    2.056854   library hold time
                                              2.056854   data required time
---------------------------------------------------------------------------------------------
                                              2.056854   data required time
                                             -2.529882   data arrival time
---------------------------------------------------------------------------------------------
                                              0.473028   slack (MET)


Startpoint: _1526_ (rising edge-triggered flip-flop clocked by clk)
Endpoint: _1526_ (rising edge-triggered flip-flop clocked by clk)
Path Group: clk
Path Type: min

Fanout         Cap        Slew       Delay        Time   Description
---------------------------------------------------------------------------------------------
                                  0.000000    0.000000   clock clk (rise edge)
                                  0.000000    0.000000   clock source latency
   134    0.531548    2.377944    1.604381    1.604381 ^ clk (in)
                                                         clk (net)
                      2.395308    0.000000    1.604381 ^ _1526_/CLK (sky130_fd_sc_hd__dfxtp_2)
     1    0.001996    0.021487    0.580678    2.185058 v _1526_/Q (sky130_fd_sc_hd__dfxtp_2)
                                                         u_top.instruction_mmu.u_tlb.vpn[3][14] (net)
                      0.021487    0.000003    2.185061 v _1798_/A (sky130_fd_sc_hd__buf_2)
     2    0.005258    0.029046    0.105816    2.290877 v _1798_/X (sky130_fd_sc_hd__buf_2)
                                                         _0769_ (net)
                      0.029046    0.000001    2.290879 v _1347_/A (sky130_fd_sc_hd__and2_2)
     1    0.002182    0.033157    0.145127    2.436005 v _1347_/X (sky130_fd_sc_hd__and2_2)
                                                         _0385_ (net)
                      0.033157    0.000004    2.436010 v _1947_/A (sky130_fd_sc_hd__buf_2)
     1    0.002068    0.022212    0.100528    2.536538 v _1947_/X (sky130_fd_sc_hd__buf_2)
                                                         _1034_ (net)
                      0.022212    0.000003    2.536541 v _1526_/D (sky130_fd_sc_hd__dfxtp_2)
                                              2.536541   data arrival time

                                  0.000000    0.000000   clock clk (rise edge)
                                  0.000000    0.000000   clock source latency
   134    0.531548    2.377944    1.773263    1.773263 ^ clk (in)
                                                         clk (net)
                      2.395308    0.000000    1.773263 ^ _1526_/CLK (sky130_fd_sc_hd__dfxtp_2)
                                  0.250000    2.023263   clock uncertainty
                                 -0.168882    1.854381   clock reconvergence pessimism
                                  0.209037    2.063417   library hold time
                                              2.063417   data required time
---------------------------------------------------------------------------------------------
                                              2.063417   data required time
                                             -2.536541   data arrival time
---------------------------------------------------------------------------------------------
                                              0.473123   slack (MET)


Startpoint: _1519_ (rising edge-triggered flip-flop clocked by clk)
Endpoint: _1519_ (rising edge-triggered flip-flop clocked by clk)
Path Group: clk
Path Type: min

Fanout         Cap        Slew       Delay        Time   Description
---------------------------------------------------------------------------------------------
                                  0.000000    0.000000   clock clk (rise edge)
                                  0.000000    0.000000   clock source latency
   134    0.531548    2.377944    1.604409    1.604409 ^ clk (in)
                                                         clk (net)
                      2.395315    0.000000    1.604409 ^ _1519_/CLK (sky130_fd_sc_hd__dfxtp_2)
     1    0.002050    0.021627    0.580868    2.185277 v _1519_/Q (sky130_fd_sc_hd__dfxtp_2)
                                                         u_top.instruction_mmu.u_tlb.vpn[3][7] (net)
                      0.021627    0.000004    2.185280 v _1763_/A (sky130_fd_sc_hd__buf_2)
     2    0.005132    0.028797    0.105568    2.290848 v _1763_/X (sky130_fd_sc_hd__buf_2)
                                                         _0781_ (net)
                      0.028797    0.000002    2.290850 v _1340_/A (sky130_fd_sc_hd__and2_2)
     1    0.002276    0.033423    0.145425    2.436275 v _1340_/X (sky130_fd_sc_hd__and2_2)
                                                         _0378_ (net)
                      0.033423    0.000005    2.436280 v _1940_/A (sky130_fd_sc_hd__buf_2)
     1    0.001992    0.022016    0.100374    2.536654 v _1940_/X (sky130_fd_sc_hd__buf_2)
                                                         _1027_ (net)
                      0.022016    0.000002    2.536657 v _1519_/D (sky130_fd_sc_hd__dfxtp_2)
                                              2.536657   data arrival time

                                  0.000000    0.000000   clock clk (rise edge)
                                  0.000000    0.000000   clock source latency
   134    0.531548    2.377944    1.773294    1.773294 ^ clk (in)
                                                         clk (net)
                      2.395315    0.000000    1.773294 ^ _1519_/CLK (sky130_fd_sc_hd__dfxtp_2)
                                  0.250000    2.023294   clock uncertainty
                                 -0.168885    1.854409   clock reconvergence pessimism
                                  0.209116    2.063525   library hold time
                                              2.063525   data required time
---------------------------------------------------------------------------------------------
                                              2.063525   data required time
                                             -2.536657   data arrival time
---------------------------------------------------------------------------------------------
                                              0.473132   slack (MET)


Startpoint: _1494_ (rising edge-triggered flip-flop clocked by clk)
Endpoint: _1494_ (rising edge-triggered flip-flop clocked by clk)
Path Group: clk
Path Type: min

Fanout         Cap        Slew       Delay        Time   Description
---------------------------------------------------------------------------------------------
                                  0.000000    0.000000   clock clk (rise edge)
                                  0.000000    0.000000   clock source latency
   134    0.531548    2.377944    1.601151    1.601151 ^ clk (in)
                                                         clk (net)
                      2.394568    0.000000    1.601151 ^ _1494_/CLK (sky130_fd_sc_hd__dfxtp_2)
     1    0.002076    0.021249    0.580886    2.182037 v _1494_/Q (sky130_fd_sc_hd__dfxtp_2)
                                                         u_top.instruction_mmu.u_tlb.vpn[2][7] (net)
                      0.021249    0.000005    2.182042 v _1762_/A (sky130_fd_sc_hd__buf_2)
     2    0.005196    0.028927    0.105575    2.287617 v _1762_/X (sky130_fd_sc_hd__buf_2)
                                                         _0761_ (net)
                      0.028927    0.000003    2.287620 v _1315_/A (sky130_fd_sc_hd__and2_2)
     1    0.002279    0.032934    0.145485    2.433105 v _1315_/X (sky130_fd_sc_hd__and2_2)
                                                         _0353_ (net)
                      0.032934    0.000006    2.433112 v _1915_/A (sky130_fd_sc_hd__buf_2)
     1    0.002108    0.022316    0.100576    2.533688 v _1915_/X (sky130_fd_sc_hd__buf_2)
                                                         _0990_ (net)
                      0.022316    0.000004    2.533692 v _1494_/D (sky130_fd_sc_hd__dfxtp_2)
                                              2.533692   data arrival time

                                  0.000000    0.000000   clock clk (rise edge)
                                  0.000000    0.000000   clock source latency
   134    0.531548    2.377944    1.769694    1.769694 ^ clk (in)
                                                         clk (net)
                      2.394568    0.000000    1.769694 ^ _1494_/CLK (sky130_fd_sc_hd__dfxtp_2)
                                  0.250000    2.019694   clock uncertainty
                                 -0.168542    1.851151   clock reconvergence pessimism
                                  0.208938    2.060090   library hold time
                                              2.060090   data required time
---------------------------------------------------------------------------------------------
                                              2.060090   data required time
                                             -2.533692   data arrival time
---------------------------------------------------------------------------------------------
                                              0.473602   slack (MET)


Startpoint: _1518_ (rising edge-triggered flip-flop clocked by clk)
Endpoint: _1518_ (rising edge-triggered flip-flop clocked by clk)
Path Group: clk
Path Type: min

Fanout         Cap        Slew       Delay        Time   Description
---------------------------------------------------------------------------------------------
                                  0.000000    0.000000   clock clk (rise edge)
                                  0.000000    0.000000   clock source latency
   134    0.531548    2.377944    1.589161    1.589161 ^ clk (in)
                                                         clk (net)
                      2.391965    0.000000    1.589161 ^ _1518_/CLK (sky130_fd_sc_hd__dfxtp_2)
     1    0.002706    0.022440    0.582827    2.171988 v _1518_/Q (sky130_fd_sc_hd__dfxtp_2)
                                                         u_top.instruction_mmu.u_tlb.vpn[3][6] (net)
                      0.022440    0.000010    2.171999 v _1758_/A (sky130_fd_sc_hd__buf_2)
     2    0.004820    0.028206    0.105127    2.277126 v _1758_/X (sky130_fd_sc_hd__buf_2)
                                                         _0780_ (net)
                      0.028206    0.000009    2.277135 v _1339_/A (sky130_fd_sc_hd__and2_2)
     1    0.002032    0.032725    0.144160    2.421295 v _1339_/X (sky130_fd_sc_hd__and2_2)
                                                         _0377_ (net)
                      0.032725    0.000003    2.421298 v _1939_/A (sky130_fd_sc_hd__buf_2)
     1    0.002048    0.022162    0.100283    2.521581 v _1939_/X (sky130_fd_sc_hd__buf_2)
                                                         _1026_ (net)
                      0.022162    0.000003    2.521584 v _1518_/D (sky130_fd_sc_hd__dfxtp_2)
                                              2.521584   data arrival time

                                  0.000000    0.000000   clock clk (rise edge)
                                  0.000000    0.000000   clock source latency
   134    0.531548    2.377944    1.756441    1.756441 ^ clk (in)
                                                         clk (net)
                      2.391965    0.000000    1.756441 ^ _1518_/CLK (sky130_fd_sc_hd__dfxtp_2)
                                  0.250000    2.006441   clock uncertainty
                                 -0.167280    1.839161   clock reconvergence pessimism
                                  0.208802    2.047963   library hold time
                                              2.047963   data required time
---------------------------------------------------------------------------------------------
                                              2.047963   data required time
                                             -2.521584   data arrival time
---------------------------------------------------------------------------------------------
                                              0.473621   slack (MET)


Startpoint: _1522_ (rising edge-triggered flip-flop clocked by clk)
Endpoint: _1522_ (rising edge-triggered flip-flop clocked by clk)
Path Group: clk
Path Type: min

Fanout         Cap        Slew       Delay        Time   Description
---------------------------------------------------------------------------------------------
                                  0.000000    0.000000   clock clk (rise edge)
                                  0.000000    0.000000   clock source latency
   134    0.531548    2.377944    1.602163    1.602163 ^ clk (in)
                                                         clk (net)
                      2.394798    0.000000    1.602163 ^ _1522_/CLK (sky130_fd_sc_hd__dfxtp_2)
     1    0.002121    0.021809    0.581064    2.183228 v _1522_/Q (sky130_fd_sc_hd__dfxtp_2)
                                                         u_top.instruction_mmu.u_tlb.vpn[3][10] (net)
                      0.021809    0.000004    2.183232 v _1778_/A (sky130_fd_sc_hd__buf_2)
     2    0.005101    0.028738    0.105560    2.288792 v _1778_/X (sky130_fd_sc_hd__buf_2)
                                                         _0765_ (net)
                      0.028738    0.000004    2.288796 v _1343_/A (sky130_fd_sc_hd__and2_2)
     1    0.002336    0.033070    0.145652    2.434448 v _1343_/X (sky130_fd_sc_hd__and2_2)
                                                         _0381_ (net)
                      0.033070    0.000006    2.434454 v _1943_/A (sky130_fd_sc_hd__buf_2)
     1    0.002107    0.022313    0.100629    2.535083 v _1943_/X (sky130_fd_sc_hd__buf_2)
                                                         _1030_ (net)
                      0.022313    0.000004    2.535087 v _1522_/D (sky130_fd_sc_hd__dfxtp_2)
                                              2.535087   data arrival time

                                  0.000000    0.000000   clock clk (rise edge)
                                  0.000000    0.000000   clock source latency
   134    0.531548    2.377944    1.770812    1.770812 ^ clk (in)
                                                         clk (net)
                      2.394798    0.000000    1.770812 ^ _1522_/CLK (sky130_fd_sc_hd__dfxtp_2)
                                  0.250000    2.020812   clock uncertainty
                                 -0.168649    1.852163   clock reconvergence pessimism
                                  0.208957    2.061120   library hold time
                                              2.061120   data required time
---------------------------------------------------------------------------------------------
                                              2.061120   data required time
                                             -2.535087   data arrival time
---------------------------------------------------------------------------------------------
                                              0.473967   slack (MET)


Startpoint: _1479_ (rising edge-triggered flip-flop clocked by clk)
Endpoint: _1479_ (rising edge-triggered flip-flop clocked by clk)
Path Group: clk
Path Type: min

Fanout         Cap        Slew       Delay        Time   Description
---------------------------------------------------------------------------------------------
                                  0.000000    0.000000   clock clk (rise edge)
                                  0.000000    0.000000   clock source latency
   134    0.531548    2.377944    1.604316    1.604316 ^ clk (in)
                                                         clk (net)
                      2.395293    0.000000    1.604316 ^ _1479_/CLK (sky130_fd_sc_hd__dfxtp_2)
     1    0.002088    0.021724    0.580996    2.185312 v _1479_/Q (sky130_fd_sc_hd__dfxtp_2)
                                                         u_top.instruction_mmu.u_tlb.vpn[1][12] (net)
                      0.021724    0.000004    2.185315 v _1786_/A (sky130_fd_sc_hd__buf_2)
     2    0.005290    0.029109    0.105984    2.291299 v _1786_/X (sky130_fd_sc_hd__buf_2)
                                                         _0727_ (net)
                      0.029109    0.000002    2.291301 v _1300_/A (sky130_fd_sc_hd__and2_2)
     1    0.002285    0.033451    0.145587    2.436888 v _1300_/X (sky130_fd_sc_hd__and2_2)
                                                         _0338_ (net)
                      0.033451    0.000005    2.436893 v _1900_/A (sky130_fd_sc_hd__buf_2)
     1    0.002043    0.022148    0.100564    2.537457 v _1900_/X (sky130_fd_sc_hd__buf_2)
                                                         _0960_ (net)
                      0.022148    0.000003    2.537460 v _1479_/D (sky130_fd_sc_hd__dfxtp_2)
                                              2.537460   data arrival time

                                  0.000000    0.000000   clock clk (rise edge)
                                  0.000000    0.000000   clock source latency
   134    0.531548    2.377944    1.773191    1.773191 ^ clk (in)
                                                         clk (net)
                      2.395293    0.000000    1.773191 ^ _1479_/CLK (sky130_fd_sc_hd__dfxtp_2)
                                  0.250000    2.023191   clock uncertainty
                                 -0.168875    1.854316   clock reconvergence pessimism
                                  0.209061    2.063377   library hold time
                                              2.063377   data required time
---------------------------------------------------------------------------------------------
                                              2.063377   data required time
                                             -2.537460   data arrival time
---------------------------------------------------------------------------------------------
                                              0.474083   slack (MET)


Startpoint: _1470_ (rising edge-triggered flip-flop clocked by clk)
Endpoint: _1470_ (rising edge-triggered flip-flop clocked by clk)
Path Group: clk
Path Type: min

Fanout         Cap        Slew       Delay        Time   Description
---------------------------------------------------------------------------------------------
                                  0.000000    0.000000   clock clk (rise edge)
                                  0.000000    0.000000   clock source latency
   134    0.531548    2.377944    1.605216    1.605216 ^ clk (in)
                                                         clk (net)
                      2.395503    0.000000    1.605216 ^ _1470_/CLK (sky130_fd_sc_hd__dfxtp_2)
     1    0.002145    0.021870    0.581212    2.186428 v _1470_/Q (sky130_fd_sc_hd__dfxtp_2)
                                                         u_top.instruction_mmu.u_tlb.vpn[1][3] (net)
                      0.021870    0.000004    2.186432 v _1742_/A (sky130_fd_sc_hd__buf_2)
     2    0.005474    0.029460    0.106480    2.292912 v _1742_/X (sky130_fd_sc_hd__buf_2)
                                                         _0737_ (net)
                      0.029460    0.000002    2.292914 v _1291_/A (sky130_fd_sc_hd__and2_2)
     1    0.002288    0.033460    0.145738    2.438652 v _1291_/X (sky130_fd_sc_hd__and2_2)
                                                         _0329_ (net)
                      0.033460    0.000006    2.438657 v _1891_/A (sky130_fd_sc_hd__buf_2)
     1    0.002023    0.022096    0.100497    2.539154 v _1891_/X (sky130_fd_sc_hd__buf_2)
                                                         _0942_ (net)
                      0.022096    0.000003    2.539157 v _1470_/D (sky130_fd_sc_hd__dfxtp_2)
                                              2.539157   data arrival time

                                  0.000000    0.000000   clock clk (rise edge)
                                  0.000000    0.000000   clock source latency
   134    0.531548    2.377944    1.774186    1.774186 ^ clk (in)
                                                         clk (net)
                      2.395503    0.000000    1.774186 ^ _1470_/CLK (sky130_fd_sc_hd__dfxtp_2)
                                  0.250000    2.024186   clock uncertainty
                                 -0.168970    1.855216   clock reconvergence pessimism
                                  0.209098    2.064314   library hold time
                                              2.064314   data required time
---------------------------------------------------------------------------------------------
                                              2.064314   data required time
                                             -2.539157   data arrival time
---------------------------------------------------------------------------------------------
                                              0.474843   slack (MET)


Startpoint: _1499_ (rising edge-triggered flip-flop clocked by clk)
Endpoint: _1499_ (rising edge-triggered flip-flop clocked by clk)
Path Group: clk
Path Type: min

Fanout         Cap        Slew       Delay        Time   Description
---------------------------------------------------------------------------------------------
                                  0.000000    0.000000   clock clk (rise edge)
                                  0.000000    0.000000   clock source latency
   134    0.531548    2.377944    1.600821    1.600821 ^ clk (in)
                                                         clk (net)
                      2.394493    0.000000    1.600821 ^ _1499_/CLK (sky130_fd_sc_hd__dfxtp_2)
     1    0.001759    0.020878    0.579782    2.180603 v _1499_/Q (sky130_fd_sc_hd__dfxtp_2)
                                                         u_top.instruction_mmu.u_tlb.vpn[2][12] (net)
                      0.020878    0.000000    2.180604 v _1787_/A (sky130_fd_sc_hd__buf_2)
     2    0.006827    0.032207    0.109353    2.289956 v _1787_/X (sky130_fd_sc_hd__buf_2)
                                                         _0747_ (net)
                      0.032207    0.000002    2.289958 v _1320_/A (sky130_fd_sc_hd__and2_2)
     1    0.001902    0.032386    0.145208    2.435165 v _1320_/X (sky130_fd_sc_hd__and2_2)
                                                         _0358_ (net)
                      0.032386    0.000002    2.435167 v _1920_/A (sky130_fd_sc_hd__buf_2)
     1    0.001906    0.021801    0.099655    2.534822 v _1920_/X (sky130_fd_sc_hd__buf_2)
                                                         _1000_ (net)
                      0.021801    0.000002    2.534824 v _1499_/D (sky130_fd_sc_hd__dfxtp_2)
                                              2.534824   data arrival time

                                  0.000000    0.000000   clock clk (rise edge)
                                  0.000000    0.000000   clock source latency
   134    0.531548    2.377944    1.769328    1.769328 ^ clk (in)
                                                         clk (net)
                      2.394493    0.000000    1.769328 ^ _1499_/CLK (sky130_fd_sc_hd__dfxtp_2)
                                  0.250000    2.019328   clock uncertainty
                                 -0.168507    1.850821   clock reconvergence pessimism
                                  0.209140    2.059961   library hold time
                                              2.059961   data required time
---------------------------------------------------------------------------------------------
                                              2.059961   data required time
                                             -2.534824   data arrival time
---------------------------------------------------------------------------------------------
                                              0.474863   slack (MET)


Startpoint: _1480_ (rising edge-triggered flip-flop clocked by clk)
Endpoint: _1480_ (rising edge-triggered flip-flop clocked by clk)
Path Group: clk
Path Type: min

Fanout         Cap        Slew       Delay        Time   Description
---------------------------------------------------------------------------------------------
                                  0.000000    0.000000   clock clk (rise edge)
                                  0.000000    0.000000   clock source latency
   134    0.531548    2.377944    1.601150    1.601150 ^ clk (in)
                                                         clk (net)
                      2.394567    0.000000    1.601150 ^ _1480_/CLK (sky130_fd_sc_hd__dfxtp_2)
     1    0.002220    0.021563    0.581386    2.182535 v _1480_/Q (sky130_fd_sc_hd__dfxtp_2)
                                                         u_top.instruction_mmu.u_tlb.vpn[1][13] (net)
                      0.021563    0.000006    2.182541 v _1791_/A (sky130_fd_sc_hd__buf_2)
     2    0.005306    0.029138    0.105959    2.288500 v _1791_/X (sky130_fd_sc_hd__buf_2)
                                                         _0728_ (net)
                      0.029138    0.000002    2.288502 v _1301_/A (sky130_fd_sc_hd__and2_2)
     1    0.002432    0.033300    0.146215    2.434718 v _1301_/X (sky130_fd_sc_hd__and2_2)
                                                         _0339_ (net)
                      0.033300    0.000008    2.434725 v _1901_/A (sky130_fd_sc_hd__buf_2)
     1    0.002146    0.022411    0.100856    2.535581 v _1901_/X (sky130_fd_sc_hd__buf_2)
                                                         _0962_ (net)
                      0.022411    0.000004    2.535585 v _1480_/D (sky130_fd_sc_hd__dfxtp_2)
                                              2.535585   data arrival time

                                  0.000000    0.000000   clock clk (rise edge)
                                  0.000000    0.000000   clock source latency
   134    0.531548    2.377944    1.769692    1.769692 ^ clk (in)
                                                         clk (net)
                      2.394567    0.000000    1.769692 ^ _1480_/CLK (sky130_fd_sc_hd__dfxtp_2)
                                  0.250000    2.019691   clock uncertainty
                                 -0.168542    1.851150   clock reconvergence pessimism
                                  0.208900    2.060050   library hold time
                                              2.060050   data required time
---------------------------------------------------------------------------------------------
                                              2.060050   data required time
                                             -2.535585   data arrival time
---------------------------------------------------------------------------------------------
                                              0.475536   slack (MET)


Startpoint: _1572_ (rising edge-triggered flip-flop clocked by clk)
Endpoint: _1571_ (rising edge-triggered flip-flop clocked by clk)
Path Group: clk
Path Type: min

Fanout         Cap        Slew       Delay        Time   Description
---------------------------------------------------------------------------------------------
                                  0.000000    0.000000   clock clk (rise edge)
                                  0.000000    0.000000   clock source latency
   134    0.531548    2.377944    1.606320    1.606320 ^ clk (in)
                                                         clk (net)
                      2.395761    0.000000    1.606320 ^ _1572_/CLK (sky130_fd_sc_hd__dfrtp_2)
     1    0.002292    0.036875    0.632210    2.238530 ^ _1572_/Q (sky130_fd_sc_hd__dfrtp_2)
                                                         u_top.dataMemory.clear_last_pending (net)
                      0.036875    0.000005    2.238535 ^ _1698_/A (sky130_fd_sc_hd__buf_2)
     4    0.017997    0.094357    0.134263    2.372797 ^ _1698_/X (sky130_fd_sc_hd__buf_2)
                                                         _0661_ (net)
                      0.094357    0.000073    2.372871 ^ _1081_/A (sky130_fd_sc_hd__inv_2)
     2    0.005332    0.028047    0.039635    2.412506 v _1081_/Y (sky130_fd_sc_hd__inv_2)
                                                         _0432_ (net)
                      0.028047    0.000006    2.412512 v _1104_/A1 (sky130_fd_sc_hd__o22a_2)
     1    0.002242    0.033304    0.206849    2.619361 v _1104_/X (sky130_fd_sc_hd__o22a_2)
                                                         _0430_ (net)
                      0.033304    0.000007    2.619368 v _1702_/A (sky130_fd_sc_hd__buf_2)
     1    0.002453    0.022621    0.101919    2.721287 v _1702_/X (sky130_fd_sc_hd__buf_2)
                                                         _1079_ (net)
                      0.022621    0.000006    2.721293 v _1571_/D (sky130_fd_sc_hd__dfrtp_2)
                                              2.721293   data arrival time

                                  0.000000    0.000000   clock clk (rise edge)
                                  0.000000    0.000000   clock source latency
   134    0.531548    2.377944    1.775519    1.775519 ^ clk (in)
                                                         clk (net)
                      2.395785    0.000000    1.775519 ^ _1571_/CLK (sky130_fd_sc_hd__dfrtp_2)
                                  0.250000    2.025519   clock uncertainty
                                  0.000000    2.025519   clock reconvergence pessimism
                                  0.219853    2.245372   library hold time
                                              2.245372   data required time
---------------------------------------------------------------------------------------------
                                              2.245372   data required time
                                             -2.721293   data arrival time
---------------------------------------------------------------------------------------------
                                              0.475922   slack (MET)


Startpoint: _1447_ (rising edge-triggered flip-flop clocked by clk)
Endpoint: _1447_ (rising edge-triggered flip-flop clocked by clk)
Path Group: clk
Path Type: min

Fanout         Cap        Slew       Delay        Time   Description
---------------------------------------------------------------------------------------------
                                  0.000000    0.000000   clock clk (rise edge)
                                  0.000000    0.000000   clock source latency
   134    0.531548    2.377944    1.601125    1.601125 ^ clk (in)
                                                         clk (net)
                      2.394562    0.000000    1.601125 ^ _1447_/CLK (sky130_fd_sc_hd__dfxtp_2)
     1    0.001888    0.021209    0.580234    2.181359 v _1447_/Q (sky130_fd_sc_hd__dfxtp_2)
                                                         u_top.instruction_mmu.u_tlb.vpn[0][0] (net)
                      0.021209    0.000002    2.181361 v _1729_/A (sky130_fd_sc_hd__buf_2)
     2    0.006312    0.031134    0.108239    2.289600 v _1729_/X (sky130_fd_sc_hd__buf_2)
                                                         _0704_ (net)
                      0.031134    0.000008    2.289607 v _1268_/A (sky130_fd_sc_hd__and2_2)
     1    0.002188    0.033189    0.145986    2.435593 v _1268_/X (sky130_fd_sc_hd__and2_2)
                                                         _0306_ (net)
                      0.033189    0.000005    2.435598 v _1868_/A (sky130_fd_sc_hd__buf_2)
     1    0.002059    0.022190    0.100512    2.536110 v _1868_/X (sky130_fd_sc_hd__buf_2)
                                                         _0896_ (net)
                      0.022190    0.000003    2.536114 v _1447_/D (sky130_fd_sc_hd__dfxtp_2)
                                              2.536114   data arrival time

                                  0.000000    0.000000   clock clk (rise edge)
                                  0.000000    0.000000   clock source latency
   134    0.531548    2.377944    1.769664    1.769664 ^ clk (in)
                                                         clk (net)
                      2.394562    0.000000    1.769664 ^ _1447_/CLK (sky130_fd_sc_hd__dfxtp_2)
                                  0.250000    2.019664   clock uncertainty
                                 -0.168539    1.851125   clock reconvergence pessimism
                                  0.208988    2.060113   library hold time
                                              2.060113   data required time
---------------------------------------------------------------------------------------------
                                              2.060113   data required time
                                             -2.536114   data arrival time
---------------------------------------------------------------------------------------------
                                              0.476000   slack (MET)


Startpoint: _1484_ (rising edge-triggered flip-flop clocked by clk)
Endpoint: _1484_ (rising edge-triggered flip-flop clocked by clk)
Path Group: clk
Path Type: min

Fanout         Cap        Slew       Delay        Time   Description
---------------------------------------------------------------------------------------------
                                  0.000000    0.000000   clock clk (rise edge)
                                  0.000000    0.000000   clock source latency
   134    0.531548    2.377944    1.589852    1.589852 ^ clk (in)
                                                         clk (net)
                      2.392109    0.000000    1.589852 ^ _1484_/CLK (sky130_fd_sc_hd__dfxtp_2)
     1    0.002272    0.021677    0.581339    2.171191 v _1484_/Q (sky130_fd_sc_hd__dfxtp_2)
                                                         u_top.instruction_mmu.u_tlb.vpn[1][17] (net)
                      0.021677    0.000005    2.171196 v _1811_/A (sky130_fd_sc_hd__buf_2)
     2    0.006902    0.032377    0.109832    2.281029 v _1811_/X (sky130_fd_sc_hd__buf_2)
                                                         _0732_ (net)
                      0.032377    0.000013    2.281042 v _1305_/A (sky130_fd_sc_hd__and2_2)
     1    0.001876    0.032313    0.145165    2.426207 v _1305_/X (sky130_fd_sc_hd__and2_2)
                                                         _0343_ (net)
                      0.032313    0.000002    2.426208 v _1905_/A (sky130_fd_sc_hd__buf_2)
     1    0.001784    0.021488    0.099202    2.525410 v _1905_/X (sky130_fd_sc_hd__buf_2)
                                                         _0970_ (net)
                      0.021488    0.000000    2.525411 v _1484_/D (sky130_fd_sc_hd__dfxtp_2)
                                              2.525411   data arrival time

                                  0.000000    0.000000   clock clk (rise edge)
                                  0.000000    0.000000   clock source latency
   134    0.531548    2.377944    1.757204    1.757204 ^ clk (in)
                                                         clk (net)
                      2.392109    0.000000    1.757204 ^ _1484_/CLK (sky130_fd_sc_hd__dfxtp_2)
                                  0.250000    2.007205   clock uncertainty
                                 -0.167353    1.839852   clock reconvergence pessimism
                                  0.209084    2.048936   library hold time
                                              2.048936   data required time
---------------------------------------------------------------------------------------------
                                              2.048936   data required time
                                             -2.525411   data arrival time
---------------------------------------------------------------------------------------------
                                              0.476475   slack (MET)


Startpoint: _1529_ (rising edge-triggered flip-flop clocked by clk)
Endpoint: _1529_ (rising edge-triggered flip-flop clocked by clk)
Path Group: clk
Path Type: min

Fanout         Cap        Slew       Delay        Time   Description
---------------------------------------------------------------------------------------------
                                  0.000000    0.000000   clock clk (rise edge)
                                  0.000000    0.000000   clock source latency
   134    0.531548    2.377944    1.590286    1.590286 ^ clk (in)
                                                         clk (net)
                      2.392199    0.000000    1.590286 ^ _1529_/CLK (sky130_fd_sc_hd__dfxtp_2)
     1    0.002112    0.021786    0.580794    2.171080 v _1529_/Q (sky130_fd_sc_hd__dfxtp_2)
                                                         u_top.instruction_mmu.u_tlb.vpn[3][17] (net)
                      0.021786    0.000004    2.171084 v _1813_/A (sky130_fd_sc_hd__buf_2)
     2    0.007210    0.033042    0.110611    2.281695 v _1813_/X (sky130_fd_sc_hd__buf_2)
                                                         _0772_ (net)
                      0.033042    0.000008    2.281703 v _1350_/A (sky130_fd_sc_hd__and2_2)
     1    0.001780    0.032048    0.145026    2.426729 v _1350_/X (sky130_fd_sc_hd__and2_2)
                                                         _0388_ (net)
                      0.032048    0.000001    2.426730 v _1950_/A (sky130_fd_sc_hd__buf_2)
     1    0.001829    0.021606    0.099251    2.525982 v _1950_/X (sky130_fd_sc_hd__buf_2)
                                                         _1037_ (net)
                      0.021606    0.000001    2.525983 v _1529_/D (sky130_fd_sc_hd__dfxtp_2)
                                              2.525983   data arrival time

                                  0.000000    0.000000   clock clk (rise edge)
                                  0.000000    0.000000   clock source latency
   134    0.531548    2.377944    1.757684    1.757684 ^ clk (in)
                                                         clk (net)
                      2.392199    0.000000    1.757684 ^ _1529_/CLK (sky130_fd_sc_hd__dfxtp_2)
                                  0.250000    2.007684   clock uncertainty
                                 -0.167398    1.840286   clock reconvergence pessimism
                                  0.209044    2.049330   library hold time
                                              2.049330   data required time
---------------------------------------------------------------------------------------------
                                              2.049330   data required time
                                             -2.525983   data arrival time
---------------------------------------------------------------------------------------------
                                              0.476653   slack (MET)


Startpoint: _1504_ (rising edge-triggered flip-flop clocked by clk)
Endpoint: _1504_ (rising edge-triggered flip-flop clocked by clk)
Path Group: clk
Path Type: min

Fanout         Cap        Slew       Delay        Time   Description
---------------------------------------------------------------------------------------------
                                  0.000000    0.000000   clock clk (rise edge)
                                  0.000000    0.000000   clock source latency
   134    0.531548    2.377944    1.590078    1.590078 ^ clk (in)
                                                         clk (net)
                      2.392156    0.000000    1.590078 ^ _1504_/CLK (sky130_fd_sc_hd__dfxtp_2)
     1    0.002181    0.021964    0.581030    2.171108 v _1504_/Q (sky130_fd_sc_hd__dfxtp_2)
                                                         u_top.instruction_mmu.u_tlb.vpn[2][17] (net)
                      0.021964    0.000004    2.171113 v _1812_/A (sky130_fd_sc_hd__buf_2)
     2    0.007262    0.033156    0.110804    2.281917 v _1812_/X (sky130_fd_sc_hd__buf_2)
                                                         _0752_ (net)
                      0.033156    0.000012    2.281929 v _1325_/A (sky130_fd_sc_hd__and2_2)
     1    0.001818    0.032157    0.145234    2.427163 v _1325_/X (sky130_fd_sc_hd__and2_2)
                                                         _0363_ (net)
                      0.032157    0.000001    2.427164 v _1925_/A (sky130_fd_sc_hd__buf_2)
     1    0.001745    0.021390    0.099005    2.526169 v _1925_/X (sky130_fd_sc_hd__buf_2)
                                                         _1010_ (net)
                      0.021390    0.000000    2.526170 v _1504_/D (sky130_fd_sc_hd__dfxtp_2)
                                              2.526170   data arrival time

                                  0.000000    0.000000   clock clk (rise edge)
                                  0.000000    0.000000   clock source latency
   134    0.531548    2.377944    1.757454    1.757454 ^ clk (in)
                                                         clk (net)
                      2.392156    0.000000    1.757454 ^ _1504_/CLK (sky130_fd_sc_hd__dfxtp_2)
                                  0.250000    2.007454   clock uncertainty
                                 -0.167376    1.840078   clock reconvergence pessimism
                                  0.209127    2.049205   library hold time
                                              2.049205   data required time
---------------------------------------------------------------------------------------------
                                              2.049205   data required time
                                             -2.526170   data arrival time
---------------------------------------------------------------------------------------------
                                              0.476964   slack (MET)


Startpoint: _1448_ (rising edge-triggered flip-flop clocked by clk)
Endpoint: _1448_ (rising edge-triggered flip-flop clocked by clk)
Path Group: clk
Path Type: min

Fanout         Cap        Slew       Delay        Time   Description
---------------------------------------------------------------------------------------------
                                  0.000000    0.000000   clock clk (rise edge)
                                  0.000000    0.000000   clock source latency
   134    0.531548    2.377944    1.601144    1.601144 ^ clk (in)
                                                         clk (net)
                      2.394566    0.000000    1.601144 ^ _1448_/CLK (sky130_fd_sc_hd__dfxtp_2)
     1    0.001877    0.021183    0.580199    2.181344 v _1448_/Q (sky130_fd_sc_hd__dfxtp_2)
                                                         u_top.instruction_mmu.u_tlb.vpn[0][1] (net)
                      0.021183    0.000002    2.181346 v _1733_/A (sky130_fd_sc_hd__buf_2)
     2    0.006494    0.031512    0.108664    2.290010 v _1733_/X (sky130_fd_sc_hd__buf_2)
                                                         _0715_ (net)
                      0.031512    0.000009    2.290019 v _1269_/A (sky130_fd_sc_hd__and2_2)
     1    0.002327    0.033065    0.146719    2.436738 v _1269_/X (sky130_fd_sc_hd__and2_2)
                                                         _0307_ (net)
                      0.033065    0.000006    2.436744 v _1869_/A (sky130_fd_sc_hd__buf_2)
     1    0.002216    0.022109    0.101004    2.537749 v _1869_/X (sky130_fd_sc_hd__buf_2)
                                                         _0898_ (net)
                      0.022109    0.000005    2.537753 v _1448_/D (sky130_fd_sc_hd__dfxtp_2)
                                              2.537753   data arrival time

                                  0.000000    0.000000   clock clk (rise edge)
                                  0.000000    0.000000   clock source latency
   134    0.531548    2.377944    1.769686    1.769686 ^ clk (in)
                                                         clk (net)
                      2.394566    0.000000    1.769686 ^ _1448_/CLK (sky130_fd_sc_hd__dfxtp_2)
                                  0.250000    2.019686   clock uncertainty
                                 -0.168542    1.851145   clock reconvergence pessimism
                                  0.209022    2.060166   library hold time
                                              2.060166   data required time
---------------------------------------------------------------------------------------------
                                              2.060166   data required time
                                             -2.537753   data arrival time
---------------------------------------------------------------------------------------------
                                              0.477588   slack (MET)


Startpoint: _1468_ (rising edge-triggered flip-flop clocked by clk)
Endpoint: _1468_ (rising edge-triggered flip-flop clocked by clk)
Path Group: clk
Path Type: min

Fanout         Cap        Slew       Delay        Time   Description
---------------------------------------------------------------------------------------------
                                  0.000000    0.000000   clock clk (rise edge)
                                  0.000000    0.000000   clock source latency
   134    0.531548    2.377944    1.600967    1.600967 ^ clk (in)
                                                         clk (net)
                      2.394526    0.000000    1.600967 ^ _1468_/CLK (sky130_fd_sc_hd__dfxtp_2)
     1    0.002005    0.021511    0.580638    2.181605 v _1468_/Q (sky130_fd_sc_hd__dfxtp_2)
                                                         u_top.instruction_mmu.u_tlb.vpn[1][1] (net)
                      0.021511    0.000003    2.181608 v _1734_/A (sky130_fd_sc_hd__buf_2)
     2    0.006700    0.031945    0.109287    2.290895 v _1734_/X (sky130_fd_sc_hd__buf_2)
                                                         _0735_ (net)
                      0.031945    0.000001    2.290897 v _1289_/A (sky130_fd_sc_hd__and2_2)
     1    0.002156    0.033103    0.146172    2.437069 v _1289_/X (sky130_fd_sc_hd__and2_2)
                                                         _0327_ (net)
                      0.033103    0.000004    2.437073 v _1889_/A (sky130_fd_sc_hd__buf_2)
     1    0.002186    0.022515    0.100915    2.537988 v _1889_/X (sky130_fd_sc_hd__buf_2)
                                                         _0938_ (net)
                      0.022515    0.000004    2.537992 v _1468_/D (sky130_fd_sc_hd__dfxtp_2)
                                              2.537992   data arrival time

                                  0.000000    0.000000   clock clk (rise edge)
                                  0.000000    0.000000   clock source latency
   134    0.531548    2.377944    1.769489    1.769489 ^ clk (in)
                                                         clk (net)
                      2.394526    0.000000    1.769489 ^ _1468_/CLK (sky130_fd_sc_hd__dfxtp_2)
                                  0.250000    2.019489   clock uncertainty
                                 -0.168523    1.850966   clock reconvergence pessimism
                                  0.208855    2.059821   library hold time
                                              2.059821   data required time
---------------------------------------------------------------------------------------------
                                              2.059821   data required time
                                             -2.537992   data arrival time
---------------------------------------------------------------------------------------------
                                              0.478171   slack (MET)


Startpoint: _1546_ (rising edge-triggered flip-flop clocked by clk)
Endpoint: _1546_ (rising edge-triggered flip-flop clocked by clk)
Path Group: clk
Path Type: min

Fanout         Cap        Slew       Delay        Time   Description
---------------------------------------------------------------------------------------------
                                  0.000000    0.000000   clock clk (rise edge)
                                  0.000000    0.000000   clock source latency
   134    0.531548    2.377944    1.593231    1.593231 ^ clk (in)
                                                         clk (net)
                      2.392823    0.000000    1.593231 ^ _1546_/CLK (sky130_fd_sc_hd__dfxtp_2)
     1    0.002031    0.027785    0.606596    2.199827 ^ _1546_/Q (sky130_fd_sc_hd__dfxtp_2)
                                                         u_top.RV32I_Logic.Single_Cycle_Datapath.pcREG.q[16] (net)
                      0.027785    0.000002    2.199829 ^ _1749_/A (sky130_fd_sc_hd__buf_2)
     8    0.031738    0.158343    0.174186    2.374015 ^ _1749_/X (sky130_fd_sc_hd__buf_2)
                                                         _0636_ (net)
                      0.158343    0.000136    2.374151 ^ _1391_/A1 (sky130_fd_sc_hd__a21oi_2)
     1    0.001916    0.031600    0.060183    2.434334 v _1391_/Y (sky130_fd_sc_hd__a21oi_2)
                                                         _0405_ (net)
                      0.031600    0.000002    2.434336 v _1967_/A (sky130_fd_sc_hd__buf_2)
     1    0.002018    0.022091    0.099721    2.534057 v _1967_/X (sky130_fd_sc_hd__buf_2)
                                                         _1054_ (net)
                      0.022091    0.000003    2.534060 v _1546_/D (sky130_fd_sc_hd__dfxtp_2)
                                              2.534060   data arrival time

                                  0.000000    0.000000   clock clk (rise edge)
                                  0.000000    0.000000   clock source latency
   134    0.531548    2.377944    1.760939    1.760939 ^ clk (in)
                                                         clk (net)
                      2.392823    0.000000    1.760939 ^ _1546_/CLK (sky130_fd_sc_hd__dfxtp_2)
                                  0.250000    2.010939   clock uncertainty
                                 -0.167708    1.843231   clock reconvergence pessimism
                                  0.208896    2.052126   library hold time
                                              2.052126   data required time
---------------------------------------------------------------------------------------------
                                              2.052126   data required time
                                             -2.534060   data arrival time
---------------------------------------------------------------------------------------------
                                              0.481934   slack (MET)


Startpoint: _1559_ (rising edge-triggered flip-flop clocked by clk)
Endpoint: _1559_ (rising edge-triggered flip-flop clocked by clk)
Path Group: clk
Path Type: min

Fanout         Cap        Slew       Delay        Time   Description
---------------------------------------------------------------------------------------------
                                  0.000000    0.000000   clock clk (rise edge)
                                  0.000000    0.000000   clock source latency
   134    0.531548    2.377944    1.591062    1.591062 ^ clk (in)
                                                         clk (net)
                      2.392362    0.000000    1.591062 ^ _1559_/CLK (sky130_fd_sc_hd__dfxtp_2)
     1    0.002295    0.028958    0.607711    2.198773 ^ _1559_/Q (sky130_fd_sc_hd__dfxtp_2)
                                                         u_top.RV32I_Logic.Single_Cycle_Datapath.pcREG.q[29] (net)
                      0.028958    0.000005    2.198778 ^ _1814_/A (sky130_fd_sc_hd__buf_2)
     8    0.032345    0.161167    0.176478    2.375256 ^ _1814_/X (sky130_fd_sc_hd__buf_2)
                                                         _0649_ (net)
                      0.161167    0.000156    2.375411 ^ _1427_/A1 (sky130_fd_sc_hd__a21oi_2)
     1    0.002066    0.031779    0.061149    2.436560 v _1427_/Y (sky130_fd_sc_hd__a21oi_2)
                                                         _0418_ (net)
                      0.031779    0.000005    2.436565 v _1980_/A (sky130_fd_sc_hd__buf_2)
     1    0.002025    0.022107    0.099817    2.536382 v _1980_/X (sky130_fd_sc_hd__buf_2)
                                                         _1067_ (net)
                      0.022107    0.000004    2.536386 v _1559_/D (sky130_fd_sc_hd__dfxtp_2)
                                              2.536386   data arrival time

                                  0.000000    0.000000   clock clk (rise edge)
                                  0.000000    0.000000   clock source latency
   134    0.531548    2.377944    1.758542    1.758542 ^ clk (in)
                                                         clk (net)
                      2.392362    0.000000    1.758542 ^ _1559_/CLK (sky130_fd_sc_hd__dfxtp_2)
                                  0.250000    2.008542   clock uncertainty
                                 -0.167480    1.841062   clock reconvergence pessimism
                                  0.208854    2.049916   library hold time
                                              2.049916   data required time
---------------------------------------------------------------------------------------------
                                              2.049916   data required time
                                             -2.536386   data arrival time
---------------------------------------------------------------------------------------------
                                              0.486469   slack (MET)


Startpoint: _1538_ (rising edge-triggered flip-flop clocked by clk)
Endpoint: _1538_ (rising edge-triggered flip-flop clocked by clk)
Path Group: clk
Path Type: min

Fanout         Cap        Slew       Delay        Time   Description
---------------------------------------------------------------------------------------------
                                  0.000000    0.000000   clock clk (rise edge)
                                  0.000000    0.000000   clock source latency
   134    0.531548    2.377944    1.585423    1.585423 ^ clk (in)
                                                         clk (net)
                      2.391201    0.000000    1.585423 ^ _1538_/CLK (sky130_fd_sc_hd__dfxtp_2)
     1    0.002226    0.021577    0.581096    2.166519 v _1538_/Q (sky130_fd_sc_hd__dfxtp_2)
                                                         u_top.RV32I_Logic.Single_Cycle_Datapath.pcREG.q[8] (net)
                      0.021577    0.000005    2.166525 v _1836_/A (sky130_fd_sc_hd__buf_2)
     2    0.007234    0.033090    0.110592    2.277117 v _1836_/X (sky130_fd_sc_hd__buf_2)
                                                         _0658_ (net)
                      0.033090    0.000023    2.277139 v _1369_/A1 (sky130_fd_sc_hd__o21ai_2)
     1    0.005058    0.102349    0.124895    2.402035 ^ _1369_/Y (sky130_fd_sc_hd__o21ai_2)
                                                         _0589_ (net)
                      0.102349    0.000009    2.402044 ^ _1370_/B (sky130_fd_sc_hd__nor2_2)
     1    0.001913    0.024542    0.033173    2.435217 v _1370_/Y (sky130_fd_sc_hd__nor2_2)
                                                         _0397_ (net)
                      0.024542    0.000002    2.435219 v _1959_/A (sky130_fd_sc_hd__buf_2)
     1    0.001873    0.021750    0.096335    2.531554 v _1959_/X (sky130_fd_sc_hd__buf_2)
                                                         _1046_ (net)
                      0.021750    0.000002    2.531555 v _1538_/D (sky130_fd_sc_hd__dfxtp_2)
                                              2.531555   data arrival time

                                  0.000000    0.000000   clock clk (rise edge)
                                  0.000000    0.000000   clock source latency
   134    0.531548    2.377944    1.752310    1.752310 ^ clk (in)
                                                         clk (net)
                      2.391201    0.000000    1.752310 ^ _1538_/CLK (sky130_fd_sc_hd__dfxtp_2)
                                  0.250000    2.002310   clock uncertainty
                                 -0.166887    1.835424   clock reconvergence pessimism
                                  0.208910    2.044334   library hold time
                                              2.044334   data required time
---------------------------------------------------------------------------------------------
                                              2.044334   data required time
                                             -2.531555   data arrival time
---------------------------------------------------------------------------------------------
                                              0.487222   slack (MET)


Startpoint: _1540_ (rising edge-triggered flip-flop clocked by clk)
Endpoint: _1541_ (rising edge-triggered flip-flop clocked by clk)
Path Group: clk
Path Type: min

Fanout         Cap        Slew       Delay        Time   Description
---------------------------------------------------------------------------------------------
                                  0.000000    0.000000   clock clk (rise edge)
                                  0.000000    0.000000   clock source latency
   134    0.531548    2.377944    1.585448    1.585448 ^ clk (in)
                                                         clk (net)
                      2.391206    0.000000    1.585448 ^ _1540_/CLK (sky130_fd_sc_hd__dfxtp_2)
     1    0.002268    0.021668    0.581241    2.166689 v _1540_/Q (sky130_fd_sc_hd__dfxtp_2)
                                                         u_top.RV32I_Logic.Single_Cycle_Datapath.pcREG.q[10] (net)
                      0.021668    0.000006    2.166695 v _1838_/A (sky130_fd_sc_hd__buf_2)
     3    0.006623    0.031787    0.109157    2.275852 v _1838_/X (sky130_fd_sc_hd__buf_2)
                                                         _0630_ (net)
                      0.031787    0.000028    2.275881 v _1374_/B (sky130_fd_sc_hd__and3_2)
     2    0.006195    0.042168    0.185256    2.461137 v _1374_/X (sky130_fd_sc_hd__and3_2)
                                                         _0592_ (net)
                      0.042168    0.000018    2.461155 v _1377_/A2 (sky130_fd_sc_hd__o21ai_2)
     1    0.005272    0.103193    0.110890    2.572045 ^ _1377_/Y (sky130_fd_sc_hd__o21ai_2)
                                                         _0594_ (net)
                      0.103193    0.000013    2.572058 ^ _1378_/B (sky130_fd_sc_hd__nor2_2)
     1    0.001910    0.024670    0.033258    2.605316 v _1378_/Y (sky130_fd_sc_hd__nor2_2)
                                                         _0400_ (net)
                      0.024670    0.000002    2.605319 v _1962_/A (sky130_fd_sc_hd__buf_2)
     1    0.001757    0.021454    0.095986    2.701305 v _1962_/X (sky130_fd_sc_hd__buf_2)
                                                         _1049_ (net)
                      0.021454    0.000000    2.701305 v _1541_/D (sky130_fd_sc_hd__dfxtp_2)
                                              2.701305   data arrival time

                                  0.000000    0.000000   clock clk (rise edge)
                                  0.000000    0.000000   clock source latency
   134    0.531548    2.377944    1.754773    1.754773 ^ clk (in)
                                                         clk (net)
                      2.391654    0.000000    1.754773 ^ _1541_/CLK (sky130_fd_sc_hd__dfxtp_2)
                                  0.250000    2.004774   clock uncertainty
                                  0.000000    2.004774   clock reconvergence pessimism
                                  0.209064    2.213837   library hold time
                                              2.213837   data required time
---------------------------------------------------------------------------------------------
                                              2.213837   data required time
                                             -2.701305   data arrival time
---------------------------------------------------------------------------------------------
                                              0.487468   slack (MET)


Startpoint: _1572_ (rising edge-triggered flip-flop clocked by clk)
Endpoint: _1564_ (rising edge-triggered flip-flop clocked by clk)
Path Group: clk
Path Type: min

Fanout         Cap        Slew       Delay        Time   Description
---------------------------------------------------------------------------------------------
                                  0.000000    0.000000   clock clk (rise edge)
                                  0.000000    0.000000   clock source latency
   134    0.531548    2.377944    1.606320    1.606320 ^ clk (in)
                                                         clk (net)
                      2.395761    0.000000    1.606320 ^ _1572_/CLK (sky130_fd_sc_hd__dfrtp_2)
     1    0.002292    0.036875    0.632210    2.238530 ^ _1572_/Q (sky130_fd_sc_hd__dfrtp_2)
                                                         u_top.dataMemory.clear_last_pending (net)
                      0.036875    0.000005    2.238535 ^ _1698_/A (sky130_fd_sc_hd__buf_2)
     4    0.017997    0.094357    0.134263    2.372797 ^ _1698_/X (sky130_fd_sc_hd__buf_2)
                                                         _0661_ (net)
                      0.094357    0.000081    2.372878 ^ _1109_/A (sky130_fd_sc_hd__nor2_2)
     6    0.016721    0.052868    0.071790    2.444668 v _1109_/Y (sky130_fd_sc_hd__nor2_2)
                                                         _0455_ (net)
                      0.052868    0.000027    2.444695 v _1120_/B1 (sky130_fd_sc_hd__a22o_2)
     1    0.002092    0.035644    0.189302    2.633997 v _1120_/X (sky130_fd_sc_hd__a22o_2)
                                                         _0423_ (net)
                      0.035644    0.000004    2.634001 v _1716_/A (sky130_fd_sc_hd__buf_2)
     1    0.002266    0.022712    0.102231    2.736232 v _1716_/X (sky130_fd_sc_hd__buf_2)
                                                         _1072_ (net)
                      0.022712    0.000004    2.736236 v _1564_/D (sky130_fd_sc_hd__dfrtp_2)
                                              2.736236   data arrival time

                                  0.000000    0.000000   clock clk (rise edge)
                                  0.000000    0.000000   clock source latency
   134    0.531548    2.377944    1.775326    1.775326 ^ clk (in)
                                                         clk (net)
                      2.395744    0.000000    1.775326 ^ _1564_/CLK (sky130_fd_sc_hd__dfrtp_2)
                                  0.250000    2.025326   clock uncertainty
                                  0.000000    2.025326   clock reconvergence pessimism
                                  0.219815    2.245142   library hold time
                                              2.245142   data required time
---------------------------------------------------------------------------------------------
                                              2.245142   data required time
                                             -2.736236   data arrival time
---------------------------------------------------------------------------------------------
                                              0.491094   slack (MET)


Startpoint: _1555_ (rising edge-triggered flip-flop clocked by clk)
Endpoint: _1555_ (rising edge-triggered flip-flop clocked by clk)
Path Group: clk
Path Type: min

Fanout         Cap        Slew       Delay        Time   Description
---------------------------------------------------------------------------------------------
                                  0.000000    0.000000   clock clk (rise edge)
                                  0.000000    0.000000   clock source latency
   134    0.531548    2.377944    1.591683    1.591683 ^ clk (in)
                                                         clk (net)
                      2.392493    0.000000    1.591683 ^ _1555_/CLK (sky130_fd_sc_hd__dfxtp_2)
     1    0.002121    0.028185    0.606959    2.198642 ^ _1555_/Q (sky130_fd_sc_hd__dfxtp_2)
                                                         u_top.RV32I_Logic.Single_Cycle_Datapath.pcREG.q[25] (net)
                      0.028185    0.000003    2.198645 ^ _1794_/A (sky130_fd_sc_hd__buf_2)
    10    0.034637    0.171850    0.183448    2.382093 ^ _1794_/X (sky130_fd_sc_hd__buf_2)
                                                         _0645_ (net)
                      0.171850    0.000133    2.382226 ^ _1415_/A1 (sky130_fd_sc_hd__a21oi_2)
     1    0.002121    0.031796    0.062571    2.444796 v _1415_/Y (sky130_fd_sc_hd__a21oi_2)
                                                         _0414_ (net)
                      0.031796    0.000005    2.444802 v _1976_/A (sky130_fd_sc_hd__buf_2)
     1    0.002049    0.022170    0.099908    2.544710 v _1976_/X (sky130_fd_sc_hd__buf_2)
                                                         _1063_ (net)
                      0.022170    0.000004    2.544713 v _1555_/D (sky130_fd_sc_hd__dfxtp_2)
                                              2.544713   data arrival time

                                  0.000000    0.000000   clock clk (rise edge)
                                  0.000000    0.000000   clock source latency
   134    0.531548    2.377944    1.759229    1.759229 ^ clk (in)
                                                         clk (net)
                      2.392493    0.000000    1.759229 ^ _1555_/CLK (sky130_fd_sc_hd__dfxtp_2)
                                  0.250000    2.009229   clock uncertainty
                                 -0.167546    1.841683   clock reconvergence pessimism
                                  0.208839    2.050522   library hold time
                                              2.050522   data required time
---------------------------------------------------------------------------------------------
                                              2.050522   data required time
                                             -2.544713   data arrival time
---------------------------------------------------------------------------------------------
                                              0.494191   slack (MET)


Startpoint: _1544_ (rising edge-triggered flip-flop clocked by clk)
Endpoint: _1508_ (rising edge-triggered flip-flop clocked by clk)
Path Group: clk
Path Type: min

Fanout         Cap        Slew       Delay        Time   Description
---------------------------------------------------------------------------------------------
                                  0.000000    0.000000   clock clk (rise edge)
                                  0.000000    0.000000   clock source latency
   134    0.531548    2.377944    1.593239    1.593239 ^ clk (in)
                                                         clk (net)
                      2.392824    0.000000    1.593239 ^ _1544_/CLK (sky130_fd_sc_hd__dfxtp_2)
     1    0.002500    0.029865    0.608658    2.201897 ^ _1544_/Q (sky130_fd_sc_hd__dfxtp_2)
                                                         u_top.RV32I_Logic.Single_Cycle_Datapath.pcREG.q[14] (net)
                      0.029865    0.000006    2.201903 ^ _1724_/A (sky130_fd_sc_hd__buf_2)
     6    0.023128    0.118234    0.147821    2.349724 ^ _1724_/X (sky130_fd_sc_hd__buf_2)
                                                         _0634_ (net)
                      0.118234    0.000296    2.350021 ^ _1259_/B (sky130_fd_sc_hd__nor4_2)
     5    0.023614    0.066865    0.099769    2.449790 v _1259_/Y (sky130_fd_sc_hd__nor4_2)
                                                         _0574_ (net)
                      0.066867    0.000426    2.450216 v _1329_/A2 (sky130_fd_sc_hd__o21a_2)
     1    0.002290    0.030133    0.182121    2.632337 v _1329_/X (sky130_fd_sc_hd__o21a_2)
                                                         _0367_ (net)
                      0.030133    0.000005    2.632342 v _1929_/A (sky130_fd_sc_hd__buf_2)
     1    0.002284    0.022266    0.100040    2.732382 v _1929_/X (sky130_fd_sc_hd__buf_2)
                                                         _1016_ (net)
                      0.022266    0.000005    2.732388 v _1508_/D (sky130_fd_sc_hd__dfxtp_2)
                                              2.732388   data arrival time

                                  0.000000    0.000000   clock clk (rise edge)
                                  0.000000    0.000000   clock source latency
   134    0.531548    2.377944    1.770851    1.770851 ^ clk (in)
                                                         clk (net)
                      2.394806    0.000000    1.770851 ^ _1508_/CLK (sky130_fd_sc_hd__dfxtp_2)
                                  0.250000    2.020850   clock uncertainty
                                  0.000000    2.020850   clock reconvergence pessimism
                                  0.208977    2.229827   library hold time
                                              2.229827   data required time
---------------------------------------------------------------------------------------------
                                              2.229827   data required time
                                             -2.732388   data arrival time
---------------------------------------------------------------------------------------------
                                              0.502561   slack (MET)


Startpoint: _1544_ (rising edge-triggered flip-flop clocked by clk)
Endpoint: _1446_ (rising edge-triggered flip-flop clocked by clk)
Path Group: clk
Path Type: min

Fanout         Cap        Slew       Delay        Time   Description
---------------------------------------------------------------------------------------------
                                  0.000000    0.000000   clock clk (rise edge)
                                  0.000000    0.000000   clock source latency
   134    0.531548    2.377944    1.593239    1.593239 ^ clk (in)
                                                         clk (net)
                      2.392824    0.000000    1.593239 ^ _1544_/CLK (sky130_fd_sc_hd__dfxtp_2)
     1    0.002500    0.029865    0.608658    2.201897 ^ _1544_/Q (sky130_fd_sc_hd__dfxtp_2)
                                                         u_top.RV32I_Logic.Single_Cycle_Datapath.pcREG.q[14] (net)
                      0.029865    0.000006    2.201903 ^ _1724_/A (sky130_fd_sc_hd__buf_2)
     6    0.023128    0.118234    0.147821    2.349724 ^ _1724_/X (sky130_fd_sc_hd__buf_2)
                                                         _0634_ (net)
                      0.118234    0.000296    2.350021 ^ _1259_/B (sky130_fd_sc_hd__nor4_2)
     5    0.023614    0.066865    0.099769    2.449790 v _1259_/Y (sky130_fd_sc_hd__nor4_2)
                                                         _0574_ (net)
                      0.066865    0.000192    2.449982 v _1266_/A2 (sky130_fd_sc_hd__o21a_2)
     1    0.002218    0.029904    0.181789    2.631770 v _1266_/X (sky130_fd_sc_hd__o21a_2)
                                                         _0305_ (net)
                      0.029904    0.000006    2.631776 v _1867_/A (sky130_fd_sc_hd__buf_2)
     1    0.002117    0.022350    0.099369    2.731145 v _1867_/X (sky130_fd_sc_hd__buf_2)
                                                         _0894_ (net)
                      0.022350    0.000004    2.731150 v _1446_/D (sky130_fd_sc_hd__dfxtp_2)
                                              2.731150   data arrival time

                                  0.000000    0.000000   clock clk (rise edge)
                                  0.000000    0.000000   clock source latency
   134    0.531548    2.377944    1.769480    1.769480 ^ clk (in)
                                                         clk (net)
                      2.394524    0.000000    1.769480 ^ _1446_/CLK (sky130_fd_sc_hd__dfxtp_2)
                                  0.250000    2.019480   clock uncertainty
                                  0.000000    2.019480   clock reconvergence pessimism
                                  0.208921    2.228401   library hold time
                                              2.228401   data required time
---------------------------------------------------------------------------------------------
                                              2.228401   data required time
                                             -2.731150   data arrival time
---------------------------------------------------------------------------------------------
                                              0.502749   slack (MET)


Startpoint: reset (input port clocked by clk)
Endpoint: _1562_ (removal check against rising-edge clock clk)
Path Group: asynchronous
Path Type: min

Fanout         Cap        Slew       Delay        Time   Description
---------------------------------------------------------------------------------------------
                                  0.000000    0.000000   clock clk (rise edge)
                                  0.000000    0.000000   clock network delay (propagated)
                                  2.000000    2.000000 v input external delay
     1    0.064500    0.143645    0.105000    2.105000 v reset (in)
                                                         reset (net)
                      0.145242    0.000000    2.105000 v _1826_/A (sky130_fd_sc_hd__buf_2)
    14    0.080241    0.185739    0.284234    2.389234 v _1826_/X (sky130_fd_sc_hd__buf_2)
                                                         _0629_ (net)
                      0.185767    0.002173    2.391407 v _1090_/A (sky130_fd_sc_hd__inv_2)
    71    0.172157    0.771068    0.595510    2.986917 ^ _1090_/Y (sky130_fd_sc_hd__inv_2)
                                                         _0291_ (net)
                      0.771068    0.000149    2.987066 ^ _1983_/A (sky130_fd_sc_hd__buf_2)
     1    0.004481    0.051684    0.219967    3.207033 ^ _1983_/X (sky130_fd_sc_hd__buf_2)
                                                         _0877_ (net)
                      0.051684    0.000015    3.207048 ^ _1562_/RESET_B (sky130_fd_sc_hd__dfrtp_2)
                                              3.207048   data arrival time

                                  0.000000    0.000000   clock clk (rise edge)
                                  0.000000    0.000000   clock source latency
   134    0.531548    2.377944    1.775238    1.775238 ^ clk (in)
                                                         clk (net)
                      2.395725    0.000000    1.775238 ^ _1562_/CLK (sky130_fd_sc_hd__dfrtp_2)
                                  0.250000    2.025238   clock uncertainty
                                  0.000000    2.025238   clock reconvergence pessimism
                                  0.671870    2.697108   library removal time
                                              2.697108   data required time
---------------------------------------------------------------------------------------------
                                              2.697108   data required time
                                             -3.207048   data arrival time
---------------------------------------------------------------------------------------------
                                              0.509940   slack (MET)


Startpoint: _1510_ (rising edge-triggered flip-flop clocked by clk)
Endpoint: _1510_ (rising edge-triggered flip-flop clocked by clk)
Path Group: clk
Path Type: min

Fanout         Cap        Slew       Delay        Time   Description
---------------------------------------------------------------------------------------------
                                  0.000000    0.000000   clock clk (rise edge)
                                  0.000000    0.000000   clock source latency
   134    0.531548    2.377944    1.602228    1.602228 ^ clk (in)
                                                         clk (net)
                      2.394813    0.000000    1.602228 ^ _1510_/CLK (sky130_fd_sc_hd__dfxtp_2)
     4    0.007198    0.033624    0.595578    2.197806 v _1510_/Q (sky130_fd_sc_hd__dfxtp_2)
                                                         u_top.instruction_mmu.u_tlb.flags[2][3] (net)
                      0.033624    0.000005    2.197811 v _1862_/A (sky130_fd_sc_hd__buf_2)
     2    0.004810    0.028183    0.109656    2.307467 v _1862_/X (sky130_fd_sc_hd__buf_2)
                                                         _0698_ (net)
                      0.028183    0.000001    2.307468 v _1331_/B (sky130_fd_sc_hd__and2_2)
     1    0.002209    0.035349    0.163482    2.470950 v _1331_/X (sky130_fd_sc_hd__and2_2)
                                                         _0369_ (net)
                      0.035349    0.000004    2.470954 v _1931_/A (sky130_fd_sc_hd__buf_2)
     1    0.002108    0.022306    0.101562    2.572516 v _1931_/X (sky130_fd_sc_hd__buf_2)
                                                         _1018_ (net)
                      0.022306    0.000003    2.572520 v _1510_/D (sky130_fd_sc_hd__dfxtp_2)
                                              2.572520   data arrival time

                                  0.000000    0.000000   clock clk (rise edge)
                                  0.000000    0.000000   clock source latency
   134    0.531548    2.377944    1.770883    1.770883 ^ clk (in)
                                                         clk (net)
                      2.394813    0.000000    1.770883 ^ _1510_/CLK (sky130_fd_sc_hd__dfxtp_2)
                                  0.250000    2.020883   clock uncertainty
                                 -0.168655    1.852228   clock reconvergence pessimism
                                  0.208961    2.061188   library hold time
                                              2.061188   data required time
---------------------------------------------------------------------------------------------
                                              2.061188   data required time
                                             -2.572520   data arrival time
---------------------------------------------------------------------------------------------
                                              0.511332   slack (MET)


Startpoint: _1507_ (rising edge-triggered flip-flop clocked by clk)
Endpoint: _1507_ (rising edge-triggered flip-flop clocked by clk)
Path Group: clk
Path Type: min

Fanout         Cap        Slew       Delay        Time   Description
---------------------------------------------------------------------------------------------
                                  0.000000    0.000000   clock clk (rise edge)
                                  0.000000    0.000000   clock source latency
   134    0.531548    2.377944    1.602209    1.602209 ^ clk (in)
                                                         clk (net)
                      2.394809    0.000000    1.602209 ^ _1507_/CLK (sky130_fd_sc_hd__dfxtp_2)
     4    0.007206    0.033642    0.595598    2.197807 v _1507_/Q (sky130_fd_sc_hd__dfxtp_2)
                                                         u_top.instruction_mmu.u_tlb.flags[3][3] (net)
                      0.033642    0.000004    2.197812 v _1863_/A (sky130_fd_sc_hd__buf_2)
     2    0.004916    0.028385    0.109918    2.307730 v _1863_/X (sky130_fd_sc_hd__buf_2)
                                                         _0699_ (net)
                      0.028385    0.000003    2.307733 v _1328_/B (sky130_fd_sc_hd__and2_2)
     1    0.002209    0.035348    0.163564    2.471297 v _1328_/X (sky130_fd_sc_hd__and2_2)
                                                         _0366_ (net)
                      0.035348    0.000005    2.471302 v _1928_/A (sky130_fd_sc_hd__buf_2)
     1    0.002229    0.022128    0.101981    2.573282 v _1928_/X (sky130_fd_sc_hd__buf_2)
                                                         _1015_ (net)
                      0.022128    0.000005    2.573287 v _1507_/D (sky130_fd_sc_hd__dfxtp_2)
                                              2.573287   data arrival time

                                  0.000000    0.000000   clock clk (rise edge)
                                  0.000000    0.000000   clock source latency
   134    0.531548    2.377944    1.770862    1.770862 ^ clk (in)
                                                         clk (net)
                      2.394809    0.000000    1.770862 ^ _1507_/CLK (sky130_fd_sc_hd__dfxtp_2)
                                  0.250000    2.020862   clock uncertainty
                                 -0.168653    1.852209   clock reconvergence pessimism
                                  0.209032    2.061241   library hold time
                                              2.061241   data required time
---------------------------------------------------------------------------------------------
                                              2.061241   data required time
                                             -2.573287   data arrival time
---------------------------------------------------------------------------------------------
                                              0.512046   slack (MET)


Startpoint: _1558_ (rising edge-triggered flip-flop clocked by clk)
Endpoint: _1558_ (rising edge-triggered flip-flop clocked by clk)
Path Group: clk
Path Type: min

Fanout         Cap        Slew       Delay        Time   Description
---------------------------------------------------------------------------------------------
                                  0.000000    0.000000   clock clk (rise edge)
                                  0.000000    0.000000   clock source latency
   134    0.531548    2.377944    1.591941    1.591941 ^ clk (in)
                                                         clk (net)
                      2.392548    0.000000    1.591941 ^ _1558_/CLK (sky130_fd_sc_hd__dfxtp_2)
     1    0.001853    0.021119    0.579927    2.171868 v _1558_/Q (sky130_fd_sc_hd__dfxtp_2)
                                                         u_top.RV32I_Logic.Single_Cycle_Datapath.pcREG.q[28] (net)
                      0.021119    0.000002    2.171870 v _1809_/A (sky130_fd_sc_hd__buf_2)
     5    0.015027    0.049028    0.127590    2.299459 v _1809_/X (sky130_fd_sc_hd__buf_2)
                                                         _0648_ (net)
                      0.049028    0.000093    2.299552 v _1424_/A1 (sky130_fd_sc_hd__o21ai_2)
     1    0.005340    0.103436    0.133097    2.432649 ^ _1424_/Y (sky130_fd_sc_hd__o21ai_2)
                                                         _0624_ (net)
                      0.103436    0.000012    2.432662 ^ _1425_/B (sky130_fd_sc_hd__nor2_2)
     1    0.002020    0.024989    0.033702    2.466364 v _1425_/Y (sky130_fd_sc_hd__nor2_2)
                                                         _0417_ (net)
                      0.024989    0.000003    2.466367 v _1979_/A (sky130_fd_sc_hd__buf_2)
     1    0.002079    0.022272    0.097230    2.563597 v _1979_/X (sky130_fd_sc_hd__buf_2)
                                                         _1066_ (net)
                      0.022272    0.000004    2.563601 v _1558_/D (sky130_fd_sc_hd__dfxtp_2)
                                              2.563601   data arrival time

                                  0.000000    0.000000   clock clk (rise edge)
                                  0.000000    0.000000   clock source latency
   134    0.531548    2.377944    1.759514    1.759514 ^ clk (in)
                                                         clk (net)
                      2.392548    0.000000    1.759514 ^ _1558_/CLK (sky130_fd_sc_hd__dfxtp_2)
                                  0.250000    2.009514   clock uncertainty
                                 -0.167573    1.841941   clock reconvergence pessimism
                                  0.208802    2.050743   library hold time
                                              2.050743   data required time
---------------------------------------------------------------------------------------------
                                              2.050743   data required time
                                             -2.563601   data arrival time
---------------------------------------------------------------------------------------------
                                              0.512858   slack (MET)


Startpoint: _1509_ (rising edge-triggered flip-flop clocked by clk)
Endpoint: _1509_ (rising edge-triggered flip-flop clocked by clk)
Path Group: clk
Path Type: min

Fanout         Cap        Slew       Delay        Time   Description
---------------------------------------------------------------------------------------------
                                  0.000000    0.000000   clock clk (rise edge)
                                  0.000000    0.000000   clock source latency
   134    0.531548    2.377944    1.602237    1.602237 ^ clk (in)
                                                         clk (net)
                      2.394815    0.000000    1.602237 ^ _1509_/CLK (sky130_fd_sc_hd__dfxtp_2)
     4    0.007410    0.034082    0.596094    2.198332 v _1509_/Q (sky130_fd_sc_hd__dfxtp_2)
                                                         u_top.instruction_mmu.u_tlb.flags[1][3] (net)
                      0.034082    0.000008    2.198340 v _1861_/A (sky130_fd_sc_hd__buf_2)
     2    0.005274    0.029064    0.110959    2.309299 v _1861_/X (sky130_fd_sc_hd__buf_2)
                                                         _0697_ (net)
                      0.029064    0.000002    2.309300 v _1330_/B (sky130_fd_sc_hd__and2_2)
     1    0.002343    0.035751    0.164432    2.473733 v _1330_/X (sky130_fd_sc_hd__and2_2)
                                                         _0368_ (net)
                      0.035751    0.000006    2.473738 v _1930_/A (sky130_fd_sc_hd__buf_2)
     1    0.002195    0.022529    0.102029    2.575767 v _1930_/X (sky130_fd_sc_hd__buf_2)
                                                         _1017_ (net)
                      0.022529    0.000004    2.575771 v _1509_/D (sky130_fd_sc_hd__dfxtp_2)
                                              2.575771   data arrival time

                                  0.000000    0.000000   clock clk (rise edge)
                                  0.000000    0.000000   clock source latency
   134    0.531548    2.377944    1.770894    1.770894 ^ clk (in)
                                                         clk (net)
                      2.394815    0.000000    1.770894 ^ _1509_/CLK (sky130_fd_sc_hd__dfxtp_2)
                                  0.250000    2.020894   clock uncertainty
                                 -0.168657    1.852237   clock reconvergence pessimism
                                  0.208871    2.061109   library hold time
                                              2.061109   data required time
---------------------------------------------------------------------------------------------
                                              2.061109   data required time
                                             -2.575771   data arrival time
---------------------------------------------------------------------------------------------
                                              0.514663   slack (MET)


Startpoint: _1560_ (rising edge-triggered flip-flop clocked by clk)
Endpoint: _1561_ (rising edge-triggered flip-flop clocked by clk)
Path Group: clk
Path Type: min

Fanout         Cap        Slew       Delay        Time   Description
---------------------------------------------------------------------------------------------
                                  0.000000    0.000000   clock clk (rise edge)
                                  0.000000    0.000000   clock source latency
   134    0.531548    2.377944    1.591134    1.591134 ^ clk (in)
                                                         clk (net)
                      2.392377    0.000000    1.591134 ^ _1560_/CLK (sky130_fd_sc_hd__dfxtp_2)
     1    0.002269    0.028842    0.607598    2.198731 ^ _1560_/Q (sky130_fd_sc_hd__dfxtp_2)
                                                         u_top.RV32I_Logic.Single_Cycle_Datapath.pcREG.q[30] (net)
                      0.028842    0.000005    2.198737 ^ _1819_/A (sky130_fd_sc_hd__buf_2)
     6    0.019516    0.101413    0.136163    2.334900 ^ _1819_/X (sky130_fd_sc_hd__buf_2)
                                                         _0651_ (net)
                      0.101413    0.000089    2.334989 ^ _1429_/B (sky130_fd_sc_hd__nand3_2)
     2    0.004968    0.055120    0.079650    2.414639 v _1429_/Y (sky130_fd_sc_hd__nand3_2)
                                                         _0627_ (net)
                      0.055120    0.000022    2.414661 v _1432_/A2 (sky130_fd_sc_hd__o2111a_2)
     1    0.002340    0.024019    0.226756    2.641417 v _1432_/X (sky130_fd_sc_hd__o2111a_2)
                                                         _0420_ (net)
                      0.024019    0.000007    2.641424 v _1982_/A (sky130_fd_sc_hd__buf_2)
     1    0.002092    0.022310    0.096881    2.738304 v _1982_/X (sky130_fd_sc_hd__buf_2)
                                                         _1069_ (net)
                      0.022310    0.000004    2.738308 v _1561_/D (sky130_fd_sc_hd__dfxtp_2)
                                              2.738308   data arrival time

                                  0.000000    0.000000   clock clk (rise edge)
                                  0.000000    0.000000   clock source latency
   134    0.531548    2.377944    1.758742    1.758742 ^ clk (in)
                                                         clk (net)
                      2.392400    0.000000    1.758742 ^ _1561_/CLK (sky130_fd_sc_hd__dfxtp_2)
                                  0.250000    2.008742   clock uncertainty
                                  0.000000    2.008742   clock reconvergence pessimism
                                  0.208775    2.217517   library hold time
                                              2.217517   data required time
---------------------------------------------------------------------------------------------
                                              2.217517   data required time
                                             -2.738308   data arrival time
---------------------------------------------------------------------------------------------
                                              0.520791   slack (MET)


Startpoint: _1552_ (rising edge-triggered flip-flop clocked by clk)
Endpoint: _1554_ (rising edge-triggered flip-flop clocked by clk)
Path Group: clk
Path Type: min

Fanout         Cap        Slew       Delay        Time   Description
---------------------------------------------------------------------------------------------
                                  0.000000    0.000000   clock clk (rise edge)
                                  0.000000    0.000000   clock source latency
   134    0.531548    2.377944    1.599131    1.599131 ^ clk (in)
                                                         clk (net)
                      2.394113    0.000000    1.599131 ^ _1552_/CLK (sky130_fd_sc_hd__dfxtp_2)
     1    0.001903    0.021249    0.580246    2.179377 v _1552_/Q (sky130_fd_sc_hd__dfxtp_2)
                                                         u_top.RV32I_Logic.Single_Cycle_Datapath.pcREG.q[22] (net)
                      0.021249    0.000002    2.179379 v _1779_/A (sky130_fd_sc_hd__buf_2)
     7    0.024712    0.069046    0.144831    2.324211 v _1779_/X (sky130_fd_sc_hd__buf_2)
                                                         _0642_ (net)
                      0.069046    0.000109    2.324320 v _1409_/A (sky130_fd_sc_hd__and3_2)
     2    0.006854    0.043633    0.182867    2.507187 v _1409_/X (sky130_fd_sc_hd__and3_2)
                                                         _0614_ (net)
                      0.043633    0.000015    2.507201 v _1412_/A2 (sky130_fd_sc_hd__o21ai_2)
     1    0.005464    0.103918    0.112777    2.619978 ^ _1412_/Y (sky130_fd_sc_hd__o21ai_2)
                                                         _0616_ (net)
                      0.103918    0.000018    2.619996 ^ _1413_/B (sky130_fd_sc_hd__nor2_2)
     1    0.002162    0.024937    0.034298    2.654294 v _1413_/Y (sky130_fd_sc_hd__nor2_2)
                                                         _0413_ (net)
                      0.024937    0.000006    2.654300 v _1975_/A (sky130_fd_sc_hd__buf_2)
     1    0.002011    0.022100    0.096975    2.751275 v _1975_/X (sky130_fd_sc_hd__buf_2)
                                                         _1062_ (net)
                      0.022100    0.000003    2.751278 v _1554_/D (sky130_fd_sc_hd__dfxtp_2)
                                              2.751278   data arrival time

                                  0.000000    0.000000   clock clk (rise edge)
                                  0.000000    0.000000   clock source latency
   134    0.531548    2.377944    1.766772    1.766772 ^ clk (in)
                                                         clk (net)
                      2.393974    0.000000    1.766772 ^ _1554_/CLK (sky130_fd_sc_hd__dfxtp_2)
                                  0.250000    2.016772   clock uncertainty
                                  0.000000    2.016772   clock reconvergence pessimism
                                  0.208980    2.225751   library hold time
                                              2.225751   data required time
---------------------------------------------------------------------------------------------
                                              2.225751   data required time
                                             -2.751278   data arrival time
---------------------------------------------------------------------------------------------
                                              0.525527   slack (MET)


Startpoint: _1544_ (rising edge-triggered flip-flop clocked by clk)
Endpoint: _1544_ (rising edge-triggered flip-flop clocked by clk)
Path Group: clk
Path Type: min

Fanout         Cap        Slew       Delay        Time   Description
---------------------------------------------------------------------------------------------
                                  0.000000    0.000000   clock clk (rise edge)
                                  0.000000    0.000000   clock source latency
   134    0.531548    2.377944    1.593239    1.593239 ^ clk (in)
                                                         clk (net)
                      2.392824    0.000000    1.593239 ^ _1544_/CLK (sky130_fd_sc_hd__dfxtp_2)
     1    0.002340    0.021816    0.581639    2.174879 v _1544_/Q (sky130_fd_sc_hd__dfxtp_2)
                                                         u_top.RV32I_Logic.Single_Cycle_Datapath.pcREG.q[14] (net)
                      0.021816    0.000006    2.174885 v _1724_/A (sky130_fd_sc_hd__buf_2)
     6    0.021641    0.062630    0.139548    2.314433 v _1724_/X (sky130_fd_sc_hd__buf_2)
                                                         _0634_ (net)
                      0.062630    0.000072    2.314506 v _1385_/A1 (sky130_fd_sc_hd__o21ai_2)
     1    0.005066    0.102368    0.136195    2.450700 ^ _1385_/Y (sky130_fd_sc_hd__o21ai_2)
                                                         _0599_ (net)
                      0.102368    0.000009    2.450710 ^ _1386_/B (sky130_fd_sc_hd__nor2_2)
     1    0.001975    0.024472    0.033407    2.484117 v _1386_/Y (sky130_fd_sc_hd__nor2_2)
                                                         _0403_ (net)
                      0.024472    0.000003    2.484120 v _1965_/A (sky130_fd_sc_hd__buf_2)
     1    0.001736    0.021402    0.095833    2.579953 v _1965_/X (sky130_fd_sc_hd__buf_2)
                                                         _1052_ (net)
                      0.021402    0.000000    2.579954 v _1544_/D (sky130_fd_sc_hd__dfxtp_2)
                                              2.579954   data arrival time

                                  0.000000    0.000000   clock clk (rise edge)
                                  0.000000    0.000000   clock source latency
   134    0.531548    2.377944    1.760949    1.760949 ^ clk (in)
                                                         clk (net)
                      2.392824    0.000000    1.760949 ^ _1544_/CLK (sky130_fd_sc_hd__dfxtp_2)
                                  0.250000    2.010949   clock uncertainty
                                 -0.167709    1.843239   clock reconvergence pessimism
                                  0.209174    2.052413   library hold time
                                              2.052413   data required time
---------------------------------------------------------------------------------------------
                                              2.052413   data required time
                                             -2.579954   data arrival time
---------------------------------------------------------------------------------------------
                                              0.527541   slack (MET)


Startpoint: _1550_ (rising edge-triggered flip-flop clocked by clk)
Endpoint: _1551_ (rising edge-triggered flip-flop clocked by clk)
Path Group: clk
Path Type: min

Fanout         Cap        Slew       Delay        Time   Description
---------------------------------------------------------------------------------------------
                                  0.000000    0.000000   clock clk (rise edge)
                                  0.000000    0.000000   clock source latency
   134    0.531548    2.377944    1.596736    1.596736 ^ clk (in)
                                                         clk (net)
                      2.393583    0.000000    1.596736 ^ _1550_/CLK (sky130_fd_sc_hd__dfxtp_2)
     1    0.001800    0.020984    0.579840    2.176576 v _1550_/Q (sky130_fd_sc_hd__dfxtp_2)
                                                         u_top.RV32I_Logic.Single_Cycle_Datapath.pcREG.q[20] (net)
                      0.020984    0.000002    2.176578 v _1769_/A (sky130_fd_sc_hd__buf_2)
     6    0.020015    0.059203    0.136402    2.312980 v _1769_/X (sky130_fd_sc_hd__buf_2)
                                                         _0640_ (net)
                      0.059203    0.000070    2.313050 v _1401_/B (sky130_fd_sc_hd__and3_2)
     2    0.006971    0.043902    0.199303    2.512353 v _1401_/X (sky130_fd_sc_hd__and3_2)
                                                         _0609_ (net)
                      0.043902    0.000022    2.512375 v _1404_/A2 (sky130_fd_sc_hd__o21ai_2)
     1    0.005354    0.103490    0.112066    2.624440 ^ _1404_/Y (sky130_fd_sc_hd__o21ai_2)
                                                         _0611_ (net)
                      0.103490    0.000015    2.624455 ^ _1405_/B (sky130_fd_sc_hd__nor2_2)
     1    0.002018    0.024993    0.033702    2.658158 v _1405_/Y (sky130_fd_sc_hd__nor2_2)
                                                         _0410_ (net)
                      0.024993    0.000004    2.658161 v _1972_/A (sky130_fd_sc_hd__buf_2)
     1    0.001886    0.021781    0.096565    2.754726 v _1972_/X (sky130_fd_sc_hd__buf_2)
                                                         _1059_ (net)
                      0.021781    0.000002    2.754727 v _1551_/D (sky130_fd_sc_hd__dfxtp_2)
                                              2.754727   data arrival time

                                  0.000000    0.000000   clock clk (rise edge)
                                  0.000000    0.000000   clock source latency
   134    0.531548    2.377944    1.766760    1.766760 ^ clk (in)
                                                         clk (net)
                      2.393972    0.000000    1.766760 ^ _1551_/CLK (sky130_fd_sc_hd__dfxtp_2)
                                  0.250000    2.016760   clock uncertainty
                                  0.000000    2.016760   clock reconvergence pessimism
                                  0.209108    2.225869   library hold time
                                              2.225869   data required time
---------------------------------------------------------------------------------------------
                                              2.225869   data required time
                                             -2.754727   data arrival time
---------------------------------------------------------------------------------------------
                                              0.528859   slack (MET)


Startpoint: _1559_ (rising edge-triggered flip-flop clocked by clk)
Endpoint: _1560_ (rising edge-triggered flip-flop clocked by clk)
Path Group: clk
Path Type: min

Fanout         Cap        Slew       Delay        Time   Description
---------------------------------------------------------------------------------------------
                                  0.000000    0.000000   clock clk (rise edge)
                                  0.000000    0.000000   clock source latency
   134    0.531548    2.377944    1.591062    1.591062 ^ clk (in)
                                                         clk (net)
                      2.392362    0.000000    1.591062 ^ _1559_/CLK (sky130_fd_sc_hd__dfxtp_2)
     1    0.002295    0.028958    0.607711    2.198773 ^ _1559_/Q (sky130_fd_sc_hd__dfxtp_2)
                                                         u_top.RV32I_Logic.Single_Cycle_Datapath.pcREG.q[29] (net)
                      0.028958    0.000005    2.198778 ^ _1814_/A (sky130_fd_sc_hd__buf_2)
     8    0.032345    0.161167    0.176478    2.375256 ^ _1814_/X (sky130_fd_sc_hd__buf_2)
                                                         _0649_ (net)
                      0.161167    0.000227    2.375483 ^ _1429_/A (sky130_fd_sc_hd__nand3_2)
     2    0.004968    0.055120    0.080810    2.456293 v _1429_/Y (sky130_fd_sc_hd__nand3_2)
                                                         _0627_ (net)
                      0.055120    0.000017    2.456310 v _1430_/C (sky130_fd_sc_hd__and3_2)
     1    0.002027    0.032595    0.191544    2.647854 v _1430_/X (sky130_fd_sc_hd__and3_2)
                                                         _0419_ (net)
                      0.032595    0.000004    2.647858 v _1981_/A (sky130_fd_sc_hd__buf_2)
     1    0.001957    0.021930    0.099915    2.747772 v _1981_/X (sky130_fd_sc_hd__buf_2)
                                                         _1068_ (net)
                      0.021930    0.000003    2.747775 v _1560_/D (sky130_fd_sc_hd__dfxtp_2)
                                              2.747775   data arrival time

                                  0.000000    0.000000   clock clk (rise edge)
                                  0.000000    0.000000   clock source latency
   134    0.531548    2.377944    1.758621    1.758621 ^ clk (in)
                                                         clk (net)
                      2.392377    0.000000    1.758621 ^ _1560_/CLK (sky130_fd_sc_hd__dfxtp_2)
                                  0.250000    2.008621   clock uncertainty
                                  0.000000    2.008621   clock reconvergence pessimism
                                  0.208927    2.217548   library hold time
                                              2.217548   data required time
---------------------------------------------------------------------------------------------
                                              2.217548   data required time
                                             -2.747775   data arrival time
---------------------------------------------------------------------------------------------
                                              0.530227   slack (MET)


Startpoint: _1544_ (rising edge-triggered flip-flop clocked by clk)
Endpoint: _1545_ (rising edge-triggered flip-flop clocked by clk)
Path Group: clk
Path Type: min

Fanout         Cap        Slew       Delay        Time   Description
---------------------------------------------------------------------------------------------
                                  0.000000    0.000000   clock clk (rise edge)
                                  0.000000    0.000000   clock source latency
   134    0.531548    2.377944    1.593239    1.593239 ^ clk (in)
                                                         clk (net)
                      2.392824    0.000000    1.593239 ^ _1544_/CLK (sky130_fd_sc_hd__dfxtp_2)
     1    0.002340    0.021816    0.581639    2.174879 v _1544_/Q (sky130_fd_sc_hd__dfxtp_2)
                                                         u_top.RV32I_Logic.Single_Cycle_Datapath.pcREG.q[14] (net)
                      0.021816    0.000006    2.174885 v _1724_/A (sky130_fd_sc_hd__buf_2)
     6    0.021641    0.062630    0.139548    2.314433 v _1724_/X (sky130_fd_sc_hd__buf_2)
                                                         _0634_ (net)
                      0.062630    0.000117    2.314550 v _1384_/A (sky130_fd_sc_hd__and3_2)
     2    0.009870    0.051076    0.189371    2.503920 v _1384_/X (sky130_fd_sc_hd__and3_2)
                                                         _0598_ (net)
                      0.051076    0.000046    2.503966 v _1388_/A2 (sky130_fd_sc_hd__o21ai_2)
     1    0.005654    0.104677    0.116615    2.620581 ^ _1388_/Y (sky130_fd_sc_hd__o21ai_2)
                                                         _0601_ (net)
                      0.104677    0.000025    2.620605 ^ _1389_/B (sky130_fd_sc_hd__nor2_2)
     1    0.002409    0.025623    0.035332    2.655938 v _1389_/Y (sky130_fd_sc_hd__nor2_2)
                                                         _0404_ (net)
                      0.025623    0.000008    2.655945 v _1966_/A (sky130_fd_sc_hd__buf_2)
     1    0.002373    0.022474    0.098507    2.754452 v _1966_/X (sky130_fd_sc_hd__buf_2)
                                                         _1053_ (net)
                      0.022474    0.000006    2.754458 v _1545_/D (sky130_fd_sc_hd__dfxtp_2)
                                              2.754458   data arrival time

                                  0.000000    0.000000   clock clk (rise edge)
                                  0.000000    0.000000   clock source latency
   134    0.531548    2.377944    1.764525    1.764525 ^ clk (in)
                                                         clk (net)
                      2.393525    0.000000    1.764525 ^ _1545_/CLK (sky130_fd_sc_hd__dfxtp_2)
                                  0.250000    2.014525   clock uncertainty
                                  0.000000    2.014525   clock reconvergence pessimism
                                  0.208795    2.223320   library hold time
                                              2.223320   data required time
---------------------------------------------------------------------------------------------
                                              2.223320   data required time
                                             -2.754458   data arrival time
---------------------------------------------------------------------------------------------
                                              0.531138   slack (MET)


Startpoint: _1546_ (rising edge-triggered flip-flop clocked by clk)
Endpoint: _1548_ (rising edge-triggered flip-flop clocked by clk)
Path Group: clk
Path Type: min

Fanout         Cap        Slew       Delay        Time   Description
---------------------------------------------------------------------------------------------
                                  0.000000    0.000000   clock clk (rise edge)
                                  0.000000    0.000000   clock source latency
   134    0.531548    2.377944    1.593231    1.593231 ^ clk (in)
                                                         clk (net)
                      2.392823    0.000000    1.593231 ^ _1546_/CLK (sky130_fd_sc_hd__dfxtp_2)
     1    0.001871    0.021165    0.580014    2.173245 v _1546_/Q (sky130_fd_sc_hd__dfxtp_2)
                                                         u_top.RV32I_Logic.Single_Cycle_Datapath.pcREG.q[16] (net)
                      0.021165    0.000002    2.173247 v _1749_/A (sky130_fd_sc_hd__buf_2)
     8    0.029833    0.079917    0.153899    2.327146 v _1749_/X (sky130_fd_sc_hd__buf_2)
                                                         _0636_ (net)
                      0.079917    0.000153    2.327298 v _1393_/A (sky130_fd_sc_hd__and3_2)
     2    0.006351    0.042508    0.185900    2.513199 v _1393_/X (sky130_fd_sc_hd__and3_2)
                                                         _0604_ (net)
                      0.042508    0.000021    2.513220 v _1396_/A2 (sky130_fd_sc_hd__o21ai_2)
     1    0.005439    0.103830    0.112226    2.625446 ^ _1396_/Y (sky130_fd_sc_hd__o21ai_2)
                                                         _0606_ (net)
                      0.103830    0.000018    2.625463 ^ _1397_/B (sky130_fd_sc_hd__nor2_2)
     1    0.001828    0.024561    0.033017    2.658481 v _1397_/Y (sky130_fd_sc_hd__nor2_2)
                                                         _0407_ (net)
                      0.024561    0.000002    2.658482 v _1969_/A (sky130_fd_sc_hd__buf_2)
     1    0.001786    0.021528    0.096041    2.754524 v _1969_/X (sky130_fd_sc_hd__buf_2)
                                                         _1056_ (net)
                      0.021528    0.000000    2.754524 v _1548_/D (sky130_fd_sc_hd__dfxtp_2)
                                              2.754524   data arrival time

                                  0.000000    0.000000   clock clk (rise edge)
                                  0.000000    0.000000   clock source latency
   134    0.531548    2.377944    1.763735    1.763735 ^ clk (in)
                                                         clk (net)
                      2.393369    0.000000    1.763735 ^ _1548_/CLK (sky130_fd_sc_hd__dfxtp_2)
                                  0.250000    2.013736   clock uncertainty
                                  0.000000    2.013736   clock reconvergence pessimism
                                  0.209164    2.222900   library hold time
                                              2.222900   data required time
---------------------------------------------------------------------------------------------
                                              2.222900   data required time
                                             -2.754524   data arrival time
---------------------------------------------------------------------------------------------
                                              0.531625   slack (MET)


Startpoint: _1572_ (rising edge-triggered flip-flop clocked by clk)
Endpoint: _1570_ (rising edge-triggered flip-flop clocked by clk)
Path Group: clk
Path Type: min

Fanout         Cap        Slew       Delay        Time   Description
---------------------------------------------------------------------------------------------
                                  0.000000    0.000000   clock clk (rise edge)
                                  0.000000    0.000000   clock source latency
   134    0.531548    2.377944    1.606320    1.606320 ^ clk (in)
                                                         clk (net)
                      2.395761    0.000000    1.606320 ^ _1572_/CLK (sky130_fd_sc_hd__dfrtp_2)
     1    0.002292    0.036875    0.632210    2.238530 ^ _1572_/Q (sky130_fd_sc_hd__dfrtp_2)
                                                         u_top.dataMemory.clear_last_pending (net)
                      0.036875    0.000005    2.238535 ^ _1698_/A (sky130_fd_sc_hd__buf_2)
     4    0.017997    0.094357    0.134263    2.372797 ^ _1698_/X (sky130_fd_sc_hd__buf_2)
                                                         _0661_ (net)
                      0.094357    0.000065    2.372863 ^ _1106_/A (sky130_fd_sc_hd__nor2_2)
     4    0.012131    0.044813    0.063550    2.436413 v _1106_/Y (sky130_fd_sc_hd__nor2_2)
                                                         _0290_ (net)
                      0.044813    0.000050    2.436462 v _1107_/A3 (sky130_fd_sc_hd__a32o_2)
     1    0.002115    0.036053    0.238522    2.674984 v _1107_/X (sky130_fd_sc_hd__a32o_2)
                                                         _0429_ (net)
                      0.036053    0.000005    2.674989 v _1704_/A (sky130_fd_sc_hd__buf_2)
     1    0.002303    0.022805    0.102525    2.777514 v _1704_/X (sky130_fd_sc_hd__buf_2)
                                                         _1078_ (net)
                      0.022805    0.000005    2.777519 v _1570_/D (sky130_fd_sc_hd__dfrtp_2)
                                              2.777519   data arrival time

                                  0.000000    0.000000   clock clk (rise edge)
                                  0.000000    0.000000   clock source latency
   134    0.531548    2.377944    1.775577    1.775577 ^ clk (in)
                                                         clk (net)
                      2.395797    0.000000    1.775577 ^ _1570_/CLK (sky130_fd_sc_hd__dfrtp_2)
                                  0.250000    2.025577   clock uncertainty
                                  0.000000    2.025577   clock reconvergence pessimism
                                  0.219783    2.245360   library hold time
                                              2.245360   data required time
---------------------------------------------------------------------------------------------
                                              2.245360   data required time
                                             -2.777519   data arrival time
---------------------------------------------------------------------------------------------
                                              0.532159   slack (MET)


Startpoint: _1536_ (rising edge-triggered flip-flop clocked by clk)
Endpoint: _1537_ (rising edge-triggered flip-flop clocked by clk)
Path Group: clk
Path Type: min

Fanout         Cap        Slew       Delay        Time   Description
---------------------------------------------------------------------------------------------
                                  0.000000    0.000000   clock clk (rise edge)
                                  0.000000    0.000000   clock source latency
   134    0.531548    2.377944    1.585336    1.585336 ^ clk (in)
                                                         clk (net)
                      2.391184    0.000000    1.585336 ^ _1536_/CLK (sky130_fd_sc_hd__dfxtp_2)
     1    0.002076    0.021693    0.580575    2.165911 v _1536_/Q (sky130_fd_sc_hd__dfxtp_2)
                                                         u_top.RV32I_Logic.Single_Cycle_Datapath.pcREG.q[6] (net)
                      0.021693    0.000004    2.165915 v _1834_/A (sky130_fd_sc_hd__buf_2)
     5    0.016170    0.051336    0.129844    2.295759 v _1834_/X (sky130_fd_sc_hd__buf_2)
                                                         _0656_ (net)
                      0.051336    0.000071    2.295830 v _1365_/A1 (sky130_fd_sc_hd__a21o_2)
     1    0.001882    0.029051    0.169658    2.465488 v _1365_/X (sky130_fd_sc_hd__a21o_2)
                                                         _0586_ (net)
                      0.029051    0.000004    2.465492 v _1367_/C (sky130_fd_sc_hd__and3b_2)
     1    0.001899    0.032010    0.180184    2.645675 v _1367_/X (sky130_fd_sc_hd__and3b_2)
                                                         _0396_ (net)
                      0.032010    0.000002    2.645677 v _1958_/A (sky130_fd_sc_hd__buf_2)
     1    0.001718    0.021321    0.098850    2.744528 v _1958_/X (sky130_fd_sc_hd__buf_2)
                                                         _1045_ (net)
                      0.021321    0.000000    2.744528 v _1537_/D (sky130_fd_sc_hd__dfxtp_2)
                                              2.744528   data arrival time

                                  0.000000    0.000000   clock clk (rise edge)
                                  0.000000    0.000000   clock source latency
   134    0.531548    2.377944    1.752267    1.752267 ^ clk (in)
                                                         clk (net)
                      2.391193    0.000000    1.752267 ^ _1537_/CLK (sky130_fd_sc_hd__dfxtp_2)
                                  0.250000    2.002267   clock uncertainty
                                  0.000000    2.002267   clock reconvergence pessimism
                                  0.209082    2.211349   library hold time
                                              2.211349   data required time
---------------------------------------------------------------------------------------------
                                              2.211349   data required time
                                             -2.744528   data arrival time
---------------------------------------------------------------------------------------------
                                              0.533179   slack (MET)


Startpoint: _1572_ (rising edge-triggered flip-flop clocked by clk)
Endpoint: _1568_ (rising edge-triggered flip-flop clocked by clk)
Path Group: clk
Path Type: min

Fanout         Cap        Slew       Delay        Time   Description
---------------------------------------------------------------------------------------------
                                  0.000000    0.000000   clock clk (rise edge)
                                  0.000000    0.000000   clock source latency
   134    0.531548    2.377944    1.606320    1.606320 ^ clk (in)
                                                         clk (net)
                      2.395761    0.000000    1.606320 ^ _1572_/CLK (sky130_fd_sc_hd__dfrtp_2)
     1    0.002292    0.036875    0.632210    2.238530 ^ _1572_/Q (sky130_fd_sc_hd__dfrtp_2)
                                                         u_top.dataMemory.clear_last_pending (net)
                      0.036875    0.000005    2.238535 ^ _1698_/A (sky130_fd_sc_hd__buf_2)
     4    0.017997    0.094357    0.134263    2.372797 ^ _1698_/X (sky130_fd_sc_hd__buf_2)
                                                         _0661_ (net)
                      0.094357    0.000065    2.372863 ^ _1106_/A (sky130_fd_sc_hd__nor2_2)
     4    0.012131    0.044813    0.063550    2.436413 v _1106_/Y (sky130_fd_sc_hd__nor2_2)
                                                         _0290_ (net)
                      0.044813    0.000070    2.436483 v _1112_/A2 (sky130_fd_sc_hd__a32o_2)
     1    0.002117    0.036090    0.239863    2.676346 v _1112_/X (sky130_fd_sc_hd__a32o_2)
                                                         _0427_ (net)
                      0.036090    0.000006    2.676352 v _1708_/A (sky130_fd_sc_hd__buf_2)
     1    0.002376    0.022445    0.102790    2.779142 v _1708_/X (sky130_fd_sc_hd__buf_2)
                                                         _1076_ (net)
                      0.022445    0.000005    2.779147 v _1568_/D (sky130_fd_sc_hd__dfrtp_2)
                                              2.779147   data arrival time

                                  0.000000    0.000000   clock clk (rise edge)
                                  0.000000    0.000000   clock source latency
   134    0.531548    2.377944    1.775657    1.775657 ^ clk (in)
                                                         clk (net)
                      2.395814    0.000000    1.775657 ^ _1568_/CLK (sky130_fd_sc_hd__dfrtp_2)
                                  0.250000    2.025657   clock uncertainty
                                  0.000000    2.025657   clock reconvergence pessimism
                                  0.219924    2.245581   library hold time
                                              2.245581   data required time
---------------------------------------------------------------------------------------------
                                              2.245581   data required time
                                             -2.779147   data arrival time
---------------------------------------------------------------------------------------------
                                              0.533566   slack (MET)


Startpoint: _1539_ (rising edge-triggered flip-flop clocked by clk)
Endpoint: _1540_ (rising edge-triggered flip-flop clocked by clk)
Path Group: clk
Path Type: min

Fanout         Cap        Slew       Delay        Time   Description
---------------------------------------------------------------------------------------------
                                  0.000000    0.000000   clock clk (rise edge)
                                  0.000000    0.000000   clock source latency
   134    0.531548    2.377944    1.585461    1.585461 ^ clk (in)
                                                         clk (net)
                      2.391209    0.000000    1.585461 ^ _1539_/CLK (sky130_fd_sc_hd__dfxtp_2)
     1    0.001972    0.021427    0.580218    2.165679 v _1539_/Q (sky130_fd_sc_hd__dfxtp_2)
                                                         u_top.RV32I_Logic.Single_Cycle_Datapath.pcREG.q[9] (net)
                      0.021427    0.000003    2.165682 v _1837_/A (sky130_fd_sc_hd__buf_2)
     5    0.015889    0.050762    0.129248    2.294930 v _1837_/X (sky130_fd_sc_hd__buf_2)
                                                         _0659_ (net)
                      0.050762    0.000064    2.294993 v _1373_/A1 (sky130_fd_sc_hd__a21o_2)
     1    0.001869    0.029004    0.169380    2.464373 v _1373_/X (sky130_fd_sc_hd__a21o_2)
                                                         _0591_ (net)
                      0.029004    0.000004    2.464377 v _1375_/C (sky130_fd_sc_hd__and3b_2)
     1    0.002159    0.032823    0.181403    2.645780 v _1375_/X (sky130_fd_sc_hd__and3b_2)
                                                         _0399_ (net)
                      0.032823    0.000006    2.645785 v _1961_/A (sky130_fd_sc_hd__buf_2)
     1    0.001987    0.022006    0.100112    2.745897 v _1961_/X (sky130_fd_sc_hd__buf_2)
                                                         _1048_ (net)
                      0.022006    0.000004    2.745901 v _1540_/D (sky130_fd_sc_hd__dfxtp_2)
                                              2.745901   data arrival time

                                  0.000000    0.000000   clock clk (rise edge)
                                  0.000000    0.000000   clock source latency
   134    0.531548    2.377944    1.752337    1.752337 ^ clk (in)
                                                         clk (net)
                      2.391206    0.000000    1.752337 ^ _1540_/CLK (sky130_fd_sc_hd__dfxtp_2)
                                  0.250000    2.002337   clock uncertainty
                                  0.000000    2.002337   clock reconvergence pessimism
                                  0.208807    2.211144   library hold time
                                              2.211144   data required time
---------------------------------------------------------------------------------------------
                                              2.211144   data required time
                                             -2.745901   data arrival time
---------------------------------------------------------------------------------------------
                                              0.534757   slack (MET)


Startpoint: _1572_ (rising edge-triggered flip-flop clocked by clk)
Endpoint: _1569_ (rising edge-triggered flip-flop clocked by clk)
Path Group: clk
Path Type: min

Fanout         Cap        Slew       Delay        Time   Description
---------------------------------------------------------------------------------------------
                                  0.000000    0.000000   clock clk (rise edge)
                                  0.000000    0.000000   clock source latency
   134    0.531548    2.377944    1.606320    1.606320 ^ clk (in)
                                                         clk (net)
                      2.395761    0.000000    1.606320 ^ _1572_/CLK (sky130_fd_sc_hd__dfrtp_2)
     1    0.002292    0.036875    0.632210    2.238530 ^ _1572_/Q (sky130_fd_sc_hd__dfrtp_2)
                                                         u_top.dataMemory.clear_last_pending (net)
                      0.036875    0.000005    2.238535 ^ _1698_/A (sky130_fd_sc_hd__buf_2)
     4    0.017997    0.094357    0.134263    2.372797 ^ _1698_/X (sky130_fd_sc_hd__buf_2)
                                                         _0661_ (net)
                      0.094357    0.000065    2.372863 ^ _1106_/A (sky130_fd_sc_hd__nor2_2)
     4    0.012131    0.044813    0.063550    2.436413 v _1106_/Y (sky130_fd_sc_hd__nor2_2)
                                                         _0290_ (net)
                      0.044813    0.000066    2.436478 v _1110_/A2 (sky130_fd_sc_hd__a32o_2)
     1    0.002631    0.036995    0.242274    2.678753 v _1110_/X (sky130_fd_sc_hd__a32o_2)
                                                         _0428_ (net)
                      0.036995    0.000010    2.678763 v _1706_/A (sky130_fd_sc_hd__buf_2)
     1    0.002582    0.022892    0.103874    2.782637 v _1706_/X (sky130_fd_sc_hd__buf_2)
                                                         _1077_ (net)
                      0.022892    0.000008    2.782645 v _1569_/D (sky130_fd_sc_hd__dfrtp_2)
                                              2.782645   data arrival time

                                  0.000000    0.000000   clock clk (rise edge)
                                  0.000000    0.000000   clock source latency
   134    0.531548    2.377944    1.775646    1.775646 ^ clk (in)
                                                         clk (net)
                      2.395812    0.000000    1.775646 ^ _1569_/CLK (sky130_fd_sc_hd__dfrtp_2)
                                  0.250000    2.025646   clock uncertainty
                                  0.000000    2.025646   clock reconvergence pessimism
                                  0.219751    2.245397   library hold time
                                              2.245397   data required time
---------------------------------------------------------------------------------------------
                                              2.245397   data required time
                                             -2.782645   data arrival time
---------------------------------------------------------------------------------------------
                                              0.537248   slack (MET)


Startpoint: _1532_ (rising edge-triggered flip-flop clocked by clk)
Endpoint: _1534_ (rising edge-triggered flip-flop clocked by clk)
Path Group: clk
Path Type: min

Fanout         Cap        Slew       Delay        Time   Description
---------------------------------------------------------------------------------------------
                                  0.000000    0.000000   clock clk (rise edge)
                                  0.000000    0.000000   clock source latency
   134    0.531548    2.377944    1.587606    1.587606 ^ clk (in)
                                                         clk (net)
                      2.391644    0.000000    1.587606 ^ _1532_/CLK (sky130_fd_sc_hd__dfxtp_2)
     1    0.001896    0.021230    0.579993    2.167599 v _1532_/Q (sky130_fd_sc_hd__dfxtp_2)
                                                         u_top.RV32I_Logic.Single_Cycle_Datapath.pcREG.q[2] (net)
                      0.021230    0.000002    2.167601 v _1830_/A (sky130_fd_sc_hd__buf_2)
     6    0.017642    0.054318    0.132287    2.299888 v _1830_/X (sky130_fd_sc_hd__buf_2)
                                                         _0650_ (net)
                      0.054318    0.000065    2.299953 v _1357_/A1 (sky130_fd_sc_hd__a21o_2)
     1    0.001702    0.028511    0.170015    2.469968 v _1357_/X (sky130_fd_sc_hd__a21o_2)
                                                         _0581_ (net)
                      0.028511    0.000002    2.469970 v _1359_/C (sky130_fd_sc_hd__and3b_2)
     1    0.001952    0.032165    0.180214    2.650183 v _1359_/X (sky130_fd_sc_hd__and3b_2)
                                                         _0393_ (net)
                      0.032165    0.000003    2.650187 v _1955_/A (sky130_fd_sc_hd__buf_2)
     1    0.001983    0.021999    0.099831    2.750017 v _1955_/X (sky130_fd_sc_hd__buf_2)
                                                         _1042_ (net)
                      0.021999    0.000003    2.750021 v _1534_/D (sky130_fd_sc_hd__dfxtp_2)
                                              2.750021   data arrival time

                                  0.000000    0.000000   clock clk (rise edge)
                                  0.000000    0.000000   clock source latency
   134    0.531548    2.377944    1.752601    1.752601 ^ clk (in)
                                                         clk (net)
                      2.391254    0.000000    1.752601 ^ _1534_/CLK (sky130_fd_sc_hd__dfxtp_2)
                                  0.250000    2.002601   clock uncertainty
                                  0.000000    2.002601   clock reconvergence pessimism
                                  0.208813    2.211414   library hold time
                                              2.211414   data required time
---------------------------------------------------------------------------------------------
                                              2.211414   data required time
                                             -2.750021   data arrival time
---------------------------------------------------------------------------------------------
                                              0.538606   slack (MET)


Startpoint: _1540_ (rising edge-triggered flip-flop clocked by clk)
Endpoint: _1542_ (rising edge-triggered flip-flop clocked by clk)
Path Group: clk
Path Type: min

Fanout         Cap        Slew       Delay        Time   Description
---------------------------------------------------------------------------------------------
                                  0.000000    0.000000   clock clk (rise edge)
                                  0.000000    0.000000   clock source latency
   134    0.531548    2.377944    1.585448    1.585448 ^ clk (in)
                                                         clk (net)
                      2.391206    0.000000    1.585448 ^ _1540_/CLK (sky130_fd_sc_hd__dfxtp_2)
     1    0.002428    0.029547    0.608174    2.193622 ^ _1540_/Q (sky130_fd_sc_hd__dfxtp_2)
                                                         u_top.RV32I_Logic.Single_Cycle_Datapath.pcREG.q[10] (net)
                      0.029547    0.000006    2.193629 ^ _1838_/A (sky130_fd_sc_hd__buf_2)
     3    0.007106    0.045260    0.096128    2.289756 ^ _1838_/X (sky130_fd_sc_hd__buf_2)
                                                         _0630_ (net)
                      0.045260    0.000033    2.289789 ^ _1376_/B (sky130_fd_sc_hd__and4_2)
     7    0.029720    0.175172    0.303062    2.592852 ^ _1376_/X (sky130_fd_sc_hd__and4_2)
                                                         _0593_ (net)
                      0.175172    0.000247    2.593099 ^ _1380_/A2 (sky130_fd_sc_hd__a21oi_2)
     1    0.002074    0.031927    0.067469    2.660567 v _1380_/Y (sky130_fd_sc_hd__a21oi_2)
                                                         _0401_ (net)
                      0.031927    0.000004    2.660571 v _1963_/A (sky130_fd_sc_hd__buf_2)
     1    0.001881    0.021740    0.099382    2.759953 v _1963_/X (sky130_fd_sc_hd__buf_2)
                                                         _1050_ (net)
                      0.021740    0.000002    2.759954 v _1542_/D (sky130_fd_sc_hd__dfxtp_2)
                                              2.759954   data arrival time

                                  0.000000    0.000000   clock clk (rise edge)
                                  0.000000    0.000000   clock source latency
   134    0.531548    2.377944    1.756945    1.756945 ^ clk (in)
                                                         clk (net)
                      2.392060    0.000000    1.756945 ^ _1542_/CLK (sky130_fd_sc_hd__dfxtp_2)
                                  0.250000    2.006945   clock uncertainty
                                  0.000000    2.006945   clock reconvergence pessimism
                                  0.208979    2.215924   library hold time
                                              2.215924   data required time
---------------------------------------------------------------------------------------------
                                              2.215924   data required time
                                             -2.759954   data arrival time
---------------------------------------------------------------------------------------------
                                              0.544030   slack (MET)


Startpoint: _1572_ (rising edge-triggered flip-flop clocked by clk)
Endpoint: _1566_ (rising edge-triggered flip-flop clocked by clk)
Path Group: clk
Path Type: min

Fanout         Cap        Slew       Delay        Time   Description
---------------------------------------------------------------------------------------------
                                  0.000000    0.000000   clock clk (rise edge)
                                  0.000000    0.000000   clock source latency
   134    0.531548    2.377944    1.606320    1.606320 ^ clk (in)
                                                         clk (net)
                      2.395761    0.000000    1.606320 ^ _1572_/CLK (sky130_fd_sc_hd__dfrtp_2)
     1    0.002292    0.036875    0.632210    2.238530 ^ _1572_/Q (sky130_fd_sc_hd__dfrtp_2)
                                                         u_top.dataMemory.clear_last_pending (net)
                      0.036875    0.000005    2.238535 ^ _1698_/A (sky130_fd_sc_hd__buf_2)
     4    0.017997    0.094357    0.134263    2.372797 ^ _1698_/X (sky130_fd_sc_hd__buf_2)
                                                         _0661_ (net)
                      0.094357    0.000081    2.372878 ^ _1109_/A (sky130_fd_sc_hd__nor2_2)
     6    0.016721    0.052868    0.071790    2.444668 v _1109_/Y (sky130_fd_sc_hd__nor2_2)
                                                         _0455_ (net)
                      0.052868    0.000066    2.444734 v _1116_/A2 (sky130_fd_sc_hd__a32o_2)
     1    0.002191    0.035837    0.243517    2.688251 v _1116_/X (sky130_fd_sc_hd__a32o_2)
                                                         _0425_ (net)
                      0.035837    0.000006    2.688257 v _1712_/A (sky130_fd_sc_hd__buf_2)
     1    0.002209    0.022565    0.102113    2.790370 v _1712_/X (sky130_fd_sc_hd__buf_2)
                                                         _1074_ (net)
                      0.022565    0.000003    2.790373 v _1566_/D (sky130_fd_sc_hd__dfrtp_2)
                                              2.790373   data arrival time

                                  0.000000    0.000000   clock clk (rise edge)
                                  0.000000    0.000000   clock source latency
   134    0.531548    2.377944    1.776074    1.776074 ^ clk (in)
                                                         clk (net)
                      2.395904    0.000000    1.776074 ^ _1566_/CLK (sky130_fd_sc_hd__dfrtp_2)
                                  0.250000    2.026074   clock uncertainty
                                  0.000000    2.026074   clock reconvergence pessimism
                                  0.219884    2.245959   library hold time
                                              2.245959   data required time
---------------------------------------------------------------------------------------------
                                              2.245959   data required time
                                             -2.790373   data arrival time
---------------------------------------------------------------------------------------------
                                              0.544415   slack (MET)


Startpoint: _1572_ (rising edge-triggered flip-flop clocked by clk)
Endpoint: _1563_ (rising edge-triggered flip-flop clocked by clk)
Path Group: clk
Path Type: min

Fanout         Cap        Slew       Delay        Time   Description
---------------------------------------------------------------------------------------------
                                  0.000000    0.000000   clock clk (rise edge)
                                  0.000000    0.000000   clock source latency
   134    0.531548    2.377944    1.606320    1.606320 ^ clk (in)
                                                         clk (net)
                      2.395761    0.000000    1.606320 ^ _1572_/CLK (sky130_fd_sc_hd__dfrtp_2)
     1    0.002292    0.036875    0.632210    2.238530 ^ _1572_/Q (sky130_fd_sc_hd__dfrtp_2)
                                                         u_top.dataMemory.clear_last_pending (net)
                      0.036875    0.000005    2.238535 ^ _1698_/A (sky130_fd_sc_hd__buf_2)
     4    0.017997    0.094357    0.134263    2.372797 ^ _1698_/X (sky130_fd_sc_hd__buf_2)
                                                         _0661_ (net)
                      0.094357    0.000081    2.372878 ^ _1109_/A (sky130_fd_sc_hd__nor2_2)
     6    0.016721    0.052868    0.071790    2.444668 v _1109_/Y (sky130_fd_sc_hd__nor2_2)
                                                         _0455_ (net)
                      0.052868    0.000034    2.444703 v _1122_/A2 (sky130_fd_sc_hd__a32o_2)
     1    0.002112    0.035984    0.243144    2.687847 v _1122_/X (sky130_fd_sc_hd__a32o_2)
                                                         _0422_ (net)
                      0.035984    0.000005    2.687852 v _1718_/A (sky130_fd_sc_hd__buf_2)
     1    0.002307    0.022814    0.102509    2.790361 v _1718_/X (sky130_fd_sc_hd__buf_2)
                                                         _1071_ (net)
                      0.022814    0.000005    2.790366 v _1563_/D (sky130_fd_sc_hd__dfrtp_2)
                                              2.790366   data arrival time

                                  0.000000    0.000000   clock clk (rise edge)
                                  0.000000    0.000000   clock source latency
   134    0.531548    2.377944    1.775720    1.775720 ^ clk (in)
                                                         clk (net)
                      2.395828    0.000000    1.775720 ^ _1563_/CLK (sky130_fd_sc_hd__dfrtp_2)
                                  0.250000    2.025720   clock uncertainty
                                  0.000000    2.025720   clock reconvergence pessimism
                                  0.219782    2.245502   library hold time
                                              2.245502   data required time
---------------------------------------------------------------------------------------------
                                              2.245502   data required time
                                             -2.790366   data arrival time
---------------------------------------------------------------------------------------------
                                              0.544863   slack (MET)


Startpoint: _1572_ (rising edge-triggered flip-flop clocked by clk)
Endpoint: _1565_ (rising edge-triggered flip-flop clocked by clk)
Path Group: clk
Path Type: min

Fanout         Cap        Slew       Delay        Time   Description
---------------------------------------------------------------------------------------------
                                  0.000000    0.000000   clock clk (rise edge)
                                  0.000000    0.000000   clock source latency
   134    0.531548    2.377944    1.606320    1.606320 ^ clk (in)
                                                         clk (net)
                      2.395761    0.000000    1.606320 ^ _1572_/CLK (sky130_fd_sc_hd__dfrtp_2)
     1    0.002292    0.036875    0.632210    2.238530 ^ _1572_/Q (sky130_fd_sc_hd__dfrtp_2)
                                                         u_top.dataMemory.clear_last_pending (net)
                      0.036875    0.000005    2.238535 ^ _1698_/A (sky130_fd_sc_hd__buf_2)
     4    0.017997    0.094357    0.134263    2.372797 ^ _1698_/X (sky130_fd_sc_hd__buf_2)
                                                         _0661_ (net)
                      0.094357    0.000081    2.372878 ^ _1109_/A (sky130_fd_sc_hd__nor2_2)
     6    0.016721    0.052868    0.071790    2.444668 v _1109_/Y (sky130_fd_sc_hd__nor2_2)
                                                         _0455_ (net)
                      0.052868    0.000051    2.444719 v _1118_/A2 (sky130_fd_sc_hd__a32o_2)
     1    0.002190    0.035842    0.243511    2.688231 v _1118_/X (sky130_fd_sc_hd__a32o_2)
                                                         _0424_ (net)
                      0.035842    0.000006    2.688237 v _1714_/A (sky130_fd_sc_hd__buf_2)
     1    0.002432    0.022568    0.102884    2.791121 v _1714_/X (sky130_fd_sc_hd__buf_2)
                                                         _1073_ (net)
                      0.022568    0.000007    2.791127 v _1565_/D (sky130_fd_sc_hd__dfrtp_2)
                                              2.791127   data arrival time

                                  0.000000    0.000000   clock clk (rise edge)
                                  0.000000    0.000000   clock source latency
   134    0.531548    2.377944    1.775912    1.775912 ^ clk (in)
                                                         clk (net)
                      2.395869    0.000000    1.775912 ^ _1565_/CLK (sky130_fd_sc_hd__dfrtp_2)
                                  0.250000    2.025912   clock uncertainty
                                  0.000000    2.025912   clock reconvergence pessimism
                                  0.219880    2.245792   library hold time
                                              2.245792   data required time
---------------------------------------------------------------------------------------------
                                              2.245792   data required time
                                             -2.791127   data arrival time
---------------------------------------------------------------------------------------------
                                              0.545335   slack (MET)


Startpoint: _1572_ (rising edge-triggered flip-flop clocked by clk)
Endpoint: _1567_ (rising edge-triggered flip-flop clocked by clk)
Path Group: clk
Path Type: min

Fanout         Cap        Slew       Delay        Time   Description
---------------------------------------------------------------------------------------------
                                  0.000000    0.000000   clock clk (rise edge)
                                  0.000000    0.000000   clock source latency
   134    0.531548    2.377944    1.606320    1.606320 ^ clk (in)
                                                         clk (net)
                      2.395761    0.000000    1.606320 ^ _1572_/CLK (sky130_fd_sc_hd__dfrtp_2)
     1    0.002292    0.036875    0.632210    2.238530 ^ _1572_/Q (sky130_fd_sc_hd__dfrtp_2)
                                                         u_top.dataMemory.clear_last_pending (net)
                      0.036875    0.000005    2.238535 ^ _1698_/A (sky130_fd_sc_hd__buf_2)
     4    0.017997    0.094357    0.134263    2.372797 ^ _1698_/X (sky130_fd_sc_hd__buf_2)
                                                         _0661_ (net)
                      0.094357    0.000081    2.372878 ^ _1109_/A (sky130_fd_sc_hd__nor2_2)
     6    0.016721    0.052868    0.071790    2.444668 v _1109_/Y (sky130_fd_sc_hd__nor2_2)
                                                         _0455_ (net)
                      0.052868    0.000071    2.444740 v _1114_/A2 (sky130_fd_sc_hd__a32o_2)
     1    0.002283    0.036617    0.243948    2.688688 v _1114_/X (sky130_fd_sc_hd__a32o_2)
                                                         _0426_ (net)
                      0.036617    0.000006    2.688694 v _1710_/A (sky130_fd_sc_hd__buf_2)
     1    0.002404    0.022504    0.103103    2.791797 v _1710_/X (sky130_fd_sc_hd__buf_2)
                                                         _1075_ (net)
                      0.022504    0.000006    2.791803 v _1567_/D (sky130_fd_sc_hd__dfrtp_2)
                                              2.791803   data arrival time

                                  0.000000    0.000000   clock clk (rise edge)
                                  0.000000    0.000000   clock source latency
   134    0.531548    2.377944    1.776205    1.776205 ^ clk (in)
                                                         clk (net)
                      2.395931    0.000000    1.776205 ^ _1567_/CLK (sky130_fd_sc_hd__dfrtp_2)
                                  0.250000    2.026205   clock uncertainty
                                  0.000000    2.026205   clock reconvergence pessimism
                                  0.219910    2.246115   library hold time
                                              2.246115   data required time
---------------------------------------------------------------------------------------------
                                              2.246115   data required time
                                             -2.791803   data arrival time
---------------------------------------------------------------------------------------------
                                              0.545687   slack (MET)


Startpoint: _1552_ (rising edge-triggered flip-flop clocked by clk)
Endpoint: _1553_ (rising edge-triggered flip-flop clocked by clk)
Path Group: clk
Path Type: min

Fanout         Cap        Slew       Delay        Time   Description
---------------------------------------------------------------------------------------------
                                  0.000000    0.000000   clock clk (rise edge)
                                  0.000000    0.000000   clock source latency
   134    0.531548    2.377944    1.599131    1.599131 ^ clk (in)
                                                         clk (net)
                      2.394113    0.000000    1.599131 ^ _1552_/CLK (sky130_fd_sc_hd__dfxtp_2)
     1    0.001903    0.021249    0.580246    2.179377 v _1552_/Q (sky130_fd_sc_hd__dfxtp_2)
                                                         u_top.RV32I_Logic.Single_Cycle_Datapath.pcREG.q[22] (net)
                      0.021249    0.000002    2.179379 v _1779_/A (sky130_fd_sc_hd__buf_2)
     7    0.024712    0.069046    0.144831    2.324211 v _1779_/X (sky130_fd_sc_hd__buf_2)
                                                         _0642_ (net)
                      0.069046    0.000110    2.324321 v _1408_/A1 (sky130_fd_sc_hd__a21o_2)
     1    0.001586    0.028118    0.175156    2.499477 v _1408_/X (sky130_fd_sc_hd__a21o_2)
                                                         _0613_ (net)
                      0.028118    0.000001    2.499478 v _1410_/C (sky130_fd_sc_hd__and3b_2)
     1    0.002378    0.032846    0.182089    2.681567 v _1410_/X (sky130_fd_sc_hd__and3b_2)
                                                         _0412_ (net)
                      0.032846    0.000008    2.681575 v _1974_/A (sky130_fd_sc_hd__buf_2)
     1    0.002086    0.022259    0.100464    2.782038 v _1974_/X (sky130_fd_sc_hd__buf_2)
                                                         _1061_ (net)
                      0.022259    0.000004    2.782042 v _1553_/D (sky130_fd_sc_hd__dfxtp_2)
                                              2.782042   data arrival time

                                  0.000000    0.000000   clock clk (rise edge)
                                  0.000000    0.000000   clock source latency
   134    0.531548    2.377944    1.768122    1.768122 ^ clk (in)
                                                         clk (net)
                      2.394247    0.000000    1.768122 ^ _1553_/CLK (sky130_fd_sc_hd__dfxtp_2)
                                  0.250000    2.018122   clock uncertainty
                                  0.000000    2.018122   clock reconvergence pessimism
                                  0.208936    2.227059   library hold time
                                              2.227059   data required time
---------------------------------------------------------------------------------------------
                                              2.227059   data required time
                                             -2.782042   data arrival time
---------------------------------------------------------------------------------------------
                                              0.554983   slack (MET)


Startpoint: _1549_ (rising edge-triggered flip-flop clocked by clk)
Endpoint: _1550_ (rising edge-triggered flip-flop clocked by clk)
Path Group: clk
Path Type: min

Fanout         Cap        Slew       Delay        Time   Description
---------------------------------------------------------------------------------------------
                                  0.000000    0.000000   clock clk (rise edge)
                                  0.000000    0.000000   clock source latency
   134    0.531548    2.377944    1.597809    1.597809 ^ clk (in)
                                                         clk (net)
                      2.393819    0.000000    1.597809 ^ _1549_/CLK (sky130_fd_sc_hd__dfxtp_2)
     1    0.001998    0.021493    0.580548    2.178356 v _1549_/Q (sky130_fd_sc_hd__dfxtp_2)
                                                         u_top.RV32I_Logic.Single_Cycle_Datapath.pcREG.q[19] (net)
                      0.021493    0.000003    2.178360 v _1764_/A (sky130_fd_sc_hd__buf_2)
     8    0.027267    0.074481    0.149423    2.327783 v _1764_/X (sky130_fd_sc_hd__buf_2)
                                                         _0639_ (net)
                      0.074481    0.000124    2.327907 v _1400_/A1 (sky130_fd_sc_hd__a21o_2)
     1    0.001784    0.028723    0.178109    2.506016 v _1400_/X (sky130_fd_sc_hd__a21o_2)
                                                         _0608_ (net)
                      0.028723    0.000003    2.506019 v _1402_/C (sky130_fd_sc_hd__and3b_2)
     1    0.001854    0.031865    0.179831    2.685850 v _1402_/X (sky130_fd_sc_hd__and3b_2)
                                                         _0409_ (net)
                      0.031865    0.000002    2.685852 v _1971_/A (sky130_fd_sc_hd__buf_2)
     1    0.001746    0.021393    0.098887    2.784738 v _1971_/X (sky130_fd_sc_hd__buf_2)
                                                         _1058_ (net)
                      0.021393    0.000000    2.784739 v _1550_/D (sky130_fd_sc_hd__dfxtp_2)
                                              2.784739   data arrival time

                                  0.000000    0.000000   clock clk (rise edge)
                                  0.000000    0.000000   clock source latency
   134    0.531548    2.377944    1.764814    1.764814 ^ clk (in)
                                                         clk (net)
                      2.393583    0.000000    1.764814 ^ _1550_/CLK (sky130_fd_sc_hd__dfxtp_2)
                                  0.250000    2.014814   clock uncertainty
                                  0.000000    2.014814   clock reconvergence pessimism
                                  0.209235    2.224049   library hold time
                                              2.224049   data required time
---------------------------------------------------------------------------------------------
                                              2.224049   data required time
                                             -2.784739   data arrival time
---------------------------------------------------------------------------------------------
                                              0.560690   slack (MET)


Startpoint: _1546_ (rising edge-triggered flip-flop clocked by clk)
Endpoint: _1547_ (rising edge-triggered flip-flop clocked by clk)
Path Group: clk
Path Type: min

Fanout         Cap        Slew       Delay        Time   Description
---------------------------------------------------------------------------------------------
                                  0.000000    0.000000   clock clk (rise edge)
                                  0.000000    0.000000   clock source latency
   134    0.531548    2.377944    1.593231    1.593231 ^ clk (in)
                                                         clk (net)
                      2.392823    0.000000    1.593231 ^ _1546_/CLK (sky130_fd_sc_hd__dfxtp_2)
     1    0.001871    0.021165    0.580014    2.173245 v _1546_/Q (sky130_fd_sc_hd__dfxtp_2)
                                                         u_top.RV32I_Logic.Single_Cycle_Datapath.pcREG.q[16] (net)
                      0.021165    0.000002    2.173247 v _1749_/A (sky130_fd_sc_hd__buf_2)
     8    0.029833    0.079917    0.153899    2.327146 v _1749_/X (sky130_fd_sc_hd__buf_2)
                                                         _0636_ (net)
                      0.079917    0.000147    2.327293 v _1392_/A1 (sky130_fd_sc_hd__a21o_2)
     1    0.001834    0.028868    0.180413    2.507706 v _1392_/X (sky130_fd_sc_hd__a21o_2)
                                                         _0603_ (net)
                      0.028868    0.000004    2.507710 v _1394_/C (sky130_fd_sc_hd__and3b_2)
     1    0.001987    0.032286    0.180527    2.688237 v _1394_/X (sky130_fd_sc_hd__and3b_2)
                                                         _0406_ (net)
                      0.032286    0.000004    2.688240 v _1968_/A (sky130_fd_sc_hd__buf_2)
     1    0.001949    0.021912    0.099764    2.788004 v _1968_/X (sky130_fd_sc_hd__buf_2)
                                                         _1055_ (net)
                      0.021912    0.000002    2.788006 v _1547_/D (sky130_fd_sc_hd__dfxtp_2)
                                              2.788006   data arrival time

                                  0.000000    0.000000   clock clk (rise edge)
                                  0.000000    0.000000   clock source latency
   134    0.531548    2.377944    1.762939    1.762939 ^ clk (in)
                                                         clk (net)
                      2.393212    0.000000    1.762939 ^ _1547_/CLK (sky130_fd_sc_hd__dfxtp_2)
                                  0.250000    2.012939   clock uncertainty
                                  0.000000    2.012939   clock reconvergence pessimism
                                  0.208997    2.221937   library hold time
                                              2.221937   data required time
---------------------------------------------------------------------------------------------
                                              2.221937   data required time
                                             -2.788006   data arrival time
---------------------------------------------------------------------------------------------
                                              0.566070   slack (MET)


Startpoint: _1572_ (rising edge-triggered flip-flop clocked by clk)
Endpoint: _1562_ (rising edge-triggered flip-flop clocked by clk)
Path Group: clk
Path Type: min

Fanout         Cap        Slew       Delay        Time   Description
---------------------------------------------------------------------------------------------
                                  0.000000    0.000000   clock clk (rise edge)
                                  0.000000    0.000000   clock source latency
   134    0.531548    2.377944    1.606320    1.606320 ^ clk (in)
                                                         clk (net)
                      2.395761    0.000000    1.606320 ^ _1572_/CLK (sky130_fd_sc_hd__dfrtp_2)
     1    0.002292    0.036875    0.632210    2.238530 ^ _1572_/Q (sky130_fd_sc_hd__dfrtp_2)
                                                         u_top.dataMemory.clear_last_pending (net)
                      0.036875    0.000005    2.238535 ^ _1698_/A (sky130_fd_sc_hd__buf_2)
     4    0.017997    0.094357    0.134263    2.372797 ^ _1698_/X (sky130_fd_sc_hd__buf_2)
                                                         _0661_ (net)
                      0.094357    0.000081    2.372878 ^ _1109_/A (sky130_fd_sc_hd__nor2_2)
     6    0.016721    0.052868    0.071790    2.444668 v _1109_/Y (sky130_fd_sc_hd__nor2_2)
                                                         _0455_ (net)
                      0.052868    0.000010    2.444678 v _1125_/A0 (sky130_fd_sc_hd__mux2_1)
     1    0.002366    0.053513    0.261108    2.705786 v _1125_/X (sky130_fd_sc_hd__mux2_1)
                                                         _0421_ (net)
                      0.053513    0.000006    2.705793 v _1720_/A (sky130_fd_sc_hd__buf_2)
     1    0.002576    0.022829    0.110604    2.816397 v _1720_/X (sky130_fd_sc_hd__buf_2)
                                                         _1070_ (net)
                      0.022829    0.000006    2.816403 v _1562_/D (sky130_fd_sc_hd__dfrtp_2)
                                              2.816403   data arrival time

                                  0.000000    0.000000   clock clk (rise edge)
                                  0.000000    0.000000   clock source latency
   134    0.531548    2.377944    1.775238    1.775238 ^ clk (in)
                                                         clk (net)
                      2.395725    0.000000    1.775238 ^ _1562_/CLK (sky130_fd_sc_hd__dfrtp_2)
                                  0.250000    2.025238   clock uncertainty
                                  0.000000    2.025238   clock reconvergence pessimism
                                  0.219768    2.245007   library hold time
                                              2.245007   data required time
---------------------------------------------------------------------------------------------
                                              2.245007   data required time
                                             -2.816403   data arrival time
---------------------------------------------------------------------------------------------
                                              0.571397   slack (MET)


Startpoint: _1573_ (rising edge-triggered flip-flop clocked by clk)
Endpoint: u_top.dataMemory.sram_even_words
          (falling edge-triggered flip-flop clocked by clk)
Path Group: clk
Path Type: min

Fanout         Cap        Slew       Delay        Time   Description
---------------------------------------------------------------------------------------------
                                  0.000000    0.000000   clock clk (rise edge)
                                  0.000000    0.000000   clock source latency
   134    0.531548    2.377944    1.605558    1.605558 ^ clk (in)
                                                         clk (net)
                      2.395582    0.000000    1.605558 ^ _1573_/CLK (sky130_fd_sc_hd__dfstp_2)
     3    0.108344    0.244928    0.803940    2.409498 v _1573_/Q (sky130_fd_sc_hd__dfstp_2)
                                                         u_top.dataMemory.clear_active (net)
                      0.329387    0.016487    2.425985 v u_top.dataMemory.sram_even_words/csb1 (sky130_sram_2kbyte_1rw1r_32x512_8)
                                              2.425985   data arrival time

                                  0.000000    0.000000   clock clk (rise edge)
                                  0.000000    0.000000   clock source latency
   134    0.531548    2.377944    1.658643    1.658643 ^ clk (in)
                                                         clk (net)
                      3.173061    0.000000    1.658643 ^ u_top.dataMemory.sram_even_words/clk1 (sky130_sram_2kbyte_1rw1r_32x512_8)
                                  0.250000    1.908643   clock uncertainty
                                  0.000000    1.908643   clock reconvergence pessimism
                                 -0.056000    1.852643   library hold time
                                              1.852643   data required time
---------------------------------------------------------------------------------------------
                                              1.852643   data required time
                                             -2.425985   data arrival time
---------------------------------------------------------------------------------------------
                                              0.573342   slack (MET)


Startpoint: _1555_ (rising edge-triggered flip-flop clocked by clk)
Endpoint: _1556_ (rising edge-triggered flip-flop clocked by clk)
Path Group: clk
Path Type: min

Fanout         Cap        Slew       Delay        Time   Description
---------------------------------------------------------------------------------------------
                                  0.000000    0.000000   clock clk (rise edge)
                                  0.000000    0.000000   clock source latency
   134    0.531548    2.377944    1.591683    1.591683 ^ clk (in)
                                                         clk (net)
                      2.392493    0.000000    1.591683 ^ _1555_/CLK (sky130_fd_sc_hd__dfxtp_2)
     1    0.001961    0.021397    0.580297    2.171980 v _1555_/Q (sky130_fd_sc_hd__dfxtp_2)
                                                         u_top.RV32I_Logic.Single_Cycle_Datapath.pcREG.q[25] (net)
                      0.021397    0.000003    2.171983 v _1794_/A (sky130_fd_sc_hd__buf_2)
    10    0.032560    0.085754    0.158834    2.330817 v _1794_/X (sky130_fd_sc_hd__buf_2)
                                                         _0645_ (net)
                      0.085754    0.000147    2.330964 v _1416_/A1 (sky130_fd_sc_hd__a21o_2)
     1    0.001728    0.028524    0.182188    2.513153 v _1416_/X (sky130_fd_sc_hd__a21o_2)
                                                         _0618_ (net)
                      0.028524    0.000002    2.513155 v _1418_/C (sky130_fd_sc_hd__and3b_2)
     1    0.002108    0.032672    0.180963    2.694118 v _1418_/X (sky130_fd_sc_hd__and3b_2)
                                                         _0415_ (net)
                      0.032672    0.000004    2.694121 v _1977_/A (sky130_fd_sc_hd__buf_2)
     1    0.002079    0.022242    0.100368    2.794489 v _1977_/X (sky130_fd_sc_hd__buf_2)
                                                         _1064_ (net)
                      0.022242    0.000003    2.794492 v _1556_/D (sky130_fd_sc_hd__dfxtp_2)
                                              2.794492   data arrival time

                                  0.000000    0.000000   clock clk (rise edge)
                                  0.000000    0.000000   clock source latency
   134    0.531548    2.377944    1.759345    1.759345 ^ clk (in)
                                                         clk (net)
                      2.392516    0.000000    1.759345 ^ _1556_/CLK (sky130_fd_sc_hd__dfxtp_2)
                                  0.250000    2.009345   clock uncertainty
                                  0.000000    2.009345   clock reconvergence pessimism
                                  0.208812    2.218156   library hold time
                                              2.218156   data required time
---------------------------------------------------------------------------------------------
                                              2.218156   data required time
                                             -2.794492   data arrival time
---------------------------------------------------------------------------------------------
                                              0.576336   slack (MET)


Startpoint: _1573_ (rising edge-triggered flip-flop clocked by clk)
Endpoint: u_top.dataMemory.sram_odd_words
          (falling edge-triggered flip-flop clocked by clk)
Path Group: clk
Path Type: min

Fanout         Cap        Slew       Delay        Time   Description
---------------------------------------------------------------------------------------------
                                  0.000000    0.000000   clock clk (rise edge)
                                  0.000000    0.000000   clock source latency
   134    0.531548    2.377944    1.605558    1.605558 ^ clk (in)
                                                         clk (net)
                      2.395582    0.000000    1.605558 ^ _1573_/CLK (sky130_fd_sc_hd__dfstp_2)
     3    0.108344    0.244928    0.803940    2.409498 v _1573_/Q (sky130_fd_sc_hd__dfstp_2)
                                                         u_top.dataMemory.clear_active (net)
                      0.331220    0.021496    2.430994 v u_top.dataMemory.sram_odd_words/csb1 (sky130_sram_2kbyte_1rw1r_32x512_8)
                                              2.430994   data arrival time

                                  0.000000    0.000000   clock clk (rise edge)
                                  0.000000    0.000000   clock source latency
   134    0.531548    2.377944    1.651492    1.651492 ^ clk (in)
                                                         clk (net)
                      3.172489    0.000000    1.651492 ^ u_top.dataMemory.sram_odd_words/clk1 (sky130_sram_2kbyte_1rw1r_32x512_8)
                                  0.250000    1.901492   clock uncertainty
                                  0.000000    1.901492   clock reconvergence pessimism
                                 -0.056000    1.845492   library hold time
                                              1.845492   data required time
---------------------------------------------------------------------------------------------
                                              1.845492   data required time
                                             -2.430994   data arrival time
---------------------------------------------------------------------------------------------
                                              0.585502   slack (MET)


Startpoint: _1532_ (rising edge-triggered flip-flop clocked by clk)
Endpoint: _1532_ (rising edge-triggered flip-flop clocked by clk)
Path Group: clk
Path Type: min

Fanout         Cap        Slew       Delay        Time   Description
---------------------------------------------------------------------------------------------
                                  0.000000    0.000000   clock clk (rise edge)
                                  0.000000    0.000000   clock source latency
   134    0.531548    2.377944    1.587606    1.587606 ^ clk (in)
                                                         clk (net)
                      2.391644    0.000000    1.587606 ^ _1532_/CLK (sky130_fd_sc_hd__dfxtp_2)
     1    0.002056    0.027897    0.606585    2.194191 ^ _1532_/Q (sky130_fd_sc_hd__dfxtp_2)
                                                         u_top.RV32I_Logic.Single_Cycle_Datapath.pcREG.q[2] (net)
                      0.027897    0.000003    2.194193 ^ _1830_/A (sky130_fd_sc_hd__buf_2)
     6    0.018810    0.098131    0.133614    2.327807 ^ _1830_/X (sky130_fd_sc_hd__buf_2)
                                                         _0650_ (net)
                      0.098131    0.000063    2.327870 ^ _1354_/A_N (sky130_fd_sc_hd__and2b_2)
     1    0.002135    0.033338    0.203874    2.531745 v _1354_/X (sky130_fd_sc_hd__and2b_2)
                                                         _0391_ (net)
                      0.033338    0.000005    2.531749 v _1953_/A (sky130_fd_sc_hd__buf_2)
     1    0.002169    0.022005    0.100952    2.632702 v _1953_/X (sky130_fd_sc_hd__buf_2)
                                                         _1040_ (net)
                      0.022005    0.000005    2.632707 v _1532_/D (sky130_fd_sc_hd__dfxtp_2)
                                              2.632707   data arrival time

                                  0.000000    0.000000   clock clk (rise edge)
                                  0.000000    0.000000   clock source latency
   134    0.531548    2.377944    1.754722    1.754722 ^ clk (in)
                                                         clk (net)
                      2.391644    0.000000    1.754722 ^ _1532_/CLK (sky130_fd_sc_hd__dfxtp_2)
                                  0.250000    2.004722   clock uncertainty
                                 -0.167116    1.837606   clock reconvergence pessimism
                                  0.208841    2.046446   library hold time
                                              2.046446   data required time
---------------------------------------------------------------------------------------------
                                              2.046446   data required time
                                             -2.632707   data arrival time
---------------------------------------------------------------------------------------------
                                              0.586261   slack (MET)


Startpoint: _1572_ (rising edge-triggered flip-flop clocked by clk)
Endpoint: _1572_ (rising edge-triggered flip-flop clocked by clk)
Path Group: clk
Path Type: min

Fanout         Cap        Slew       Delay        Time   Description
---------------------------------------------------------------------------------------------
                                  0.000000    0.000000   clock clk (rise edge)
                                  0.000000    0.000000   clock source latency
   134    0.531548    2.377944    1.606320    1.606320 ^ clk (in)
                                                         clk (net)
                      2.395761    0.000000    1.606320 ^ _1572_/CLK (sky130_fd_sc_hd__dfrtp_2)
     1    0.002132    0.037224    0.655365    2.261685 v _1572_/Q (sky130_fd_sc_hd__dfrtp_2)
                                                         u_top.dataMemory.clear_last_pending (net)
                      0.037224    0.000004    2.261690 v _1698_/A (sky130_fd_sc_hd__buf_2)
     4    0.016577    0.052121    0.136922    2.398612 v _1698_/X (sky130_fd_sc_hd__buf_2)
                                                         _0661_ (net)
                      0.052121    0.000039    2.398651 v _1102_/A1 (sky130_fd_sc_hd__o21a_2)
     1    0.001903    0.021607    0.190116    2.588767 v _1102_/X (sky130_fd_sc_hd__o21a_2)
                                                         _0431_ (net)
                      0.021607    0.000002    2.588769 v _1700_/A (sky130_fd_sc_hd__buf_2)
     1    0.002179    0.022534    0.096231    2.685000 v _1700_/X (sky130_fd_sc_hd__buf_2)
                                                         _1080_ (net)
                      0.022534    0.000002    2.685002 v _1572_/D (sky130_fd_sc_hd__dfrtp_2)
                                              2.685002   data arrival time

                                  0.000000    0.000000   clock clk (rise edge)
                                  0.000000    0.000000   clock source latency
   134    0.531548    2.377944    1.775406    1.775406 ^ clk (in)
                                                         clk (net)
                      2.395761    0.000000    1.775406 ^ _1572_/CLK (sky130_fd_sc_hd__dfrtp_2)
                                  0.250000    2.025406   clock uncertainty
                                 -0.169086    1.856320   clock reconvergence pessimism
                                  0.219885    2.076205   library hold time
                                              2.076205   data required time
---------------------------------------------------------------------------------------------
                                              2.076205   data required time
                                             -2.685002   data arrival time
---------------------------------------------------------------------------------------------
                                              0.608797   slack (MET)


Startpoint: _1534_ (rising edge-triggered flip-flop clocked by clk)
Endpoint: _1535_ (rising edge-triggered flip-flop clocked by clk)
Path Group: clk
Path Type: min

Fanout         Cap        Slew       Delay        Time   Description
---------------------------------------------------------------------------------------------
                                  0.000000    0.000000   clock clk (rise edge)
                                  0.000000    0.000000   clock source latency
   134    0.531548    2.377944    1.585687    1.585687 ^ clk (in)
                                                         clk (net)
                      2.391254    0.000000    1.585687 ^ _1534_/CLK (sky130_fd_sc_hd__dfxtp_2)
     1    0.002469    0.028966    0.608359    2.194046 ^ _1534_/Q (sky130_fd_sc_hd__dfxtp_2)
                                                         u_top.RV32I_Logic.Single_Cycle_Datapath.pcREG.q[4] (net)
                      0.028966    0.000008    2.194053 ^ _1832_/A (sky130_fd_sc_hd__buf_2)
     3    0.006978    0.044698    0.095490    2.289543 ^ _1832_/X (sky130_fd_sc_hd__buf_2)
                                                         _0654_ (net)
                      0.044698    0.000030    2.289573 ^ _1361_/C (sky130_fd_sc_hd__and4_2)
     6    0.018968    0.124533    0.268207    2.557780 ^ _1361_/X (sky130_fd_sc_hd__and4_2)
                                                         _0584_ (net)
                      0.124533    0.000045    2.557826 ^ _1362_/A_N (sky130_fd_sc_hd__and3b_2)
     1    0.002019    0.032258    0.201853    2.759678 v _1362_/X (sky130_fd_sc_hd__and3b_2)
                                                         _0394_ (net)
                      0.032258    0.000003    2.759681 v _1956_/A (sky130_fd_sc_hd__buf_2)
     1    0.001934    0.021874    0.099700    2.859381 v _1956_/X (sky130_fd_sc_hd__buf_2)
                                                         _1043_ (net)
                      0.021874    0.000002    2.859384 v _1535_/D (sky130_fd_sc_hd__dfxtp_2)
                                              2.859384   data arrival time

                                  0.000000    0.000000   clock clk (rise edge)
                                  0.000000    0.000000   clock source latency
   134    0.531548    2.377944    1.752161    1.752161 ^ clk (in)
                                                         clk (net)
                      2.391174    0.000000    1.752161 ^ _1535_/CLK (sky130_fd_sc_hd__dfxtp_2)
                                  0.250000    2.002161   clock uncertainty
                                  0.000000    2.002161   clock reconvergence pessimism
                                  0.208858    2.211018   library hold time
                                              2.211018   data required time
---------------------------------------------------------------------------------------------
                                              2.211018   data required time
                                             -2.859384   data arrival time
---------------------------------------------------------------------------------------------
                                              0.648366   slack (MET)


Startpoint: _1555_ (rising edge-triggered flip-flop clocked by clk)
Endpoint: _1557_ (rising edge-triggered flip-flop clocked by clk)
Path Group: clk
Path Type: min

Fanout         Cap        Slew       Delay        Time   Description
---------------------------------------------------------------------------------------------
                                  0.000000    0.000000   clock clk (rise edge)
                                  0.000000    0.000000   clock source latency
   134    0.531548    2.377944    1.591683    1.591683 ^ clk (in)
                                                         clk (net)
                      2.392493    0.000000    1.591683 ^ _1555_/CLK (sky130_fd_sc_hd__dfxtp_2)
     1    0.002121    0.028185    0.606959    2.198642 ^ _1555_/Q (sky130_fd_sc_hd__dfxtp_2)
                                                         u_top.RV32I_Logic.Single_Cycle_Datapath.pcREG.q[25] (net)
                      0.028185    0.000003    2.198645 ^ _1794_/A (sky130_fd_sc_hd__buf_2)
    10    0.034637    0.171850    0.183448    2.382093 ^ _1794_/X (sky130_fd_sc_hd__buf_2)
                                                         _0645_ (net)
                      0.171850    0.000134    2.382228 ^ _1421_/A (sky130_fd_sc_hd__and3_2)
     2    0.007683    0.063715    0.208365    2.590593 ^ _1421_/X (sky130_fd_sc_hd__and3_2)
                                                         _0622_ (net)
                      0.063715    0.000015    2.590608 ^ _1422_/A_N (sky130_fd_sc_hd__and3b_2)
     1    0.001954    0.032178    0.185568    2.776176 v _1422_/X (sky130_fd_sc_hd__and3b_2)
                                                         _0416_ (net)
                      0.032178    0.000002    2.776179 v _1978_/A (sky130_fd_sc_hd__buf_2)
     1    0.001904    0.021796    0.099562    2.875741 v _1978_/X (sky130_fd_sc_hd__buf_2)
                                                         _1065_ (net)
                      0.021796    0.000002    2.875742 v _1557_/D (sky130_fd_sc_hd__dfxtp_2)
                                              2.875742   data arrival time

                                  0.000000    0.000000   clock clk (rise edge)
                                  0.000000    0.000000   clock source latency
   134    0.531548    2.377944    1.759539    1.759539 ^ clk (in)
                                                         clk (net)
                      2.392553    0.000000    1.759539 ^ _1557_/CLK (sky130_fd_sc_hd__dfxtp_2)
                                  0.250000    2.009539   clock uncertainty
                                  0.000000    2.009539   clock reconvergence pessimism
                                  0.208994    2.218534   library hold time
                                              2.218534   data required time
---------------------------------------------------------------------------------------------
                                              2.218534   data required time
                                             -2.875742   data arrival time
---------------------------------------------------------------------------------------------
                                              0.657209   slack (MET)


Startpoint: _1569_ (rising edge-triggered flip-flop clocked by clk)
Endpoint: u_top.dataMemory.sram_even_words
          (falling edge-triggered flip-flop clocked by clk)
Path Group: clk
Path Type: min

Fanout         Cap        Slew       Delay        Time   Description
---------------------------------------------------------------------------------------------
                                  0.000000    0.000000   clock clk (rise edge)
                                  0.000000    0.000000   clock source latency
   134    0.531548    2.377944    1.606537    1.606537 ^ clk (in)
                                                         clk (net)
                      2.395812    0.000000    1.606537 ^ _1569_/CLK (sky130_fd_sc_hd__dfrtp_2)
     1    0.002226    0.036559    0.631844    2.238380 ^ _1569_/Q (sky130_fd_sc_hd__dfrtp_2)
                                                         u_top.dataMemory.clear_word[7] (net)
                      0.036559    0.000004    2.238384 ^ _1705_/A (sky130_fd_sc_hd__buf_2)
     5    0.013683    0.074365    0.120574    2.358958 ^ _1705_/X (sky130_fd_sc_hd__buf_2)
                                                         _0669_ (net)
                      0.074365    0.000091    2.359050 ^ _1237_/A (sky130_fd_sc_hd__and2_2)
     1    0.003246    0.038699    0.128982    2.488032 ^ _1237_/X (sky130_fd_sc_hd__and2_2)
                                                         _0678_ (net)
                      0.038699    0.000023    2.488055 ^ _1856_/A (sky130_fd_sc_hd__buf_2)
     1    0.025816    0.130960    0.158723    2.646778 ^ _1856_/X (sky130_fd_sc_hd__buf_2)
                                                         u_top.dataMemory.s0_addr0[6] (net)
                      0.174680    0.001995    2.648772 ^ u_top.dataMemory.sram_even_words/addr0[6] (sky130_sram_2kbyte_1rw1r_32x512_8)
                                              2.648772   data arrival time

                                  0.000000    0.000000   clock clk (rise edge)
                                  0.000000    0.000000   clock source latency
   134    0.531548    2.377944    1.780817    1.780817 ^ clk (in)
                                                         clk (net)
                      3.195907    0.000000    1.780817 ^ u_top.dataMemory.sram_even_words/clk0 (sky130_sram_2kbyte_1rw1r_32x512_8)
                                  0.250000    2.030817   clock uncertainty
                                  0.000000    2.030817   clock reconvergence pessimism
                                 -0.056000    1.974816   library hold time
                                              1.974816   data required time
---------------------------------------------------------------------------------------------
                                              1.974816   data required time
                                             -2.648772   data arrival time
---------------------------------------------------------------------------------------------
                                              0.673956   slack (MET)


Startpoint: _1563_ (rising edge-triggered flip-flop clocked by clk)
Endpoint: u_top.dataMemory.sram_odd_words
          (falling edge-triggered flip-flop clocked by clk)
Path Group: clk
Path Type: min

Fanout         Cap        Slew       Delay        Time   Description
---------------------------------------------------------------------------------------------
                                  0.000000    0.000000   clock clk (rise edge)
                                  0.000000    0.000000   clock source latency
   134    0.531548    2.377944    1.606604    1.606604 ^ clk (in)
                                                         clk (net)
                      2.395828    0.000000    1.606604 ^ _1563_/CLK (sky130_fd_sc_hd__dfrtp_2)
     1    0.001965    0.036659    0.654490    2.261094 v _1563_/Q (sky130_fd_sc_hd__dfrtp_2)
                                                         u_top.dataMemory.clear_word[1] (net)
                      0.036659    0.000003    2.261097 v _1717_/A (sky130_fd_sc_hd__buf_2)
     6    0.017558    0.054116    0.138431    2.399528 v _1717_/X (sky130_fd_sc_hd__buf_2)
                                                         _0663_ (net)
                      0.054116    0.000075    2.399603 v _1091_/A (sky130_fd_sc_hd__nand2_2)
     3    0.018765    0.104304    0.102292    2.501894 ^ _1091_/Y (sky130_fd_sc_hd__nand2_2)
                                                         _0441_ (net)
                      0.104304    0.000078    2.501973 ^ _1222_/B (sky130_fd_sc_hd__nor2_2)
     1    0.004476    0.029825    0.042032    2.544005 v _1222_/Y (sky130_fd_sc_hd__nor2_2)
                                                         _0683_ (net)
                      0.029825    0.000046    2.544051 v _1840_/A (sky130_fd_sc_hd__buf_2)
     1    0.009589    0.038464    0.119540    2.663591 v _1840_/X (sky130_fd_sc_hd__buf_2)
                                                         u_top.dataMemory.s1_addr0[0] (net)
                      0.051286    0.000119    2.663710 v u_top.dataMemory.sram_odd_words/addr0[0] (sky130_sram_2kbyte_1rw1r_32x512_8)
                                              2.663710   data arrival time

                                  0.000000    0.000000   clock clk (rise edge)
                                  0.000000    0.000000   clock source latency
   134    0.531548    2.377944    1.776070    1.776070 ^ clk (in)
                                                         clk (net)
                      3.194537    0.000000    1.776070 ^ u_top.dataMemory.sram_odd_words/clk0 (sky130_sram_2kbyte_1rw1r_32x512_8)
                                  0.250000    2.026070   clock uncertainty
                                  0.000000    2.026070   clock reconvergence pessimism
                                 -0.056000    1.970070   library hold time
                                              1.970070   data required time
---------------------------------------------------------------------------------------------
                                              1.970070   data required time
                                             -2.663710   data arrival time
---------------------------------------------------------------------------------------------
                                              0.693640   slack (MET)


Startpoint: _1569_ (rising edge-triggered flip-flop clocked by clk)
Endpoint: u_top.dataMemory.sram_odd_words
          (falling edge-triggered flip-flop clocked by clk)
Path Group: clk
Path Type: min

Fanout         Cap        Slew       Delay        Time   Description
---------------------------------------------------------------------------------------------
                                  0.000000    0.000000   clock clk (rise edge)
                                  0.000000    0.000000   clock source latency
   134    0.531548    2.377944    1.606537    1.606537 ^ clk (in)
                                                         clk (net)
                      2.395812    0.000000    1.606537 ^ _1569_/CLK (sky130_fd_sc_hd__dfrtp_2)
     1    0.002226    0.036559    0.631844    2.238380 ^ _1569_/Q (sky130_fd_sc_hd__dfrtp_2)
                                                         u_top.dataMemory.clear_word[7] (net)
                      0.036559    0.000004    2.238384 ^ _1705_/A (sky130_fd_sc_hd__buf_2)
     5    0.013683    0.074365    0.120574    2.358958 ^ _1705_/X (sky130_fd_sc_hd__buf_2)
                                                         _0669_ (net)
                      0.074365    0.000012    2.358970 ^ _1228_/B (sky130_fd_sc_hd__and3_2)
     1    0.002975    0.042770    0.161061    2.520031 ^ _1228_/X (sky130_fd_sc_hd__and3_2)
                                                         _0689_ (net)
                      0.042770    0.000018    2.520049 ^ _1846_/A (sky130_fd_sc_hd__buf_2)
     1    0.021268    0.109717    0.146145    2.666194 ^ _1846_/X (sky130_fd_sc_hd__buf_2)
                                                         u_top.dataMemory.s1_addr0[6] (net)
                      0.146323    0.001305    2.667499 ^ u_top.dataMemory.sram_odd_words/addr0[6] (sky130_sram_2kbyte_1rw1r_32x512_8)
                                              2.667499   data arrival time

                                  0.000000    0.000000   clock clk (rise edge)
                                  0.000000    0.000000   clock source latency
   134    0.531548    2.377944    1.776070    1.776070 ^ clk (in)
                                                         clk (net)
                      3.194537    0.000000    1.776070 ^ u_top.dataMemory.sram_odd_words/clk0 (sky130_sram_2kbyte_1rw1r_32x512_8)
                                  0.250000    2.026070   clock uncertainty
                                  0.000000    2.026070   clock reconvergence pessimism
                                 -0.056000    1.970070   library hold time
                                              1.970070   data required time
---------------------------------------------------------------------------------------------
                                              1.970070   data required time
                                             -2.667499   data arrival time
---------------------------------------------------------------------------------------------
                                              0.697429   slack (MET)


Startpoint: _1570_ (rising edge-triggered flip-flop clocked by clk)
Endpoint: u_top.dataMemory.sram_even_words
          (falling edge-triggered flip-flop clocked by clk)
Path Group: clk
Path Type: min

Fanout         Cap        Slew       Delay        Time   Description
---------------------------------------------------------------------------------------------
                                  0.000000    0.000000   clock clk (rise edge)
                                  0.000000    0.000000   clock source latency
   134    0.531548    2.377944    1.606474    1.606474 ^ clk (in)
                                                         clk (net)
                      2.395797    0.000000    1.606474 ^ _1570_/CLK (sky130_fd_sc_hd__dfrtp_2)
     1    0.001929    0.035133    0.630169    2.236643 ^ _1570_/Q (sky130_fd_sc_hd__dfrtp_2)
                                                         u_top.dataMemory.clear_word[8] (net)
                      0.035133    0.000000    2.236644 ^ _1703_/A (sky130_fd_sc_hd__buf_2)
     6    0.019983    0.103585    0.139885    2.376530 ^ _1703_/X (sky130_fd_sc_hd__buf_2)
                                                         _0670_ (net)
                      0.103585    0.000123    2.376652 ^ _1238_/A (sky130_fd_sc_hd__and2_2)
     1    0.004139    0.042900    0.143275    2.519928 ^ _1238_/X (sky130_fd_sc_hd__and2_2)
                                                         _0679_ (net)
                      0.042900    0.000043    2.519971 ^ _1857_/A (sky130_fd_sc_hd__buf_2)
     1    0.024369    0.124198    0.155778    2.675749 ^ _1857_/X (sky130_fd_sc_hd__buf_2)
                                                         u_top.dataMemory.s0_addr0[7] (net)
                      0.165651    0.001754    2.677503 ^ u_top.dataMemory.sram_even_words/addr0[7] (sky130_sram_2kbyte_1rw1r_32x512_8)
                                              2.677503   data arrival time

                                  0.000000    0.000000   clock clk (rise edge)
                                  0.000000    0.000000   clock source latency
   134    0.531548    2.377944    1.780817    1.780817 ^ clk (in)
                                                         clk (net)
                      3.195907    0.000000    1.780817 ^ u_top.dataMemory.sram_even_words/clk0 (sky130_sram_2kbyte_1rw1r_32x512_8)
                                  0.250000    2.030817   clock uncertainty
                                  0.000000    2.030817   clock reconvergence pessimism
                                 -0.056000    1.974816   library hold time
                                              1.974816   data required time
---------------------------------------------------------------------------------------------
                                              1.974816   data required time
                                             -2.677503   data arrival time
---------------------------------------------------------------------------------------------
                                              0.702687   slack (MET)


Startpoint: _1567_ (rising edge-triggered flip-flop clocked by clk)
Endpoint: u_top.dataMemory.sram_odd_words
          (falling edge-triggered flip-flop clocked by clk)
Path Group: clk
Path Type: min

Fanout         Cap        Slew       Delay        Time   Description
---------------------------------------------------------------------------------------------
                                  0.000000    0.000000   clock clk (rise edge)
                                  0.000000    0.000000   clock source latency
   134    0.531548    2.377944    1.607043    1.607043 ^ clk (in)
                                                         clk (net)
                      2.395931    0.000000    1.607043 ^ _1567_/CLK (sky130_fd_sc_hd__dfrtp_2)
     1    0.002086    0.035887    0.631068    2.238111 ^ _1567_/Q (sky130_fd_sc_hd__dfrtp_2)
                                                         u_top.dataMemory.clear_word[5] (net)
                      0.035887    0.000002    2.238113 ^ _1709_/A (sky130_fd_sc_hd__buf_2)
     5    0.015546    0.082983    0.126209    2.364322 ^ _1709_/X (sky130_fd_sc_hd__buf_2)
                                                         _0667_ (net)
                      0.082983    0.000080    2.364402 ^ _1226_/B (sky130_fd_sc_hd__and3_2)
     1    0.003264    0.044084    0.165198    2.529600 ^ _1226_/X (sky130_fd_sc_hd__and3_2)
                                                         _0687_ (net)
                      0.044084    0.000024    2.529624 ^ _1844_/A (sky130_fd_sc_hd__buf_2)
     1    0.019788    0.102817    0.142035    2.671659 ^ _1844_/X (sky130_fd_sc_hd__buf_2)
                                                         u_top.dataMemory.s1_addr0[4] (net)
                      0.137116    0.001110    2.672769 ^ u_top.dataMemory.sram_odd_words/addr0[4] (sky130_sram_2kbyte_1rw1r_32x512_8)
                                              2.672769   data arrival time

                                  0.000000    0.000000   clock clk (rise edge)
                                  0.000000    0.000000   clock source latency
   134    0.531548    2.377944    1.776070    1.776070 ^ clk (in)
                                                         clk (net)
                      3.194537    0.000000    1.776070 ^ u_top.dataMemory.sram_odd_words/clk0 (sky130_sram_2kbyte_1rw1r_32x512_8)
                                  0.250000    2.026070   clock uncertainty
                                  0.000000    2.026070   clock reconvergence pessimism
                                 -0.056000    1.970070   library hold time
                                              1.970070   data required time
---------------------------------------------------------------------------------------------
                                              1.970070   data required time
                                             -2.672769   data arrival time
---------------------------------------------------------------------------------------------
                                              0.702699   slack (MET)


Startpoint: _1565_ (rising edge-triggered flip-flop clocked by clk)
Endpoint: u_top.dataMemory.sram_odd_words
          (falling edge-triggered flip-flop clocked by clk)
Path Group: clk
Path Type: min

Fanout         Cap        Slew       Delay        Time   Description
---------------------------------------------------------------------------------------------
                                  0.000000    0.000000   clock clk (rise edge)
                                  0.000000    0.000000   clock source latency
   134    0.531548    2.377944    1.606777    1.606777 ^ clk (in)
                                                         clk (net)
                      2.395869    0.000000    1.606777 ^ _1565_/CLK (sky130_fd_sc_hd__dfrtp_2)
     1    0.002411    0.037444    0.632888    2.239666 ^ _1565_/Q (sky130_fd_sc_hd__dfrtp_2)
                                                         u_top.dataMemory.clear_word[3] (net)
                      0.037444    0.000007    2.239672 ^ _1713_/A (sky130_fd_sc_hd__buf_2)
     5    0.015821    0.084260    0.127626    2.367298 ^ _1713_/X (sky130_fd_sc_hd__buf_2)
                                                         _0665_ (net)
                      0.084260    0.000095    2.367393 ^ _1224_/B (sky130_fd_sc_hd__and3_2)
     1    0.003926    0.047579    0.169459    2.536852 ^ _1224_/X (sky130_fd_sc_hd__and3_2)
                                                         _0685_ (net)
                      0.047579    0.000035    2.536888 ^ _1842_/A (sky130_fd_sc_hd__buf_2)
     1    0.019228    0.100161    0.141555    2.678443 ^ _1842_/X (sky130_fd_sc_hd__buf_2)
                                                         u_top.dataMemory.s1_addr0[2] (net)
                      0.133629    0.001024    2.679467 ^ u_top.dataMemory.sram_odd_words/addr0[2] (sky130_sram_2kbyte_1rw1r_32x512_8)
                                              2.679467   data arrival time

                                  0.000000    0.000000   clock clk (rise edge)
                                  0.000000    0.000000   clock source latency
   134    0.531548    2.377944    1.776070    1.776070 ^ clk (in)
                                                         clk (net)
                      3.194537    0.000000    1.776070 ^ u_top.dataMemory.sram_odd_words/clk0 (sky130_sram_2kbyte_1rw1r_32x512_8)
                                  0.250000    2.026070   clock uncertainty
                                  0.000000    2.026070   clock reconvergence pessimism
                                 -0.056000    1.970070   library hold time
                                              1.970070   data required time
---------------------------------------------------------------------------------------------
                                              1.970070   data required time
                                             -2.679467   data arrival time
---------------------------------------------------------------------------------------------
                                              0.709397   slack (MET)


Startpoint: _1571_ (rising edge-triggered flip-flop clocked by clk)
Endpoint: u_top.dataMemory.sram_even_words
          (falling edge-triggered flip-flop clocked by clk)
Path Group: clk
Path Type: min

Fanout         Cap        Slew       Delay        Time   Description
---------------------------------------------------------------------------------------------
                                  0.000000    0.000000   clock clk (rise edge)
                                  0.000000    0.000000   clock source latency
   134    0.531548    2.377944    1.606422    1.606422 ^ clk (in)
                                                         clk (net)
                      2.395785    0.000000    1.606422 ^ _1571_/CLK (sky130_fd_sc_hd__dfrtp_2)
     1    0.002495    0.037846    0.633352    2.239774 ^ _1571_/Q (sky130_fd_sc_hd__dfrtp_2)
                                                         u_top.dataMemory.clear_word[9] (net)
                      0.037846    0.000007    2.239781 ^ _1701_/A (sky130_fd_sc_hd__buf_2)
     4    0.014377    0.077576    0.123214    2.362995 ^ _1701_/X (sky130_fd_sc_hd__buf_2)
                                                         _0671_ (net)
                      0.077576    0.000117    2.363113 ^ _1239_/A (sky130_fd_sc_hd__and2_2)
     1    0.019721    0.113018    0.190601    2.553714 ^ _1239_/X (sky130_fd_sc_hd__and2_2)
                                                         _0680_ (net)
                      0.113104    0.001227    2.554941 ^ _1858_/A (sky130_fd_sc_hd__buf_2)
     1    0.009157    0.054624    0.132502    2.687444 ^ _1858_/X (sky130_fd_sc_hd__buf_2)
                                                         u_top.dataMemory.s0_addr0[8] (net)
                      0.072832    0.000106    2.687550 ^ u_top.dataMemory.sram_even_words/addr0[8] (sky130_sram_2kbyte_1rw1r_32x512_8)
                                              2.687550   data arrival time

                                  0.000000    0.000000   clock clk (rise edge)
                                  0.000000    0.000000   clock source latency
   134    0.531548    2.377944    1.780817    1.780817 ^ clk (in)
                                                         clk (net)
                      3.195907    0.000000    1.780817 ^ u_top.dataMemory.sram_even_words/clk0 (sky130_sram_2kbyte_1rw1r_32x512_8)
                                  0.250000    2.030817   clock uncertainty
                                  0.000000    2.030817   clock reconvergence pessimism
                                 -0.056000    1.974816   library hold time
                                              1.974816   data required time
---------------------------------------------------------------------------------------------
                                              1.974816   data required time
                                             -2.687550   data arrival time
---------------------------------------------------------------------------------------------
                                              0.712733   slack (MET)


Startpoint: _1567_ (rising edge-triggered flip-flop clocked by clk)
Endpoint: u_top.dataMemory.sram_even_words
          (falling edge-triggered flip-flop clocked by clk)
Path Group: clk
Path Type: min

Fanout         Cap        Slew       Delay        Time   Description
---------------------------------------------------------------------------------------------
                                  0.000000    0.000000   clock clk (rise edge)
                                  0.000000    0.000000   clock source latency
   134    0.531548    2.377944    1.607043    1.607043 ^ clk (in)
                                                         clk (net)
                      2.395931    0.000000    1.607043 ^ _1567_/CLK (sky130_fd_sc_hd__dfrtp_2)
     1    0.002086    0.035887    0.631068    2.238111 ^ _1567_/Q (sky130_fd_sc_hd__dfrtp_2)
                                                         u_top.dataMemory.clear_word[5] (net)
                      0.035887    0.000002    2.238113 ^ _1709_/A (sky130_fd_sc_hd__buf_2)
     5    0.015546    0.082983    0.126209    2.364322 ^ _1709_/X (sky130_fd_sc_hd__buf_2)
                                                         _0667_ (net)
                      0.082983    0.000035    2.364357 ^ _1235_/A (sky130_fd_sc_hd__and2_2)
     1    0.020584    0.117081    0.195266    2.559624 ^ _1235_/X (sky130_fd_sc_hd__and2_2)
                                                         _0676_ (net)
                      0.117175    0.001358    2.560982 ^ _1854_/A (sky130_fd_sc_hd__buf_2)
     1    0.009596    0.056600    0.135407    2.696389 ^ _1854_/X (sky130_fd_sc_hd__buf_2)
                                                         u_top.dataMemory.s0_addr0[4] (net)
                      0.075466    0.000124    2.696513 ^ u_top.dataMemory.sram_even_words/addr0[4] (sky130_sram_2kbyte_1rw1r_32x512_8)
                                              2.696513   data arrival time

                                  0.000000    0.000000   clock clk (rise edge)
                                  0.000000    0.000000   clock source latency
   134    0.531548    2.377944    1.780817    1.780817 ^ clk (in)
                                                         clk (net)
                      3.195907    0.000000    1.780817 ^ u_top.dataMemory.sram_even_words/clk0 (sky130_sram_2kbyte_1rw1r_32x512_8)
                                  0.250000    2.030817   clock uncertainty
                                  0.000000    2.030817   clock reconvergence pessimism
                                 -0.056000    1.974816   library hold time
                                              1.974816   data required time
---------------------------------------------------------------------------------------------
                                              1.974816   data required time
                                             -2.696513   data arrival time
---------------------------------------------------------------------------------------------
                                              0.721696   slack (MET)


Startpoint: _1564_ (rising edge-triggered flip-flop clocked by clk)
Endpoint: u_top.dataMemory.sram_odd_words
          (falling edge-triggered flip-flop clocked by clk)
Path Group: clk
Path Type: min

Fanout         Cap        Slew       Delay        Time   Description
---------------------------------------------------------------------------------------------
                                  0.000000    0.000000   clock clk (rise edge)
                                  0.000000    0.000000   clock source latency
   134    0.531548    2.377944    1.606248    1.606248 ^ clk (in)
                                                         clk (net)
                      2.395744    0.000000    1.606248 ^ _1564_/CLK (sky130_fd_sc_hd__dfrtp_2)
     1    0.002126    0.036076    0.631270    2.237517 ^ _1564_/Q (sky130_fd_sc_hd__dfrtp_2)
                                                         u_top.dataMemory.clear_word[2] (net)
                      0.036076    0.000003    2.237520 ^ _1715_/A (sky130_fd_sc_hd__buf_2)
     6    0.025726    0.130312    0.158279    2.395799 ^ _1715_/X (sky130_fd_sc_hd__buf_2)
                                                         _0664_ (net)
                      0.130312    0.000103    2.395903 ^ _1223_/B (sky130_fd_sc_hd__and3_2)
     1    0.004480    0.050343    0.185268    2.581171 ^ _1223_/X (sky130_fd_sc_hd__and3_2)
                                                         _0684_ (net)
                      0.050343    0.000043    2.581215 ^ _1841_/A (sky130_fd_sc_hd__buf_2)
     1    0.009633    0.056502    0.112004    2.693219 ^ _1841_/X (sky130_fd_sc_hd__buf_2)
                                                         u_top.dataMemory.s1_addr0[1] (net)
                      0.075336    0.000115    2.693334 ^ u_top.dataMemory.sram_odd_words/addr0[1] (sky130_sram_2kbyte_1rw1r_32x512_8)
                                              2.693334   data arrival time

                                  0.000000    0.000000   clock clk (rise edge)
                                  0.000000    0.000000   clock source latency
   134    0.531548    2.377944    1.776070    1.776070 ^ clk (in)
                                                         clk (net)
                      3.194537    0.000000    1.776070 ^ u_top.dataMemory.sram_odd_words/clk0 (sky130_sram_2kbyte_1rw1r_32x512_8)
                                  0.250000    2.026070   clock uncertainty
                                  0.000000    2.026070   clock reconvergence pessimism
                                 -0.056000    1.970070   library hold time
                                              1.970070   data required time
---------------------------------------------------------------------------------------------
                                              1.970070   data required time
                                             -2.693334   data arrival time
---------------------------------------------------------------------------------------------
                                              0.723264   slack (MET)


Startpoint: _1562_ (rising edge-triggered flip-flop clocked by clk)
Endpoint: u_top.dataMemory.sram_odd_words
          (falling edge-triggered flip-flop clocked by clk)
Path Group: clk
Path Type: min

Fanout         Cap        Slew       Delay        Time   Description
---------------------------------------------------------------------------------------------
                                  0.000000    0.000000   clock clk (rise edge)
                                  0.000000    0.000000   clock source latency
   134    0.531548    2.377944    1.606168    1.606168 ^ clk (in)
                                                         clk (net)
                      2.395725    0.000000    1.606168 ^ _1562_/CLK (sky130_fd_sc_hd__dfrtp_2)
     1    0.002131    0.037218    0.655353    2.261522 v _1562_/Q (sky130_fd_sc_hd__dfrtp_2)
                                                         u_top.dataMemory.clear_word[0] (net)
                      0.037218    0.000004    2.261525 v _1719_/A (sky130_fd_sc_hd__buf_2)
    15    0.045227    0.110179    0.185688    2.447214 v _1719_/X (sky130_fd_sc_hd__buf_2)
                                                         _0662_ (net)
                      0.110181    0.000629    2.447843 v _1123_/B (sky130_fd_sc_hd__nand2_2)
     2    0.010865    0.069777    0.109194    2.557036 ^ _1123_/Y (sky130_fd_sc_hd__nand2_2)
                                                         _0692_ (net)
                      0.069777    0.000078    2.557115 ^ _1849_/A (sky130_fd_sc_hd__buf_2)
     2    0.017651    0.092849    0.144694    2.701808 ^ _1849_/X (sky130_fd_sc_hd__buf_2)
                                                         u_top.dataMemory.s1_csb0 (net)
                      0.123799    0.000279    2.702087 ^ u_top.dataMemory.sram_odd_words/csb0 (sky130_sram_2kbyte_1rw1r_32x512_8)
                                              2.702087   data arrival time

                                  0.000000    0.000000   clock clk (rise edge)
                                  0.000000    0.000000   clock source latency
   134    0.531548    2.377944    1.776070    1.776070 ^ clk (in)
                                                         clk (net)
                      3.194537    0.000000    1.776070 ^ u_top.dataMemory.sram_odd_words/clk0 (sky130_sram_2kbyte_1rw1r_32x512_8)
                                  0.250000    2.026070   clock uncertainty
                                  0.000000    2.026070   clock reconvergence pessimism
                                 -0.056000    1.970070   library hold time
                                              1.970070   data required time
---------------------------------------------------------------------------------------------
                                              1.970070   data required time
                                             -2.702087   data arrival time
---------------------------------------------------------------------------------------------
                                              0.732017   slack (MET)


Startpoint: _1562_ (rising edge-triggered flip-flop clocked by clk)
Endpoint: u_top.dataMemory.sram_odd_words
          (falling edge-triggered flip-flop clocked by clk)
Path Group: clk
Path Type: min

Fanout         Cap        Slew       Delay        Time   Description
---------------------------------------------------------------------------------------------
                                  0.000000    0.000000   clock clk (rise edge)
                                  0.000000    0.000000   clock source latency
   134    0.531548    2.377944    1.606168    1.606168 ^ clk (in)
                                                         clk (net)
                      2.395725    0.000000    1.606168 ^ _1562_/CLK (sky130_fd_sc_hd__dfrtp_2)
     1    0.002131    0.037218    0.655353    2.261522 v _1562_/Q (sky130_fd_sc_hd__dfrtp_2)
                                                         u_top.dataMemory.clear_word[0] (net)
                      0.037218    0.000004    2.261525 v _1719_/A (sky130_fd_sc_hd__buf_2)
    15    0.045227    0.110179    0.185688    2.447214 v _1719_/X (sky130_fd_sc_hd__buf_2)
                                                         _0662_ (net)
                      0.110181    0.000629    2.447843 v _1123_/B (sky130_fd_sc_hd__nand2_2)
     2    0.010865    0.069777    0.109194    2.557036 ^ _1123_/Y (sky130_fd_sc_hd__nand2_2)
                                                         _0692_ (net)
                      0.069777    0.000078    2.557115 ^ _1849_/A (sky130_fd_sc_hd__buf_2)
     2    0.017651    0.092849    0.144694    2.701808 ^ _1849_/X (sky130_fd_sc_hd__buf_2)
                                                         u_top.dataMemory.s1_csb0 (net)
                      0.123799    0.000313    2.702121 ^ u_top.dataMemory.sram_odd_words/web0 (sky130_sram_2kbyte_1rw1r_32x512_8)
                                              2.702121   data arrival time

                                  0.000000    0.000000   clock clk (rise edge)
                                  0.000000    0.000000   clock source latency
   134    0.531548    2.377944    1.776070    1.776070 ^ clk (in)
                                                         clk (net)
                      3.194537    0.000000    1.776070 ^ u_top.dataMemory.sram_odd_words/clk0 (sky130_sram_2kbyte_1rw1r_32x512_8)
                                  0.250000    2.026070   clock uncertainty
                                  0.000000    2.026070   clock reconvergence pessimism
                                 -0.056000    1.970070   library hold time
                                              1.970070   data required time
---------------------------------------------------------------------------------------------
                                              1.970070   data required time
                                             -2.702121   data arrival time
---------------------------------------------------------------------------------------------
                                              0.732051   slack (MET)


Startpoint: _1565_ (rising edge-triggered flip-flop clocked by clk)
Endpoint: u_top.dataMemory.sram_even_words
          (falling edge-triggered flip-flop clocked by clk)
Path Group: clk
Path Type: min

Fanout         Cap        Slew       Delay        Time   Description
---------------------------------------------------------------------------------------------
                                  0.000000    0.000000   clock clk (rise edge)
                                  0.000000    0.000000   clock source latency
   134    0.531548    2.377944    1.606777    1.606777 ^ clk (in)
                                                         clk (net)
                      2.395869    0.000000    1.606777 ^ _1565_/CLK (sky130_fd_sc_hd__dfrtp_2)
     1    0.002411    0.037444    0.632888    2.239666 ^ _1565_/Q (sky130_fd_sc_hd__dfrtp_2)
                                                         u_top.dataMemory.clear_word[3] (net)
                      0.037444    0.000007    2.239672 ^ _1713_/A (sky130_fd_sc_hd__buf_2)
     5    0.015821    0.084260    0.127626    2.367298 ^ _1713_/X (sky130_fd_sc_hd__buf_2)
                                                         _0665_ (net)
                      0.084260    0.000025    2.367323 ^ _1233_/A (sky130_fd_sc_hd__and2_2)
     1    0.023250    0.129736    0.204472    2.571795 ^ _1233_/X (sky130_fd_sc_hd__and2_2)
                                                         _0674_ (net)
                      0.129774    0.001712    2.573507 ^ _1852_/A (sky130_fd_sc_hd__buf_2)
     1    0.008436    0.051621    0.135247    2.708754 ^ _1852_/X (sky130_fd_sc_hd__buf_2)
                                                         u_top.dataMemory.s0_addr0[2] (net)
                      0.068828    0.000076    2.708829 ^ u_top.dataMemory.sram_even_words/addr0[2] (sky130_sram_2kbyte_1rw1r_32x512_8)
                                              2.708829   data arrival time

                                  0.000000    0.000000   clock clk (rise edge)
                                  0.000000    0.000000   clock source latency
   134    0.531548    2.377944    1.780817    1.780817 ^ clk (in)
                                                         clk (net)
                      3.195907    0.000000    1.780817 ^ u_top.dataMemory.sram_even_words/clk0 (sky130_sram_2kbyte_1rw1r_32x512_8)
                                  0.250000    2.030817   clock uncertainty
                                  0.000000    2.030817   clock reconvergence pessimism
                                 -0.056000    1.974816   library hold time
                                              1.974816   data required time
---------------------------------------------------------------------------------------------
                                              1.974816   data required time
                                             -2.708829   data arrival time
---------------------------------------------------------------------------------------------
                                              0.734013   slack (MET)


Startpoint: _1571_ (rising edge-triggered flip-flop clocked by clk)
Endpoint: u_top.dataMemory.sram_odd_words
          (falling edge-triggered flip-flop clocked by clk)
Path Group: clk
Path Type: min

Fanout         Cap        Slew       Delay        Time   Description
---------------------------------------------------------------------------------------------
                                  0.000000    0.000000   clock clk (rise edge)
                                  0.000000    0.000000   clock source latency
   134    0.531548    2.377944    1.606422    1.606422 ^ clk (in)
                                                         clk (net)
                      2.395785    0.000000    1.606422 ^ _1571_/CLK (sky130_fd_sc_hd__dfrtp_2)
     1    0.002495    0.037846    0.633352    2.239774 ^ _1571_/Q (sky130_fd_sc_hd__dfrtp_2)
                                                         u_top.dataMemory.clear_word[9] (net)
                      0.037846    0.000007    2.239781 ^ _1701_/A (sky130_fd_sc_hd__buf_2)
     4    0.014377    0.077576    0.123214    2.362995 ^ _1701_/X (sky130_fd_sc_hd__buf_2)
                                                         _0671_ (net)
                      0.077576    0.000028    2.363023 ^ _1230_/B (sky130_fd_sc_hd__and3_2)
     1    0.016945    0.104360    0.220302    2.583325 ^ _1230_/X (sky130_fd_sc_hd__and3_2)
                                                         _0691_ (net)
                      0.104365    0.000903    2.584228 ^ _1848_/A (sky130_fd_sc_hd__buf_2)
     1    0.008631    0.052246    0.127663    2.711891 ^ _1848_/X (sky130_fd_sc_hd__buf_2)
                                                         u_top.dataMemory.s1_addr0[8] (net)
                      0.069662    0.000086    2.711977 ^ u_top.dataMemory.sram_odd_words/addr0[8] (sky130_sram_2kbyte_1rw1r_32x512_8)
                                              2.711977   data arrival time

                                  0.000000    0.000000   clock clk (rise edge)
                                  0.000000    0.000000   clock source latency
   134    0.531548    2.377944    1.776070    1.776070 ^ clk (in)
                                                         clk (net)
                      3.194537    0.000000    1.776070 ^ u_top.dataMemory.sram_odd_words/clk0 (sky130_sram_2kbyte_1rw1r_32x512_8)
                                  0.250000    2.026070   clock uncertainty
                                  0.000000    2.026070   clock reconvergence pessimism
                                 -0.056000    1.970070   library hold time
                                              1.970070   data required time
---------------------------------------------------------------------------------------------
                                              1.970070   data required time
                                             -2.711977   data arrival time
---------------------------------------------------------------------------------------------
                                              0.741907   slack (MET)


Startpoint: _1566_ (rising edge-triggered flip-flop clocked by clk)
Endpoint: u_top.dataMemory.sram_odd_words
          (falling edge-triggered flip-flop clocked by clk)
Path Group: clk
Path Type: min

Fanout         Cap        Slew       Delay        Time   Description
---------------------------------------------------------------------------------------------
                                  0.000000    0.000000   clock clk (rise edge)
                                  0.000000    0.000000   clock source latency
   134    0.531548    2.377944    1.606925    1.606925 ^ clk (in)
                                                         clk (net)
                      2.395904    0.000000    1.606925 ^ _1566_/CLK (sky130_fd_sc_hd__dfrtp_2)
     1    0.002106    0.035981    0.631175    2.238100 ^ _1566_/Q (sky130_fd_sc_hd__dfrtp_2)
                                                         u_top.dataMemory.clear_word[4] (net)
                      0.035981    0.000002    2.238102 ^ _1711_/A (sky130_fd_sc_hd__buf_2)
     7    0.024452    0.124384    0.154236    2.392338 ^ _1711_/X (sky130_fd_sc_hd__buf_2)
                                                         _0666_ (net)
                      0.124384    0.000178    2.392515 ^ _1225_/B (sky130_fd_sc_hd__and3_2)
     1    0.003365    0.044546    0.177466    2.569981 ^ _1225_/X (sky130_fd_sc_hd__and3_2)
                                                         _0686_ (net)
                      0.044546    0.000024    2.570005 ^ _1843_/A (sky130_fd_sc_hd__buf_2)
     1    0.019428    0.101140    0.141084    2.711090 ^ _1843_/X (sky130_fd_sc_hd__buf_2)
                                                         u_top.dataMemory.s1_addr0[3] (net)
                      0.134878    0.001066    2.712156 ^ u_top.dataMemory.sram_odd_words/addr0[3] (sky130_sram_2kbyte_1rw1r_32x512_8)
                                              2.712156   data arrival time

                                  0.000000    0.000000   clock clk (rise edge)
                                  0.000000    0.000000   clock source latency
   134    0.531548    2.377944    1.776070    1.776070 ^ clk (in)
                                                         clk (net)
                      3.194537    0.000000    1.776070 ^ u_top.dataMemory.sram_odd_words/clk0 (sky130_sram_2kbyte_1rw1r_32x512_8)
                                  0.250000    2.026070   clock uncertainty
                                  0.000000    2.026070   clock reconvergence pessimism
                                 -0.056000    1.970070   library hold time
                                              1.970070   data required time
---------------------------------------------------------------------------------------------
                                              1.970070   data required time
                                             -2.712156   data arrival time
---------------------------------------------------------------------------------------------
                                              0.742086   slack (MET)


Startpoint: _1568_ (rising edge-triggered flip-flop clocked by clk)
Endpoint: u_top.dataMemory.sram_even_words
          (falling edge-triggered flip-flop clocked by clk)
Path Group: clk
Path Type: min

Fanout         Cap        Slew       Delay        Time   Description
---------------------------------------------------------------------------------------------
                                  0.000000    0.000000   clock clk (rise edge)
                                  0.000000    0.000000   clock source latency
   134    0.531548    2.377944    1.606547    1.606547 ^ clk (in)
                                                         clk (net)
                      2.395814    0.000000    1.606547 ^ _1568_/CLK (sky130_fd_sc_hd__dfrtp_2)
     1    0.002281    0.036823    0.632154    2.238702 ^ _1568_/Q (sky130_fd_sc_hd__dfrtp_2)
                                                         u_top.dataMemory.clear_word[6] (net)
                      0.036823    0.000005    2.238706 ^ _1707_/A (sky130_fd_sc_hd__buf_2)
     7    0.021467    0.110495    0.145134    2.383840 ^ _1707_/X (sky130_fd_sc_hd__buf_2)
                                                         _0668_ (net)
                      0.110495    0.000178    2.384018 ^ _1236_/A (sky130_fd_sc_hd__and2_2)
     1    0.020512    0.116716    0.204323    2.588341 ^ _1236_/X (sky130_fd_sc_hd__and2_2)
                                                         _0677_ (net)
                      0.116809    0.001342    2.589683 ^ _1855_/A (sky130_fd_sc_hd__buf_2)
     1    0.009705    0.057085    0.135641    2.725324 ^ _1855_/X (sky130_fd_sc_hd__buf_2)
                                                         u_top.dataMemory.s0_addr0[5] (net)
                      0.076114    0.000133    2.725457 ^ u_top.dataMemory.sram_even_words/addr0[5] (sky130_sram_2kbyte_1rw1r_32x512_8)
                                              2.725457   data arrival time

                                  0.000000    0.000000   clock clk (rise edge)
                                  0.000000    0.000000   clock source latency
   134    0.531548    2.377944    1.780817    1.780817 ^ clk (in)
                                                         clk (net)
                      3.195907    0.000000    1.780817 ^ u_top.dataMemory.sram_even_words/clk0 (sky130_sram_2kbyte_1rw1r_32x512_8)
                                  0.250000    2.030817   clock uncertainty
                                  0.000000    2.030817   clock reconvergence pessimism
                                 -0.056000    1.974816   library hold time
                                              1.974816   data required time
---------------------------------------------------------------------------------------------
                                              1.974816   data required time
                                             -2.725457   data arrival time
---------------------------------------------------------------------------------------------
                                              0.750640   slack (MET)


Startpoint: _1570_ (rising edge-triggered flip-flop clocked by clk)
Endpoint: u_top.dataMemory.sram_odd_words
          (falling edge-triggered flip-flop clocked by clk)
Path Group: clk
Path Type: min

Fanout         Cap        Slew       Delay        Time   Description
---------------------------------------------------------------------------------------------
                                  0.000000    0.000000   clock clk (rise edge)
                                  0.000000    0.000000   clock source latency
   134    0.531548    2.377944    1.606474    1.606474 ^ clk (in)
                                                         clk (net)
                      2.395797    0.000000    1.606474 ^ _1570_/CLK (sky130_fd_sc_hd__dfrtp_2)
     1    0.001929    0.035133    0.630169    2.236643 ^ _1570_/Q (sky130_fd_sc_hd__dfrtp_2)
                                                         u_top.dataMemory.clear_word[8] (net)
                      0.035133    0.000000    2.236644 ^ _1703_/A (sky130_fd_sc_hd__buf_2)
     6    0.019983    0.103585    0.139885    2.376530 ^ _1703_/X (sky130_fd_sc_hd__buf_2)
                                                         _0670_ (net)
                      0.103585    0.000033    2.376563 ^ _1229_/B (sky130_fd_sc_hd__and3_2)
     1    0.015951    0.099915    0.224290    2.600852 ^ _1229_/X (sky130_fd_sc_hd__and3_2)
                                                         _0690_ (net)
                      0.099919    0.000799    2.601652 ^ _1847_/A (sky130_fd_sc_hd__buf_2)
     1    0.009012    0.053920    0.127370    2.729022 ^ _1847_/X (sky130_fd_sc_hd__buf_2)
                                                         u_top.dataMemory.s1_addr0[7] (net)
                      0.071894    0.000109    2.729130 ^ u_top.dataMemory.sram_odd_words/addr0[7] (sky130_sram_2kbyte_1rw1r_32x512_8)
                                              2.729130   data arrival time

                                  0.000000    0.000000   clock clk (rise edge)
                                  0.000000    0.000000   clock source latency
   134    0.531548    2.377944    1.776070    1.776070 ^ clk (in)
                                                         clk (net)
                      3.194537    0.000000    1.776070 ^ u_top.dataMemory.sram_odd_words/clk0 (sky130_sram_2kbyte_1rw1r_32x512_8)
                                  0.250000    2.026070   clock uncertainty
                                  0.000000    2.026070   clock reconvergence pessimism
                                 -0.056000    1.970070   library hold time
                                              1.970070   data required time
---------------------------------------------------------------------------------------------
                                              1.970070   data required time
                                             -2.729130   data arrival time
---------------------------------------------------------------------------------------------
                                              0.759060   slack (MET)


Startpoint: _1566_ (rising edge-triggered flip-flop clocked by clk)
Endpoint: u_top.dataMemory.sram_even_words
          (falling edge-triggered flip-flop clocked by clk)
Path Group: clk
Path Type: min

Fanout         Cap        Slew       Delay        Time   Description
---------------------------------------------------------------------------------------------
                                  0.000000    0.000000   clock clk (rise edge)
                                  0.000000    0.000000   clock source latency
   134    0.531548    2.377944    1.606925    1.606925 ^ clk (in)
                                                         clk (net)
                      2.395904    0.000000    1.606925 ^ _1566_/CLK (sky130_fd_sc_hd__dfrtp_2)
     1    0.002106    0.035981    0.631175    2.238100 ^ _1566_/Q (sky130_fd_sc_hd__dfrtp_2)
                                                         u_top.dataMemory.clear_word[4] (net)
                      0.035981    0.000002    2.238102 ^ _1711_/A (sky130_fd_sc_hd__buf_2)
     7    0.024452    0.124384    0.154236    2.392338 ^ _1711_/X (sky130_fd_sc_hd__buf_2)
                                                         _0666_ (net)
                      0.124384    0.000114    2.392452 ^ _1234_/A (sky130_fd_sc_hd__and2_2)
     1    0.019898    0.113843    0.206899    2.599351 ^ _1234_/X (sky130_fd_sc_hd__and2_2)
                                                         _0675_ (net)
                      0.113854    0.001270    2.600621 ^ _1853_/A (sky130_fd_sc_hd__buf_2)
     1    0.009420    0.055801    0.133650    2.734272 ^ _1853_/X (sky130_fd_sc_hd__buf_2)
                                                         u_top.dataMemory.s0_addr0[3] (net)
                      0.074401    0.000114    2.734385 ^ u_top.dataMemory.sram_even_words/addr0[3] (sky130_sram_2kbyte_1rw1r_32x512_8)
                                              2.734385   data arrival time

                                  0.000000    0.000000   clock clk (rise edge)
                                  0.000000    0.000000   clock source latency
   134    0.531548    2.377944    1.780817    1.780817 ^ clk (in)
                                                         clk (net)
                      3.195907    0.000000    1.780817 ^ u_top.dataMemory.sram_even_words/clk0 (sky130_sram_2kbyte_1rw1r_32x512_8)
                                  0.250000    2.030817   clock uncertainty
                                  0.000000    2.030817   clock reconvergence pessimism
                                 -0.056000    1.974816   library hold time
                                              1.974816   data required time
---------------------------------------------------------------------------------------------
                                              1.974816   data required time
                                             -2.734385   data arrival time
---------------------------------------------------------------------------------------------
                                              0.759569   slack (MET)


Startpoint: _1568_ (rising edge-triggered flip-flop clocked by clk)
Endpoint: u_top.dataMemory.sram_odd_words
          (falling edge-triggered flip-flop clocked by clk)
Path Group: clk
Path Type: min

Fanout         Cap        Slew       Delay        Time   Description
---------------------------------------------------------------------------------------------
                                  0.000000    0.000000   clock clk (rise edge)
                                  0.000000    0.000000   clock source latency
   134    0.531548    2.377944    1.606547    1.606547 ^ clk (in)
                                                         clk (net)
                      2.395814    0.000000    1.606547 ^ _1568_/CLK (sky130_fd_sc_hd__dfrtp_2)
     1    0.002281    0.036823    0.632154    2.238702 ^ _1568_/Q (sky130_fd_sc_hd__dfrtp_2)
                                                         u_top.dataMemory.clear_word[6] (net)
                      0.036823    0.000005    2.238706 ^ _1707_/A (sky130_fd_sc_hd__buf_2)
     7    0.021467    0.110495    0.145134    2.383840 ^ _1707_/X (sky130_fd_sc_hd__buf_2)
                                                         _0668_ (net)
                      0.110495    0.000061    2.383901 ^ _1227_/B (sky130_fd_sc_hd__and3_2)
     1    0.014425    0.093141    0.221058    2.604959 ^ _1227_/X (sky130_fd_sc_hd__and3_2)
                                                         _0688_ (net)
                      0.093143    0.000656    2.605614 ^ _1845_/A (sky130_fd_sc_hd__buf_2)
     1    0.009347    0.055387    0.126108    2.731722 ^ _1845_/X (sky130_fd_sc_hd__buf_2)
                                                         u_top.dataMemory.s1_addr0[5] (net)
                      0.073849    0.000122    2.731844 ^ u_top.dataMemory.sram_odd_words/addr0[5] (sky130_sram_2kbyte_1rw1r_32x512_8)
                                              2.731844   data arrival time

                                  0.000000    0.000000   clock clk (rise edge)
                                  0.000000    0.000000   clock source latency
   134    0.531548    2.377944    1.776070    1.776070 ^ clk (in)
                                                         clk (net)
                      3.194537    0.000000    1.776070 ^ u_top.dataMemory.sram_odd_words/clk0 (sky130_sram_2kbyte_1rw1r_32x512_8)
                                  0.250000    2.026070   clock uncertainty
                                  0.000000    2.026070   clock reconvergence pessimism
                                 -0.056000    1.970070   library hold time
                                              1.970070   data required time
---------------------------------------------------------------------------------------------
                                              1.970070   data required time
                                             -2.731844   data arrival time
---------------------------------------------------------------------------------------------
                                              0.761774   slack (MET)


Startpoint: _1542_ (rising edge-triggered flip-flop clocked by clk)
Endpoint: _1543_ (rising edge-triggered flip-flop clocked by clk)
Path Group: clk
Path Type: min

Fanout         Cap        Slew       Delay        Time   Description
---------------------------------------------------------------------------------------------
                                  0.000000    0.000000   clock clk (rise edge)
                                  0.000000    0.000000   clock source latency
   134    0.531548    2.377944    1.589617    1.589617 ^ clk (in)
                                                         clk (net)
                      2.392060    0.000000    1.589617 ^ _1542_/CLK (sky130_fd_sc_hd__dfxtp_2)
     1    0.001952    0.021376    0.580228    2.169844 v _1542_/Q (sky130_fd_sc_hd__dfxtp_2)
                                                         u_top.RV32I_Logic.Single_Cycle_Datapath.pcREG.q[12] (net)
                      0.021376    0.000002    2.169847 v _1722_/A (sky130_fd_sc_hd__buf_2)
    27    0.115395    0.260059    0.287442    2.457289 v _1722_/X (sky130_fd_sc_hd__buf_2)
                                                         _0632_ (net)
                      0.260063    0.001270    2.458559 v _1381_/A1 (sky130_fd_sc_hd__a21o_2)
     1    0.001838    0.029193    0.247224    2.705783 v _1381_/X (sky130_fd_sc_hd__a21o_2)
                                                         _0596_ (net)
                      0.029193    0.000003    2.705786 v _1383_/C (sky130_fd_sc_hd__and3b_2)
     1    0.001895    0.032002    0.180219    2.886004 v _1383_/X (sky130_fd_sc_hd__and3b_2)
                                                         _0402_ (net)
                      0.032002    0.000002    2.886006 v _1964_/A (sky130_fd_sc_hd__buf_2)
     1    0.001940    0.021890    0.099616    2.985622 v _1964_/X (sky130_fd_sc_hd__buf_2)
                                                         _1051_ (net)
                      0.021890    0.000002    2.985624 v _1543_/D (sky130_fd_sc_hd__dfxtp_2)
                                              2.985624   data arrival time

                                  0.000000    0.000000   clock clk (rise edge)
                                  0.000000    0.000000   clock source latency
   134    0.531548    2.377944    1.759456    1.759456 ^ clk (in)
                                                         clk (net)
                      2.392537    0.000000    1.759456 ^ _1543_/CLK (sky130_fd_sc_hd__dfxtp_2)
                                  0.250000    2.009456   clock uncertainty
                                  0.000000    2.009456   clock reconvergence pessimism
                                  0.208955    2.218411   library hold time
                                              2.218411   data required time
---------------------------------------------------------------------------------------------
                                              2.218411   data required time
                                             -2.985624   data arrival time
---------------------------------------------------------------------------------------------
                                              0.767213   slack (MET)


Startpoint: _1562_ (rising edge-triggered flip-flop clocked by clk)
Endpoint: u_top.dataMemory.sram_odd_words
          (falling edge-triggered flip-flop clocked by clk)
Path Group: clk
Path Type: min

Fanout         Cap        Slew       Delay        Time   Description
---------------------------------------------------------------------------------------------
                                  0.000000    0.000000   clock clk (rise edge)
                                  0.000000    0.000000   clock source latency
   134    0.531548    2.377944    1.606168    1.606168 ^ clk (in)
                                                         clk (net)
                      2.395725    0.000000    1.606168 ^ _1562_/CLK (sky130_fd_sc_hd__dfrtp_2)
     1    0.002131    0.037218    0.655353    2.261522 v _1562_/Q (sky130_fd_sc_hd__dfrtp_2)
                                                         u_top.dataMemory.clear_word[0] (net)
                      0.037218    0.000004    2.261525 v _1719_/A (sky130_fd_sc_hd__buf_2)
    15    0.045227    0.110179    0.185688    2.447214 v _1719_/X (sky130_fd_sc_hd__buf_2)
                                                         _0662_ (net)
                      0.110181    0.000629    2.447843 v _1123_/B (sky130_fd_sc_hd__nand2_2)
     2    0.010865    0.069777    0.109194    2.557036 ^ _1123_/Y (sky130_fd_sc_hd__nand2_2)
                                                         _0692_ (net)
                      0.069777    0.000060    2.557097 ^ _1124_/A (sky130_fd_sc_hd__inv_2)
     1    0.003428    0.020035    0.030515    2.587611 v _1124_/Y (sky130_fd_sc_hd__inv_2)
                                                         _0693_ (net)
                      0.020035    0.000019    2.587631 v _1828_/A (sky130_fd_sc_hd__buf_2)
     7    0.037790    0.094447    0.167150    2.754780 v _1828_/X (sky130_fd_sc_hd__buf_2)
                                                         u_top.dataMemory.s1_wmask0[3] (net)
                      0.125931    0.000534    2.755314 v u_top.dataMemory.sram_odd_words/wmask0[0] (sky130_sram_2kbyte_1rw1r_32x512_8)
                                              2.755314   data arrival time

                                  0.000000    0.000000   clock clk (rise edge)
                                  0.000000    0.000000   clock source latency
   134    0.531548    2.377944    1.776070    1.776070 ^ clk (in)
                                                         clk (net)
                      3.194537    0.000000    1.776070 ^ u_top.dataMemory.sram_odd_words/clk0 (sky130_sram_2kbyte_1rw1r_32x512_8)
                                  0.250000    2.026070   clock uncertainty
                                  0.000000    2.026070   clock reconvergence pessimism
                                 -0.056000    1.970070   library hold time
                                              1.970070   data required time
---------------------------------------------------------------------------------------------
                                              1.970070   data required time
                                             -2.755314   data arrival time
---------------------------------------------------------------------------------------------
                                              0.785244   slack (MET)


Startpoint: _1562_ (rising edge-triggered flip-flop clocked by clk)
Endpoint: u_top.dataMemory.sram_odd_words
          (falling edge-triggered flip-flop clocked by clk)
Path Group: clk
Path Type: min

Fanout         Cap        Slew       Delay        Time   Description
---------------------------------------------------------------------------------------------
                                  0.000000    0.000000   clock clk (rise edge)
                                  0.000000    0.000000   clock source latency
   134    0.531548    2.377944    1.606168    1.606168 ^ clk (in)
                                                         clk (net)
                      2.395725    0.000000    1.606168 ^ _1562_/CLK (sky130_fd_sc_hd__dfrtp_2)
     1    0.002131    0.037218    0.655353    2.261522 v _1562_/Q (sky130_fd_sc_hd__dfrtp_2)
                                                         u_top.dataMemory.clear_word[0] (net)
                      0.037218    0.000004    2.261525 v _1719_/A (sky130_fd_sc_hd__buf_2)
    15    0.045227    0.110179    0.185688    2.447214 v _1719_/X (sky130_fd_sc_hd__buf_2)
                                                         _0662_ (net)
                      0.110181    0.000629    2.447843 v _1123_/B (sky130_fd_sc_hd__nand2_2)
     2    0.010865    0.069777    0.109194    2.557036 ^ _1123_/Y (sky130_fd_sc_hd__nand2_2)
                                                         _0692_ (net)
                      0.069777    0.000060    2.557097 ^ _1124_/A (sky130_fd_sc_hd__inv_2)
     1    0.003428    0.020035    0.030515    2.587611 v _1124_/Y (sky130_fd_sc_hd__inv_2)
                                                         _0693_ (net)
                      0.020035    0.000019    2.587631 v _1828_/A (sky130_fd_sc_hd__buf_2)
     7    0.037790    0.094447    0.167150    2.754780 v _1828_/X (sky130_fd_sc_hd__buf_2)
                                                         u_top.dataMemory.s1_wmask0[3] (net)
                      0.125932    0.000584    2.755364 v u_top.dataMemory.sram_odd_words/wmask0[1] (sky130_sram_2kbyte_1rw1r_32x512_8)
                                              2.755364   data arrival time

                                  0.000000    0.000000   clock clk (rise edge)
                                  0.000000    0.000000   clock source latency
   134    0.531548    2.377944    1.776070    1.776070 ^ clk (in)
                                                         clk (net)
                      3.194537    0.000000    1.776070 ^ u_top.dataMemory.sram_odd_words/clk0 (sky130_sram_2kbyte_1rw1r_32x512_8)
                                  0.250000    2.026070   clock uncertainty
                                  0.000000    2.026070   clock reconvergence pessimism
                                 -0.056000    1.970070   library hold time
                                              1.970070   data required time
---------------------------------------------------------------------------------------------
                                              1.970070   data required time
                                             -2.755364   data arrival time
---------------------------------------------------------------------------------------------
                                              0.785294   slack (MET)


Startpoint: _1562_ (rising edge-triggered flip-flop clocked by clk)
Endpoint: u_top.dataMemory.sram_odd_words
          (falling edge-triggered flip-flop clocked by clk)
Path Group: clk
Path Type: min

Fanout         Cap        Slew       Delay        Time   Description
---------------------------------------------------------------------------------------------
                                  0.000000    0.000000   clock clk (rise edge)
                                  0.000000    0.000000   clock source latency
   134    0.531548    2.377944    1.606168    1.606168 ^ clk (in)
                                                         clk (net)
                      2.395725    0.000000    1.606168 ^ _1562_/CLK (sky130_fd_sc_hd__dfrtp_2)
     1    0.002131    0.037218    0.655353    2.261522 v _1562_/Q (sky130_fd_sc_hd__dfrtp_2)
                                                         u_top.dataMemory.clear_word[0] (net)
                      0.037218    0.000004    2.261525 v _1719_/A (sky130_fd_sc_hd__buf_2)
    15    0.045227    0.110179    0.185688    2.447214 v _1719_/X (sky130_fd_sc_hd__buf_2)
                                                         _0662_ (net)
                      0.110181    0.000629    2.447843 v _1123_/B (sky130_fd_sc_hd__nand2_2)
     2    0.010865    0.069777    0.109194    2.557036 ^ _1123_/Y (sky130_fd_sc_hd__nand2_2)
                                                         _0692_ (net)
                      0.069777    0.000060    2.557097 ^ _1124_/A (sky130_fd_sc_hd__inv_2)
     1    0.003428    0.020035    0.030515    2.587611 v _1124_/Y (sky130_fd_sc_hd__inv_2)
                                                         _0693_ (net)
                      0.020035    0.000019    2.587631 v _1828_/A (sky130_fd_sc_hd__buf_2)
     7    0.037790    0.094447    0.167150    2.754780 v _1828_/X (sky130_fd_sc_hd__buf_2)
                                                         u_top.dataMemory.s1_wmask0[3] (net)
                      0.125932    0.000608    2.755388 v u_top.dataMemory.sram_odd_words/wmask0[2] (sky130_sram_2kbyte_1rw1r_32x512_8)
                                              2.755388   data arrival time

                                  0.000000    0.000000   clock clk (rise edge)
                                  0.000000    0.000000   clock source latency
   134    0.531548    2.377944    1.776070    1.776070 ^ clk (in)
                                                         clk (net)
                      3.194537    0.000000    1.776070 ^ u_top.dataMemory.sram_odd_words/clk0 (sky130_sram_2kbyte_1rw1r_32x512_8)
                                  0.250000    2.026070   clock uncertainty
                                  0.000000    2.026070   clock reconvergence pessimism
                                 -0.056000    1.970070   library hold time
                                              1.970070   data required time
---------------------------------------------------------------------------------------------
                                              1.970070   data required time
                                             -2.755388   data arrival time
---------------------------------------------------------------------------------------------
                                              0.785318   slack (MET)


Startpoint: _1562_ (rising edge-triggered flip-flop clocked by clk)
Endpoint: u_top.dataMemory.sram_odd_words
          (falling edge-triggered flip-flop clocked by clk)
Path Group: clk
Path Type: min

Fanout         Cap        Slew       Delay        Time   Description
---------------------------------------------------------------------------------------------
                                  0.000000    0.000000   clock clk (rise edge)
                                  0.000000    0.000000   clock source latency
   134    0.531548    2.377944    1.606168    1.606168 ^ clk (in)
                                                         clk (net)
                      2.395725    0.000000    1.606168 ^ _1562_/CLK (sky130_fd_sc_hd__dfrtp_2)
     1    0.002131    0.037218    0.655353    2.261522 v _1562_/Q (sky130_fd_sc_hd__dfrtp_2)
                                                         u_top.dataMemory.clear_word[0] (net)
                      0.037218    0.000004    2.261525 v _1719_/A (sky130_fd_sc_hd__buf_2)
    15    0.045227    0.110179    0.185688    2.447214 v _1719_/X (sky130_fd_sc_hd__buf_2)
                                                         _0662_ (net)
                      0.110181    0.000629    2.447843 v _1123_/B (sky130_fd_sc_hd__nand2_2)
     2    0.010865    0.069777    0.109194    2.557036 ^ _1123_/Y (sky130_fd_sc_hd__nand2_2)
                                                         _0692_ (net)
                      0.069777    0.000060    2.557097 ^ _1124_/A (sky130_fd_sc_hd__inv_2)
     1    0.003428    0.020035    0.030515    2.587611 v _1124_/Y (sky130_fd_sc_hd__inv_2)
                                                         _0693_ (net)
                      0.020035    0.000019    2.587631 v _1828_/A (sky130_fd_sc_hd__buf_2)
     7    0.037790    0.094447    0.167150    2.754780 v _1828_/X (sky130_fd_sc_hd__buf_2)
                                                         u_top.dataMemory.s1_wmask0[3] (net)
                      0.125933    0.000622    2.755402 v u_top.dataMemory.sram_odd_words/wmask0[3] (sky130_sram_2kbyte_1rw1r_32x512_8)
                                              2.755402   data arrival time

                                  0.000000    0.000000   clock clk (rise edge)
                                  0.000000    0.000000   clock source latency
   134    0.531548    2.377944    1.776070    1.776070 ^ clk (in)
                                                         clk (net)
                      3.194537    0.000000    1.776070 ^ u_top.dataMemory.sram_odd_words/clk0 (sky130_sram_2kbyte_1rw1r_32x512_8)
                                  0.250000    2.026070   clock uncertainty
                                  0.000000    2.026070   clock reconvergence pessimism
                                 -0.056000    1.970070   library hold time
                                              1.970070   data required time
---------------------------------------------------------------------------------------------
                                              1.970070   data required time
                                             -2.755402   data arrival time
---------------------------------------------------------------------------------------------
                                              0.785332   slack (MET)


Startpoint: _1563_ (rising edge-triggered flip-flop clocked by clk)
Endpoint: u_top.dataMemory.sram_even_words
          (falling edge-triggered flip-flop clocked by clk)
Path Group: clk
Path Type: min

Fanout         Cap        Slew       Delay        Time   Description
---------------------------------------------------------------------------------------------
                                  0.000000    0.000000   clock clk (rise edge)
                                  0.000000    0.000000   clock source latency
   134    0.531548    2.377944    1.606604    1.606604 ^ clk (in)
                                                         clk (net)
                      2.395828    0.000000    1.606604 ^ _1563_/CLK (sky130_fd_sc_hd__dfrtp_2)
     1    0.002125    0.036074    0.631276    2.237880 ^ _1563_/Q (sky130_fd_sc_hd__dfrtp_2)
                                                         u_top.dataMemory.clear_word[1] (net)
                      0.036074    0.000003    2.237883 ^ _1717_/A (sky130_fd_sc_hd__buf_2)
     6    0.018672    0.097491    0.136100    2.373983 ^ _1717_/X (sky130_fd_sc_hd__buf_2)
                                                         _0663_ (net)
                      0.097491    0.000020    2.374003 ^ _1231_/A (sky130_fd_sc_hd__and2_2)
     1    0.034315    0.182280    0.245114    2.619117 ^ _1231_/X (sky130_fd_sc_hd__and2_2)
                                                         _0672_ (net)
                      0.182406    0.003744    2.622861 ^ _1850_/A (sky130_fd_sc_hd__buf_2)
     1    0.009536    0.057508    0.152392    2.775254 ^ _1850_/X (sky130_fd_sc_hd__buf_2)
                                                         u_top.dataMemory.s0_addr0[0] (net)
                      0.076677    0.000107    2.775360 ^ u_top.dataMemory.sram_even_words/addr0[0] (sky130_sram_2kbyte_1rw1r_32x512_8)
                                              2.775360   data arrival time

                                  0.000000    0.000000   clock clk (rise edge)
                                  0.000000    0.000000   clock source latency
   134    0.531548    2.377944    1.780817    1.780817 ^ clk (in)
                                                         clk (net)
                      3.195907    0.000000    1.780817 ^ u_top.dataMemory.sram_even_words/clk0 (sky130_sram_2kbyte_1rw1r_32x512_8)
                                  0.250000    2.030817   clock uncertainty
                                  0.000000    2.030817   clock reconvergence pessimism
                                 -0.056000    1.974816   library hold time
                                              1.974816   data required time
---------------------------------------------------------------------------------------------
                                              1.974816   data required time
                                             -2.775360   data arrival time
---------------------------------------------------------------------------------------------
                                              0.800544   slack (MET)


Startpoint: _1564_ (rising edge-triggered flip-flop clocked by clk)
Endpoint: u_top.dataMemory.sram_even_words
          (falling edge-triggered flip-flop clocked by clk)
Path Group: clk
Path Type: min

Fanout         Cap        Slew       Delay        Time   Description
---------------------------------------------------------------------------------------------
                                  0.000000    0.000000   clock clk (rise edge)
                                  0.000000    0.000000   clock source latency
   134    0.531548    2.377944    1.606248    1.606248 ^ clk (in)
                                                         clk (net)
                      2.395744    0.000000    1.606248 ^ _1564_/CLK (sky130_fd_sc_hd__dfrtp_2)
     1    0.001966    0.036660    0.654484    2.260732 v _1564_/Q (sky130_fd_sc_hd__dfrtp_2)
                                                         u_top.dataMemory.clear_word[2] (net)
                      0.036660    0.000003    2.260735 v _1715_/A (sky130_fd_sc_hd__buf_2)
     6    0.024465    0.068470    0.150674    2.411409 v _1715_/X (sky130_fd_sc_hd__buf_2)
                                                         _0664_ (net)
                      0.068470    0.000028    2.411437 v _1232_/A (sky130_fd_sc_hd__and2_2)
     1    0.034626    0.103650    0.237254    2.648692 v _1232_/X (sky130_fd_sc_hd__and2_2)
                                                         _0673_ (net)
                      0.103875    0.003803    2.652494 v _1851_/A (sky130_fd_sc_hd__buf_2)
     1    0.009105    0.037280    0.149796    2.802290 v _1851_/X (sky130_fd_sc_hd__buf_2)
                                                         u_top.dataMemory.s0_addr0[1] (net)
                      0.049706    0.000089    2.802380 v u_top.dataMemory.sram_even_words/addr0[1] (sky130_sram_2kbyte_1rw1r_32x512_8)
                                              2.802380   data arrival time

                                  0.000000    0.000000   clock clk (rise edge)
                                  0.000000    0.000000   clock source latency
   134    0.531548    2.377944    1.780817    1.780817 ^ clk (in)
                                                         clk (net)
                      3.195907    0.000000    1.780817 ^ u_top.dataMemory.sram_even_words/clk0 (sky130_sram_2kbyte_1rw1r_32x512_8)
                                  0.250000    2.030817   clock uncertainty
                                  0.000000    2.030817   clock reconvergence pessimism
                                 -0.056000    1.974816   library hold time
                                              1.974816   data required time
---------------------------------------------------------------------------------------------
                                              1.974816   data required time
                                             -2.802380   data arrival time
---------------------------------------------------------------------------------------------
                                              0.827563   slack (MET)


Startpoint: _1562_ (rising edge-triggered flip-flop clocked by clk)
Endpoint: u_top.dataMemory.sram_even_words
          (falling edge-triggered flip-flop clocked by clk)
Path Group: clk
Path Type: min

Fanout         Cap        Slew       Delay        Time   Description
---------------------------------------------------------------------------------------------
                                  0.000000    0.000000   clock clk (rise edge)
                                  0.000000    0.000000   clock source latency
   134    0.531548    2.377944    1.606168    1.606168 ^ clk (in)
                                                         clk (net)
                      2.395725    0.000000    1.606168 ^ _1562_/CLK (sky130_fd_sc_hd__dfrtp_2)
     1    0.002291    0.036868    0.632197    2.238365 ^ _1562_/Q (sky130_fd_sc_hd__dfrtp_2)
                                                         u_top.dataMemory.clear_word[0] (net)
                      0.036868    0.000004    2.238369 ^ _1719_/A (sky130_fd_sc_hd__buf_2)
    15    0.048536    0.237070    0.229764    2.468133 ^ _1719_/X (sky130_fd_sc_hd__buf_2)
                                                         _0662_ (net)
                      0.237071    0.000286    2.468420 ^ _1220_/B (sky130_fd_sc_hd__nor2_2)
    11    0.063637    0.158604    0.189097    2.657516 v _1220_/Y (sky130_fd_sc_hd__nor2_2)
                                                         _0682_ (net)
                      0.159105    0.006822    2.664338 v _1221_/A (sky130_fd_sc_hd__inv_2)
     1    0.001879    0.040672    0.063817    2.728155 ^ _1221_/Y (sky130_fd_sc_hd__inv_2)
                                                         _0681_ (net)
                      0.040672    0.000000    2.728156 ^ _1859_/A (sky130_fd_sc_hd__buf_2)
     2    0.014788    0.079475    0.125530    2.853686 ^ _1859_/X (sky130_fd_sc_hd__buf_2)
                                                         u_top.dataMemory.s0_csb0 (net)
                      0.105966    0.000032    2.853718 ^ u_top.dataMemory.sram_even_words/web0 (sky130_sram_2kbyte_1rw1r_32x512_8)
                                              2.853718   data arrival time

                                  0.000000    0.000000   clock clk (rise edge)
                                  0.000000    0.000000   clock source latency
   134    0.531548    2.377944    1.780817    1.780817 ^ clk (in)
                                                         clk (net)
                      3.195907    0.000000    1.780817 ^ u_top.dataMemory.sram_even_words/clk0 (sky130_sram_2kbyte_1rw1r_32x512_8)
                                  0.250000    2.030817   clock uncertainty
                                  0.000000    2.030817   clock reconvergence pessimism
                                 -0.056000    1.974816   library hold time
                                              1.974816   data required time
---------------------------------------------------------------------------------------------
                                              1.974816   data required time
                                             -2.853718   data arrival time
---------------------------------------------------------------------------------------------
                                              0.878901   slack (MET)


Startpoint: _1562_ (rising edge-triggered flip-flop clocked by clk)
Endpoint: u_top.dataMemory.sram_even_words
          (falling edge-triggered flip-flop clocked by clk)
Path Group: clk
Path Type: min

Fanout         Cap        Slew       Delay        Time   Description
---------------------------------------------------------------------------------------------
                                  0.000000    0.000000   clock clk (rise edge)
                                  0.000000    0.000000   clock source latency
   134    0.531548    2.377944    1.606168    1.606168 ^ clk (in)
                                                         clk (net)
                      2.395725    0.000000    1.606168 ^ _1562_/CLK (sky130_fd_sc_hd__dfrtp_2)
     1    0.002291    0.036868    0.632197    2.238365 ^ _1562_/Q (sky130_fd_sc_hd__dfrtp_2)
                                                         u_top.dataMemory.clear_word[0] (net)
                      0.036868    0.000004    2.238369 ^ _1719_/A (sky130_fd_sc_hd__buf_2)
    15    0.048536    0.237070    0.229764    2.468133 ^ _1719_/X (sky130_fd_sc_hd__buf_2)
                                                         _0662_ (net)
                      0.237071    0.000286    2.468420 ^ _1220_/B (sky130_fd_sc_hd__nor2_2)
    11    0.063637    0.158604    0.189097    2.657516 v _1220_/Y (sky130_fd_sc_hd__nor2_2)
                                                         _0682_ (net)
                      0.159105    0.006822    2.664338 v _1221_/A (sky130_fd_sc_hd__inv_2)
     1    0.001879    0.040672    0.063817    2.728155 ^ _1221_/Y (sky130_fd_sc_hd__inv_2)
                                                         _0681_ (net)
                      0.040672    0.000000    2.728156 ^ _1859_/A (sky130_fd_sc_hd__buf_2)
     2    0.014788    0.079475    0.125530    2.853686 ^ _1859_/X (sky130_fd_sc_hd__buf_2)
                                                         u_top.dataMemory.s0_csb0 (net)
                      0.105966    0.000033    2.853719 ^ u_top.dataMemory.sram_even_words/csb0 (sky130_sram_2kbyte_1rw1r_32x512_8)
                                              2.853719   data arrival time

                                  0.000000    0.000000   clock clk (rise edge)
                                  0.000000    0.000000   clock source latency
   134    0.531548    2.377944    1.780817    1.780817 ^ clk (in)
                                                         clk (net)
                      3.195907    0.000000    1.780817 ^ u_top.dataMemory.sram_even_words/clk0 (sky130_sram_2kbyte_1rw1r_32x512_8)
                                  0.250000    2.030817   clock uncertainty
                                  0.000000    2.030817   clock reconvergence pessimism
                                 -0.056000    1.974816   library hold time
                                              1.974816   data required time
---------------------------------------------------------------------------------------------
                                              1.974816   data required time
                                             -2.853719   data arrival time
---------------------------------------------------------------------------------------------
                                              0.878903   slack (MET)


Startpoint: _1562_ (rising edge-triggered flip-flop clocked by clk)
Endpoint: u_top.dataMemory.sram_even_words
          (falling edge-triggered flip-flop clocked by clk)
Path Group: clk
Path Type: min

Fanout         Cap        Slew       Delay        Time   Description
---------------------------------------------------------------------------------------------
                                  0.000000    0.000000   clock clk (rise edge)
                                  0.000000    0.000000   clock source latency
   134    0.531548    2.377944    1.606168    1.606168 ^ clk (in)
                                                         clk (net)
                      2.395725    0.000000    1.606168 ^ _1562_/CLK (sky130_fd_sc_hd__dfrtp_2)
     1    0.002291    0.036868    0.632197    2.238365 ^ _1562_/Q (sky130_fd_sc_hd__dfrtp_2)
                                                         u_top.dataMemory.clear_word[0] (net)
                      0.036868    0.000004    2.238369 ^ _1719_/A (sky130_fd_sc_hd__buf_2)
    15    0.048536    0.237070    0.229764    2.468133 ^ _1719_/X (sky130_fd_sc_hd__buf_2)
                                                         _0662_ (net)
                      0.237071    0.000286    2.468420 ^ _1220_/B (sky130_fd_sc_hd__nor2_2)
    11    0.063637    0.158604    0.189097    2.657516 v _1220_/Y (sky130_fd_sc_hd__nor2_2)
                                                         _0682_ (net)
                      0.159132    0.006998    2.664514 v _1829_/A (sky130_fd_sc_hd__buf_2)
     7    0.039402    0.098006    0.228334    2.892848 v _1829_/X (sky130_fd_sc_hd__buf_2)
                                                         u_top.dataMemory.s0_wmask0[3] (net)
                      0.130682    0.000795    2.893643 v u_top.dataMemory.sram_even_words/wmask0[0] (sky130_sram_2kbyte_1rw1r_32x512_8)
                                              2.893643   data arrival time

                                  0.000000    0.000000   clock clk (rise edge)
                                  0.000000    0.000000   clock source latency
   134    0.531548    2.377944    1.780817    1.780817 ^ clk (in)
                                                         clk (net)
                      3.195907    0.000000    1.780817 ^ u_top.dataMemory.sram_even_words/clk0 (sky130_sram_2kbyte_1rw1r_32x512_8)
                                  0.250000    2.030817   clock uncertainty
                                  0.000000    2.030817   clock reconvergence pessimism
                                 -0.056000    1.974816   library hold time
                                              1.974816   data required time
---------------------------------------------------------------------------------------------
                                              1.974816   data required time
                                             -2.893643   data arrival time
---------------------------------------------------------------------------------------------
                                              0.918827   slack (MET)


Startpoint: _1562_ (rising edge-triggered flip-flop clocked by clk)
Endpoint: u_top.dataMemory.sram_even_words
          (falling edge-triggered flip-flop clocked by clk)
Path Group: clk
Path Type: min

Fanout         Cap        Slew       Delay        Time   Description
---------------------------------------------------------------------------------------------
                                  0.000000    0.000000   clock clk (rise edge)
                                  0.000000    0.000000   clock source latency
   134    0.531548    2.377944    1.606168    1.606168 ^ clk (in)
                                                         clk (net)
                      2.395725    0.000000    1.606168 ^ _1562_/CLK (sky130_fd_sc_hd__dfrtp_2)
     1    0.002291    0.036868    0.632197    2.238365 ^ _1562_/Q (sky130_fd_sc_hd__dfrtp_2)
                                                         u_top.dataMemory.clear_word[0] (net)
                      0.036868    0.000004    2.238369 ^ _1719_/A (sky130_fd_sc_hd__buf_2)
    15    0.048536    0.237070    0.229764    2.468133 ^ _1719_/X (sky130_fd_sc_hd__buf_2)
                                                         _0662_ (net)
                      0.237071    0.000286    2.468420 ^ _1220_/B (sky130_fd_sc_hd__nor2_2)
    11    0.063637    0.158604    0.189097    2.657516 v _1220_/Y (sky130_fd_sc_hd__nor2_2)
                                                         _0682_ (net)
                      0.159132    0.006998    2.664514 v _1829_/A (sky130_fd_sc_hd__buf_2)
     7    0.039402    0.098006    0.228334    2.892848 v _1829_/X (sky130_fd_sc_hd__buf_2)
                                                         u_top.dataMemory.s0_wmask0[3] (net)
                      0.130684    0.000846    2.893694 v u_top.dataMemory.sram_even_words/wmask0[1] (sky130_sram_2kbyte_1rw1r_32x512_8)
                                              2.893694   data arrival time

                                  0.000000    0.000000   clock clk (rise edge)
                                  0.000000    0.000000   clock source latency
   134    0.531548    2.377944    1.780817    1.780817 ^ clk (in)
                                                         clk (net)
                      3.195907    0.000000    1.780817 ^ u_top.dataMemory.sram_even_words/clk0 (sky130_sram_2kbyte_1rw1r_32x512_8)
                                  0.250000    2.030817   clock uncertainty
                                  0.000000    2.030817   clock reconvergence pessimism
                                 -0.056000    1.974816   library hold time
                                              1.974816   data required time
---------------------------------------------------------------------------------------------
                                              1.974816   data required time
                                             -2.893694   data arrival time
---------------------------------------------------------------------------------------------
                                              0.918877   slack (MET)


Startpoint: _1562_ (rising edge-triggered flip-flop clocked by clk)
Endpoint: u_top.dataMemory.sram_even_words
          (falling edge-triggered flip-flop clocked by clk)
Path Group: clk
Path Type: min

Fanout         Cap        Slew       Delay        Time   Description
---------------------------------------------------------------------------------------------
                                  0.000000    0.000000   clock clk (rise edge)
                                  0.000000    0.000000   clock source latency
   134    0.531548    2.377944    1.606168    1.606168 ^ clk (in)
                                                         clk (net)
                      2.395725    0.000000    1.606168 ^ _1562_/CLK (sky130_fd_sc_hd__dfrtp_2)
     1    0.002291    0.036868    0.632197    2.238365 ^ _1562_/Q (sky130_fd_sc_hd__dfrtp_2)
                                                         u_top.dataMemory.clear_word[0] (net)
                      0.036868    0.000004    2.238369 ^ _1719_/A (sky130_fd_sc_hd__buf_2)
    15    0.048536    0.237070    0.229764    2.468133 ^ _1719_/X (sky130_fd_sc_hd__buf_2)
                                                         _0662_ (net)
                      0.237071    0.000286    2.468420 ^ _1220_/B (sky130_fd_sc_hd__nor2_2)
    11    0.063637    0.158604    0.189097    2.657516 v _1220_/Y (sky130_fd_sc_hd__nor2_2)
                                                         _0682_ (net)
                      0.159132    0.006998    2.664514 v _1829_/A (sky130_fd_sc_hd__buf_2)
     7    0.039402    0.098006    0.228334    2.892848 v _1829_/X (sky130_fd_sc_hd__buf_2)
                                                         u_top.dataMemory.s0_wmask0[3] (net)
                      0.130685    0.000869    2.893717 v u_top.dataMemory.sram_even_words/wmask0[2] (sky130_sram_2kbyte_1rw1r_32x512_8)
                                              2.893717   data arrival time

                                  0.000000    0.000000   clock clk (rise edge)
                                  0.000000    0.000000   clock source latency
   134    0.531548    2.377944    1.780817    1.780817 ^ clk (in)
                                                         clk (net)
                      3.195907    0.000000    1.780817 ^ u_top.dataMemory.sram_even_words/clk0 (sky130_sram_2kbyte_1rw1r_32x512_8)
                                  0.250000    2.030817   clock uncertainty
                                  0.000000    2.030817   clock reconvergence pessimism
                                 -0.056000    1.974816   library hold time
                                              1.974816   data required time
---------------------------------------------------------------------------------------------
                                              1.974816   data required time
                                             -2.893717   data arrival time
---------------------------------------------------------------------------------------------
                                              0.918901   slack (MET)


Startpoint: _1562_ (rising edge-triggered flip-flop clocked by clk)
Endpoint: u_top.dataMemory.sram_even_words
          (falling edge-triggered flip-flop clocked by clk)
Path Group: clk
Path Type: min

Fanout         Cap        Slew       Delay        Time   Description
---------------------------------------------------------------------------------------------
                                  0.000000    0.000000   clock clk (rise edge)
                                  0.000000    0.000000   clock source latency
   134    0.531548    2.377944    1.606168    1.606168 ^ clk (in)
                                                         clk (net)
                      2.395725    0.000000    1.606168 ^ _1562_/CLK (sky130_fd_sc_hd__dfrtp_2)
     1    0.002291    0.036868    0.632197    2.238365 ^ _1562_/Q (sky130_fd_sc_hd__dfrtp_2)
                                                         u_top.dataMemory.clear_word[0] (net)
                      0.036868    0.000004    2.238369 ^ _1719_/A (sky130_fd_sc_hd__buf_2)
    15    0.048536    0.237070    0.229764    2.468133 ^ _1719_/X (sky130_fd_sc_hd__buf_2)
                                                         _0662_ (net)
                      0.237071    0.000286    2.468420 ^ _1220_/B (sky130_fd_sc_hd__nor2_2)
    11    0.063637    0.158604    0.189097    2.657516 v _1220_/Y (sky130_fd_sc_hd__nor2_2)
                                                         _0682_ (net)
                      0.159132    0.006998    2.664514 v _1829_/A (sky130_fd_sc_hd__buf_2)
     7    0.039402    0.098006    0.228334    2.892848 v _1829_/X (sky130_fd_sc_hd__buf_2)
                                                         u_top.dataMemory.s0_wmask0[3] (net)
                      0.130685    0.000884    2.893732 v u_top.dataMemory.sram_even_words/wmask0[3] (sky130_sram_2kbyte_1rw1r_32x512_8)
                                              2.893732   data arrival time

                                  0.000000    0.000000   clock clk (rise edge)
                                  0.000000    0.000000   clock source latency
   134    0.531548    2.377944    1.780817    1.780817 ^ clk (in)
                                                         clk (net)
                      3.195907    0.000000    1.780817 ^ u_top.dataMemory.sram_even_words/clk0 (sky130_sram_2kbyte_1rw1r_32x512_8)
                                  0.250000    2.030817   clock uncertainty
                                  0.000000    2.030817   clock reconvergence pessimism
                                 -0.056000    1.974816   library hold time
                                              1.974816   data required time
---------------------------------------------------------------------------------------------
                                              1.974816   data required time
                                             -2.893732   data arrival time
---------------------------------------------------------------------------------------------
                                              0.918915   slack (MET)


Startpoint: _1507_ (rising edge-triggered flip-flop clocked by clk)
Endpoint: gpio[3] (output port clocked by clk)
Path Group: clk
Path Type: min

Fanout         Cap        Slew       Delay        Time   Description
---------------------------------------------------------------------------------------------
                                  0.000000    0.000000   clock clk (rise edge)
                                  0.000000    0.000000   clock source latency
   134    0.531548    2.377944    1.602209    1.602209 ^ clk (in)
                                                         clk (net)
                      2.394809    0.000000    1.602209 ^ _1507_/CLK (sky130_fd_sc_hd__dfxtp_2)
     4    0.007846    0.053788    0.629328    2.231537 ^ _1507_/Q (sky130_fd_sc_hd__dfxtp_2)
                                                         u_top.instruction_mmu.u_tlb.flags[3][3] (net)
                      0.053788    0.000005    2.231542 ^ _1863_/A (sky130_fd_sc_hd__buf_2)
     2    0.005311    0.037410    0.098666    2.330208 ^ _1863_/X (sky130_fd_sc_hd__buf_2)
                                                         _0699_ (net)
                      0.037410    0.000019    2.330227 ^ _1261_/B2 (sky130_fd_sc_hd__o221a_2)
     1    0.005863    0.055495    0.172435    2.502661 ^ _1261_/X (sky130_fd_sc_hd__o221a_2)
                                                         _0576_ (net)
                      0.055495    0.000031    2.502692 ^ _1262_/B (sky130_fd_sc_hd__nor2_2)
     1    0.037164    0.087263    0.085568    2.588261 v _1262_/Y (sky130_fd_sc_hd__nor2_2)
                                                         _0694_ (net)
                      0.087460    0.003232    2.591493 v _1864_/A (sky130_fd_sc_hd__buf_2)
     1    0.012828    0.044565    0.151491    2.742984 v _1864_/X (sky130_fd_sc_hd__buf_2)
                                                         u_top.dbg_i_fault (net)
                      0.044570    0.000486    2.743470 v _1674_/A (sky130_fd_sc_hd__buf_2)
     1    0.037239    0.093198    0.176157    2.919626 v _1674_/X (sky130_fd_sc_hd__buf_2)
                                                         gpio[3] (net)
                      0.093202    0.000690    2.920316 v gpio[3] (out)
                                              2.920316   data arrival time

                                  0.000000    0.000000   clock clk (rise edge)
                                  0.000000    0.000000   clock network delay (propagated)
                                  0.250000    0.250000   clock uncertainty
                                  0.000000    0.250000   clock reconvergence pessimism
                                 -2.000000   -1.750000   output external delay
                                             -1.750000   data required time
---------------------------------------------------------------------------------------------
                                             -1.750000   data required time
                                             -2.920316   data arrival time
---------------------------------------------------------------------------------------------
                                              4.670317   slack (MET)


Startpoint: _1550_ (rising edge-triggered flip-flop clocked by clk)
Endpoint: gpio[1] (output port clocked by clk)
Path Group: clk
Path Type: min

Fanout         Cap        Slew       Delay        Time   Description
---------------------------------------------------------------------------------------------
                                  0.000000    0.000000   clock clk (rise edge)
                                  0.000000    0.000000   clock source latency
   134    0.531548    2.377944    1.596736    1.596736 ^ clk (in)
                                                         clk (net)
                      2.393583    0.000000    1.596736 ^ _1550_/CLK (sky130_fd_sc_hd__dfxtp_2)
     1    0.001800    0.020984    0.579840    2.176576 v _1550_/Q (sky130_fd_sc_hd__dfxtp_2)
                                                         u_top.RV32I_Logic.Single_Cycle_Datapath.pcREG.q[20] (net)
                      0.020984    0.000002    2.176578 v _1769_/A (sky130_fd_sc_hd__buf_2)
     6    0.020015    0.059203    0.136402    2.312980 v _1769_/X (sky130_fd_sc_hd__buf_2)
                                                         _0640_ (net)
                      0.059203    0.000084    2.313064 v _1085_/A (sky130_fd_sc_hd__inv_2)
     2    0.010390    0.054268    0.067276    2.380341 ^ _1085_/Y (sky130_fd_sc_hd__inv_2)
                                                         _0436_ (net)
                      0.054268    0.000032    2.380373 ^ _1161_/A1 (sky130_fd_sc_hd__a2111oi_2)
     1    0.002868    0.031547    0.053173    2.433545 v _1161_/Y (sky130_fd_sc_hd__a2111oi_2)
                                                         _0497_ (net)
                      0.031547    0.000015    2.433560 v _1219_/B (sky130_fd_sc_hd__and4_2)
     1    0.090586    0.212472    0.346885    2.780445 v _1219_/X (sky130_fd_sc_hd__and4_2)
                                                         _0695_ (net)
                      0.215340    0.018908    2.799353 v _1825_/A (sky130_fd_sc_hd__buf_2)
     1    0.005194    0.030891    0.186642    2.985995 v _1825_/X (sky130_fd_sc_hd__buf_2)
                                                         u_top.dbg_i_tlb_hit (net)
                      0.030891    0.000064    2.986058 v _1672_/A (sky130_fd_sc_hd__buf_2)
     1    0.037379    0.093592    0.170732    3.156790 v _1672_/X (sky130_fd_sc_hd__buf_2)
                                                         gpio[1] (net)
                      0.093597    0.000768    3.157559 v gpio[1] (out)
                                              3.157559   data arrival time

                                  0.000000    0.000000   clock clk (rise edge)
                                  0.000000    0.000000   clock network delay (propagated)
                                  0.250000    0.250000   clock uncertainty
                                  0.000000    0.250000   clock reconvergence pessimism
                                 -2.000000   -1.750000   output external delay
                                             -1.750000   data required time
---------------------------------------------------------------------------------------------
                                             -1.750000   data required time
                                             -3.157559   data arrival time
---------------------------------------------------------------------------------------------
                                              4.907559   slack (MET)



