
===========================================================================
report_checks -path_delay max (Setup)
============================================================================
======================= nom_ss_100C_1v60 Corner ===================================

Startpoint: _1542_ (rising edge-triggered flip-flop clocked by clk)
Endpoint: gpio[3] (output port clocked by clk)
Path Group: clk
Path Type: max

Fanout         Cap        Slew       Delay        Time   Description
---------------------------------------------------------------------------------------------
                      0.150000    0.000000    0.000000   clock clk (rise edge)
                                  0.000000    0.000000   clock network delay (ideal)
                      0.150000    0.000000    0.000000 ^ _1542_/CLK (sky130_fd_sc_hd__dfxtp_2)
     1    0.001625    0.035522    0.654966    0.654966 v _1542_/Q (sky130_fd_sc_hd__dfxtp_2)
                                                         u_top.RV32I_Logic.Single_Cycle_Datapath.pcREG.q[12] (net)
                      0.035522    0.000000    0.654966 v _1722_/A (sky130_fd_sc_hd__buf_2)
    27    0.087895    0.381120    0.519686    1.174652 v _1722_/X (sky130_fd_sc_hd__buf_2)
                                                         _0632_ (net)
                      0.381120    0.000000    1.174652 v _1134_/B (sky130_fd_sc_hd__or3b_2)
     1    0.001428    0.147893    1.163827    2.338479 v _1134_/X (sky130_fd_sc_hd__or3b_2)
                                                         _0470_ (net)
                      0.147893    0.000000    2.338479 v _1135_/D (sky130_fd_sc_hd__and4_2)
     2    0.005521    0.091519    0.565583    2.904062 v _1135_/X (sky130_fd_sc_hd__and4_2)
                                                         _0471_ (net)
                      0.091519    0.000000    2.904062 v _1136_/B (sky130_fd_sc_hd__or2_2)
     2    0.004761    0.125170    0.677121    3.581182 v _1136_/X (sky130_fd_sc_hd__or2_2)
                                                         _0472_ (net)
                      0.125170    0.000000    3.581182 v _1255_/C1 (sky130_fd_sc_hd__o2111a_2)
     1    0.002354    0.066570    0.291504    3.872686 v _1255_/X (sky130_fd_sc_hd__o2111a_2)
                                                         _0570_ (net)
                      0.066570    0.000000    3.872686 v _1256_/D1 (sky130_fd_sc_hd__o2111a_2)
     1    0.002352    0.066291    0.233024    4.105711 v _1256_/X (sky130_fd_sc_hd__o2111a_2)
                                                         _0571_ (net)
                      0.066291    0.000000    4.105711 v _1257_/C1 (sky130_fd_sc_hd__o211a_2)
     1    0.001447    0.062586    0.204628    4.310339 v _1257_/X (sky130_fd_sc_hd__o211a_2)
                                                         _0572_ (net)
                      0.062586    0.000000    4.310339 v _1258_/D (sky130_fd_sc_hd__and4b_2)
     2    0.006292    0.097972    0.537612    4.847950 v _1258_/X (sky130_fd_sc_hd__and4b_2)
                                                         _0573_ (net)
                      0.097972    0.000000    4.847950 v _1259_/D (sky130_fd_sc_hd__nor4_2)
     5    0.015835    0.761173    0.603669    5.451620 ^ _1259_/Y (sky130_fd_sc_hd__nor4_2)
                                                         _0574_ (net)
                      0.761173    0.000000    5.451620 ^ _1262_/A (sky130_fd_sc_hd__nor2_2)
     1    0.001625    0.116131    0.238552    5.690172 v _1262_/Y (sky130_fd_sc_hd__nor2_2)
                                                         _0694_ (net)
                      0.116131    0.000000    5.690172 v _1864_/A (sky130_fd_sc_hd__buf_2)
     1    0.001625    0.039192    0.249839    5.940012 v _1864_/X (sky130_fd_sc_hd__buf_2)
                                                         u_top.dbg_i_fault (net)
                      0.039192    0.000000    5.940012 v _1674_/A (sky130_fd_sc_hd__buf_2)
     1    0.033442    0.165563    0.344686    6.284697 v _1674_/X (sky130_fd_sc_hd__buf_2)
                                                         gpio[3] (net)
                      0.165563    0.000000    6.284697 v gpio[3] (out)
                                              6.284697   data arrival time

                      0.150000   10.000000   10.000000   clock clk (rise edge)
                                  0.000000   10.000000   clock network delay (ideal)
                                 -0.250000    9.750000   clock uncertainty
                                  0.000000    9.750000   clock reconvergence pessimism
                                 -2.000000    7.750000   output external delay
                                              7.750000   data required time
---------------------------------------------------------------------------------------------
                                              7.750000   data required time
                                             -6.284697   data arrival time
---------------------------------------------------------------------------------------------
                                              1.465303   slack (MET)


Startpoint: _1542_ (rising edge-triggered flip-flop clocked by clk)
Endpoint: gpio[1] (output port clocked by clk)
Path Group: clk
Path Type: max

Fanout         Cap        Slew       Delay        Time   Description
---------------------------------------------------------------------------------------------
                      0.150000    0.000000    0.000000   clock clk (rise edge)
                                  0.000000    0.000000   clock network delay (ideal)
                      0.150000    0.000000    0.000000 ^ _1542_/CLK (sky130_fd_sc_hd__dfxtp_2)
     1    0.001753    0.046970    0.695648    0.695648 ^ _1542_/Q (sky130_fd_sc_hd__dfxtp_2)
                                                         u_top.RV32I_Logic.Single_Cycle_Datapath.pcREG.q[12] (net)
                      0.046970    0.000000    0.695648 ^ _1722_/A (sky130_fd_sc_hd__buf_2)
    27    0.094807    0.727476    0.685824    1.381472 ^ _1722_/X (sky130_fd_sc_hd__buf_2)
                                                         _0632_ (net)
                      0.727476    0.000000    1.381472 ^ _1154_/C_N (sky130_fd_sc_hd__or3b_2)
     1    0.004191    0.174081    1.272957    2.654429 v _1154_/X (sky130_fd_sc_hd__or3b_2)
                                                         _0490_ (net)
                      0.174081    0.000000    2.654429 v _1156_/C (sky130_fd_sc_hd__nand4_2)
     2    0.002877    0.100857    0.189217    2.843646 ^ _1156_/Y (sky130_fd_sc_hd__nand4_2)
                                                         _0492_ (net)
                      0.100857    0.000000    2.843646 ^ _1210_/B (sky130_fd_sc_hd__or2_2)
     2    0.004963    0.066039    0.211379    3.055025 ^ _1210_/X (sky130_fd_sc_hd__or2_2)
                                                         _0546_ (net)
                      0.066039    0.000000    3.055025 ^ _1211_/C1 (sky130_fd_sc_hd__o2111a_2)
     1    0.002421    0.083578    0.428609    3.483634 ^ _1211_/X (sky130_fd_sc_hd__o2111a_2)
                                                         _0547_ (net)
                      0.083578    0.000000    3.483634 ^ _1216_/B1 (sky130_fd_sc_hd__o2111a_2)
     1    0.001551    0.075226    0.444383    3.928016 ^ _1216_/X (sky130_fd_sc_hd__o2111a_2)
                                                         _0552_ (net)
                      0.075226    0.000000    3.928016 ^ _1217_/D (sky130_fd_sc_hd__and4b_2)
     1    0.001518    0.088253    0.475670    4.403687 ^ _1217_/X (sky130_fd_sc_hd__and4b_2)
                                                         _0553_ (net)
                      0.088253    0.000000    4.403687 ^ _1218_/D (sky130_fd_sc_hd__and4_2)
     1    0.001518    0.086493    0.470914    4.874600 ^ _1218_/X (sky130_fd_sc_hd__and4_2)
                                                         _0554_ (net)
                      0.086493    0.000000    4.874600 ^ _1219_/D (sky130_fd_sc_hd__and4_2)
     1    0.001753    0.089034    0.474190    5.348791 ^ _1219_/X (sky130_fd_sc_hd__and4_2)
                                                         _0695_ (net)
                      0.089034    0.000000    5.348791 ^ _1825_/A (sky130_fd_sc_hd__buf_2)
     1    0.001753    0.039852    0.178157    5.526947 ^ _1825_/X (sky130_fd_sc_hd__buf_2)
                                                         u_top.dbg_i_tlb_hit (net)
                      0.039852    0.000000    5.526947 ^ _1672_/A (sky130_fd_sc_hd__buf_2)
     1    0.033442    0.269861    0.342061    5.869008 ^ _1672_/X (sky130_fd_sc_hd__buf_2)
                                                         gpio[1] (net)
                      0.269861    0.000000    5.869008 ^ gpio[1] (out)
                                              5.869008   data arrival time

                      0.150000   10.000000   10.000000   clock clk (rise edge)
                                  0.000000   10.000000   clock network delay (ideal)
                                 -0.250000    9.750000   clock uncertainty
                                  0.000000    9.750000   clock reconvergence pessimism
                                 -2.000000    7.750000   output external delay
                                              7.750000   data required time
---------------------------------------------------------------------------------------------
                                              7.750000   data required time
                                             -5.869008   data arrival time
---------------------------------------------------------------------------------------------
                                              1.880992   slack (MET)


Startpoint: _1533_ (rising edge-triggered flip-flop clocked by clk)
Endpoint: _1561_ (rising edge-triggered flip-flop clocked by clk)
Path Group: clk
Path Type: max

Fanout         Cap        Slew       Delay        Time   Description
---------------------------------------------------------------------------------------------
                      0.150000    0.000000    0.000000   clock clk (rise edge)
                                  0.000000    0.000000   clock network delay (ideal)
                      0.150000    0.000000    0.000000 ^ _1533_/CLK (sky130_fd_sc_hd__dfxtp_2)
     1    0.001753    0.046970    0.695648    0.695648 ^ _1533_/Q (sky130_fd_sc_hd__dfxtp_2)
                                                         u_top.RV32I_Logic.Single_Cycle_Datapath.pcREG.q[3] (net)
                      0.046970    0.000000    0.695648 ^ _1831_/A (sky130_fd_sc_hd__buf_2)
     5    0.015135    0.135012    0.242330    0.937978 ^ _1831_/X (sky130_fd_sc_hd__buf_2)
                                                         _0653_ (net)
                      0.135012    0.000000    0.937978 ^ _1361_/B (sky130_fd_sc_hd__and4_2)
     6    0.016580    0.209467    0.616017    1.553995 ^ _1361_/X (sky130_fd_sc_hd__and4_2)
                                                         _0584_ (net)
                      0.209467    0.000000    1.553995 ^ _1368_/D (sky130_fd_sc_hd__and4_2)
     6    0.019795    0.233163    0.692808    2.246803 ^ _1368_/X (sky130_fd_sc_hd__and4_2)
                                                         _0588_ (net)
                      0.233163    0.000000    2.246803 ^ _1376_/D (sky130_fd_sc_hd__and4_2)
     7    0.021255    0.243696    0.710122    2.956924 ^ _1376_/X (sky130_fd_sc_hd__and4_2)
                                                         _0593_ (net)
                      0.243696    0.000000    2.956924 ^ _1387_/D (sky130_fd_sc_hd__and4_2)
     6    0.019795    0.233098    0.703608    3.660532 ^ _1387_/X (sky130_fd_sc_hd__and4_2)
                                                         _0600_ (net)
                      0.233098    0.000000    3.660532 ^ _1395_/D (sky130_fd_sc_hd__and4_2)
     6    0.019795    0.232987    0.700502    4.361035 ^ _1395_/X (sky130_fd_sc_hd__and4_2)
                                                         _0605_ (net)
                      0.232987    0.000000    4.361035 ^ _1403_/D (sky130_fd_sc_hd__and4_2)
     6    0.019795    0.232892    0.700469    5.061504 ^ _1403_/X (sky130_fd_sc_hd__and4_2)
                                                         _0610_ (net)
                      0.232892    0.000000    5.061504 ^ _1411_/D (sky130_fd_sc_hd__and4_2)
     7    0.021235    0.243296    0.709911    5.771415 ^ _1411_/X (sky130_fd_sc_hd__and4_2)
                                                         _0615_ (net)
                      0.243296    0.000000    5.771415 ^ _1423_/C (sky130_fd_sc_hd__and4_2)
     6    0.023975    0.263305    0.720271    6.491686 ^ _1423_/X (sky130_fd_sc_hd__and4_2)
                                                         _0623_ (net)
                      0.263305    0.000000    6.491686 ^ _1429_/C (sky130_fd_sc_hd__nand3_2)
     2    0.003678    0.110452    0.221873    6.713560 v _1429_/Y (sky130_fd_sc_hd__nand3_2)
                                                         _0627_ (net)
                      0.110452    0.000000    6.713560 v _1432_/A2 (sky130_fd_sc_hd__o2111a_2)
     1    0.001625    0.062334    0.473192    7.186752 v _1432_/X (sky130_fd_sc_hd__o2111a_2)
                                                         _0420_ (net)
                      0.062334    0.000000    7.186752 v _1982_/A (sky130_fd_sc_hd__buf_2)
     1    0.001577    0.038945    0.222651    7.409403 v _1982_/X (sky130_fd_sc_hd__buf_2)
                                                         _1069_ (net)
                      0.038945    0.000000    7.409403 v _1561_/D (sky130_fd_sc_hd__dfxtp_2)
                                              7.409403   data arrival time

                      0.150000   10.000000   10.000000   clock clk (rise edge)
                                  0.000000   10.000000   clock network delay (ideal)
                                 -0.250000    9.750000   clock uncertainty
                                  0.000000    9.750000   clock reconvergence pessimism
                                              9.750000 ^ _1561_/CLK (sky130_fd_sc_hd__dfxtp_2)
                                 -0.239827    9.510174   library setup time
                                              9.510174   data required time
---------------------------------------------------------------------------------------------
                                              9.510174   data required time
                                             -7.409403   data arrival time
---------------------------------------------------------------------------------------------
                                              2.100771   slack (MET)


Startpoint: _1533_ (rising edge-triggered flip-flop clocked by clk)
Endpoint: _1560_ (rising edge-triggered flip-flop clocked by clk)
Path Group: clk
Path Type: max

Fanout         Cap        Slew       Delay        Time   Description
---------------------------------------------------------------------------------------------
                      0.150000    0.000000    0.000000   clock clk (rise edge)
                                  0.000000    0.000000   clock network delay (ideal)
                      0.150000    0.000000    0.000000 ^ _1533_/CLK (sky130_fd_sc_hd__dfxtp_2)
     1    0.001753    0.046970    0.695648    0.695648 ^ _1533_/Q (sky130_fd_sc_hd__dfxtp_2)
                                                         u_top.RV32I_Logic.Single_Cycle_Datapath.pcREG.q[3] (net)
                      0.046970    0.000000    0.695648 ^ _1831_/A (sky130_fd_sc_hd__buf_2)
     5    0.015135    0.135012    0.242330    0.937978 ^ _1831_/X (sky130_fd_sc_hd__buf_2)
                                                         _0653_ (net)
                      0.135012    0.000000    0.937978 ^ _1361_/B (sky130_fd_sc_hd__and4_2)
     6    0.016580    0.209467    0.616017    1.553995 ^ _1361_/X (sky130_fd_sc_hd__and4_2)
                                                         _0584_ (net)
                      0.209467    0.000000    1.553995 ^ _1368_/D (sky130_fd_sc_hd__and4_2)
     6    0.019795    0.233163    0.692808    2.246803 ^ _1368_/X (sky130_fd_sc_hd__and4_2)
                                                         _0588_ (net)
                      0.233163    0.000000    2.246803 ^ _1376_/D (sky130_fd_sc_hd__and4_2)
     7    0.021255    0.243696    0.710122    2.956924 ^ _1376_/X (sky130_fd_sc_hd__and4_2)
                                                         _0593_ (net)
                      0.243696    0.000000    2.956924 ^ _1387_/D (sky130_fd_sc_hd__and4_2)
     6    0.019795    0.233098    0.703608    3.660532 ^ _1387_/X (sky130_fd_sc_hd__and4_2)
                                                         _0600_ (net)
                      0.233098    0.000000    3.660532 ^ _1395_/D (sky130_fd_sc_hd__and4_2)
     6    0.019795    0.232987    0.700502    4.361035 ^ _1395_/X (sky130_fd_sc_hd__and4_2)
                                                         _0605_ (net)
                      0.232987    0.000000    4.361035 ^ _1403_/D (sky130_fd_sc_hd__and4_2)
     6    0.019795    0.232892    0.700469    5.061504 ^ _1403_/X (sky130_fd_sc_hd__and4_2)
                                                         _0610_ (net)
                      0.232892    0.000000    5.061504 ^ _1411_/D (sky130_fd_sc_hd__and4_2)
     7    0.021235    0.243296    0.709911    5.771415 ^ _1411_/X (sky130_fd_sc_hd__and4_2)
                                                         _0615_ (net)
                      0.243296    0.000000    5.771415 ^ _1423_/C (sky130_fd_sc_hd__and4_2)
     6    0.023975    0.263305    0.720271    6.491686 ^ _1423_/X (sky130_fd_sc_hd__and4_2)
                                                         _0623_ (net)
                      0.263305    0.000000    6.491686 ^ _1429_/C (sky130_fd_sc_hd__nand3_2)
     2    0.003678    0.110452    0.221873    6.713560 v _1429_/Y (sky130_fd_sc_hd__nand3_2)
                                                         _0627_ (net)
                      0.110452    0.000000    6.713560 v _1430_/C (sky130_fd_sc_hd__and3_2)
     1    0.001625    0.065739    0.458233    7.171792 v _1430_/X (sky130_fd_sc_hd__and3_2)
                                                         _0419_ (net)
                      0.065739    0.000000    7.171792 v _1981_/A (sky130_fd_sc_hd__buf_2)
     1    0.001577    0.038941    0.224291    7.396083 v _1981_/X (sky130_fd_sc_hd__buf_2)
                                                         _1068_ (net)
                      0.038941    0.000000    7.396083 v _1560_/D (sky130_fd_sc_hd__dfxtp_2)
                                              7.396083   data arrival time

                      0.150000   10.000000   10.000000   clock clk (rise edge)
                                  0.000000   10.000000   clock network delay (ideal)
                                 -0.250000    9.750000   clock uncertainty
                                  0.000000    9.750000   clock reconvergence pessimism
                                              9.750000 ^ _1560_/CLK (sky130_fd_sc_hd__dfxtp_2)
                                 -0.239825    9.510175   library setup time
                                              9.510175   data required time
---------------------------------------------------------------------------------------------
                                              9.510175   data required time
                                             -7.396083   data arrival time
---------------------------------------------------------------------------------------------
                                              2.114092   slack (MET)


Startpoint: _1533_ (rising edge-triggered flip-flop clocked by clk)
Endpoint: _1557_ (rising edge-triggered flip-flop clocked by clk)
Path Group: clk
Path Type: max

Fanout         Cap        Slew       Delay        Time   Description
---------------------------------------------------------------------------------------------
                      0.150000    0.000000    0.000000   clock clk (rise edge)
                                  0.000000    0.000000   clock network delay (ideal)
                      0.150000    0.000000    0.000000 ^ _1533_/CLK (sky130_fd_sc_hd__dfxtp_2)
     1    0.001625    0.035522    0.654966    0.654966 v _1533_/Q (sky130_fd_sc_hd__dfxtp_2)
                                                         u_top.RV32I_Logic.Single_Cycle_Datapath.pcREG.q[3] (net)
                      0.035522    0.000000    0.654966 v _1831_/A (sky130_fd_sc_hd__buf_2)
     5    0.013948    0.090227    0.272909    0.927875 v _1831_/X (sky130_fd_sc_hd__buf_2)
                                                         _0653_ (net)
                      0.090227    0.000000    0.927875 v _1361_/B (sky130_fd_sc_hd__and4_2)
     6    0.015219    0.133191    0.536823    1.464698 v _1361_/X (sky130_fd_sc_hd__and4_2)
                                                         _0584_ (net)
                      0.133191    0.000000    1.464698 v _1368_/D (sky130_fd_sc_hd__and4_2)
     6    0.018156    0.145267    0.634315    2.099013 v _1368_/X (sky130_fd_sc_hd__and4_2)
                                                         _0588_ (net)
                      0.145267    0.000000    2.099013 v _1376_/D (sky130_fd_sc_hd__and4_2)
     7    0.019509    0.150100    0.646058    2.745071 v _1376_/X (sky130_fd_sc_hd__and4_2)
                                                         _0593_ (net)
                      0.150100    0.000000    2.745071 v _1387_/D (sky130_fd_sc_hd__and4_2)
     6    0.018156    0.145268    0.643271    3.388342 v _1387_/X (sky130_fd_sc_hd__and4_2)
                                                         _0600_ (net)
                      0.145268    0.000000    3.388342 v _1395_/D (sky130_fd_sc_hd__and4_2)
     6    0.018156    0.145268    0.640712    4.029054 v _1395_/X (sky130_fd_sc_hd__and4_2)
                                                         _0605_ (net)
                      0.145268    0.000000    4.029054 v _1403_/D (sky130_fd_sc_hd__and4_2)
     6    0.018156    0.145268    0.640712    4.669766 v _1403_/X (sky130_fd_sc_hd__and4_2)
                                                         _0610_ (net)
                      0.145268    0.000000    4.669766 v _1411_/D (sky130_fd_sc_hd__and4_2)
     7    0.019589    0.150385    0.646375    5.316141 v _1411_/X (sky130_fd_sc_hd__and4_2)
                                                         _0615_ (net)
                      0.150385    0.000000    5.316141 v _1417_/C (sky130_fd_sc_hd__and3_2)
     2    0.002589    0.071617    0.488348    5.804489 v _1417_/X (sky130_fd_sc_hd__and3_2)
                                                         _0619_ (net)
                      0.071617    0.000000    5.804489 v _1419_/B (sky130_fd_sc_hd__or2_2)
     1    0.001397    0.101750    0.625161    6.429650 v _1419_/X (sky130_fd_sc_hd__or2_2)
                                                         _0620_ (net)
                      0.101750    0.000000    6.429650 v _1422_/C (sky130_fd_sc_hd__and3b_2)
     1    0.001625    0.066220    0.453959    6.883608 v _1422_/X (sky130_fd_sc_hd__and3b_2)
                                                         _0416_ (net)
                      0.066220    0.000000    6.883608 v _1978_/A (sky130_fd_sc_hd__buf_2)
     1    0.001577    0.038941    0.224524    7.108132 v _1978_/X (sky130_fd_sc_hd__buf_2)
                                                         _1065_ (net)
                      0.038941    0.000000    7.108132 v _1557_/D (sky130_fd_sc_hd__dfxtp_2)
                                              7.108132   data arrival time

                      0.150000   10.000000   10.000000   clock clk (rise edge)
                                  0.000000   10.000000   clock network delay (ideal)
                                 -0.250000    9.750000   clock uncertainty
                                  0.000000    9.750000   clock reconvergence pessimism
                                              9.750000 ^ _1557_/CLK (sky130_fd_sc_hd__dfxtp_2)
                                 -0.239825    9.510175   library setup time
                                              9.510175   data required time
---------------------------------------------------------------------------------------------
                                              9.510175   data required time
                                             -7.108132   data arrival time
---------------------------------------------------------------------------------------------
                                              2.402043   slack (MET)


Startpoint: _1533_ (rising edge-triggered flip-flop clocked by clk)
Endpoint: _1559_ (rising edge-triggered flip-flop clocked by clk)
Path Group: clk
Path Type: max

Fanout         Cap        Slew       Delay        Time   Description
---------------------------------------------------------------------------------------------
                      0.150000    0.000000    0.000000   clock clk (rise edge)
                                  0.000000    0.000000   clock network delay (ideal)
                      0.150000    0.000000    0.000000 ^ _1533_/CLK (sky130_fd_sc_hd__dfxtp_2)
     1    0.001753    0.046970    0.695648    0.695648 ^ _1533_/Q (sky130_fd_sc_hd__dfxtp_2)
                                                         u_top.RV32I_Logic.Single_Cycle_Datapath.pcREG.q[3] (net)
                      0.046970    0.000000    0.695648 ^ _1831_/A (sky130_fd_sc_hd__buf_2)
     5    0.015135    0.135012    0.242330    0.937978 ^ _1831_/X (sky130_fd_sc_hd__buf_2)
                                                         _0653_ (net)
                      0.135012    0.000000    0.937978 ^ _1361_/B (sky130_fd_sc_hd__and4_2)
     6    0.016580    0.209467    0.616017    1.553995 ^ _1361_/X (sky130_fd_sc_hd__and4_2)
                                                         _0584_ (net)
                      0.209467    0.000000    1.553995 ^ _1368_/D (sky130_fd_sc_hd__and4_2)
     6    0.019795    0.233163    0.692808    2.246803 ^ _1368_/X (sky130_fd_sc_hd__and4_2)
                                                         _0588_ (net)
                      0.233163    0.000000    2.246803 ^ _1376_/D (sky130_fd_sc_hd__and4_2)
     7    0.021255    0.243696    0.710122    2.956924 ^ _1376_/X (sky130_fd_sc_hd__and4_2)
                                                         _0593_ (net)
                      0.243696    0.000000    2.956924 ^ _1387_/D (sky130_fd_sc_hd__and4_2)
     6    0.019795    0.233098    0.703608    3.660532 ^ _1387_/X (sky130_fd_sc_hd__and4_2)
                                                         _0600_ (net)
                      0.233098    0.000000    3.660532 ^ _1395_/D (sky130_fd_sc_hd__and4_2)
     6    0.019795    0.232987    0.700502    4.361035 ^ _1395_/X (sky130_fd_sc_hd__and4_2)
                                                         _0605_ (net)
                      0.232987    0.000000    4.361035 ^ _1403_/D (sky130_fd_sc_hd__and4_2)
     6    0.019795    0.232892    0.700469    5.061504 ^ _1403_/X (sky130_fd_sc_hd__and4_2)
                                                         _0610_ (net)
                      0.232892    0.000000    5.061504 ^ _1411_/D (sky130_fd_sc_hd__and4_2)
     7    0.021235    0.243296    0.709911    5.771415 ^ _1411_/X (sky130_fd_sc_hd__and4_2)
                                                         _0615_ (net)
                      0.243296    0.000000    5.771415 ^ _1423_/C (sky130_fd_sc_hd__and4_2)
     6    0.023975    0.263305    0.720271    6.491686 ^ _1423_/X (sky130_fd_sc_hd__and4_2)
                                                         _0623_ (net)
                      0.263305    0.000000    6.491686 ^ _1426_/A2 (sky130_fd_sc_hd__o21ai_2)
     1    0.004185    0.265243    0.171505    6.663192 v _1426_/Y (sky130_fd_sc_hd__o21ai_2)
                                                         _0625_ (net)
                      0.265243    0.000000    6.663192 v _1427_/B1 (sky130_fd_sc_hd__a21oi_2)
     1    0.001753    0.123588    0.230580    6.893772 ^ _1427_/Y (sky130_fd_sc_hd__a21oi_2)
                                                         _0418_ (net)
                      0.123588    0.000000    6.893772 ^ _1980_/A (sky130_fd_sc_hd__buf_2)
     1    0.001537    0.038441    0.193320    7.087091 ^ _1980_/X (sky130_fd_sc_hd__buf_2)
                                                         _1067_ (net)
                      0.038441    0.000000    7.087091 ^ _1559_/D (sky130_fd_sc_hd__dfxtp_2)
                                              7.087091   data arrival time

                      0.150000   10.000000   10.000000   clock clk (rise edge)
                                  0.000000   10.000000   clock network delay (ideal)
                                 -0.250000    9.750000   clock uncertainty
                                  0.000000    9.750000   clock reconvergence pessimism
                                              9.750000 ^ _1559_/CLK (sky130_fd_sc_hd__dfxtp_2)
                                 -0.118929    9.631071   library setup time
                                              9.631071   data required time
---------------------------------------------------------------------------------------------
                                              9.631071   data required time
                                             -7.087091   data arrival time
---------------------------------------------------------------------------------------------
                                              2.543980   slack (MET)


Startpoint: _1533_ (rising edge-triggered flip-flop clocked by clk)
Endpoint: _1556_ (rising edge-triggered flip-flop clocked by clk)
Path Group: clk
Path Type: max

Fanout         Cap        Slew       Delay        Time   Description
---------------------------------------------------------------------------------------------
                      0.150000    0.000000    0.000000   clock clk (rise edge)
                                  0.000000    0.000000   clock network delay (ideal)
                      0.150000    0.000000    0.000000 ^ _1533_/CLK (sky130_fd_sc_hd__dfxtp_2)
     1    0.001753    0.046970    0.695648    0.695648 ^ _1533_/Q (sky130_fd_sc_hd__dfxtp_2)
                                                         u_top.RV32I_Logic.Single_Cycle_Datapath.pcREG.q[3] (net)
                      0.046970    0.000000    0.695648 ^ _1831_/A (sky130_fd_sc_hd__buf_2)
     5    0.015135    0.135012    0.242330    0.937978 ^ _1831_/X (sky130_fd_sc_hd__buf_2)
                                                         _0653_ (net)
                      0.135012    0.000000    0.937978 ^ _1361_/B (sky130_fd_sc_hd__and4_2)
     6    0.016580    0.209467    0.616017    1.553995 ^ _1361_/X (sky130_fd_sc_hd__and4_2)
                                                         _0584_ (net)
                      0.209467    0.000000    1.553995 ^ _1368_/D (sky130_fd_sc_hd__and4_2)
     6    0.019795    0.233163    0.692808    2.246803 ^ _1368_/X (sky130_fd_sc_hd__and4_2)
                                                         _0588_ (net)
                      0.233163    0.000000    2.246803 ^ _1376_/D (sky130_fd_sc_hd__and4_2)
     7    0.021255    0.243696    0.710122    2.956924 ^ _1376_/X (sky130_fd_sc_hd__and4_2)
                                                         _0593_ (net)
                      0.243696    0.000000    2.956924 ^ _1387_/D (sky130_fd_sc_hd__and4_2)
     6    0.019795    0.233098    0.703608    3.660532 ^ _1387_/X (sky130_fd_sc_hd__and4_2)
                                                         _0600_ (net)
                      0.233098    0.000000    3.660532 ^ _1395_/D (sky130_fd_sc_hd__and4_2)
     6    0.019795    0.232987    0.700502    4.361035 ^ _1395_/X (sky130_fd_sc_hd__and4_2)
                                                         _0605_ (net)
                      0.232987    0.000000    4.361035 ^ _1403_/D (sky130_fd_sc_hd__and4_2)
     6    0.019795    0.232892    0.700469    5.061504 ^ _1403_/X (sky130_fd_sc_hd__and4_2)
                                                         _0610_ (net)
                      0.232892    0.000000    5.061504 ^ _1411_/D (sky130_fd_sc_hd__and4_2)
     7    0.021235    0.243296    0.709911    5.771415 ^ _1411_/X (sky130_fd_sc_hd__and4_2)
                                                         _0615_ (net)
                      0.243296    0.000000    5.771415 ^ _1417_/C (sky130_fd_sc_hd__and3_2)
     2    0.002787    0.081280    0.432129    6.203545 ^ _1417_/X (sky130_fd_sc_hd__and3_2)
                                                         _0619_ (net)
                      0.081280    0.000000    6.203545 ^ _1418_/A_N (sky130_fd_sc_hd__and3b_2)
     1    0.001625    0.066418    0.428673    6.632217 v _1418_/X (sky130_fd_sc_hd__and3b_2)
                                                         _0415_ (net)
                      0.066418    0.000000    6.632217 v _1977_/A (sky130_fd_sc_hd__buf_2)
     1    0.001577    0.038941    0.224619    6.856836 v _1977_/X (sky130_fd_sc_hd__buf_2)
                                                         _1064_ (net)
                      0.038941    0.000000    6.856836 v _1556_/D (sky130_fd_sc_hd__dfxtp_2)
                                              6.856836   data arrival time

                      0.150000   10.000000   10.000000   clock clk (rise edge)
                                  0.000000   10.000000   clock network delay (ideal)
                                 -0.250000    9.750000   clock uncertainty
                                  0.000000    9.750000   clock reconvergence pessimism
                                              9.750000 ^ _1556_/CLK (sky130_fd_sc_hd__dfxtp_2)
                                 -0.239825    9.510175   library setup time
                                              9.510175   data required time
---------------------------------------------------------------------------------------------
                                              9.510175   data required time
                                             -6.856836   data arrival time
---------------------------------------------------------------------------------------------
                                              2.653339   slack (MET)


Startpoint: _1533_ (rising edge-triggered flip-flop clocked by clk)
Endpoint: _1558_ (rising edge-triggered flip-flop clocked by clk)
Path Group: clk
Path Type: max

Fanout         Cap        Slew       Delay        Time   Description
---------------------------------------------------------------------------------------------
                      0.150000    0.000000    0.000000   clock clk (rise edge)
                                  0.000000    0.000000   clock network delay (ideal)
                      0.150000    0.000000    0.000000 ^ _1533_/CLK (sky130_fd_sc_hd__dfxtp_2)
     1    0.001753    0.046970    0.695648    0.695648 ^ _1533_/Q (sky130_fd_sc_hd__dfxtp_2)
                                                         u_top.RV32I_Logic.Single_Cycle_Datapath.pcREG.q[3] (net)
                      0.046970    0.000000    0.695648 ^ _1831_/A (sky130_fd_sc_hd__buf_2)
     5    0.015135    0.135012    0.242330    0.937978 ^ _1831_/X (sky130_fd_sc_hd__buf_2)
                                                         _0653_ (net)
                      0.135012    0.000000    0.937978 ^ _1361_/B (sky130_fd_sc_hd__and4_2)
     6    0.016580    0.209467    0.616017    1.553995 ^ _1361_/X (sky130_fd_sc_hd__and4_2)
                                                         _0584_ (net)
                      0.209467    0.000000    1.553995 ^ _1368_/D (sky130_fd_sc_hd__and4_2)
     6    0.019795    0.233163    0.692808    2.246803 ^ _1368_/X (sky130_fd_sc_hd__and4_2)
                                                         _0588_ (net)
                      0.233163    0.000000    2.246803 ^ _1376_/D (sky130_fd_sc_hd__and4_2)
     7    0.021255    0.243696    0.710122    2.956924 ^ _1376_/X (sky130_fd_sc_hd__and4_2)
                                                         _0593_ (net)
                      0.243696    0.000000    2.956924 ^ _1387_/D (sky130_fd_sc_hd__and4_2)
     6    0.019795    0.233098    0.703608    3.660532 ^ _1387_/X (sky130_fd_sc_hd__and4_2)
                                                         _0600_ (net)
                      0.233098    0.000000    3.660532 ^ _1395_/D (sky130_fd_sc_hd__and4_2)
     6    0.019795    0.232987    0.700502    4.361035 ^ _1395_/X (sky130_fd_sc_hd__and4_2)
                                                         _0605_ (net)
                      0.232987    0.000000    4.361035 ^ _1403_/D (sky130_fd_sc_hd__and4_2)
     6    0.019795    0.232892    0.700469    5.061504 ^ _1403_/X (sky130_fd_sc_hd__and4_2)
                                                         _0610_ (net)
                      0.232892    0.000000    5.061504 ^ _1411_/D (sky130_fd_sc_hd__and4_2)
     7    0.021235    0.243296    0.709911    5.771415 ^ _1411_/X (sky130_fd_sc_hd__and4_2)
                                                         _0615_ (net)
                      0.243296    0.000000    5.771415 ^ _1423_/C (sky130_fd_sc_hd__and4_2)
     6    0.023975    0.263305    0.720271    6.491686 ^ _1423_/X (sky130_fd_sc_hd__and4_2)
                                                         _0623_ (net)
                      0.263305    0.000000    6.491686 ^ _1425_/A (sky130_fd_sc_hd__nor2_2)
     1    0.001625    0.057886    0.133936    6.625622 v _1425_/Y (sky130_fd_sc_hd__nor2_2)
                                                         _0417_ (net)
                      0.057886    0.000000    6.625622 v _1979_/A (sky130_fd_sc_hd__buf_2)
     1    0.001577    0.038949    0.220508    6.846129 v _1979_/X (sky130_fd_sc_hd__buf_2)
                                                         _1066_ (net)
                      0.038949    0.000000    6.846129 v _1558_/D (sky130_fd_sc_hd__dfxtp_2)
                                              6.846129   data arrival time

                      0.150000   10.000000   10.000000   clock clk (rise edge)
                                  0.000000   10.000000   clock network delay (ideal)
                                 -0.250000    9.750000   clock uncertainty
                                  0.000000    9.750000   clock reconvergence pessimism
                                              9.750000 ^ _1558_/CLK (sky130_fd_sc_hd__dfxtp_2)
                                 -0.239829    9.510172   library setup time
                                              9.510172   data required time
---------------------------------------------------------------------------------------------
                                              9.510172   data required time
                                             -6.846129   data arrival time
---------------------------------------------------------------------------------------------
                                              2.664042   slack (MET)


Startpoint: _1542_ (rising edge-triggered flip-flop clocked by clk)
Endpoint: _1447_ (rising edge-triggered flip-flop clocked by clk)
Path Group: clk
Path Type: max

Fanout         Cap        Slew       Delay        Time   Description
---------------------------------------------------------------------------------------------
                      0.150000    0.000000    0.000000   clock clk (rise edge)
                                  0.000000    0.000000   clock network delay (ideal)
                      0.150000    0.000000    0.000000 ^ _1542_/CLK (sky130_fd_sc_hd__dfxtp_2)
     1    0.001625    0.035522    0.654966    0.654966 v _1542_/Q (sky130_fd_sc_hd__dfxtp_2)
                                                         u_top.RV32I_Logic.Single_Cycle_Datapath.pcREG.q[12] (net)
                      0.035522    0.000000    0.654966 v _1722_/A (sky130_fd_sc_hd__buf_2)
    27    0.087895    0.381120    0.519686    1.174652 v _1722_/X (sky130_fd_sc_hd__buf_2)
                                                         _0632_ (net)
                      0.381120    0.000000    1.174652 v _1134_/B (sky130_fd_sc_hd__or3b_2)
     1    0.001428    0.147893    1.163827    2.338479 v _1134_/X (sky130_fd_sc_hd__or3b_2)
                                                         _0470_ (net)
                      0.147893    0.000000    2.338479 v _1135_/D (sky130_fd_sc_hd__and4_2)
     2    0.005521    0.091519    0.565583    2.904062 v _1135_/X (sky130_fd_sc_hd__and4_2)
                                                         _0471_ (net)
                      0.091519    0.000000    2.904062 v _1136_/B (sky130_fd_sc_hd__or2_2)
     2    0.004761    0.125170    0.677121    3.581182 v _1136_/X (sky130_fd_sc_hd__or2_2)
                                                         _0472_ (net)
                      0.125170    0.000000    3.581182 v _1255_/C1 (sky130_fd_sc_hd__o2111a_2)
     1    0.002354    0.066570    0.291504    3.872686 v _1255_/X (sky130_fd_sc_hd__o2111a_2)
                                                         _0570_ (net)
                      0.066570    0.000000    3.872686 v _1256_/D1 (sky130_fd_sc_hd__o2111a_2)
     1    0.002352    0.066291    0.233024    4.105711 v _1256_/X (sky130_fd_sc_hd__o2111a_2)
                                                         _0571_ (net)
                      0.066291    0.000000    4.105711 v _1257_/C1 (sky130_fd_sc_hd__o211a_2)
     1    0.001447    0.062586    0.204628    4.310339 v _1257_/X (sky130_fd_sc_hd__o211a_2)
                                                         _0572_ (net)
                      0.062586    0.000000    4.310339 v _1258_/D (sky130_fd_sc_hd__and4b_2)
     2    0.006292    0.097972    0.537612    4.847950 v _1258_/X (sky130_fd_sc_hd__and4b_2)
                                                         _0573_ (net)
                      0.097972    0.000000    4.847950 v _1259_/D (sky130_fd_sc_hd__nor4_2)
     5    0.015835    0.761173    0.603669    5.451620 ^ _1259_/Y (sky130_fd_sc_hd__nor4_2)
                                                         _0574_ (net)
                      0.761173    0.000000    5.451620 ^ _1267_/B (sky130_fd_sc_hd__nor2_2)
    20    0.041940    0.284112    0.486033    5.937652 v _1267_/Y (sky130_fd_sc_hd__nor2_2)
                                                         _0578_ (net)
                      0.284112    0.000000    5.937652 v _1268_/B (sky130_fd_sc_hd__and2_2)
     1    0.001625    0.065395    0.511496    6.449148 v _1268_/X (sky130_fd_sc_hd__and2_2)
                                                         _0306_ (net)
                      0.065395    0.000000    6.449148 v _1868_/A (sky130_fd_sc_hd__buf_2)
     1    0.001577    0.038942    0.224126    6.673274 v _1868_/X (sky130_fd_sc_hd__buf_2)
                                                         _0896_ (net)
                      0.038942    0.000000    6.673274 v _1447_/D (sky130_fd_sc_hd__dfxtp_2)
                                              6.673274   data arrival time

                      0.150000   10.000000   10.000000   clock clk (rise edge)
                                  0.000000   10.000000   clock network delay (ideal)
                                 -0.250000    9.750000   clock uncertainty
                                  0.000000    9.750000   clock reconvergence pessimism
                                              9.750000 ^ _1447_/CLK (sky130_fd_sc_hd__dfxtp_2)
                                 -0.239825    9.510175   library setup time
                                              9.510175   data required time
---------------------------------------------------------------------------------------------
                                              9.510175   data required time
                                             -6.673274   data arrival time
---------------------------------------------------------------------------------------------
                                              2.836901   slack (MET)


Startpoint: _1542_ (rising edge-triggered flip-flop clocked by clk)
Endpoint: _1448_ (rising edge-triggered flip-flop clocked by clk)
Path Group: clk
Path Type: max

Fanout         Cap        Slew       Delay        Time   Description
---------------------------------------------------------------------------------------------
                      0.150000    0.000000    0.000000   clock clk (rise edge)
                                  0.000000    0.000000   clock network delay (ideal)
                      0.150000    0.000000    0.000000 ^ _1542_/CLK (sky130_fd_sc_hd__dfxtp_2)
     1    0.001625    0.035522    0.654966    0.654966 v _1542_/Q (sky130_fd_sc_hd__dfxtp_2)
                                                         u_top.RV32I_Logic.Single_Cycle_Datapath.pcREG.q[12] (net)
                      0.035522    0.000000    0.654966 v _1722_/A (sky130_fd_sc_hd__buf_2)
    27    0.087895    0.381120    0.519686    1.174652 v _1722_/X (sky130_fd_sc_hd__buf_2)
                                                         _0632_ (net)
                      0.381120    0.000000    1.174652 v _1134_/B (sky130_fd_sc_hd__or3b_2)
     1    0.001428    0.147893    1.163827    2.338479 v _1134_/X (sky130_fd_sc_hd__or3b_2)
                                                         _0470_ (net)
                      0.147893    0.000000    2.338479 v _1135_/D (sky130_fd_sc_hd__and4_2)
     2    0.005521    0.091519    0.565583    2.904062 v _1135_/X (sky130_fd_sc_hd__and4_2)
                                                         _0471_ (net)
                      0.091519    0.000000    2.904062 v _1136_/B (sky130_fd_sc_hd__or2_2)
     2    0.004761    0.125170    0.677121    3.581182 v _1136_/X (sky130_fd_sc_hd__or2_2)
                                                         _0472_ (net)
                      0.125170    0.000000    3.581182 v _1255_/C1 (sky130_fd_sc_hd__o2111a_2)
     1    0.002354    0.066570    0.291504    3.872686 v _1255_/X (sky130_fd_sc_hd__o2111a_2)
                                                         _0570_ (net)
                      0.066570    0.000000    3.872686 v _1256_/D1 (sky130_fd_sc_hd__o2111a_2)
     1    0.002352    0.066291    0.233024    4.105711 v _1256_/X (sky130_fd_sc_hd__o2111a_2)
                                                         _0571_ (net)
                      0.066291    0.000000    4.105711 v _1257_/C1 (sky130_fd_sc_hd__o211a_2)
     1    0.001447    0.062586    0.204628    4.310339 v _1257_/X (sky130_fd_sc_hd__o211a_2)
                                                         _0572_ (net)
                      0.062586    0.000000    4.310339 v _1258_/D (sky130_fd_sc_hd__and4b_2)
     2    0.006292    0.097972    0.537612    4.847950 v _1258_/X (sky130_fd_sc_hd__and4b_2)
                                                         _0573_ (net)
                      0.097972    0.000000    4.847950 v _1259_/D (sky130_fd_sc_hd__nor4_2)
     5    0.015835    0.761173    0.603669    5.451620 ^ _1259_/Y (sky130_fd_sc_hd__nor4_2)
                                                         _0574_ (net)
                      0.761173    0.000000    5.451620 ^ _1267_/B (sky130_fd_sc_hd__nor2_2)
    20    0.041940    0.284112    0.486033    5.937652 v _1267_/Y (sky130_fd_sc_hd__nor2_2)
                                                         _0578_ (net)
                      0.284112    0.000000    5.937652 v _1269_/B (sky130_fd_sc_hd__and2_2)
     1    0.001625    0.065395    0.511496    6.449148 v _1269_/X (sky130_fd_sc_hd__and2_2)
                                                         _0307_ (net)
                      0.065395    0.000000    6.449148 v _1869_/A (sky130_fd_sc_hd__buf_2)
     1    0.001577    0.038942    0.224126    6.673274 v _1869_/X (sky130_fd_sc_hd__buf_2)
                                                         _0898_ (net)
                      0.038942    0.000000    6.673274 v _1448_/D (sky130_fd_sc_hd__dfxtp_2)
                                              6.673274   data arrival time

                      0.150000   10.000000   10.000000   clock clk (rise edge)
                                  0.000000   10.000000   clock network delay (ideal)
                                 -0.250000    9.750000   clock uncertainty
                                  0.000000    9.750000   clock reconvergence pessimism
                                              9.750000 ^ _1448_/CLK (sky130_fd_sc_hd__dfxtp_2)
                                 -0.239825    9.510175   library setup time
                                              9.510175   data required time
---------------------------------------------------------------------------------------------
                                              9.510175   data required time
                                             -6.673274   data arrival time
---------------------------------------------------------------------------------------------
                                              2.836901   slack (MET)


Startpoint: _1542_ (rising edge-triggered flip-flop clocked by clk)
Endpoint: _1449_ (rising edge-triggered flip-flop clocked by clk)
Path Group: clk
Path Type: max

Fanout         Cap        Slew       Delay        Time   Description
---------------------------------------------------------------------------------------------
                      0.150000    0.000000    0.000000   clock clk (rise edge)
                                  0.000000    0.000000   clock network delay (ideal)
                      0.150000    0.000000    0.000000 ^ _1542_/CLK (sky130_fd_sc_hd__dfxtp_2)
     1    0.001625    0.035522    0.654966    0.654966 v _1542_/Q (sky130_fd_sc_hd__dfxtp_2)
                                                         u_top.RV32I_Logic.Single_Cycle_Datapath.pcREG.q[12] (net)
                      0.035522    0.000000    0.654966 v _1722_/A (sky130_fd_sc_hd__buf_2)
    27    0.087895    0.381120    0.519686    1.174652 v _1722_/X (sky130_fd_sc_hd__buf_2)
                                                         _0632_ (net)
                      0.381120    0.000000    1.174652 v _1134_/B (sky130_fd_sc_hd__or3b_2)
     1    0.001428    0.147893    1.163827    2.338479 v _1134_/X (sky130_fd_sc_hd__or3b_2)
                                                         _0470_ (net)
                      0.147893    0.000000    2.338479 v _1135_/D (sky130_fd_sc_hd__and4_2)
     2    0.005521    0.091519    0.565583    2.904062 v _1135_/X (sky130_fd_sc_hd__and4_2)
                                                         _0471_ (net)
                      0.091519    0.000000    2.904062 v _1136_/B (sky130_fd_sc_hd__or2_2)
     2    0.004761    0.125170    0.677121    3.581182 v _1136_/X (sky130_fd_sc_hd__or2_2)
                                                         _0472_ (net)
                      0.125170    0.000000    3.581182 v _1255_/C1 (sky130_fd_sc_hd__o2111a_2)
     1    0.002354    0.066570    0.291504    3.872686 v _1255_/X (sky130_fd_sc_hd__o2111a_2)
                                                         _0570_ (net)
                      0.066570    0.000000    3.872686 v _1256_/D1 (sky130_fd_sc_hd__o2111a_2)
     1    0.002352    0.066291    0.233024    4.105711 v _1256_/X (sky130_fd_sc_hd__o2111a_2)
                                                         _0571_ (net)
                      0.066291    0.000000    4.105711 v _1257_/C1 (sky130_fd_sc_hd__o211a_2)
     1    0.001447    0.062586    0.204628    4.310339 v _1257_/X (sky130_fd_sc_hd__o211a_2)
                                                         _0572_ (net)
                      0.062586    0.000000    4.310339 v _1258_/D (sky130_fd_sc_hd__and4b_2)
     2    0.006292    0.097972    0.537612    4.847950 v _1258_/X (sky130_fd_sc_hd__and4b_2)
                                                         _0573_ (net)
                      0.097972    0.000000    4.847950 v _1259_/D (sky130_fd_sc_hd__nor4_2)
     5    0.015835    0.761173    0.603669    5.451620 ^ _1259_/Y (sky130_fd_sc_hd__nor4_2)
                                                         _0574_ (net)
                      0.761173    0.000000    5.451620 ^ _1267_/B (sky130_fd_sc_hd__nor2_2)
    20    0.041940    0.284112    0.486033    5.937652 v _1267_/Y (sky130_fd_sc_hd__nor2_2)
                                                         _0578_ (net)
                      0.284112    0.000000    5.937652 v _1270_/B (sky130_fd_sc_hd__and2_2)
     1    0.001625    0.065395    0.511496    6.449148 v _1270_/X (sky130_fd_sc_hd__and2_2)
                                                         _0308_ (net)
                      0.065395    0.000000    6.449148 v _1870_/A (sky130_fd_sc_hd__buf_2)
     1    0.001577    0.038942    0.224126    6.673274 v _1870_/X (sky130_fd_sc_hd__buf_2)
                                                         _0900_ (net)
                      0.038942    0.000000    6.673274 v _1449_/D (sky130_fd_sc_hd__dfxtp_2)
                                              6.673274   data arrival time

                      0.150000   10.000000   10.000000   clock clk (rise edge)
                                  0.000000   10.000000   clock network delay (ideal)
                                 -0.250000    9.750000   clock uncertainty
                                  0.000000    9.750000   clock reconvergence pessimism
                                              9.750000 ^ _1449_/CLK (sky130_fd_sc_hd__dfxtp_2)
                                 -0.239825    9.510175   library setup time
                                              9.510175   data required time
---------------------------------------------------------------------------------------------
                                              9.510175   data required time
                                             -6.673274   data arrival time
---------------------------------------------------------------------------------------------
                                              2.836901   slack (MET)


Startpoint: _1542_ (rising edge-triggered flip-flop clocked by clk)
Endpoint: _1450_ (rising edge-triggered flip-flop clocked by clk)
Path Group: clk
Path Type: max

Fanout         Cap        Slew       Delay        Time   Description
---------------------------------------------------------------------------------------------
                      0.150000    0.000000    0.000000   clock clk (rise edge)
                                  0.000000    0.000000   clock network delay (ideal)
                      0.150000    0.000000    0.000000 ^ _1542_/CLK (sky130_fd_sc_hd__dfxtp_2)
     1    0.001625    0.035522    0.654966    0.654966 v _1542_/Q (sky130_fd_sc_hd__dfxtp_2)
                                                         u_top.RV32I_Logic.Single_Cycle_Datapath.pcREG.q[12] (net)
                      0.035522    0.000000    0.654966 v _1722_/A (sky130_fd_sc_hd__buf_2)
    27    0.087895    0.381120    0.519686    1.174652 v _1722_/X (sky130_fd_sc_hd__buf_2)
                                                         _0632_ (net)
                      0.381120    0.000000    1.174652 v _1134_/B (sky130_fd_sc_hd__or3b_2)
     1    0.001428    0.147893    1.163827    2.338479 v _1134_/X (sky130_fd_sc_hd__or3b_2)
                                                         _0470_ (net)
                      0.147893    0.000000    2.338479 v _1135_/D (sky130_fd_sc_hd__and4_2)
     2    0.005521    0.091519    0.565583    2.904062 v _1135_/X (sky130_fd_sc_hd__and4_2)
                                                         _0471_ (net)
                      0.091519    0.000000    2.904062 v _1136_/B (sky130_fd_sc_hd__or2_2)
     2    0.004761    0.125170    0.677121    3.581182 v _1136_/X (sky130_fd_sc_hd__or2_2)
                                                         _0472_ (net)
                      0.125170    0.000000    3.581182 v _1255_/C1 (sky130_fd_sc_hd__o2111a_2)
     1    0.002354    0.066570    0.291504    3.872686 v _1255_/X (sky130_fd_sc_hd__o2111a_2)
                                                         _0570_ (net)
                      0.066570    0.000000    3.872686 v _1256_/D1 (sky130_fd_sc_hd__o2111a_2)
     1    0.002352    0.066291    0.233024    4.105711 v _1256_/X (sky130_fd_sc_hd__o2111a_2)
                                                         _0571_ (net)
                      0.066291    0.000000    4.105711 v _1257_/C1 (sky130_fd_sc_hd__o211a_2)
     1    0.001447    0.062586    0.204628    4.310339 v _1257_/X (sky130_fd_sc_hd__o211a_2)
                                                         _0572_ (net)
                      0.062586    0.000000    4.310339 v _1258_/D (sky130_fd_sc_hd__and4b_2)
     2    0.006292    0.097972    0.537612    4.847950 v _1258_/X (sky130_fd_sc_hd__and4b_2)
                                                         _0573_ (net)
                      0.097972    0.000000    4.847950 v _1259_/D (sky130_fd_sc_hd__nor4_2)
     5    0.015835    0.761173    0.603669    5.451620 ^ _1259_/Y (sky130_fd_sc_hd__nor4_2)
                                                         _0574_ (net)
                      0.761173    0.000000    5.451620 ^ _1267_/B (sky130_fd_sc_hd__nor2_2)
    20    0.041940    0.284112    0.486033    5.937652 v _1267_/Y (sky130_fd_sc_hd__nor2_2)
                                                         _0578_ (net)
                      0.284112    0.000000    5.937652 v _1271_/B (sky130_fd_sc_hd__and2_2)
     1    0.001625    0.065395    0.511496    6.449148 v _1271_/X (sky130_fd_sc_hd__and2_2)
                                                         _0309_ (net)
                      0.065395    0.000000    6.449148 v _1871_/A (sky130_fd_sc_hd__buf_2)
     1    0.001577    0.038942    0.224126    6.673274 v _1871_/X (sky130_fd_sc_hd__buf_2)
                                                         _0902_ (net)
                      0.038942    0.000000    6.673274 v _1450_/D (sky130_fd_sc_hd__dfxtp_2)
                                              6.673274   data arrival time

                      0.150000   10.000000   10.000000   clock clk (rise edge)
                                  0.000000   10.000000   clock network delay (ideal)
                                 -0.250000    9.750000   clock uncertainty
                                  0.000000    9.750000   clock reconvergence pessimism
                                              9.750000 ^ _1450_/CLK (sky130_fd_sc_hd__dfxtp_2)
                                 -0.239825    9.510175   library setup time
                                              9.510175   data required time
---------------------------------------------------------------------------------------------
                                              9.510175   data required time
                                             -6.673274   data arrival time
---------------------------------------------------------------------------------------------
                                              2.836901   slack (MET)


Startpoint: _1542_ (rising edge-triggered flip-flop clocked by clk)
Endpoint: _1451_ (rising edge-triggered flip-flop clocked by clk)
Path Group: clk
Path Type: max

Fanout         Cap        Slew       Delay        Time   Description
---------------------------------------------------------------------------------------------
                      0.150000    0.000000    0.000000   clock clk (rise edge)
                                  0.000000    0.000000   clock network delay (ideal)
                      0.150000    0.000000    0.000000 ^ _1542_/CLK (sky130_fd_sc_hd__dfxtp_2)
     1    0.001625    0.035522    0.654966    0.654966 v _1542_/Q (sky130_fd_sc_hd__dfxtp_2)
                                                         u_top.RV32I_Logic.Single_Cycle_Datapath.pcREG.q[12] (net)
                      0.035522    0.000000    0.654966 v _1722_/A (sky130_fd_sc_hd__buf_2)
    27    0.087895    0.381120    0.519686    1.174652 v _1722_/X (sky130_fd_sc_hd__buf_2)
                                                         _0632_ (net)
                      0.381120    0.000000    1.174652 v _1134_/B (sky130_fd_sc_hd__or3b_2)
     1    0.001428    0.147893    1.163827    2.338479 v _1134_/X (sky130_fd_sc_hd__or3b_2)
                                                         _0470_ (net)
                      0.147893    0.000000    2.338479 v _1135_/D (sky130_fd_sc_hd__and4_2)
     2    0.005521    0.091519    0.565583    2.904062 v _1135_/X (sky130_fd_sc_hd__and4_2)
                                                         _0471_ (net)
                      0.091519    0.000000    2.904062 v _1136_/B (sky130_fd_sc_hd__or2_2)
     2    0.004761    0.125170    0.677121    3.581182 v _1136_/X (sky130_fd_sc_hd__or2_2)
                                                         _0472_ (net)
                      0.125170    0.000000    3.581182 v _1255_/C1 (sky130_fd_sc_hd__o2111a_2)
     1    0.002354    0.066570    0.291504    3.872686 v _1255_/X (sky130_fd_sc_hd__o2111a_2)
                                                         _0570_ (net)
                      0.066570    0.000000    3.872686 v _1256_/D1 (sky130_fd_sc_hd__o2111a_2)
     1    0.002352    0.066291    0.233024    4.105711 v _1256_/X (sky130_fd_sc_hd__o2111a_2)
                                                         _0571_ (net)
                      0.066291    0.000000    4.105711 v _1257_/C1 (sky130_fd_sc_hd__o211a_2)
     1    0.001447    0.062586    0.204628    4.310339 v _1257_/X (sky130_fd_sc_hd__o211a_2)
                                                         _0572_ (net)
                      0.062586    0.000000    4.310339 v _1258_/D (sky130_fd_sc_hd__and4b_2)
     2    0.006292    0.097972    0.537612    4.847950 v _1258_/X (sky130_fd_sc_hd__and4b_2)
                                                         _0573_ (net)
                      0.097972    0.000000    4.847950 v _1259_/D (sky130_fd_sc_hd__nor4_2)
     5    0.015835    0.761173    0.603669    5.451620 ^ _1259_/Y (sky130_fd_sc_hd__nor4_2)
                                                         _0574_ (net)
                      0.761173    0.000000    5.451620 ^ _1265_/B (sky130_fd_sc_hd__and2_2)
    16    0.040128    0.349082    0.758970    6.210589 ^ _1265_/X (sky130_fd_sc_hd__and2_2)
                                                         _0577_ (net)
                      0.349082    0.000000    6.210589 ^ _1272_/A2 (sky130_fd_sc_hd__a22o_2)
     1    0.001753    0.075304    0.394479    6.605069 ^ _1272_/X (sky130_fd_sc_hd__a22o_2)
                                                         _0310_ (net)
                      0.075304    0.000000    6.605069 ^ _1872_/A (sky130_fd_sc_hd__buf_2)
     1    0.001537    0.038237    0.169562    6.774631 ^ _1872_/X (sky130_fd_sc_hd__buf_2)
                                                         _0904_ (net)
                      0.038237    0.000000    6.774631 ^ _1451_/D (sky130_fd_sc_hd__dfxtp_2)
                                              6.774631   data arrival time

                      0.150000   10.000000   10.000000   clock clk (rise edge)
                                  0.000000   10.000000   clock network delay (ideal)
                                 -0.250000    9.750000   clock uncertainty
                                  0.000000    9.750000   clock reconvergence pessimism
                                              9.750000 ^ _1451_/CLK (sky130_fd_sc_hd__dfxtp_2)
                                 -0.118876    9.631124   library setup time
                                              9.631124   data required time
---------------------------------------------------------------------------------------------
                                              9.631124   data required time
                                             -6.774631   data arrival time
---------------------------------------------------------------------------------------------
                                              2.856494   slack (MET)


Startpoint: _1542_ (rising edge-triggered flip-flop clocked by clk)
Endpoint: _1452_ (rising edge-triggered flip-flop clocked by clk)
Path Group: clk
Path Type: max

Fanout         Cap        Slew       Delay        Time   Description
---------------------------------------------------------------------------------------------
                      0.150000    0.000000    0.000000   clock clk (rise edge)
                                  0.000000    0.000000   clock network delay (ideal)
                      0.150000    0.000000    0.000000 ^ _1542_/CLK (sky130_fd_sc_hd__dfxtp_2)
     1    0.001625    0.035522    0.654966    0.654966 v _1542_/Q (sky130_fd_sc_hd__dfxtp_2)
                                                         u_top.RV32I_Logic.Single_Cycle_Datapath.pcREG.q[12] (net)
                      0.035522    0.000000    0.654966 v _1722_/A (sky130_fd_sc_hd__buf_2)
    27    0.087895    0.381120    0.519686    1.174652 v _1722_/X (sky130_fd_sc_hd__buf_2)
                                                         _0632_ (net)
                      0.381120    0.000000    1.174652 v _1134_/B (sky130_fd_sc_hd__or3b_2)
     1    0.001428    0.147893    1.163827    2.338479 v _1134_/X (sky130_fd_sc_hd__or3b_2)
                                                         _0470_ (net)
                      0.147893    0.000000    2.338479 v _1135_/D (sky130_fd_sc_hd__and4_2)
     2    0.005521    0.091519    0.565583    2.904062 v _1135_/X (sky130_fd_sc_hd__and4_2)
                                                         _0471_ (net)
                      0.091519    0.000000    2.904062 v _1136_/B (sky130_fd_sc_hd__or2_2)
     2    0.004761    0.125170    0.677121    3.581182 v _1136_/X (sky130_fd_sc_hd__or2_2)
                                                         _0472_ (net)
                      0.125170    0.000000    3.581182 v _1255_/C1 (sky130_fd_sc_hd__o2111a_2)
     1    0.002354    0.066570    0.291504    3.872686 v _1255_/X (sky130_fd_sc_hd__o2111a_2)
                                                         _0570_ (net)
                      0.066570    0.000000    3.872686 v _1256_/D1 (sky130_fd_sc_hd__o2111a_2)
     1    0.002352    0.066291    0.233024    4.105711 v _1256_/X (sky130_fd_sc_hd__o2111a_2)
                                                         _0571_ (net)
                      0.066291    0.000000    4.105711 v _1257_/C1 (sky130_fd_sc_hd__o211a_2)
     1    0.001447    0.062586    0.204628    4.310339 v _1257_/X (sky130_fd_sc_hd__o211a_2)
                                                         _0572_ (net)
                      0.062586    0.000000    4.310339 v _1258_/D (sky130_fd_sc_hd__and4b_2)
     2    0.006292    0.097972    0.537612    4.847950 v _1258_/X (sky130_fd_sc_hd__and4b_2)
                                                         _0573_ (net)
                      0.097972    0.000000    4.847950 v _1259_/D (sky130_fd_sc_hd__nor4_2)
     5    0.015835    0.761173    0.603669    5.451620 ^ _1259_/Y (sky130_fd_sc_hd__nor4_2)
                                                         _0574_ (net)
                      0.761173    0.000000    5.451620 ^ _1265_/B (sky130_fd_sc_hd__and2_2)
    16    0.040128    0.349082    0.758970    6.210589 ^ _1265_/X (sky130_fd_sc_hd__and2_2)
                                                         _0577_ (net)
                      0.349082    0.000000    6.210589 ^ _1273_/A2 (sky130_fd_sc_hd__a22o_2)
     1    0.001753    0.075304    0.394479    6.605069 ^ _1273_/X (sky130_fd_sc_hd__a22o_2)
                                                         _0311_ (net)
                      0.075304    0.000000    6.605069 ^ _1873_/A (sky130_fd_sc_hd__buf_2)
     1    0.001537    0.038237    0.169562    6.774631 ^ _1873_/X (sky130_fd_sc_hd__buf_2)
                                                         _0906_ (net)
                      0.038237    0.000000    6.774631 ^ _1452_/D (sky130_fd_sc_hd__dfxtp_2)
                                              6.774631   data arrival time

                      0.150000   10.000000   10.000000   clock clk (rise edge)
                                  0.000000   10.000000   clock network delay (ideal)
                                 -0.250000    9.750000   clock uncertainty
                                  0.000000    9.750000   clock reconvergence pessimism
                                              9.750000 ^ _1452_/CLK (sky130_fd_sc_hd__dfxtp_2)
                                 -0.118876    9.631124   library setup time
                                              9.631124   data required time
---------------------------------------------------------------------------------------------
                                              9.631124   data required time
                                             -6.774631   data arrival time
---------------------------------------------------------------------------------------------
                                              2.856494   slack (MET)


Startpoint: _1542_ (rising edge-triggered flip-flop clocked by clk)
Endpoint: _1453_ (rising edge-triggered flip-flop clocked by clk)
Path Group: clk
Path Type: max

Fanout         Cap        Slew       Delay        Time   Description
---------------------------------------------------------------------------------------------
                      0.150000    0.000000    0.000000   clock clk (rise edge)
                                  0.000000    0.000000   clock network delay (ideal)
                      0.150000    0.000000    0.000000 ^ _1542_/CLK (sky130_fd_sc_hd__dfxtp_2)
     1    0.001625    0.035522    0.654966    0.654966 v _1542_/Q (sky130_fd_sc_hd__dfxtp_2)
                                                         u_top.RV32I_Logic.Single_Cycle_Datapath.pcREG.q[12] (net)
                      0.035522    0.000000    0.654966 v _1722_/A (sky130_fd_sc_hd__buf_2)
    27    0.087895    0.381120    0.519686    1.174652 v _1722_/X (sky130_fd_sc_hd__buf_2)
                                                         _0632_ (net)
                      0.381120    0.000000    1.174652 v _1134_/B (sky130_fd_sc_hd__or3b_2)
     1    0.001428    0.147893    1.163827    2.338479 v _1134_/X (sky130_fd_sc_hd__or3b_2)
                                                         _0470_ (net)
                      0.147893    0.000000    2.338479 v _1135_/D (sky130_fd_sc_hd__and4_2)
     2    0.005521    0.091519    0.565583    2.904062 v _1135_/X (sky130_fd_sc_hd__and4_2)
                                                         _0471_ (net)
                      0.091519    0.000000    2.904062 v _1136_/B (sky130_fd_sc_hd__or2_2)
     2    0.004761    0.125170    0.677121    3.581182 v _1136_/X (sky130_fd_sc_hd__or2_2)
                                                         _0472_ (net)
                      0.125170    0.000000    3.581182 v _1255_/C1 (sky130_fd_sc_hd__o2111a_2)
     1    0.002354    0.066570    0.291504    3.872686 v _1255_/X (sky130_fd_sc_hd__o2111a_2)
                                                         _0570_ (net)
                      0.066570    0.000000    3.872686 v _1256_/D1 (sky130_fd_sc_hd__o2111a_2)
     1    0.002352    0.066291    0.233024    4.105711 v _1256_/X (sky130_fd_sc_hd__o2111a_2)
                                                         _0571_ (net)
                      0.066291    0.000000    4.105711 v _1257_/C1 (sky130_fd_sc_hd__o211a_2)
     1    0.001447    0.062586    0.204628    4.310339 v _1257_/X (sky130_fd_sc_hd__o211a_2)
                                                         _0572_ (net)
                      0.062586    0.000000    4.310339 v _1258_/D (sky130_fd_sc_hd__and4b_2)
     2    0.006292    0.097972    0.537612    4.847950 v _1258_/X (sky130_fd_sc_hd__and4b_2)
                                                         _0573_ (net)
                      0.097972    0.000000    4.847950 v _1259_/D (sky130_fd_sc_hd__nor4_2)
     5    0.015835    0.761173    0.603669    5.451620 ^ _1259_/Y (sky130_fd_sc_hd__nor4_2)
                                                         _0574_ (net)
                      0.761173    0.000000    5.451620 ^ _1265_/B (sky130_fd_sc_hd__and2_2)
    16    0.040128    0.349082    0.758970    6.210589 ^ _1265_/X (sky130_fd_sc_hd__and2_2)
                                                         _0577_ (net)
                      0.349082    0.000000    6.210589 ^ _1274_/A2 (sky130_fd_sc_hd__a22o_2)
     1    0.001753    0.075304    0.394479    6.605069 ^ _1274_/X (sky130_fd_sc_hd__a22o_2)
                                                         _0312_ (net)
                      0.075304    0.000000    6.605069 ^ _1874_/A (sky130_fd_sc_hd__buf_2)
     1    0.001537    0.038237    0.169562    6.774631 ^ _1874_/X (sky130_fd_sc_hd__buf_2)
                                                         _0908_ (net)
                      0.038237    0.000000    6.774631 ^ _1453_/D (sky130_fd_sc_hd__dfxtp_2)
                                              6.774631   data arrival time

                      0.150000   10.000000   10.000000   clock clk (rise edge)
                                  0.000000   10.000000   clock network delay (ideal)
                                 -0.250000    9.750000   clock uncertainty
                                  0.000000    9.750000   clock reconvergence pessimism
                                              9.750000 ^ _1453_/CLK (sky130_fd_sc_hd__dfxtp_2)
                                 -0.118876    9.631124   library setup time
                                              9.631124   data required time
---------------------------------------------------------------------------------------------
                                              9.631124   data required time
                                             -6.774631   data arrival time
---------------------------------------------------------------------------------------------
                                              2.856494   slack (MET)


Startpoint: _1542_ (rising edge-triggered flip-flop clocked by clk)
Endpoint: _1454_ (rising edge-triggered flip-flop clocked by clk)
Path Group: clk
Path Type: max

Fanout         Cap        Slew       Delay        Time   Description
---------------------------------------------------------------------------------------------
                      0.150000    0.000000    0.000000   clock clk (rise edge)
                                  0.000000    0.000000   clock network delay (ideal)
                      0.150000    0.000000    0.000000 ^ _1542_/CLK (sky130_fd_sc_hd__dfxtp_2)
     1    0.001625    0.035522    0.654966    0.654966 v _1542_/Q (sky130_fd_sc_hd__dfxtp_2)
                                                         u_top.RV32I_Logic.Single_Cycle_Datapath.pcREG.q[12] (net)
                      0.035522    0.000000    0.654966 v _1722_/A (sky130_fd_sc_hd__buf_2)
    27    0.087895    0.381120    0.519686    1.174652 v _1722_/X (sky130_fd_sc_hd__buf_2)
                                                         _0632_ (net)
                      0.381120    0.000000    1.174652 v _1134_/B (sky130_fd_sc_hd__or3b_2)
     1    0.001428    0.147893    1.163827    2.338479 v _1134_/X (sky130_fd_sc_hd__or3b_2)
                                                         _0470_ (net)
                      0.147893    0.000000    2.338479 v _1135_/D (sky130_fd_sc_hd__and4_2)
     2    0.005521    0.091519    0.565583    2.904062 v _1135_/X (sky130_fd_sc_hd__and4_2)
                                                         _0471_ (net)
                      0.091519    0.000000    2.904062 v _1136_/B (sky130_fd_sc_hd__or2_2)
     2    0.004761    0.125170    0.677121    3.581182 v _1136_/X (sky130_fd_sc_hd__or2_2)
                                                         _0472_ (net)
                      0.125170    0.000000    3.581182 v _1255_/C1 (sky130_fd_sc_hd__o2111a_2)
     1    0.002354    0.066570    0.291504    3.872686 v _1255_/X (sky130_fd_sc_hd__o2111a_2)
                                                         _0570_ (net)
                      0.066570    0.000000    3.872686 v _1256_/D1 (sky130_fd_sc_hd__o2111a_2)
     1    0.002352    0.066291    0.233024    4.105711 v _1256_/X (sky130_fd_sc_hd__o2111a_2)
                                                         _0571_ (net)
                      0.066291    0.000000    4.105711 v _1257_/C1 (sky130_fd_sc_hd__o211a_2)
     1    0.001447    0.062586    0.204628    4.310339 v _1257_/X (sky130_fd_sc_hd__o211a_2)
                                                         _0572_ (net)
                      0.062586    0.000000    4.310339 v _1258_/D (sky130_fd_sc_hd__and4b_2)
     2    0.006292    0.097972    0.537612    4.847950 v _1258_/X (sky130_fd_sc_hd__and4b_2)
                                                         _0573_ (net)
                      0.097972    0.000000    4.847950 v _1259_/D (sky130_fd_sc_hd__nor4_2)
     5    0.015835    0.761173    0.603669    5.451620 ^ _1259_/Y (sky130_fd_sc_hd__nor4_2)
                                                         _0574_ (net)
                      0.761173    0.000000    5.451620 ^ _1265_/B (sky130_fd_sc_hd__and2_2)
    16    0.040128    0.349082    0.758970    6.210589 ^ _1265_/X (sky130_fd_sc_hd__and2_2)
                                                         _0577_ (net)
                      0.349082    0.000000    6.210589 ^ _1275_/A2 (sky130_fd_sc_hd__a22o_2)
     1    0.001753    0.075304    0.394479    6.605069 ^ _1275_/X (sky130_fd_sc_hd__a22o_2)
                                                         _0313_ (net)
                      0.075304    0.000000    6.605069 ^ _1875_/A (sky130_fd_sc_hd__buf_2)
     1    0.001537    0.038237    0.169562    6.774631 ^ _1875_/X (sky130_fd_sc_hd__buf_2)
                                                         _0910_ (net)
                      0.038237    0.000000    6.774631 ^ _1454_/D (sky130_fd_sc_hd__dfxtp_2)
                                              6.774631   data arrival time

                      0.150000   10.000000   10.000000   clock clk (rise edge)
                                  0.000000   10.000000   clock network delay (ideal)
                                 -0.250000    9.750000   clock uncertainty
                                  0.000000    9.750000   clock reconvergence pessimism
                                              9.750000 ^ _1454_/CLK (sky130_fd_sc_hd__dfxtp_2)
                                 -0.118876    9.631124   library setup time
                                              9.631124   data required time
---------------------------------------------------------------------------------------------
                                              9.631124   data required time
                                             -6.774631   data arrival time
---------------------------------------------------------------------------------------------
                                              2.856494   slack (MET)


Startpoint: _1542_ (rising edge-triggered flip-flop clocked by clk)
Endpoint: _1455_ (rising edge-triggered flip-flop clocked by clk)
Path Group: clk
Path Type: max

Fanout         Cap        Slew       Delay        Time   Description
---------------------------------------------------------------------------------------------
                      0.150000    0.000000    0.000000   clock clk (rise edge)
                                  0.000000    0.000000   clock network delay (ideal)
                      0.150000    0.000000    0.000000 ^ _1542_/CLK (sky130_fd_sc_hd__dfxtp_2)
     1    0.001625    0.035522    0.654966    0.654966 v _1542_/Q (sky130_fd_sc_hd__dfxtp_2)
                                                         u_top.RV32I_Logic.Single_Cycle_Datapath.pcREG.q[12] (net)
                      0.035522    0.000000    0.654966 v _1722_/A (sky130_fd_sc_hd__buf_2)
    27    0.087895    0.381120    0.519686    1.174652 v _1722_/X (sky130_fd_sc_hd__buf_2)
                                                         _0632_ (net)
                      0.381120    0.000000    1.174652 v _1134_/B (sky130_fd_sc_hd__or3b_2)
     1    0.001428    0.147893    1.163827    2.338479 v _1134_/X (sky130_fd_sc_hd__or3b_2)
                                                         _0470_ (net)
                      0.147893    0.000000    2.338479 v _1135_/D (sky130_fd_sc_hd__and4_2)
     2    0.005521    0.091519    0.565583    2.904062 v _1135_/X (sky130_fd_sc_hd__and4_2)
                                                         _0471_ (net)
                      0.091519    0.000000    2.904062 v _1136_/B (sky130_fd_sc_hd__or2_2)
     2    0.004761    0.125170    0.677121    3.581182 v _1136_/X (sky130_fd_sc_hd__or2_2)
                                                         _0472_ (net)
                      0.125170    0.000000    3.581182 v _1255_/C1 (sky130_fd_sc_hd__o2111a_2)
     1    0.002354    0.066570    0.291504    3.872686 v _1255_/X (sky130_fd_sc_hd__o2111a_2)
                                                         _0570_ (net)
                      0.066570    0.000000    3.872686 v _1256_/D1 (sky130_fd_sc_hd__o2111a_2)
     1    0.002352    0.066291    0.233024    4.105711 v _1256_/X (sky130_fd_sc_hd__o2111a_2)
                                                         _0571_ (net)
                      0.066291    0.000000    4.105711 v _1257_/C1 (sky130_fd_sc_hd__o211a_2)
     1    0.001447    0.062586    0.204628    4.310339 v _1257_/X (sky130_fd_sc_hd__o211a_2)
                                                         _0572_ (net)
                      0.062586    0.000000    4.310339 v _1258_/D (sky130_fd_sc_hd__and4b_2)
     2    0.006292    0.097972    0.537612    4.847950 v _1258_/X (sky130_fd_sc_hd__and4b_2)
                                                         _0573_ (net)
                      0.097972    0.000000    4.847950 v _1259_/D (sky130_fd_sc_hd__nor4_2)
     5    0.015835    0.761173    0.603669    5.451620 ^ _1259_/Y (sky130_fd_sc_hd__nor4_2)
                                                         _0574_ (net)
                      0.761173    0.000000    5.451620 ^ _1265_/B (sky130_fd_sc_hd__and2_2)
    16    0.040128    0.349082    0.758970    6.210589 ^ _1265_/X (sky130_fd_sc_hd__and2_2)
                                                         _0577_ (net)
                      0.349082    0.000000    6.210589 ^ _1276_/A2 (sky130_fd_sc_hd__a22o_2)
     1    0.001753    0.075304    0.394479    6.605069 ^ _1276_/X (sky130_fd_sc_hd__a22o_2)
                                                         _0314_ (net)
                      0.075304    0.000000    6.605069 ^ _1876_/A (sky130_fd_sc_hd__buf_2)
     1    0.001537    0.038237    0.169562    6.774631 ^ _1876_/X (sky130_fd_sc_hd__buf_2)
                                                         _0912_ (net)
                      0.038237    0.000000    6.774631 ^ _1455_/D (sky130_fd_sc_hd__dfxtp_2)
                                              6.774631   data arrival time

                      0.150000   10.000000   10.000000   clock clk (rise edge)
                                  0.000000   10.000000   clock network delay (ideal)
                                 -0.250000    9.750000   clock uncertainty
                                  0.000000    9.750000   clock reconvergence pessimism
                                              9.750000 ^ _1455_/CLK (sky130_fd_sc_hd__dfxtp_2)
                                 -0.118876    9.631124   library setup time
                                              9.631124   data required time
---------------------------------------------------------------------------------------------
                                              9.631124   data required time
                                             -6.774631   data arrival time
---------------------------------------------------------------------------------------------
                                              2.856494   slack (MET)


Startpoint: _1542_ (rising edge-triggered flip-flop clocked by clk)
Endpoint: _1456_ (rising edge-triggered flip-flop clocked by clk)
Path Group: clk
Path Type: max

Fanout         Cap        Slew       Delay        Time   Description
---------------------------------------------------------------------------------------------
                      0.150000    0.000000    0.000000   clock clk (rise edge)
                                  0.000000    0.000000   clock network delay (ideal)
                      0.150000    0.000000    0.000000 ^ _1542_/CLK (sky130_fd_sc_hd__dfxtp_2)
     1    0.001625    0.035522    0.654966    0.654966 v _1542_/Q (sky130_fd_sc_hd__dfxtp_2)
                                                         u_top.RV32I_Logic.Single_Cycle_Datapath.pcREG.q[12] (net)
                      0.035522    0.000000    0.654966 v _1722_/A (sky130_fd_sc_hd__buf_2)
    27    0.087895    0.381120    0.519686    1.174652 v _1722_/X (sky130_fd_sc_hd__buf_2)
                                                         _0632_ (net)
                      0.381120    0.000000    1.174652 v _1134_/B (sky130_fd_sc_hd__or3b_2)
     1    0.001428    0.147893    1.163827    2.338479 v _1134_/X (sky130_fd_sc_hd__or3b_2)
                                                         _0470_ (net)
                      0.147893    0.000000    2.338479 v _1135_/D (sky130_fd_sc_hd__and4_2)
     2    0.005521    0.091519    0.565583    2.904062 v _1135_/X (sky130_fd_sc_hd__and4_2)
                                                         _0471_ (net)
                      0.091519    0.000000    2.904062 v _1136_/B (sky130_fd_sc_hd__or2_2)
     2    0.004761    0.125170    0.677121    3.581182 v _1136_/X (sky130_fd_sc_hd__or2_2)
                                                         _0472_ (net)
                      0.125170    0.000000    3.581182 v _1255_/C1 (sky130_fd_sc_hd__o2111a_2)
     1    0.002354    0.066570    0.291504    3.872686 v _1255_/X (sky130_fd_sc_hd__o2111a_2)
                                                         _0570_ (net)
                      0.066570    0.000000    3.872686 v _1256_/D1 (sky130_fd_sc_hd__o2111a_2)
     1    0.002352    0.066291    0.233024    4.105711 v _1256_/X (sky130_fd_sc_hd__o2111a_2)
                                                         _0571_ (net)
                      0.066291    0.000000    4.105711 v _1257_/C1 (sky130_fd_sc_hd__o211a_2)
     1    0.001447    0.062586    0.204628    4.310339 v _1257_/X (sky130_fd_sc_hd__o211a_2)
                                                         _0572_ (net)
                      0.062586    0.000000    4.310339 v _1258_/D (sky130_fd_sc_hd__and4b_2)
     2    0.006292    0.097972    0.537612    4.847950 v _1258_/X (sky130_fd_sc_hd__and4b_2)
                                                         _0573_ (net)
                      0.097972    0.000000    4.847950 v _1259_/D (sky130_fd_sc_hd__nor4_2)
     5    0.015835    0.761173    0.603669    5.451620 ^ _1259_/Y (sky130_fd_sc_hd__nor4_2)
                                                         _0574_ (net)
                      0.761173    0.000000    5.451620 ^ _1265_/B (sky130_fd_sc_hd__and2_2)
    16    0.040128    0.349082    0.758970    6.210589 ^ _1265_/X (sky130_fd_sc_hd__and2_2)
                                                         _0577_ (net)
                      0.349082    0.000000    6.210589 ^ _1277_/A2 (sky130_fd_sc_hd__a22o_2)
     1    0.001753    0.075304    0.394479    6.605069 ^ _1277_/X (sky130_fd_sc_hd__a22o_2)
                                                         _0315_ (net)
                      0.075304    0.000000    6.605069 ^ _1877_/A (sky130_fd_sc_hd__buf_2)
     1    0.001537    0.038237    0.169562    6.774631 ^ _1877_/X (sky130_fd_sc_hd__buf_2)
                                                         _0914_ (net)
                      0.038237    0.000000    6.774631 ^ _1456_/D (sky130_fd_sc_hd__dfxtp_2)
                                              6.774631   data arrival time

                      0.150000   10.000000   10.000000   clock clk (rise edge)
                                  0.000000   10.000000   clock network delay (ideal)
                                 -0.250000    9.750000   clock uncertainty
                                  0.000000    9.750000   clock reconvergence pessimism
                                              9.750000 ^ _1456_/CLK (sky130_fd_sc_hd__dfxtp_2)
                                 -0.118876    9.631124   library setup time
                                              9.631124   data required time
---------------------------------------------------------------------------------------------
                                              9.631124   data required time
                                             -6.774631   data arrival time
---------------------------------------------------------------------------------------------
                                              2.856494   slack (MET)


Startpoint: _1542_ (rising edge-triggered flip-flop clocked by clk)
Endpoint: _1457_ (rising edge-triggered flip-flop clocked by clk)
Path Group: clk
Path Type: max

Fanout         Cap        Slew       Delay        Time   Description
---------------------------------------------------------------------------------------------
                      0.150000    0.000000    0.000000   clock clk (rise edge)
                                  0.000000    0.000000   clock network delay (ideal)
                      0.150000    0.000000    0.000000 ^ _1542_/CLK (sky130_fd_sc_hd__dfxtp_2)
     1    0.001625    0.035522    0.654966    0.654966 v _1542_/Q (sky130_fd_sc_hd__dfxtp_2)
                                                         u_top.RV32I_Logic.Single_Cycle_Datapath.pcREG.q[12] (net)
                      0.035522    0.000000    0.654966 v _1722_/A (sky130_fd_sc_hd__buf_2)
    27    0.087895    0.381120    0.519686    1.174652 v _1722_/X (sky130_fd_sc_hd__buf_2)
                                                         _0632_ (net)
                      0.381120    0.000000    1.174652 v _1134_/B (sky130_fd_sc_hd__or3b_2)
     1    0.001428    0.147893    1.163827    2.338479 v _1134_/X (sky130_fd_sc_hd__or3b_2)
                                                         _0470_ (net)
                      0.147893    0.000000    2.338479 v _1135_/D (sky130_fd_sc_hd__and4_2)
     2    0.005521    0.091519    0.565583    2.904062 v _1135_/X (sky130_fd_sc_hd__and4_2)
                                                         _0471_ (net)
                      0.091519    0.000000    2.904062 v _1136_/B (sky130_fd_sc_hd__or2_2)
     2    0.004761    0.125170    0.677121    3.581182 v _1136_/X (sky130_fd_sc_hd__or2_2)
                                                         _0472_ (net)
                      0.125170    0.000000    3.581182 v _1255_/C1 (sky130_fd_sc_hd__o2111a_2)
     1    0.002354    0.066570    0.291504    3.872686 v _1255_/X (sky130_fd_sc_hd__o2111a_2)
                                                         _0570_ (net)
                      0.066570    0.000000    3.872686 v _1256_/D1 (sky130_fd_sc_hd__o2111a_2)
     1    0.002352    0.066291    0.233024    4.105711 v _1256_/X (sky130_fd_sc_hd__o2111a_2)
                                                         _0571_ (net)
                      0.066291    0.000000    4.105711 v _1257_/C1 (sky130_fd_sc_hd__o211a_2)
     1    0.001447    0.062586    0.204628    4.310339 v _1257_/X (sky130_fd_sc_hd__o211a_2)
                                                         _0572_ (net)
                      0.062586    0.000000    4.310339 v _1258_/D (sky130_fd_sc_hd__and4b_2)
     2    0.006292    0.097972    0.537612    4.847950 v _1258_/X (sky130_fd_sc_hd__and4b_2)
                                                         _0573_ (net)
                      0.097972    0.000000    4.847950 v _1259_/D (sky130_fd_sc_hd__nor4_2)
     5    0.015835    0.761173    0.603669    5.451620 ^ _1259_/Y (sky130_fd_sc_hd__nor4_2)
                                                         _0574_ (net)
                      0.761173    0.000000    5.451620 ^ _1265_/B (sky130_fd_sc_hd__and2_2)
    16    0.040128    0.349082    0.758970    6.210589 ^ _1265_/X (sky130_fd_sc_hd__and2_2)
                                                         _0577_ (net)
                      0.349082    0.000000    6.210589 ^ _1278_/A2 (sky130_fd_sc_hd__a22o_2)
     1    0.001753    0.075304    0.394479    6.605069 ^ _1278_/X (sky130_fd_sc_hd__a22o_2)
                                                         _0316_ (net)
                      0.075304    0.000000    6.605069 ^ _1878_/A (sky130_fd_sc_hd__buf_2)
     1    0.001537    0.038237    0.169562    6.774631 ^ _1878_/X (sky130_fd_sc_hd__buf_2)
                                                         _0916_ (net)
                      0.038237    0.000000    6.774631 ^ _1457_/D (sky130_fd_sc_hd__dfxtp_2)
                                              6.774631   data arrival time

                      0.150000   10.000000   10.000000   clock clk (rise edge)
                                  0.000000   10.000000   clock network delay (ideal)
                                 -0.250000    9.750000   clock uncertainty
                                  0.000000    9.750000   clock reconvergence pessimism
                                              9.750000 ^ _1457_/CLK (sky130_fd_sc_hd__dfxtp_2)
                                 -0.118876    9.631124   library setup time
                                              9.631124   data required time
---------------------------------------------------------------------------------------------
                                              9.631124   data required time
                                             -6.774631   data arrival time
---------------------------------------------------------------------------------------------
                                              2.856494   slack (MET)


Startpoint: _1542_ (rising edge-triggered flip-flop clocked by clk)
Endpoint: _1458_ (rising edge-triggered flip-flop clocked by clk)
Path Group: clk
Path Type: max

Fanout         Cap        Slew       Delay        Time   Description
---------------------------------------------------------------------------------------------
                      0.150000    0.000000    0.000000   clock clk (rise edge)
                                  0.000000    0.000000   clock network delay (ideal)
                      0.150000    0.000000    0.000000 ^ _1542_/CLK (sky130_fd_sc_hd__dfxtp_2)
     1    0.001625    0.035522    0.654966    0.654966 v _1542_/Q (sky130_fd_sc_hd__dfxtp_2)
                                                         u_top.RV32I_Logic.Single_Cycle_Datapath.pcREG.q[12] (net)
                      0.035522    0.000000    0.654966 v _1722_/A (sky130_fd_sc_hd__buf_2)
    27    0.087895    0.381120    0.519686    1.174652 v _1722_/X (sky130_fd_sc_hd__buf_2)
                                                         _0632_ (net)
                      0.381120    0.000000    1.174652 v _1134_/B (sky130_fd_sc_hd__or3b_2)
     1    0.001428    0.147893    1.163827    2.338479 v _1134_/X (sky130_fd_sc_hd__or3b_2)
                                                         _0470_ (net)
                      0.147893    0.000000    2.338479 v _1135_/D (sky130_fd_sc_hd__and4_2)
     2    0.005521    0.091519    0.565583    2.904062 v _1135_/X (sky130_fd_sc_hd__and4_2)
                                                         _0471_ (net)
                      0.091519    0.000000    2.904062 v _1136_/B (sky130_fd_sc_hd__or2_2)
     2    0.004761    0.125170    0.677121    3.581182 v _1136_/X (sky130_fd_sc_hd__or2_2)
                                                         _0472_ (net)
                      0.125170    0.000000    3.581182 v _1255_/C1 (sky130_fd_sc_hd__o2111a_2)
     1    0.002354    0.066570    0.291504    3.872686 v _1255_/X (sky130_fd_sc_hd__o2111a_2)
                                                         _0570_ (net)
                      0.066570    0.000000    3.872686 v _1256_/D1 (sky130_fd_sc_hd__o2111a_2)
     1    0.002352    0.066291    0.233024    4.105711 v _1256_/X (sky130_fd_sc_hd__o2111a_2)
                                                         _0571_ (net)
                      0.066291    0.000000    4.105711 v _1257_/C1 (sky130_fd_sc_hd__o211a_2)
     1    0.001447    0.062586    0.204628    4.310339 v _1257_/X (sky130_fd_sc_hd__o211a_2)
                                                         _0572_ (net)
                      0.062586    0.000000    4.310339 v _1258_/D (sky130_fd_sc_hd__and4b_2)
     2    0.006292    0.097972    0.537612    4.847950 v _1258_/X (sky130_fd_sc_hd__and4b_2)
                                                         _0573_ (net)
                      0.097972    0.000000    4.847950 v _1259_/D (sky130_fd_sc_hd__nor4_2)
     5    0.015835    0.761173    0.603669    5.451620 ^ _1259_/Y (sky130_fd_sc_hd__nor4_2)
                                                         _0574_ (net)
                      0.761173    0.000000    5.451620 ^ _1265_/B (sky130_fd_sc_hd__and2_2)
    16    0.040128    0.349082    0.758970    6.210589 ^ _1265_/X (sky130_fd_sc_hd__and2_2)
                                                         _0577_ (net)
                      0.349082    0.000000    6.210589 ^ _1279_/A2 (sky130_fd_sc_hd__a22o_2)
     1    0.001753    0.075304    0.394479    6.605069 ^ _1279_/X (sky130_fd_sc_hd__a22o_2)
                                                         _0317_ (net)
                      0.075304    0.000000    6.605069 ^ _1879_/A (sky130_fd_sc_hd__buf_2)
     1    0.001537    0.038237    0.169562    6.774631 ^ _1879_/X (sky130_fd_sc_hd__buf_2)
                                                         _0918_ (net)
                      0.038237    0.000000    6.774631 ^ _1458_/D (sky130_fd_sc_hd__dfxtp_2)
                                              6.774631   data arrival time

                      0.150000   10.000000   10.000000   clock clk (rise edge)
                                  0.000000   10.000000   clock network delay (ideal)
                                 -0.250000    9.750000   clock uncertainty
                                  0.000000    9.750000   clock reconvergence pessimism
                                              9.750000 ^ _1458_/CLK (sky130_fd_sc_hd__dfxtp_2)
                                 -0.118876    9.631124   library setup time
                                              9.631124   data required time
---------------------------------------------------------------------------------------------
                                              9.631124   data required time
                                             -6.774631   data arrival time
---------------------------------------------------------------------------------------------
                                              2.856494   slack (MET)


Startpoint: _1542_ (rising edge-triggered flip-flop clocked by clk)
Endpoint: _1459_ (rising edge-triggered flip-flop clocked by clk)
Path Group: clk
Path Type: max

Fanout         Cap        Slew       Delay        Time   Description
---------------------------------------------------------------------------------------------
                      0.150000    0.000000    0.000000   clock clk (rise edge)
                                  0.000000    0.000000   clock network delay (ideal)
                      0.150000    0.000000    0.000000 ^ _1542_/CLK (sky130_fd_sc_hd__dfxtp_2)
     1    0.001625    0.035522    0.654966    0.654966 v _1542_/Q (sky130_fd_sc_hd__dfxtp_2)
                                                         u_top.RV32I_Logic.Single_Cycle_Datapath.pcREG.q[12] (net)
                      0.035522    0.000000    0.654966 v _1722_/A (sky130_fd_sc_hd__buf_2)
    27    0.087895    0.381120    0.519686    1.174652 v _1722_/X (sky130_fd_sc_hd__buf_2)
                                                         _0632_ (net)
                      0.381120    0.000000    1.174652 v _1134_/B (sky130_fd_sc_hd__or3b_2)
     1    0.001428    0.147893    1.163827    2.338479 v _1134_/X (sky130_fd_sc_hd__or3b_2)
                                                         _0470_ (net)
                      0.147893    0.000000    2.338479 v _1135_/D (sky130_fd_sc_hd__and4_2)
     2    0.005521    0.091519    0.565583    2.904062 v _1135_/X (sky130_fd_sc_hd__and4_2)
                                                         _0471_ (net)
                      0.091519    0.000000    2.904062 v _1136_/B (sky130_fd_sc_hd__or2_2)
     2    0.004761    0.125170    0.677121    3.581182 v _1136_/X (sky130_fd_sc_hd__or2_2)
                                                         _0472_ (net)
                      0.125170    0.000000    3.581182 v _1255_/C1 (sky130_fd_sc_hd__o2111a_2)
     1    0.002354    0.066570    0.291504    3.872686 v _1255_/X (sky130_fd_sc_hd__o2111a_2)
                                                         _0570_ (net)
                      0.066570    0.000000    3.872686 v _1256_/D1 (sky130_fd_sc_hd__o2111a_2)
     1    0.002352    0.066291    0.233024    4.105711 v _1256_/X (sky130_fd_sc_hd__o2111a_2)
                                                         _0571_ (net)
                      0.066291    0.000000    4.105711 v _1257_/C1 (sky130_fd_sc_hd__o211a_2)
     1    0.001447    0.062586    0.204628    4.310339 v _1257_/X (sky130_fd_sc_hd__o211a_2)
                                                         _0572_ (net)
                      0.062586    0.000000    4.310339 v _1258_/D (sky130_fd_sc_hd__and4b_2)
     2    0.006292    0.097972    0.537612    4.847950 v _1258_/X (sky130_fd_sc_hd__and4b_2)
                                                         _0573_ (net)
                      0.097972    0.000000    4.847950 v _1259_/D (sky130_fd_sc_hd__nor4_2)
     5    0.015835    0.761173    0.603669    5.451620 ^ _1259_/Y (sky130_fd_sc_hd__nor4_2)
                                                         _0574_ (net)
                      0.761173    0.000000    5.451620 ^ _1265_/B (sky130_fd_sc_hd__and2_2)
    16    0.040128    0.349082    0.758970    6.210589 ^ _1265_/X (sky130_fd_sc_hd__and2_2)
                                                         _0577_ (net)
                      0.349082    0.000000    6.210589 ^ _1280_/A2 (sky130_fd_sc_hd__a22o_2)
     1    0.001753    0.075304    0.394479    6.605069 ^ _1280_/X (sky130_fd_sc_hd__a22o_2)
                                                         _0318_ (net)
                      0.075304    0.000000    6.605069 ^ _1880_/A (sky130_fd_sc_hd__buf_2)
     1    0.001537    0.038237    0.169562    6.774631 ^ _1880_/X (sky130_fd_sc_hd__buf_2)
                                                         _0920_ (net)
                      0.038237    0.000000    6.774631 ^ _1459_/D (sky130_fd_sc_hd__dfxtp_2)
                                              6.774631   data arrival time

                      0.150000   10.000000   10.000000   clock clk (rise edge)
                                  0.000000   10.000000   clock network delay (ideal)
                                 -0.250000    9.750000   clock uncertainty
                                  0.000000    9.750000   clock reconvergence pessimism
                                              9.750000 ^ _1459_/CLK (sky130_fd_sc_hd__dfxtp_2)
                                 -0.118876    9.631124   library setup time
                                              9.631124   data required time
---------------------------------------------------------------------------------------------
                                              9.631124   data required time
                                             -6.774631   data arrival time
---------------------------------------------------------------------------------------------
                                              2.856494   slack (MET)


Startpoint: _1542_ (rising edge-triggered flip-flop clocked by clk)
Endpoint: _1460_ (rising edge-triggered flip-flop clocked by clk)
Path Group: clk
Path Type: max

Fanout         Cap        Slew       Delay        Time   Description
---------------------------------------------------------------------------------------------
                      0.150000    0.000000    0.000000   clock clk (rise edge)
                                  0.000000    0.000000   clock network delay (ideal)
                      0.150000    0.000000    0.000000 ^ _1542_/CLK (sky130_fd_sc_hd__dfxtp_2)
     1    0.001625    0.035522    0.654966    0.654966 v _1542_/Q (sky130_fd_sc_hd__dfxtp_2)
                                                         u_top.RV32I_Logic.Single_Cycle_Datapath.pcREG.q[12] (net)
                      0.035522    0.000000    0.654966 v _1722_/A (sky130_fd_sc_hd__buf_2)
    27    0.087895    0.381120    0.519686    1.174652 v _1722_/X (sky130_fd_sc_hd__buf_2)
                                                         _0632_ (net)
                      0.381120    0.000000    1.174652 v _1134_/B (sky130_fd_sc_hd__or3b_2)
     1    0.001428    0.147893    1.163827    2.338479 v _1134_/X (sky130_fd_sc_hd__or3b_2)
                                                         _0470_ (net)
                      0.147893    0.000000    2.338479 v _1135_/D (sky130_fd_sc_hd__and4_2)
     2    0.005521    0.091519    0.565583    2.904062 v _1135_/X (sky130_fd_sc_hd__and4_2)
                                                         _0471_ (net)
                      0.091519    0.000000    2.904062 v _1136_/B (sky130_fd_sc_hd__or2_2)
     2    0.004761    0.125170    0.677121    3.581182 v _1136_/X (sky130_fd_sc_hd__or2_2)
                                                         _0472_ (net)
                      0.125170    0.000000    3.581182 v _1255_/C1 (sky130_fd_sc_hd__o2111a_2)
     1    0.002354    0.066570    0.291504    3.872686 v _1255_/X (sky130_fd_sc_hd__o2111a_2)
                                                         _0570_ (net)
                      0.066570    0.000000    3.872686 v _1256_/D1 (sky130_fd_sc_hd__o2111a_2)
     1    0.002352    0.066291    0.233024    4.105711 v _1256_/X (sky130_fd_sc_hd__o2111a_2)
                                                         _0571_ (net)
                      0.066291    0.000000    4.105711 v _1257_/C1 (sky130_fd_sc_hd__o211a_2)
     1    0.001447    0.062586    0.204628    4.310339 v _1257_/X (sky130_fd_sc_hd__o211a_2)
                                                         _0572_ (net)
                      0.062586    0.000000    4.310339 v _1258_/D (sky130_fd_sc_hd__and4b_2)
     2    0.006292    0.097972    0.537612    4.847950 v _1258_/X (sky130_fd_sc_hd__and4b_2)
                                                         _0573_ (net)
                      0.097972    0.000000    4.847950 v _1259_/D (sky130_fd_sc_hd__nor4_2)
     5    0.015835    0.761173    0.603669    5.451620 ^ _1259_/Y (sky130_fd_sc_hd__nor4_2)
                                                         _0574_ (net)
                      0.761173    0.000000    5.451620 ^ _1265_/B (sky130_fd_sc_hd__and2_2)
    16    0.040128    0.349082    0.758970    6.210589 ^ _1265_/X (sky130_fd_sc_hd__and2_2)
                                                         _0577_ (net)
                      0.349082    0.000000    6.210589 ^ _1281_/A2 (sky130_fd_sc_hd__a22o_2)
     1    0.001753    0.075304    0.394479    6.605069 ^ _1281_/X (sky130_fd_sc_hd__a22o_2)
                                                         _0319_ (net)
                      0.075304    0.000000    6.605069 ^ _1881_/A (sky130_fd_sc_hd__buf_2)
     1    0.001537    0.038237    0.169562    6.774631 ^ _1881_/X (sky130_fd_sc_hd__buf_2)
                                                         _0922_ (net)
                      0.038237    0.000000    6.774631 ^ _1460_/D (sky130_fd_sc_hd__dfxtp_2)
                                              6.774631   data arrival time

                      0.150000   10.000000   10.000000   clock clk (rise edge)
                                  0.000000   10.000000   clock network delay (ideal)
                                 -0.250000    9.750000   clock uncertainty
                                  0.000000    9.750000   clock reconvergence pessimism
                                              9.750000 ^ _1460_/CLK (sky130_fd_sc_hd__dfxtp_2)
                                 -0.118876    9.631124   library setup time
                                              9.631124   data required time
---------------------------------------------------------------------------------------------
                                              9.631124   data required time
                                             -6.774631   data arrival time
---------------------------------------------------------------------------------------------
                                              2.856494   slack (MET)


Startpoint: _1542_ (rising edge-triggered flip-flop clocked by clk)
Endpoint: _1461_ (rising edge-triggered flip-flop clocked by clk)
Path Group: clk
Path Type: max

Fanout         Cap        Slew       Delay        Time   Description
---------------------------------------------------------------------------------------------
                      0.150000    0.000000    0.000000   clock clk (rise edge)
                                  0.000000    0.000000   clock network delay (ideal)
                      0.150000    0.000000    0.000000 ^ _1542_/CLK (sky130_fd_sc_hd__dfxtp_2)
     1    0.001625    0.035522    0.654966    0.654966 v _1542_/Q (sky130_fd_sc_hd__dfxtp_2)
                                                         u_top.RV32I_Logic.Single_Cycle_Datapath.pcREG.q[12] (net)
                      0.035522    0.000000    0.654966 v _1722_/A (sky130_fd_sc_hd__buf_2)
    27    0.087895    0.381120    0.519686    1.174652 v _1722_/X (sky130_fd_sc_hd__buf_2)
                                                         _0632_ (net)
                      0.381120    0.000000    1.174652 v _1134_/B (sky130_fd_sc_hd__or3b_2)
     1    0.001428    0.147893    1.163827    2.338479 v _1134_/X (sky130_fd_sc_hd__or3b_2)
                                                         _0470_ (net)
                      0.147893    0.000000    2.338479 v _1135_/D (sky130_fd_sc_hd__and4_2)
     2    0.005521    0.091519    0.565583    2.904062 v _1135_/X (sky130_fd_sc_hd__and4_2)
                                                         _0471_ (net)
                      0.091519    0.000000    2.904062 v _1136_/B (sky130_fd_sc_hd__or2_2)
     2    0.004761    0.125170    0.677121    3.581182 v _1136_/X (sky130_fd_sc_hd__or2_2)
                                                         _0472_ (net)
                      0.125170    0.000000    3.581182 v _1255_/C1 (sky130_fd_sc_hd__o2111a_2)
     1    0.002354    0.066570    0.291504    3.872686 v _1255_/X (sky130_fd_sc_hd__o2111a_2)
                                                         _0570_ (net)
                      0.066570    0.000000    3.872686 v _1256_/D1 (sky130_fd_sc_hd__o2111a_2)
     1    0.002352    0.066291    0.233024    4.105711 v _1256_/X (sky130_fd_sc_hd__o2111a_2)
                                                         _0571_ (net)
                      0.066291    0.000000    4.105711 v _1257_/C1 (sky130_fd_sc_hd__o211a_2)
     1    0.001447    0.062586    0.204628    4.310339 v _1257_/X (sky130_fd_sc_hd__o211a_2)
                                                         _0572_ (net)
                      0.062586    0.000000    4.310339 v _1258_/D (sky130_fd_sc_hd__and4b_2)
     2    0.006292    0.097972    0.537612    4.847950 v _1258_/X (sky130_fd_sc_hd__and4b_2)
                                                         _0573_ (net)
                      0.097972    0.000000    4.847950 v _1259_/D (sky130_fd_sc_hd__nor4_2)
     5    0.015835    0.761173    0.603669    5.451620 ^ _1259_/Y (sky130_fd_sc_hd__nor4_2)
                                                         _0574_ (net)
                      0.761173    0.000000    5.451620 ^ _1265_/B (sky130_fd_sc_hd__and2_2)
    16    0.040128    0.349082    0.758970    6.210589 ^ _1265_/X (sky130_fd_sc_hd__and2_2)
                                                         _0577_ (net)
                      0.349082    0.000000    6.210589 ^ _1282_/A2 (sky130_fd_sc_hd__a22o_2)
     1    0.001753    0.075304    0.394479    6.605069 ^ _1282_/X (sky130_fd_sc_hd__a22o_2)
                                                         _0320_ (net)
                      0.075304    0.000000    6.605069 ^ _1882_/A (sky130_fd_sc_hd__buf_2)
     1    0.001537    0.038237    0.169562    6.774631 ^ _1882_/X (sky130_fd_sc_hd__buf_2)
                                                         _0924_ (net)
                      0.038237    0.000000    6.774631 ^ _1461_/D (sky130_fd_sc_hd__dfxtp_2)
                                              6.774631   data arrival time

                      0.150000   10.000000   10.000000   clock clk (rise edge)
                                  0.000000   10.000000   clock network delay (ideal)
                                 -0.250000    9.750000   clock uncertainty
                                  0.000000    9.750000   clock reconvergence pessimism
                                              9.750000 ^ _1461_/CLK (sky130_fd_sc_hd__dfxtp_2)
                                 -0.118876    9.631124   library setup time
                                              9.631124   data required time
---------------------------------------------------------------------------------------------
                                              9.631124   data required time
                                             -6.774631   data arrival time
---------------------------------------------------------------------------------------------
                                              2.856494   slack (MET)


Startpoint: _1542_ (rising edge-triggered flip-flop clocked by clk)
Endpoint: _1462_ (rising edge-triggered flip-flop clocked by clk)
Path Group: clk
Path Type: max

Fanout         Cap        Slew       Delay        Time   Description
---------------------------------------------------------------------------------------------
                      0.150000    0.000000    0.000000   clock clk (rise edge)
                                  0.000000    0.000000   clock network delay (ideal)
                      0.150000    0.000000    0.000000 ^ _1542_/CLK (sky130_fd_sc_hd__dfxtp_2)
     1    0.001625    0.035522    0.654966    0.654966 v _1542_/Q (sky130_fd_sc_hd__dfxtp_2)
                                                         u_top.RV32I_Logic.Single_Cycle_Datapath.pcREG.q[12] (net)
                      0.035522    0.000000    0.654966 v _1722_/A (sky130_fd_sc_hd__buf_2)
    27    0.087895    0.381120    0.519686    1.174652 v _1722_/X (sky130_fd_sc_hd__buf_2)
                                                         _0632_ (net)
                      0.381120    0.000000    1.174652 v _1134_/B (sky130_fd_sc_hd__or3b_2)
     1    0.001428    0.147893    1.163827    2.338479 v _1134_/X (sky130_fd_sc_hd__or3b_2)
                                                         _0470_ (net)
                      0.147893    0.000000    2.338479 v _1135_/D (sky130_fd_sc_hd__and4_2)
     2    0.005521    0.091519    0.565583    2.904062 v _1135_/X (sky130_fd_sc_hd__and4_2)
                                                         _0471_ (net)
                      0.091519    0.000000    2.904062 v _1136_/B (sky130_fd_sc_hd__or2_2)
     2    0.004761    0.125170    0.677121    3.581182 v _1136_/X (sky130_fd_sc_hd__or2_2)
                                                         _0472_ (net)
                      0.125170    0.000000    3.581182 v _1255_/C1 (sky130_fd_sc_hd__o2111a_2)
     1    0.002354    0.066570    0.291504    3.872686 v _1255_/X (sky130_fd_sc_hd__o2111a_2)
                                                         _0570_ (net)
                      0.066570    0.000000    3.872686 v _1256_/D1 (sky130_fd_sc_hd__o2111a_2)
     1    0.002352    0.066291    0.233024    4.105711 v _1256_/X (sky130_fd_sc_hd__o2111a_2)
                                                         _0571_ (net)
                      0.066291    0.000000    4.105711 v _1257_/C1 (sky130_fd_sc_hd__o211a_2)
     1    0.001447    0.062586    0.204628    4.310339 v _1257_/X (sky130_fd_sc_hd__o211a_2)
                                                         _0572_ (net)
                      0.062586    0.000000    4.310339 v _1258_/D (sky130_fd_sc_hd__and4b_2)
     2    0.006292    0.097972    0.537612    4.847950 v _1258_/X (sky130_fd_sc_hd__and4b_2)
                                                         _0573_ (net)
                      0.097972    0.000000    4.847950 v _1259_/D (sky130_fd_sc_hd__nor4_2)
     5    0.015835    0.761173    0.603669    5.451620 ^ _1259_/Y (sky130_fd_sc_hd__nor4_2)
                                                         _0574_ (net)
                      0.761173    0.000000    5.451620 ^ _1265_/B (sky130_fd_sc_hd__and2_2)
    16    0.040128    0.349082    0.758970    6.210589 ^ _1265_/X (sky130_fd_sc_hd__and2_2)
                                                         _0577_ (net)
                      0.349082    0.000000    6.210589 ^ _1283_/A2 (sky130_fd_sc_hd__a22o_2)
     1    0.001753    0.075304    0.394479    6.605069 ^ _1283_/X (sky130_fd_sc_hd__a22o_2)
                                                         _0321_ (net)
                      0.075304    0.000000    6.605069 ^ _1883_/A (sky130_fd_sc_hd__buf_2)
     1    0.001537    0.038237    0.169562    6.774631 ^ _1883_/X (sky130_fd_sc_hd__buf_2)
                                                         _0926_ (net)
                      0.038237    0.000000    6.774631 ^ _1462_/D (sky130_fd_sc_hd__dfxtp_2)
                                              6.774631   data arrival time

                      0.150000   10.000000   10.000000   clock clk (rise edge)
                                  0.000000   10.000000   clock network delay (ideal)
                                 -0.250000    9.750000   clock uncertainty
                                  0.000000    9.750000   clock reconvergence pessimism
                                              9.750000 ^ _1462_/CLK (sky130_fd_sc_hd__dfxtp_2)
                                 -0.118876    9.631124   library setup time
                                              9.631124   data required time
---------------------------------------------------------------------------------------------
                                              9.631124   data required time
                                             -6.774631   data arrival time
---------------------------------------------------------------------------------------------
                                              2.856494   slack (MET)


Startpoint: _1542_ (rising edge-triggered flip-flop clocked by clk)
Endpoint: _1463_ (rising edge-triggered flip-flop clocked by clk)
Path Group: clk
Path Type: max

Fanout         Cap        Slew       Delay        Time   Description
---------------------------------------------------------------------------------------------
                      0.150000    0.000000    0.000000   clock clk (rise edge)
                                  0.000000    0.000000   clock network delay (ideal)
                      0.150000    0.000000    0.000000 ^ _1542_/CLK (sky130_fd_sc_hd__dfxtp_2)
     1    0.001625    0.035522    0.654966    0.654966 v _1542_/Q (sky130_fd_sc_hd__dfxtp_2)
                                                         u_top.RV32I_Logic.Single_Cycle_Datapath.pcREG.q[12] (net)
                      0.035522    0.000000    0.654966 v _1722_/A (sky130_fd_sc_hd__buf_2)
    27    0.087895    0.381120    0.519686    1.174652 v _1722_/X (sky130_fd_sc_hd__buf_2)
                                                         _0632_ (net)
                      0.381120    0.000000    1.174652 v _1134_/B (sky130_fd_sc_hd__or3b_2)
     1    0.001428    0.147893    1.163827    2.338479 v _1134_/X (sky130_fd_sc_hd__or3b_2)
                                                         _0470_ (net)
                      0.147893    0.000000    2.338479 v _1135_/D (sky130_fd_sc_hd__and4_2)
     2    0.005521    0.091519    0.565583    2.904062 v _1135_/X (sky130_fd_sc_hd__and4_2)
                                                         _0471_ (net)
                      0.091519    0.000000    2.904062 v _1136_/B (sky130_fd_sc_hd__or2_2)
     2    0.004761    0.125170    0.677121    3.581182 v _1136_/X (sky130_fd_sc_hd__or2_2)
                                                         _0472_ (net)
                      0.125170    0.000000    3.581182 v _1255_/C1 (sky130_fd_sc_hd__o2111a_2)
     1    0.002354    0.066570    0.291504    3.872686 v _1255_/X (sky130_fd_sc_hd__o2111a_2)
                                                         _0570_ (net)
                      0.066570    0.000000    3.872686 v _1256_/D1 (sky130_fd_sc_hd__o2111a_2)
     1    0.002352    0.066291    0.233024    4.105711 v _1256_/X (sky130_fd_sc_hd__o2111a_2)
                                                         _0571_ (net)
                      0.066291    0.000000    4.105711 v _1257_/C1 (sky130_fd_sc_hd__o211a_2)
     1    0.001447    0.062586    0.204628    4.310339 v _1257_/X (sky130_fd_sc_hd__o211a_2)
                                                         _0572_ (net)
                      0.062586    0.000000    4.310339 v _1258_/D (sky130_fd_sc_hd__and4b_2)
     2    0.006292    0.097972    0.537612    4.847950 v _1258_/X (sky130_fd_sc_hd__and4b_2)
                                                         _0573_ (net)
                      0.097972    0.000000    4.847950 v _1259_/D (sky130_fd_sc_hd__nor4_2)
     5    0.015835    0.761173    0.603669    5.451620 ^ _1259_/Y (sky130_fd_sc_hd__nor4_2)
                                                         _0574_ (net)
                      0.761173    0.000000    5.451620 ^ _1265_/B (sky130_fd_sc_hd__and2_2)
    16    0.040128    0.349082    0.758970    6.210589 ^ _1265_/X (sky130_fd_sc_hd__and2_2)
                                                         _0577_ (net)
                      0.349082    0.000000    6.210589 ^ _1284_/A2 (sky130_fd_sc_hd__a22o_2)
     1    0.001753    0.075304    0.394479    6.605069 ^ _1284_/X (sky130_fd_sc_hd__a22o_2)
                                                         _0322_ (net)
                      0.075304    0.000000    6.605069 ^ _1884_/A (sky130_fd_sc_hd__buf_2)
     1    0.001537    0.038237    0.169562    6.774631 ^ _1884_/X (sky130_fd_sc_hd__buf_2)
                                                         _0928_ (net)
                      0.038237    0.000000    6.774631 ^ _1463_/D (sky130_fd_sc_hd__dfxtp_2)
                                              6.774631   data arrival time

                      0.150000   10.000000   10.000000   clock clk (rise edge)
                                  0.000000   10.000000   clock network delay (ideal)
                                 -0.250000    9.750000   clock uncertainty
                                  0.000000    9.750000   clock reconvergence pessimism
                                              9.750000 ^ _1463_/CLK (sky130_fd_sc_hd__dfxtp_2)
                                 -0.118876    9.631124   library setup time
                                              9.631124   data required time
---------------------------------------------------------------------------------------------
                                              9.631124   data required time
                                             -6.774631   data arrival time
---------------------------------------------------------------------------------------------
                                              2.856494   slack (MET)


Startpoint: _1542_ (rising edge-triggered flip-flop clocked by clk)
Endpoint: _1464_ (rising edge-triggered flip-flop clocked by clk)
Path Group: clk
Path Type: max

Fanout         Cap        Slew       Delay        Time   Description
---------------------------------------------------------------------------------------------
                      0.150000    0.000000    0.000000   clock clk (rise edge)
                                  0.000000    0.000000   clock network delay (ideal)
                      0.150000    0.000000    0.000000 ^ _1542_/CLK (sky130_fd_sc_hd__dfxtp_2)
     1    0.001625    0.035522    0.654966    0.654966 v _1542_/Q (sky130_fd_sc_hd__dfxtp_2)
                                                         u_top.RV32I_Logic.Single_Cycle_Datapath.pcREG.q[12] (net)
                      0.035522    0.000000    0.654966 v _1722_/A (sky130_fd_sc_hd__buf_2)
    27    0.087895    0.381120    0.519686    1.174652 v _1722_/X (sky130_fd_sc_hd__buf_2)
                                                         _0632_ (net)
                      0.381120    0.000000    1.174652 v _1134_/B (sky130_fd_sc_hd__or3b_2)
     1    0.001428    0.147893    1.163827    2.338479 v _1134_/X (sky130_fd_sc_hd__or3b_2)
                                                         _0470_ (net)
                      0.147893    0.000000    2.338479 v _1135_/D (sky130_fd_sc_hd__and4_2)
     2    0.005521    0.091519    0.565583    2.904062 v _1135_/X (sky130_fd_sc_hd__and4_2)
                                                         _0471_ (net)
                      0.091519    0.000000    2.904062 v _1136_/B (sky130_fd_sc_hd__or2_2)
     2    0.004761    0.125170    0.677121    3.581182 v _1136_/X (sky130_fd_sc_hd__or2_2)
                                                         _0472_ (net)
                      0.125170    0.000000    3.581182 v _1255_/C1 (sky130_fd_sc_hd__o2111a_2)
     1    0.002354    0.066570    0.291504    3.872686 v _1255_/X (sky130_fd_sc_hd__o2111a_2)
                                                         _0570_ (net)
                      0.066570    0.000000    3.872686 v _1256_/D1 (sky130_fd_sc_hd__o2111a_2)
     1    0.002352    0.066291    0.233024    4.105711 v _1256_/X (sky130_fd_sc_hd__o2111a_2)
                                                         _0571_ (net)
                      0.066291    0.000000    4.105711 v _1257_/C1 (sky130_fd_sc_hd__o211a_2)
     1    0.001447    0.062586    0.204628    4.310339 v _1257_/X (sky130_fd_sc_hd__o211a_2)
                                                         _0572_ (net)
                      0.062586    0.000000    4.310339 v _1258_/D (sky130_fd_sc_hd__and4b_2)
     2    0.006292    0.097972    0.537612    4.847950 v _1258_/X (sky130_fd_sc_hd__and4b_2)
                                                         _0573_ (net)
                      0.097972    0.000000    4.847950 v _1259_/D (sky130_fd_sc_hd__nor4_2)
     5    0.015835    0.761173    0.603669    5.451620 ^ _1259_/Y (sky130_fd_sc_hd__nor4_2)
                                                         _0574_ (net)
                      0.761173    0.000000    5.451620 ^ _1265_/B (sky130_fd_sc_hd__and2_2)
    16    0.040128    0.349082    0.758970    6.210589 ^ _1265_/X (sky130_fd_sc_hd__and2_2)
                                                         _0577_ (net)
                      0.349082    0.000000    6.210589 ^ _1285_/A2 (sky130_fd_sc_hd__a22o_2)
     1    0.001753    0.075304    0.394479    6.605069 ^ _1285_/X (sky130_fd_sc_hd__a22o_2)
                                                         _0323_ (net)
                      0.075304    0.000000    6.605069 ^ _1885_/A (sky130_fd_sc_hd__buf_2)
     1    0.001537    0.038237    0.169562    6.774631 ^ _1885_/X (sky130_fd_sc_hd__buf_2)
                                                         _0930_ (net)
                      0.038237    0.000000    6.774631 ^ _1464_/D (sky130_fd_sc_hd__dfxtp_2)
                                              6.774631   data arrival time

                      0.150000   10.000000   10.000000   clock clk (rise edge)
                                  0.000000   10.000000   clock network delay (ideal)
                                 -0.250000    9.750000   clock uncertainty
                                  0.000000    9.750000   clock reconvergence pessimism
                                              9.750000 ^ _1464_/CLK (sky130_fd_sc_hd__dfxtp_2)
                                 -0.118876    9.631124   library setup time
                                              9.631124   data required time
---------------------------------------------------------------------------------------------
                                              9.631124   data required time
                                             -6.774631   data arrival time
---------------------------------------------------------------------------------------------
                                              2.856494   slack (MET)


Startpoint: _1542_ (rising edge-triggered flip-flop clocked by clk)
Endpoint: _1465_ (rising edge-triggered flip-flop clocked by clk)
Path Group: clk
Path Type: max

Fanout         Cap        Slew       Delay        Time   Description
---------------------------------------------------------------------------------------------
                      0.150000    0.000000    0.000000   clock clk (rise edge)
                                  0.000000    0.000000   clock network delay (ideal)
                      0.150000    0.000000    0.000000 ^ _1542_/CLK (sky130_fd_sc_hd__dfxtp_2)
     1    0.001625    0.035522    0.654966    0.654966 v _1542_/Q (sky130_fd_sc_hd__dfxtp_2)
                                                         u_top.RV32I_Logic.Single_Cycle_Datapath.pcREG.q[12] (net)
                      0.035522    0.000000    0.654966 v _1722_/A (sky130_fd_sc_hd__buf_2)
    27    0.087895    0.381120    0.519686    1.174652 v _1722_/X (sky130_fd_sc_hd__buf_2)
                                                         _0632_ (net)
                      0.381120    0.000000    1.174652 v _1134_/B (sky130_fd_sc_hd__or3b_2)
     1    0.001428    0.147893    1.163827    2.338479 v _1134_/X (sky130_fd_sc_hd__or3b_2)
                                                         _0470_ (net)
                      0.147893    0.000000    2.338479 v _1135_/D (sky130_fd_sc_hd__and4_2)
     2    0.005521    0.091519    0.565583    2.904062 v _1135_/X (sky130_fd_sc_hd__and4_2)
                                                         _0471_ (net)
                      0.091519    0.000000    2.904062 v _1136_/B (sky130_fd_sc_hd__or2_2)
     2    0.004761    0.125170    0.677121    3.581182 v _1136_/X (sky130_fd_sc_hd__or2_2)
                                                         _0472_ (net)
                      0.125170    0.000000    3.581182 v _1255_/C1 (sky130_fd_sc_hd__o2111a_2)
     1    0.002354    0.066570    0.291504    3.872686 v _1255_/X (sky130_fd_sc_hd__o2111a_2)
                                                         _0570_ (net)
                      0.066570    0.000000    3.872686 v _1256_/D1 (sky130_fd_sc_hd__o2111a_2)
     1    0.002352    0.066291    0.233024    4.105711 v _1256_/X (sky130_fd_sc_hd__o2111a_2)
                                                         _0571_ (net)
                      0.066291    0.000000    4.105711 v _1257_/C1 (sky130_fd_sc_hd__o211a_2)
     1    0.001447    0.062586    0.204628    4.310339 v _1257_/X (sky130_fd_sc_hd__o211a_2)
                                                         _0572_ (net)
                      0.062586    0.000000    4.310339 v _1258_/D (sky130_fd_sc_hd__and4b_2)
     2    0.006292    0.097972    0.537612    4.847950 v _1258_/X (sky130_fd_sc_hd__and4b_2)
                                                         _0573_ (net)
                      0.097972    0.000000    4.847950 v _1259_/D (sky130_fd_sc_hd__nor4_2)
     5    0.015835    0.761173    0.603669    5.451620 ^ _1259_/Y (sky130_fd_sc_hd__nor4_2)
                                                         _0574_ (net)
                      0.761173    0.000000    5.451620 ^ _1265_/B (sky130_fd_sc_hd__and2_2)
    16    0.040128    0.349082    0.758970    6.210589 ^ _1265_/X (sky130_fd_sc_hd__and2_2)
                                                         _0577_ (net)
                      0.349082    0.000000    6.210589 ^ _1286_/A2 (sky130_fd_sc_hd__a22o_2)
     1    0.001753    0.075304    0.394479    6.605069 ^ _1286_/X (sky130_fd_sc_hd__a22o_2)
                                                         _0324_ (net)
                      0.075304    0.000000    6.605069 ^ _1886_/A (sky130_fd_sc_hd__buf_2)
     1    0.001537    0.038237    0.169562    6.774631 ^ _1886_/X (sky130_fd_sc_hd__buf_2)
                                                         _0932_ (net)
                      0.038237    0.000000    6.774631 ^ _1465_/D (sky130_fd_sc_hd__dfxtp_2)
                                              6.774631   data arrival time

                      0.150000   10.000000   10.000000   clock clk (rise edge)
                                  0.000000   10.000000   clock network delay (ideal)
                                 -0.250000    9.750000   clock uncertainty
                                  0.000000    9.750000   clock reconvergence pessimism
                                              9.750000 ^ _1465_/CLK (sky130_fd_sc_hd__dfxtp_2)
                                 -0.118876    9.631124   library setup time
                                              9.631124   data required time
---------------------------------------------------------------------------------------------
                                              9.631124   data required time
                                             -6.774631   data arrival time
---------------------------------------------------------------------------------------------
                                              2.856494   slack (MET)


Startpoint: _1542_ (rising edge-triggered flip-flop clocked by clk)
Endpoint: _1466_ (rising edge-triggered flip-flop clocked by clk)
Path Group: clk
Path Type: max

Fanout         Cap        Slew       Delay        Time   Description
---------------------------------------------------------------------------------------------
                      0.150000    0.000000    0.000000   clock clk (rise edge)
                                  0.000000    0.000000   clock network delay (ideal)
                      0.150000    0.000000    0.000000 ^ _1542_/CLK (sky130_fd_sc_hd__dfxtp_2)
     1    0.001625    0.035522    0.654966    0.654966 v _1542_/Q (sky130_fd_sc_hd__dfxtp_2)
                                                         u_top.RV32I_Logic.Single_Cycle_Datapath.pcREG.q[12] (net)
                      0.035522    0.000000    0.654966 v _1722_/A (sky130_fd_sc_hd__buf_2)
    27    0.087895    0.381120    0.519686    1.174652 v _1722_/X (sky130_fd_sc_hd__buf_2)
                                                         _0632_ (net)
                      0.381120    0.000000    1.174652 v _1134_/B (sky130_fd_sc_hd__or3b_2)
     1    0.001428    0.147893    1.163827    2.338479 v _1134_/X (sky130_fd_sc_hd__or3b_2)
                                                         _0470_ (net)
                      0.147893    0.000000    2.338479 v _1135_/D (sky130_fd_sc_hd__and4_2)
     2    0.005521    0.091519    0.565583    2.904062 v _1135_/X (sky130_fd_sc_hd__and4_2)
                                                         _0471_ (net)
                      0.091519    0.000000    2.904062 v _1136_/B (sky130_fd_sc_hd__or2_2)
     2    0.004761    0.125170    0.677121    3.581182 v _1136_/X (sky130_fd_sc_hd__or2_2)
                                                         _0472_ (net)
                      0.125170    0.000000    3.581182 v _1255_/C1 (sky130_fd_sc_hd__o2111a_2)
     1    0.002354    0.066570    0.291504    3.872686 v _1255_/X (sky130_fd_sc_hd__o2111a_2)
                                                         _0570_ (net)
                      0.066570    0.000000    3.872686 v _1256_/D1 (sky130_fd_sc_hd__o2111a_2)
     1    0.002352    0.066291    0.233024    4.105711 v _1256_/X (sky130_fd_sc_hd__o2111a_2)
                                                         _0571_ (net)
                      0.066291    0.000000    4.105711 v _1257_/C1 (sky130_fd_sc_hd__o211a_2)
     1    0.001447    0.062586    0.204628    4.310339 v _1257_/X (sky130_fd_sc_hd__o211a_2)
                                                         _0572_ (net)
                      0.062586    0.000000    4.310339 v _1258_/D (sky130_fd_sc_hd__and4b_2)
     2    0.006292    0.097972    0.537612    4.847950 v _1258_/X (sky130_fd_sc_hd__and4b_2)
                                                         _0573_ (net)
                      0.097972    0.000000    4.847950 v _1259_/D (sky130_fd_sc_hd__nor4_2)
     5    0.015835    0.761173    0.603669    5.451620 ^ _1259_/Y (sky130_fd_sc_hd__nor4_2)
                                                         _0574_ (net)
                      0.761173    0.000000    5.451620 ^ _1265_/B (sky130_fd_sc_hd__and2_2)
    16    0.040128    0.349082    0.758970    6.210589 ^ _1265_/X (sky130_fd_sc_hd__and2_2)
                                                         _0577_ (net)
                      0.349082    0.000000    6.210589 ^ _1287_/A2 (sky130_fd_sc_hd__a22o_2)
     1    0.001753    0.075304    0.394479    6.605069 ^ _1287_/X (sky130_fd_sc_hd__a22o_2)
                                                         _0325_ (net)
                      0.075304    0.000000    6.605069 ^ _1887_/A (sky130_fd_sc_hd__buf_2)
     1    0.001537    0.038237    0.169562    6.774631 ^ _1887_/X (sky130_fd_sc_hd__buf_2)
                                                         _0934_ (net)
                      0.038237    0.000000    6.774631 ^ _1466_/D (sky130_fd_sc_hd__dfxtp_2)
                                              6.774631   data arrival time

                      0.150000   10.000000   10.000000   clock clk (rise edge)
                                  0.000000   10.000000   clock network delay (ideal)
                                 -0.250000    9.750000   clock uncertainty
                                  0.000000    9.750000   clock reconvergence pessimism
                                              9.750000 ^ _1466_/CLK (sky130_fd_sc_hd__dfxtp_2)
                                 -0.118876    9.631124   library setup time
                                              9.631124   data required time
---------------------------------------------------------------------------------------------
                                              9.631124   data required time
                                             -6.774631   data arrival time
---------------------------------------------------------------------------------------------
                                              2.856494   slack (MET)


Startpoint: _1533_ (rising edge-triggered flip-flop clocked by clk)
Endpoint: _1555_ (rising edge-triggered flip-flop clocked by clk)
Path Group: clk
Path Type: max

Fanout         Cap        Slew       Delay        Time   Description
---------------------------------------------------------------------------------------------
                      0.150000    0.000000    0.000000   clock clk (rise edge)
                                  0.000000    0.000000   clock network delay (ideal)
                      0.150000    0.000000    0.000000 ^ _1533_/CLK (sky130_fd_sc_hd__dfxtp_2)
     1    0.001753    0.046970    0.695648    0.695648 ^ _1533_/Q (sky130_fd_sc_hd__dfxtp_2)
                                                         u_top.RV32I_Logic.Single_Cycle_Datapath.pcREG.q[3] (net)
                      0.046970    0.000000    0.695648 ^ _1831_/A (sky130_fd_sc_hd__buf_2)
     5    0.015135    0.135012    0.242330    0.937978 ^ _1831_/X (sky130_fd_sc_hd__buf_2)
                                                         _0653_ (net)
                      0.135012    0.000000    0.937978 ^ _1361_/B (sky130_fd_sc_hd__and4_2)
     6    0.016580    0.209467    0.616017    1.553995 ^ _1361_/X (sky130_fd_sc_hd__and4_2)
                                                         _0584_ (net)
                      0.209467    0.000000    1.553995 ^ _1368_/D (sky130_fd_sc_hd__and4_2)
     6    0.019795    0.233163    0.692808    2.246803 ^ _1368_/X (sky130_fd_sc_hd__and4_2)
                                                         _0588_ (net)
                      0.233163    0.000000    2.246803 ^ _1376_/D (sky130_fd_sc_hd__and4_2)
     7    0.021255    0.243696    0.710122    2.956924 ^ _1376_/X (sky130_fd_sc_hd__and4_2)
                                                         _0593_ (net)
                      0.243696    0.000000    2.956924 ^ _1387_/D (sky130_fd_sc_hd__and4_2)
     6    0.019795    0.233098    0.703608    3.660532 ^ _1387_/X (sky130_fd_sc_hd__and4_2)
                                                         _0600_ (net)
                      0.233098    0.000000    3.660532 ^ _1395_/D (sky130_fd_sc_hd__and4_2)
     6    0.019795    0.232987    0.700502    4.361035 ^ _1395_/X (sky130_fd_sc_hd__and4_2)
                                                         _0605_ (net)
                      0.232987    0.000000    4.361035 ^ _1403_/D (sky130_fd_sc_hd__and4_2)
     6    0.019795    0.232892    0.700469    5.061504 ^ _1403_/X (sky130_fd_sc_hd__and4_2)
                                                         _0610_ (net)
                      0.232892    0.000000    5.061504 ^ _1411_/D (sky130_fd_sc_hd__and4_2)
     7    0.021235    0.243296    0.709911    5.771415 ^ _1411_/X (sky130_fd_sc_hd__and4_2)
                                                         _0615_ (net)
                      0.243296    0.000000    5.771415 ^ _1414_/A2 (sky130_fd_sc_hd__o21ai_2)
     1    0.004185    0.265243    0.166511    5.937926 v _1414_/Y (sky130_fd_sc_hd__o21ai_2)
                                                         _0617_ (net)
                      0.265243    0.000000    5.937926 v _1415_/B1 (sky130_fd_sc_hd__a21oi_2)
     1    0.001753    0.123588    0.230580    6.168506 ^ _1415_/Y (sky130_fd_sc_hd__a21oi_2)
                                                         _0414_ (net)
                      0.123588    0.000000    6.168506 ^ _1976_/A (sky130_fd_sc_hd__buf_2)
     1    0.001537    0.038441    0.193320    6.361826 ^ _1976_/X (sky130_fd_sc_hd__buf_2)
                                                         _1063_ (net)
                      0.038441    0.000000    6.361826 ^ _1555_/D (sky130_fd_sc_hd__dfxtp_2)
                                              6.361826   data arrival time

                      0.150000   10.000000   10.000000   clock clk (rise edge)
                                  0.000000   10.000000   clock network delay (ideal)
                                 -0.250000    9.750000   clock uncertainty
                                  0.000000    9.750000   clock reconvergence pessimism
                                              9.750000 ^ _1555_/CLK (sky130_fd_sc_hd__dfxtp_2)
                                 -0.118929    9.631071   library setup time
                                              9.631071   data required time
---------------------------------------------------------------------------------------------
                                              9.631071   data required time
                                             -6.361826   data arrival time
---------------------------------------------------------------------------------------------
                                              3.269245   slack (MET)


Startpoint: _1533_ (rising edge-triggered flip-flop clocked by clk)
Endpoint: _1553_ (rising edge-triggered flip-flop clocked by clk)
Path Group: clk
Path Type: max

Fanout         Cap        Slew       Delay        Time   Description
---------------------------------------------------------------------------------------------
                      0.150000    0.000000    0.000000   clock clk (rise edge)
                                  0.000000    0.000000   clock network delay (ideal)
                      0.150000    0.000000    0.000000 ^ _1533_/CLK (sky130_fd_sc_hd__dfxtp_2)
     1    0.001753    0.046970    0.695648    0.695648 ^ _1533_/Q (sky130_fd_sc_hd__dfxtp_2)
                                                         u_top.RV32I_Logic.Single_Cycle_Datapath.pcREG.q[3] (net)
                      0.046970    0.000000    0.695648 ^ _1831_/A (sky130_fd_sc_hd__buf_2)
     5    0.015135    0.135012    0.242330    0.937978 ^ _1831_/X (sky130_fd_sc_hd__buf_2)
                                                         _0653_ (net)
                      0.135012    0.000000    0.937978 ^ _1361_/B (sky130_fd_sc_hd__and4_2)
     6    0.016580    0.209467    0.616017    1.553995 ^ _1361_/X (sky130_fd_sc_hd__and4_2)
                                                         _0584_ (net)
                      0.209467    0.000000    1.553995 ^ _1368_/D (sky130_fd_sc_hd__and4_2)
     6    0.019795    0.233163    0.692808    2.246803 ^ _1368_/X (sky130_fd_sc_hd__and4_2)
                                                         _0588_ (net)
                      0.233163    0.000000    2.246803 ^ _1376_/D (sky130_fd_sc_hd__and4_2)
     7    0.021255    0.243696    0.710122    2.956924 ^ _1376_/X (sky130_fd_sc_hd__and4_2)
                                                         _0593_ (net)
                      0.243696    0.000000    2.956924 ^ _1387_/D (sky130_fd_sc_hd__and4_2)
     6    0.019795    0.233098    0.703608    3.660532 ^ _1387_/X (sky130_fd_sc_hd__and4_2)
                                                         _0600_ (net)
                      0.233098    0.000000    3.660532 ^ _1395_/D (sky130_fd_sc_hd__and4_2)
     6    0.019795    0.232987    0.700502    4.361035 ^ _1395_/X (sky130_fd_sc_hd__and4_2)
                                                         _0605_ (net)
                      0.232987    0.000000    4.361035 ^ _1403_/D (sky130_fd_sc_hd__and4_2)
     6    0.019795    0.232892    0.700469    5.061504 ^ _1403_/X (sky130_fd_sc_hd__and4_2)
                                                         _0610_ (net)
                      0.232892    0.000000    5.061504 ^ _1409_/C (sky130_fd_sc_hd__and3_2)
     2    0.006061    0.108247    0.464118    5.525622 ^ _1409_/X (sky130_fd_sc_hd__and3_2)
                                                         _0614_ (net)
                      0.108247    0.000000    5.525622 ^ _1410_/A_N (sky130_fd_sc_hd__and3b_2)
     1    0.001625    0.066418    0.440519    5.966142 v _1410_/X (sky130_fd_sc_hd__and3b_2)
                                                         _0412_ (net)
                      0.066418    0.000000    5.966142 v _1974_/A (sky130_fd_sc_hd__buf_2)
     1    0.001577    0.038941    0.224619    6.190760 v _1974_/X (sky130_fd_sc_hd__buf_2)
                                                         _1061_ (net)
                      0.038941    0.000000    6.190760 v _1553_/D (sky130_fd_sc_hd__dfxtp_2)
                                              6.190760   data arrival time

                      0.150000   10.000000   10.000000   clock clk (rise edge)
                                  0.000000   10.000000   clock network delay (ideal)
                                 -0.250000    9.750000   clock uncertainty
                                  0.000000    9.750000   clock reconvergence pessimism
                                              9.750000 ^ _1553_/CLK (sky130_fd_sc_hd__dfxtp_2)
                                 -0.239825    9.510175   library setup time
                                              9.510175   data required time
---------------------------------------------------------------------------------------------
                                              9.510175   data required time
                                             -6.190760   data arrival time
---------------------------------------------------------------------------------------------
                                              3.319415   slack (MET)


Startpoint: _1533_ (rising edge-triggered flip-flop clocked by clk)
Endpoint: _1554_ (rising edge-triggered flip-flop clocked by clk)
Path Group: clk
Path Type: max

Fanout         Cap        Slew       Delay        Time   Description
---------------------------------------------------------------------------------------------
                      0.150000    0.000000    0.000000   clock clk (rise edge)
                                  0.000000    0.000000   clock network delay (ideal)
                      0.150000    0.000000    0.000000 ^ _1533_/CLK (sky130_fd_sc_hd__dfxtp_2)
     1    0.001753    0.046970    0.695648    0.695648 ^ _1533_/Q (sky130_fd_sc_hd__dfxtp_2)
                                                         u_top.RV32I_Logic.Single_Cycle_Datapath.pcREG.q[3] (net)
                      0.046970    0.000000    0.695648 ^ _1831_/A (sky130_fd_sc_hd__buf_2)
     5    0.015135    0.135012    0.242330    0.937978 ^ _1831_/X (sky130_fd_sc_hd__buf_2)
                                                         _0653_ (net)
                      0.135012    0.000000    0.937978 ^ _1361_/B (sky130_fd_sc_hd__and4_2)
     6    0.016580    0.209467    0.616017    1.553995 ^ _1361_/X (sky130_fd_sc_hd__and4_2)
                                                         _0584_ (net)
                      0.209467    0.000000    1.553995 ^ _1368_/D (sky130_fd_sc_hd__and4_2)
     6    0.019795    0.233163    0.692808    2.246803 ^ _1368_/X (sky130_fd_sc_hd__and4_2)
                                                         _0588_ (net)
                      0.233163    0.000000    2.246803 ^ _1376_/D (sky130_fd_sc_hd__and4_2)
     7    0.021255    0.243696    0.710122    2.956924 ^ _1376_/X (sky130_fd_sc_hd__and4_2)
                                                         _0593_ (net)
                      0.243696    0.000000    2.956924 ^ _1387_/D (sky130_fd_sc_hd__and4_2)
     6    0.019795    0.233098    0.703608    3.660532 ^ _1387_/X (sky130_fd_sc_hd__and4_2)
                                                         _0600_ (net)
                      0.233098    0.000000    3.660532 ^ _1395_/D (sky130_fd_sc_hd__and4_2)
     6    0.019795    0.232987    0.700502    4.361035 ^ _1395_/X (sky130_fd_sc_hd__and4_2)
                                                         _0605_ (net)
                      0.232987    0.000000    4.361035 ^ _1403_/D (sky130_fd_sc_hd__and4_2)
     6    0.019795    0.232892    0.700469    5.061504 ^ _1403_/X (sky130_fd_sc_hd__and4_2)
                                                         _0610_ (net)
                      0.232892    0.000000    5.061504 ^ _1411_/D (sky130_fd_sc_hd__and4_2)
     7    0.021235    0.243296    0.709911    5.771415 ^ _1411_/X (sky130_fd_sc_hd__and4_2)
                                                         _0615_ (net)
                      0.243296    0.000000    5.771415 ^ _1413_/A (sky130_fd_sc_hd__nor2_2)
     1    0.001625    0.055402    0.129186    5.900600 v _1413_/Y (sky130_fd_sc_hd__nor2_2)
                                                         _0413_ (net)
                      0.055402    0.000000    5.900600 v _1975_/A (sky130_fd_sc_hd__buf_2)
     1    0.001577    0.038952    0.219311    6.119912 v _1975_/X (sky130_fd_sc_hd__buf_2)
                                                         _1062_ (net)
                      0.038952    0.000000    6.119912 v _1554_/D (sky130_fd_sc_hd__dfxtp_2)
                                              6.119912   data arrival time

                      0.150000   10.000000   10.000000   clock clk (rise edge)
                                  0.000000   10.000000   clock network delay (ideal)
                                 -0.250000    9.750000   clock uncertainty
                                  0.000000    9.750000   clock reconvergence pessimism
                                              9.750000 ^ _1554_/CLK (sky130_fd_sc_hd__dfxtp_2)
                                 -0.239830    9.510171   library setup time
                                              9.510171   data required time
---------------------------------------------------------------------------------------------
                                              9.510171   data required time
                                             -6.119912   data arrival time
---------------------------------------------------------------------------------------------
                                              3.390259   slack (MET)


Startpoint: _1542_ (rising edge-triggered flip-flop clocked by clk)
Endpoint: _1446_ (rising edge-triggered flip-flop clocked by clk)
Path Group: clk
Path Type: max

Fanout         Cap        Slew       Delay        Time   Description
---------------------------------------------------------------------------------------------
                      0.150000    0.000000    0.000000   clock clk (rise edge)
                                  0.000000    0.000000   clock network delay (ideal)
                      0.150000    0.000000    0.000000 ^ _1542_/CLK (sky130_fd_sc_hd__dfxtp_2)
     1    0.001625    0.035522    0.654966    0.654966 v _1542_/Q (sky130_fd_sc_hd__dfxtp_2)
                                                         u_top.RV32I_Logic.Single_Cycle_Datapath.pcREG.q[12] (net)
                      0.035522    0.000000    0.654966 v _1722_/A (sky130_fd_sc_hd__buf_2)
    27    0.087895    0.381120    0.519686    1.174652 v _1722_/X (sky130_fd_sc_hd__buf_2)
                                                         _0632_ (net)
                      0.381120    0.000000    1.174652 v _1134_/B (sky130_fd_sc_hd__or3b_2)
     1    0.001428    0.147893    1.163827    2.338479 v _1134_/X (sky130_fd_sc_hd__or3b_2)
                                                         _0470_ (net)
                      0.147893    0.000000    2.338479 v _1135_/D (sky130_fd_sc_hd__and4_2)
     2    0.005521    0.091519    0.565583    2.904062 v _1135_/X (sky130_fd_sc_hd__and4_2)
                                                         _0471_ (net)
                      0.091519    0.000000    2.904062 v _1136_/B (sky130_fd_sc_hd__or2_2)
     2    0.004761    0.125170    0.677121    3.581182 v _1136_/X (sky130_fd_sc_hd__or2_2)
                                                         _0472_ (net)
                      0.125170    0.000000    3.581182 v _1255_/C1 (sky130_fd_sc_hd__o2111a_2)
     1    0.002354    0.066570    0.291504    3.872686 v _1255_/X (sky130_fd_sc_hd__o2111a_2)
                                                         _0570_ (net)
                      0.066570    0.000000    3.872686 v _1256_/D1 (sky130_fd_sc_hd__o2111a_2)
     1    0.002352    0.066291    0.233024    4.105711 v _1256_/X (sky130_fd_sc_hd__o2111a_2)
                                                         _0571_ (net)
                      0.066291    0.000000    4.105711 v _1257_/C1 (sky130_fd_sc_hd__o211a_2)
     1    0.001447    0.062586    0.204628    4.310339 v _1257_/X (sky130_fd_sc_hd__o211a_2)
                                                         _0572_ (net)
                      0.062586    0.000000    4.310339 v _1258_/D (sky130_fd_sc_hd__and4b_2)
     2    0.006292    0.097972    0.537612    4.847950 v _1258_/X (sky130_fd_sc_hd__and4b_2)
                                                         _0573_ (net)
                      0.097972    0.000000    4.847950 v _1259_/D (sky130_fd_sc_hd__nor4_2)
     5    0.015835    0.761173    0.603669    5.451620 ^ _1259_/Y (sky130_fd_sc_hd__nor4_2)
                                                         _0574_ (net)
                      0.761173    0.000000    5.451620 ^ _1266_/A2 (sky130_fd_sc_hd__o21a_2)
     1    0.001753    0.058885    0.446876    5.898496 ^ _1266_/X (sky130_fd_sc_hd__o21a_2)
                                                         _0305_ (net)
                      0.058885    0.000000    5.898496 ^ _1867_/A (sky130_fd_sc_hd__buf_2)
     1    0.001537    0.038338    0.161434    6.059930 ^ _1867_/X (sky130_fd_sc_hd__buf_2)
                                                         _0894_ (net)
                      0.038338    0.000000    6.059930 ^ _1446_/D (sky130_fd_sc_hd__dfxtp_2)
                                              6.059930   data arrival time

                      0.150000   10.000000   10.000000   clock clk (rise edge)
                                  0.000000   10.000000   clock network delay (ideal)
                                 -0.250000    9.750000   clock uncertainty
                                  0.000000    9.750000   clock reconvergence pessimism
                                              9.750000 ^ _1446_/CLK (sky130_fd_sc_hd__dfxtp_2)
                                 -0.118902    9.631098   library setup time
                                              9.631098   data required time
---------------------------------------------------------------------------------------------
                                              9.631098   data required time
                                             -6.059930   data arrival time
---------------------------------------------------------------------------------------------
                                              3.571168   slack (MET)


Startpoint: _1542_ (rising edge-triggered flip-flop clocked by clk)
Endpoint: _1508_ (rising edge-triggered flip-flop clocked by clk)
Path Group: clk
Path Type: max

Fanout         Cap        Slew       Delay        Time   Description
---------------------------------------------------------------------------------------------
                      0.150000    0.000000    0.000000   clock clk (rise edge)
                                  0.000000    0.000000   clock network delay (ideal)
                      0.150000    0.000000    0.000000 ^ _1542_/CLK (sky130_fd_sc_hd__dfxtp_2)
     1    0.001625    0.035522    0.654966    0.654966 v _1542_/Q (sky130_fd_sc_hd__dfxtp_2)
                                                         u_top.RV32I_Logic.Single_Cycle_Datapath.pcREG.q[12] (net)
                      0.035522    0.000000    0.654966 v _1722_/A (sky130_fd_sc_hd__buf_2)
    27    0.087895    0.381120    0.519686    1.174652 v _1722_/X (sky130_fd_sc_hd__buf_2)
                                                         _0632_ (net)
                      0.381120    0.000000    1.174652 v _1134_/B (sky130_fd_sc_hd__or3b_2)
     1    0.001428    0.147893    1.163827    2.338479 v _1134_/X (sky130_fd_sc_hd__or3b_2)
                                                         _0470_ (net)
                      0.147893    0.000000    2.338479 v _1135_/D (sky130_fd_sc_hd__and4_2)
     2    0.005521    0.091519    0.565583    2.904062 v _1135_/X (sky130_fd_sc_hd__and4_2)
                                                         _0471_ (net)
                      0.091519    0.000000    2.904062 v _1136_/B (sky130_fd_sc_hd__or2_2)
     2    0.004761    0.125170    0.677121    3.581182 v _1136_/X (sky130_fd_sc_hd__or2_2)
                                                         _0472_ (net)
                      0.125170    0.000000    3.581182 v _1255_/C1 (sky130_fd_sc_hd__o2111a_2)
     1    0.002354    0.066570    0.291504    3.872686 v _1255_/X (sky130_fd_sc_hd__o2111a_2)
                                                         _0570_ (net)
                      0.066570    0.000000    3.872686 v _1256_/D1 (sky130_fd_sc_hd__o2111a_2)
     1    0.002352    0.066291    0.233024    4.105711 v _1256_/X (sky130_fd_sc_hd__o2111a_2)
                                                         _0571_ (net)
                      0.066291    0.000000    4.105711 v _1257_/C1 (sky130_fd_sc_hd__o211a_2)
     1    0.001447    0.062586    0.204628    4.310339 v _1257_/X (sky130_fd_sc_hd__o211a_2)
                                                         _0572_ (net)
                      0.062586    0.000000    4.310339 v _1258_/D (sky130_fd_sc_hd__and4b_2)
     2    0.006292    0.097972    0.537612    4.847950 v _1258_/X (sky130_fd_sc_hd__and4b_2)
                                                         _0573_ (net)
                      0.097972    0.000000    4.847950 v _1259_/D (sky130_fd_sc_hd__nor4_2)
     5    0.015835    0.761173    0.603669    5.451620 ^ _1259_/Y (sky130_fd_sc_hd__nor4_2)
                                                         _0574_ (net)
                      0.761173    0.000000    5.451620 ^ _1329_/A2 (sky130_fd_sc_hd__o21a_2)
     1    0.001753    0.058885    0.446876    5.898496 ^ _1329_/X (sky130_fd_sc_hd__o21a_2)
                                                         _0367_ (net)
                      0.058885    0.000000    5.898496 ^ _1929_/A (sky130_fd_sc_hd__buf_2)
     1    0.001537    0.038338    0.161434    6.059930 ^ _1929_/X (sky130_fd_sc_hd__buf_2)
                                                         _1016_ (net)
                      0.038338    0.000000    6.059930 ^ _1508_/D (sky130_fd_sc_hd__dfxtp_2)
                                              6.059930   data arrival time

                      0.150000   10.000000   10.000000   clock clk (rise edge)
                                  0.000000   10.000000   clock network delay (ideal)
                                 -0.250000    9.750000   clock uncertainty
                                  0.000000    9.750000   clock reconvergence pessimism
                                              9.750000 ^ _1508_/CLK (sky130_fd_sc_hd__dfxtp_2)
                                 -0.118902    9.631098   library setup time
                                              9.631098   data required time
---------------------------------------------------------------------------------------------
                                              9.631098   data required time
                                             -6.059930   data arrival time
---------------------------------------------------------------------------------------------
                                              3.571168   slack (MET)


Startpoint: _1533_ (rising edge-triggered flip-flop clocked by clk)
Endpoint: _1552_ (rising edge-triggered flip-flop clocked by clk)
Path Group: clk
Path Type: max

Fanout         Cap        Slew       Delay        Time   Description
---------------------------------------------------------------------------------------------
                      0.150000    0.000000    0.000000   clock clk (rise edge)
                                  0.000000    0.000000   clock network delay (ideal)
                      0.150000    0.000000    0.000000 ^ _1533_/CLK (sky130_fd_sc_hd__dfxtp_2)
     1    0.001753    0.046970    0.695648    0.695648 ^ _1533_/Q (sky130_fd_sc_hd__dfxtp_2)
                                                         u_top.RV32I_Logic.Single_Cycle_Datapath.pcREG.q[3] (net)
                      0.046970    0.000000    0.695648 ^ _1831_/A (sky130_fd_sc_hd__buf_2)
     5    0.015135    0.135012    0.242330    0.937978 ^ _1831_/X (sky130_fd_sc_hd__buf_2)
                                                         _0653_ (net)
                      0.135012    0.000000    0.937978 ^ _1361_/B (sky130_fd_sc_hd__and4_2)
     6    0.016580    0.209467    0.616017    1.553995 ^ _1361_/X (sky130_fd_sc_hd__and4_2)
                                                         _0584_ (net)
                      0.209467    0.000000    1.553995 ^ _1368_/D (sky130_fd_sc_hd__and4_2)
     6    0.019795    0.233163    0.692808    2.246803 ^ _1368_/X (sky130_fd_sc_hd__and4_2)
                                                         _0588_ (net)
                      0.233163    0.000000    2.246803 ^ _1376_/D (sky130_fd_sc_hd__and4_2)
     7    0.021255    0.243696    0.710122    2.956924 ^ _1376_/X (sky130_fd_sc_hd__and4_2)
                                                         _0593_ (net)
                      0.243696    0.000000    2.956924 ^ _1387_/D (sky130_fd_sc_hd__and4_2)
     6    0.019795    0.233098    0.703608    3.660532 ^ _1387_/X (sky130_fd_sc_hd__and4_2)
                                                         _0600_ (net)
                      0.233098    0.000000    3.660532 ^ _1395_/D (sky130_fd_sc_hd__and4_2)
     6    0.019795    0.232987    0.700502    4.361035 ^ _1395_/X (sky130_fd_sc_hd__and4_2)
                                                         _0605_ (net)
                      0.232987    0.000000    4.361035 ^ _1403_/D (sky130_fd_sc_hd__and4_2)
     6    0.019795    0.232892    0.700469    5.061504 ^ _1403_/X (sky130_fd_sc_hd__and4_2)
                                                         _0610_ (net)
                      0.232892    0.000000    5.061504 ^ _1406_/A2 (sky130_fd_sc_hd__o21ai_2)
     1    0.004185    0.265243    0.163915    5.225419 v _1406_/Y (sky130_fd_sc_hd__o21ai_2)
                                                         _0612_ (net)
                      0.265243    0.000000    5.225419 v _1407_/B1 (sky130_fd_sc_hd__a21oi_2)
     1    0.001753    0.123588    0.230580    5.455998 ^ _1407_/Y (sky130_fd_sc_hd__a21oi_2)
                                                         _0411_ (net)
                      0.123588    0.000000    5.455998 ^ _1973_/A (sky130_fd_sc_hd__buf_2)
     1    0.001537    0.038441    0.193320    5.649319 ^ _1973_/X (sky130_fd_sc_hd__buf_2)
                                                         _1060_ (net)
                      0.038441    0.000000    5.649319 ^ _1552_/D (sky130_fd_sc_hd__dfxtp_2)
                                              5.649319   data arrival time

                      0.150000   10.000000   10.000000   clock clk (rise edge)
                                  0.000000   10.000000   clock network delay (ideal)
                                 -0.250000    9.750000   clock uncertainty
                                  0.000000    9.750000   clock reconvergence pessimism
                                              9.750000 ^ _1552_/CLK (sky130_fd_sc_hd__dfxtp_2)
                                 -0.118929    9.631071   library setup time
                                              9.631071   data required time
---------------------------------------------------------------------------------------------
                                              9.631071   data required time
                                             -5.649319   data arrival time
---------------------------------------------------------------------------------------------
                                              3.981753   slack (MET)


Startpoint: _1533_ (rising edge-triggered flip-flop clocked by clk)
Endpoint: _1550_ (rising edge-triggered flip-flop clocked by clk)
Path Group: clk
Path Type: max

Fanout         Cap        Slew       Delay        Time   Description
---------------------------------------------------------------------------------------------
                      0.150000    0.000000    0.000000   clock clk (rise edge)
                                  0.000000    0.000000   clock network delay (ideal)
                      0.150000    0.000000    0.000000 ^ _1533_/CLK (sky130_fd_sc_hd__dfxtp_2)
     1    0.001753    0.046970    0.695648    0.695648 ^ _1533_/Q (sky130_fd_sc_hd__dfxtp_2)
                                                         u_top.RV32I_Logic.Single_Cycle_Datapath.pcREG.q[3] (net)
                      0.046970    0.000000    0.695648 ^ _1831_/A (sky130_fd_sc_hd__buf_2)
     5    0.015135    0.135012    0.242330    0.937978 ^ _1831_/X (sky130_fd_sc_hd__buf_2)
                                                         _0653_ (net)
                      0.135012    0.000000    0.937978 ^ _1361_/B (sky130_fd_sc_hd__and4_2)
     6    0.016580    0.209467    0.616017    1.553995 ^ _1361_/X (sky130_fd_sc_hd__and4_2)
                                                         _0584_ (net)
                      0.209467    0.000000    1.553995 ^ _1368_/D (sky130_fd_sc_hd__and4_2)
     6    0.019795    0.233163    0.692808    2.246803 ^ _1368_/X (sky130_fd_sc_hd__and4_2)
                                                         _0588_ (net)
                      0.233163    0.000000    2.246803 ^ _1376_/D (sky130_fd_sc_hd__and4_2)
     7    0.021255    0.243696    0.710122    2.956924 ^ _1376_/X (sky130_fd_sc_hd__and4_2)
                                                         _0593_ (net)
                      0.243696    0.000000    2.956924 ^ _1387_/D (sky130_fd_sc_hd__and4_2)
     6    0.019795    0.233098    0.703608    3.660532 ^ _1387_/X (sky130_fd_sc_hd__and4_2)
                                                         _0600_ (net)
                      0.233098    0.000000    3.660532 ^ _1395_/D (sky130_fd_sc_hd__and4_2)
     6    0.019795    0.232987    0.700502    4.361035 ^ _1395_/X (sky130_fd_sc_hd__and4_2)
                                                         _0605_ (net)
                      0.232987    0.000000    4.361035 ^ _1401_/C (sky130_fd_sc_hd__and3_2)
     2    0.006061    0.108237    0.464148    4.825183 ^ _1401_/X (sky130_fd_sc_hd__and3_2)
                                                         _0609_ (net)
                      0.108237    0.000000    4.825183 ^ _1402_/A_N (sky130_fd_sc_hd__and3b_2)
     1    0.001625    0.066418    0.440515    5.265698 v _1402_/X (sky130_fd_sc_hd__and3b_2)
                                                         _0409_ (net)
                      0.066418    0.000000    5.265698 v _1971_/A (sky130_fd_sc_hd__buf_2)
     1    0.001577    0.038941    0.224619    5.490316 v _1971_/X (sky130_fd_sc_hd__buf_2)
                                                         _1058_ (net)
                      0.038941    0.000000    5.490316 v _1550_/D (sky130_fd_sc_hd__dfxtp_2)
                                              5.490316   data arrival time

                      0.150000   10.000000   10.000000   clock clk (rise edge)
                                  0.000000   10.000000   clock network delay (ideal)
                                 -0.250000    9.750000   clock uncertainty
                                  0.000000    9.750000   clock reconvergence pessimism
                                              9.750000 ^ _1550_/CLK (sky130_fd_sc_hd__dfxtp_2)
                                 -0.239825    9.510175   library setup time
                                              9.510175   data required time
---------------------------------------------------------------------------------------------
                                              9.510175   data required time
                                             -5.490316   data arrival time
---------------------------------------------------------------------------------------------
                                              4.019859   slack (MET)


Startpoint: _1533_ (rising edge-triggered flip-flop clocked by clk)
Endpoint: _1551_ (rising edge-triggered flip-flop clocked by clk)
Path Group: clk
Path Type: max

Fanout         Cap        Slew       Delay        Time   Description
---------------------------------------------------------------------------------------------
                      0.150000    0.000000    0.000000   clock clk (rise edge)
                                  0.000000    0.000000   clock network delay (ideal)
                      0.150000    0.000000    0.000000 ^ _1533_/CLK (sky130_fd_sc_hd__dfxtp_2)
     1    0.001753    0.046970    0.695648    0.695648 ^ _1533_/Q (sky130_fd_sc_hd__dfxtp_2)
                                                         u_top.RV32I_Logic.Single_Cycle_Datapath.pcREG.q[3] (net)
                      0.046970    0.000000    0.695648 ^ _1831_/A (sky130_fd_sc_hd__buf_2)
     5    0.015135    0.135012    0.242330    0.937978 ^ _1831_/X (sky130_fd_sc_hd__buf_2)
                                                         _0653_ (net)
                      0.135012    0.000000    0.937978 ^ _1361_/B (sky130_fd_sc_hd__and4_2)
     6    0.016580    0.209467    0.616017    1.553995 ^ _1361_/X (sky130_fd_sc_hd__and4_2)
                                                         _0584_ (net)
                      0.209467    0.000000    1.553995 ^ _1368_/D (sky130_fd_sc_hd__and4_2)
     6    0.019795    0.233163    0.692808    2.246803 ^ _1368_/X (sky130_fd_sc_hd__and4_2)
                                                         _0588_ (net)
                      0.233163    0.000000    2.246803 ^ _1376_/D (sky130_fd_sc_hd__and4_2)
     7    0.021255    0.243696    0.710122    2.956924 ^ _1376_/X (sky130_fd_sc_hd__and4_2)
                                                         _0593_ (net)
                      0.243696    0.000000    2.956924 ^ _1387_/D (sky130_fd_sc_hd__and4_2)
     6    0.019795    0.233098    0.703608    3.660532 ^ _1387_/X (sky130_fd_sc_hd__and4_2)
                                                         _0600_ (net)
                      0.233098    0.000000    3.660532 ^ _1395_/D (sky130_fd_sc_hd__and4_2)
     6    0.019795    0.232987    0.700502    4.361035 ^ _1395_/X (sky130_fd_sc_hd__and4_2)
                                                         _0605_ (net)
                      0.232987    0.000000    4.361035 ^ _1403_/D (sky130_fd_sc_hd__and4_2)
     6    0.019795    0.232892    0.700469    5.061504 ^ _1403_/X (sky130_fd_sc_hd__and4_2)
                                                         _0610_ (net)
                      0.232892    0.000000    5.061504 ^ _1405_/A (sky130_fd_sc_hd__nor2_2)
     1    0.001625    0.054111    0.126716    5.188220 v _1405_/Y (sky130_fd_sc_hd__nor2_2)
                                                         _0410_ (net)
                      0.054111    0.000000    5.188220 v _1972_/A (sky130_fd_sc_hd__buf_2)
     1    0.001577    0.038953    0.218689    5.406909 v _1972_/X (sky130_fd_sc_hd__buf_2)
                                                         _1059_ (net)
                      0.038953    0.000000    5.406909 v _1551_/D (sky130_fd_sc_hd__dfxtp_2)
                                              5.406909   data arrival time

                      0.150000   10.000000   10.000000   clock clk (rise edge)
                                  0.000000   10.000000   clock network delay (ideal)
                                 -0.250000    9.750000   clock uncertainty
                                  0.000000    9.750000   clock reconvergence pessimism
                                              9.750000 ^ _1551_/CLK (sky130_fd_sc_hd__dfxtp_2)
                                 -0.239830    9.510170   library setup time
                                              9.510170   data required time
---------------------------------------------------------------------------------------------
                                              9.510170   data required time
                                             -5.406909   data arrival time
---------------------------------------------------------------------------------------------
                                              4.103261   slack (MET)


Startpoint: _1533_ (rising edge-triggered flip-flop clocked by clk)
Endpoint: _1549_ (rising edge-triggered flip-flop clocked by clk)
Path Group: clk
Path Type: max

Fanout         Cap        Slew       Delay        Time   Description
---------------------------------------------------------------------------------------------
                      0.150000    0.000000    0.000000   clock clk (rise edge)
                                  0.000000    0.000000   clock network delay (ideal)
                      0.150000    0.000000    0.000000 ^ _1533_/CLK (sky130_fd_sc_hd__dfxtp_2)
     1    0.001753    0.046970    0.695648    0.695648 ^ _1533_/Q (sky130_fd_sc_hd__dfxtp_2)
                                                         u_top.RV32I_Logic.Single_Cycle_Datapath.pcREG.q[3] (net)
                      0.046970    0.000000    0.695648 ^ _1831_/A (sky130_fd_sc_hd__buf_2)
     5    0.015135    0.135012    0.242330    0.937978 ^ _1831_/X (sky130_fd_sc_hd__buf_2)
                                                         _0653_ (net)
                      0.135012    0.000000    0.937978 ^ _1361_/B (sky130_fd_sc_hd__and4_2)
     6    0.016580    0.209467    0.616017    1.553995 ^ _1361_/X (sky130_fd_sc_hd__and4_2)
                                                         _0584_ (net)
                      0.209467    0.000000    1.553995 ^ _1368_/D (sky130_fd_sc_hd__and4_2)
     6    0.019795    0.233163    0.692808    2.246803 ^ _1368_/X (sky130_fd_sc_hd__and4_2)
                                                         _0588_ (net)
                      0.233163    0.000000    2.246803 ^ _1376_/D (sky130_fd_sc_hd__and4_2)
     7    0.021255    0.243696    0.710122    2.956924 ^ _1376_/X (sky130_fd_sc_hd__and4_2)
                                                         _0593_ (net)
                      0.243696    0.000000    2.956924 ^ _1387_/D (sky130_fd_sc_hd__and4_2)
     6    0.019795    0.233098    0.703608    3.660532 ^ _1387_/X (sky130_fd_sc_hd__and4_2)
                                                         _0600_ (net)
                      0.233098    0.000000    3.660532 ^ _1395_/D (sky130_fd_sc_hd__and4_2)
     6    0.019795    0.232987    0.700502    4.361035 ^ _1395_/X (sky130_fd_sc_hd__and4_2)
                                                         _0605_ (net)
                      0.232987    0.000000    4.361035 ^ _1398_/A2 (sky130_fd_sc_hd__o21ai_2)
     1    0.004185    0.265243    0.163938    4.524973 v _1398_/Y (sky130_fd_sc_hd__o21ai_2)
                                                         _0607_ (net)
                      0.265243    0.000000    4.524973 v _1399_/B1 (sky130_fd_sc_hd__a21oi_2)
     1    0.001753    0.123588    0.230580    4.755553 ^ _1399_/Y (sky130_fd_sc_hd__a21oi_2)
                                                         _0408_ (net)
                      0.123588    0.000000    4.755553 ^ _1970_/A (sky130_fd_sc_hd__buf_2)
     1    0.001537    0.038441    0.193320    4.948873 ^ _1970_/X (sky130_fd_sc_hd__buf_2)
                                                         _1057_ (net)
                      0.038441    0.000000    4.948873 ^ _1549_/D (sky130_fd_sc_hd__dfxtp_2)
                                              4.948873   data arrival time

                      0.150000   10.000000   10.000000   clock clk (rise edge)
                                  0.000000   10.000000   clock network delay (ideal)
                                 -0.250000    9.750000   clock uncertainty
                                  0.000000    9.750000   clock reconvergence pessimism
                                              9.750000 ^ _1549_/CLK (sky130_fd_sc_hd__dfxtp_2)
                                 -0.118929    9.631071   library setup time
                                              9.631071   data required time
---------------------------------------------------------------------------------------------
                                              9.631071   data required time
                                             -4.948873   data arrival time
---------------------------------------------------------------------------------------------
                                              4.682199   slack (MET)


Startpoint: _1533_ (rising edge-triggered flip-flop clocked by clk)
Endpoint: _1547_ (rising edge-triggered flip-flop clocked by clk)
Path Group: clk
Path Type: max

Fanout         Cap        Slew       Delay        Time   Description
---------------------------------------------------------------------------------------------
                      0.150000    0.000000    0.000000   clock clk (rise edge)
                                  0.000000    0.000000   clock network delay (ideal)
                      0.150000    0.000000    0.000000 ^ _1533_/CLK (sky130_fd_sc_hd__dfxtp_2)
     1    0.001753    0.046970    0.695648    0.695648 ^ _1533_/Q (sky130_fd_sc_hd__dfxtp_2)
                                                         u_top.RV32I_Logic.Single_Cycle_Datapath.pcREG.q[3] (net)
                      0.046970    0.000000    0.695648 ^ _1831_/A (sky130_fd_sc_hd__buf_2)
     5    0.015135    0.135012    0.242330    0.937978 ^ _1831_/X (sky130_fd_sc_hd__buf_2)
                                                         _0653_ (net)
                      0.135012    0.000000    0.937978 ^ _1361_/B (sky130_fd_sc_hd__and4_2)
     6    0.016580    0.209467    0.616017    1.553995 ^ _1361_/X (sky130_fd_sc_hd__and4_2)
                                                         _0584_ (net)
                      0.209467    0.000000    1.553995 ^ _1368_/D (sky130_fd_sc_hd__and4_2)
     6    0.019795    0.233163    0.692808    2.246803 ^ _1368_/X (sky130_fd_sc_hd__and4_2)
                                                         _0588_ (net)
                      0.233163    0.000000    2.246803 ^ _1376_/D (sky130_fd_sc_hd__and4_2)
     7    0.021255    0.243696    0.710122    2.956924 ^ _1376_/X (sky130_fd_sc_hd__and4_2)
                                                         _0593_ (net)
                      0.243696    0.000000    2.956924 ^ _1387_/D (sky130_fd_sc_hd__and4_2)
     6    0.019795    0.233098    0.703608    3.660532 ^ _1387_/X (sky130_fd_sc_hd__and4_2)
                                                         _0600_ (net)
                      0.233098    0.000000    3.660532 ^ _1393_/C (sky130_fd_sc_hd__and3_2)
     2    0.006061    0.108318    0.464183    4.124716 ^ _1393_/X (sky130_fd_sc_hd__and3_2)
                                                         _0604_ (net)
                      0.108318    0.000000    4.124716 ^ _1394_/A_N (sky130_fd_sc_hd__and3b_2)
     1    0.001625    0.066418    0.440550    4.565266 v _1394_/X (sky130_fd_sc_hd__and3b_2)
                                                         _0406_ (net)
                      0.066418    0.000000    4.565266 v _1968_/A (sky130_fd_sc_hd__buf_2)
     1    0.001577    0.038941    0.224619    4.789885 v _1968_/X (sky130_fd_sc_hd__buf_2)
                                                         _1055_ (net)
                      0.038941    0.000000    4.789885 v _1547_/D (sky130_fd_sc_hd__dfxtp_2)
                                              4.789885   data arrival time

                      0.150000   10.000000   10.000000   clock clk (rise edge)
                                  0.000000   10.000000   clock network delay (ideal)
                                 -0.250000    9.750000   clock uncertainty
                                  0.000000    9.750000   clock reconvergence pessimism
                                              9.750000 ^ _1547_/CLK (sky130_fd_sc_hd__dfxtp_2)
                                 -0.239825    9.510175   library setup time
                                              9.510175   data required time
---------------------------------------------------------------------------------------------
                                              9.510175   data required time
                                             -4.789885   data arrival time
---------------------------------------------------------------------------------------------
                                              4.720291   slack (MET)


Startpoint: reset (input port clocked by clk)
Endpoint: _1534_ (rising edge-triggered flip-flop clocked by clk)
Path Group: clk
Path Type: max

Fanout         Cap        Slew       Delay        Time   Description
---------------------------------------------------------------------------------------------
                      0.150000    0.000000    0.000000   clock clk (rise edge)
                                  0.000000    0.000000   clock network delay (ideal)
                                  2.000000    2.000000 v input external delay
     1    0.001625    0.014323    0.005775    2.005775 v reset (in)
                                                         reset (net)
                      0.014323    0.000000    2.005775 v _1826_/A (sky130_fd_sc_hd__buf_2)
    14    0.060027    0.267227    0.422467    2.428242 v _1826_/X (sky130_fd_sc_hd__buf_2)
                                                         _0629_ (net)
                      0.267227    0.000000    2.428242 v _1353_/B (sky130_fd_sc_hd__nor2_2)
    29    0.094506    1.618937    1.394681    3.822922 ^ _1353_/Y (sky130_fd_sc_hd__nor2_2)
                                                         _0579_ (net)
                      1.618937    0.000000    3.822922 ^ _1359_/B (sky130_fd_sc_hd__and3b_2)
     1    0.001753    0.094354    0.828042    4.650964 ^ _1359_/X (sky130_fd_sc_hd__and3b_2)
                                                         _0393_ (net)
                      0.094354    0.000000    4.650964 ^ _1955_/A (sky130_fd_sc_hd__buf_2)
     1    0.001537    0.038289    0.178944    4.829908 ^ _1955_/X (sky130_fd_sc_hd__buf_2)
                                                         _1042_ (net)
                      0.038289    0.000000    4.829908 ^ _1534_/D (sky130_fd_sc_hd__dfxtp_2)
                                              4.829908   data arrival time

                      0.150000   10.000000   10.000000   clock clk (rise edge)
                                  0.000000   10.000000   clock network delay (ideal)
                                 -0.250000    9.750000   clock uncertainty
                                  0.000000    9.750000   clock reconvergence pessimism
                                              9.750000 ^ _1534_/CLK (sky130_fd_sc_hd__dfxtp_2)
                                 -0.118889    9.631111   library setup time
                                              9.631111   data required time
---------------------------------------------------------------------------------------------
                                              9.631111   data required time
                                             -4.829908   data arrival time
---------------------------------------------------------------------------------------------
                                              4.801204   slack (MET)


Startpoint: reset (input port clocked by clk)
Endpoint: _1535_ (rising edge-triggered flip-flop clocked by clk)
Path Group: clk
Path Type: max

Fanout         Cap        Slew       Delay        Time   Description
---------------------------------------------------------------------------------------------
                      0.150000    0.000000    0.000000   clock clk (rise edge)
                                  0.000000    0.000000   clock network delay (ideal)
                                  2.000000    2.000000 v input external delay
     1    0.001625    0.014323    0.005775    2.005775 v reset (in)
                                                         reset (net)
                      0.014323    0.000000    2.005775 v _1826_/A (sky130_fd_sc_hd__buf_2)
    14    0.060027    0.267227    0.422467    2.428242 v _1826_/X (sky130_fd_sc_hd__buf_2)
                                                         _0629_ (net)
                      0.267227    0.000000    2.428242 v _1353_/B (sky130_fd_sc_hd__nor2_2)
    29    0.094506    1.618937    1.394681    3.822922 ^ _1353_/Y (sky130_fd_sc_hd__nor2_2)
                                                         _0579_ (net)
                      1.618937    0.000000    3.822922 ^ _1362_/B (sky130_fd_sc_hd__and3b_2)
     1    0.001753    0.094354    0.828042    4.650964 ^ _1362_/X (sky130_fd_sc_hd__and3b_2)
                                                         _0394_ (net)
                      0.094354    0.000000    4.650964 ^ _1956_/A (sky130_fd_sc_hd__buf_2)
     1    0.001537    0.038289    0.178944    4.829908 ^ _1956_/X (sky130_fd_sc_hd__buf_2)
                                                         _1043_ (net)
                      0.038289    0.000000    4.829908 ^ _1535_/D (sky130_fd_sc_hd__dfxtp_2)
                                              4.829908   data arrival time

                      0.150000   10.000000   10.000000   clock clk (rise edge)
                                  0.000000   10.000000   clock network delay (ideal)
                                 -0.250000    9.750000   clock uncertainty
                                  0.000000    9.750000   clock reconvergence pessimism
                                              9.750000 ^ _1535_/CLK (sky130_fd_sc_hd__dfxtp_2)
                                 -0.118889    9.631111   library setup time
                                              9.631111   data required time
---------------------------------------------------------------------------------------------
                                              9.631111   data required time
                                             -4.829908   data arrival time
---------------------------------------------------------------------------------------------
                                              4.801204   slack (MET)


Startpoint: reset (input port clocked by clk)
Endpoint: _1537_ (rising edge-triggered flip-flop clocked by clk)
Path Group: clk
Path Type: max

Fanout         Cap        Slew       Delay        Time   Description
---------------------------------------------------------------------------------------------
                      0.150000    0.000000    0.000000   clock clk (rise edge)
                                  0.000000    0.000000   clock network delay (ideal)
                                  2.000000    2.000000 v input external delay
     1    0.001625    0.014323    0.005775    2.005775 v reset (in)
                                                         reset (net)
                      0.014323    0.000000    2.005775 v _1826_/A (sky130_fd_sc_hd__buf_2)
    14    0.060027    0.267227    0.422467    2.428242 v _1826_/X (sky130_fd_sc_hd__buf_2)
                                                         _0629_ (net)
                      0.267227    0.000000    2.428242 v _1353_/B (sky130_fd_sc_hd__nor2_2)
    29    0.094506    1.618937    1.394681    3.822922 ^ _1353_/Y (sky130_fd_sc_hd__nor2_2)
                                                         _0579_ (net)
                      1.618937    0.000000    3.822922 ^ _1367_/B (sky130_fd_sc_hd__and3b_2)
     1    0.001753    0.094354    0.828042    4.650964 ^ _1367_/X (sky130_fd_sc_hd__and3b_2)
                                                         _0396_ (net)
                      0.094354    0.000000    4.650964 ^ _1958_/A (sky130_fd_sc_hd__buf_2)
     1    0.001537    0.038289    0.178944    4.829908 ^ _1958_/X (sky130_fd_sc_hd__buf_2)
                                                         _1045_ (net)
                      0.038289    0.000000    4.829908 ^ _1537_/D (sky130_fd_sc_hd__dfxtp_2)
                                              4.829908   data arrival time

                      0.150000   10.000000   10.000000   clock clk (rise edge)
                                  0.000000   10.000000   clock network delay (ideal)
                                 -0.250000    9.750000   clock uncertainty
                                  0.000000    9.750000   clock reconvergence pessimism
                                              9.750000 ^ _1537_/CLK (sky130_fd_sc_hd__dfxtp_2)
                                 -0.118889    9.631111   library setup time
                                              9.631111   data required time
---------------------------------------------------------------------------------------------
                                              9.631111   data required time
                                             -4.829908   data arrival time
---------------------------------------------------------------------------------------------
                                              4.801204   slack (MET)


Startpoint: reset (input port clocked by clk)
Endpoint: _1540_ (rising edge-triggered flip-flop clocked by clk)
Path Group: clk
Path Type: max

Fanout         Cap        Slew       Delay        Time   Description
---------------------------------------------------------------------------------------------
                      0.150000    0.000000    0.000000   clock clk (rise edge)
                                  0.000000    0.000000   clock network delay (ideal)
                                  2.000000    2.000000 v input external delay
     1    0.001625    0.014323    0.005775    2.005775 v reset (in)
                                                         reset (net)
                      0.014323    0.000000    2.005775 v _1826_/A (sky130_fd_sc_hd__buf_2)
    14    0.060027    0.267227    0.422467    2.428242 v _1826_/X (sky130_fd_sc_hd__buf_2)
                                                         _0629_ (net)
                      0.267227    0.000000    2.428242 v _1353_/B (sky130_fd_sc_hd__nor2_2)
    29    0.094506    1.618937    1.394681    3.822922 ^ _1353_/Y (sky130_fd_sc_hd__nor2_2)
                                                         _0579_ (net)
                      1.618937    0.000000    3.822922 ^ _1375_/B (sky130_fd_sc_hd__and3b_2)
     1    0.001753    0.094354    0.828042    4.650964 ^ _1375_/X (sky130_fd_sc_hd__and3b_2)
                                                         _0399_ (net)
                      0.094354    0.000000    4.650964 ^ _1961_/A (sky130_fd_sc_hd__buf_2)
     1    0.001537    0.038289    0.178944    4.829908 ^ _1961_/X (sky130_fd_sc_hd__buf_2)
                                                         _1048_ (net)
                      0.038289    0.000000    4.829908 ^ _1540_/D (sky130_fd_sc_hd__dfxtp_2)
                                              4.829908   data arrival time

                      0.150000   10.000000   10.000000   clock clk (rise edge)
                                  0.000000   10.000000   clock network delay (ideal)
                                 -0.250000    9.750000   clock uncertainty
                                  0.000000    9.750000   clock reconvergence pessimism
                                              9.750000 ^ _1540_/CLK (sky130_fd_sc_hd__dfxtp_2)
                                 -0.118889    9.631111   library setup time
                                              9.631111   data required time
---------------------------------------------------------------------------------------------
                                              9.631111   data required time
                                             -4.829908   data arrival time
---------------------------------------------------------------------------------------------
                                              4.801204   slack (MET)


Startpoint: reset (input port clocked by clk)
Endpoint: _1543_ (rising edge-triggered flip-flop clocked by clk)
Path Group: clk
Path Type: max

Fanout         Cap        Slew       Delay        Time   Description
---------------------------------------------------------------------------------------------
                      0.150000    0.000000    0.000000   clock clk (rise edge)
                                  0.000000    0.000000   clock network delay (ideal)
                                  2.000000    2.000000 v input external delay
     1    0.001625    0.014323    0.005775    2.005775 v reset (in)
                                                         reset (net)
                      0.014323    0.000000    2.005775 v _1826_/A (sky130_fd_sc_hd__buf_2)
    14    0.060027    0.267227    0.422467    2.428242 v _1826_/X (sky130_fd_sc_hd__buf_2)
                                                         _0629_ (net)
                      0.267227    0.000000    2.428242 v _1353_/B (sky130_fd_sc_hd__nor2_2)
    29    0.094506    1.618937    1.394681    3.822922 ^ _1353_/Y (sky130_fd_sc_hd__nor2_2)
                                                         _0579_ (net)
                      1.618937    0.000000    3.822922 ^ _1383_/B (sky130_fd_sc_hd__and3b_2)
     1    0.001753    0.094354    0.828042    4.650964 ^ _1383_/X (sky130_fd_sc_hd__and3b_2)
                                                         _0402_ (net)
                      0.094354    0.000000    4.650964 ^ _1964_/A (sky130_fd_sc_hd__buf_2)
     1    0.001537    0.038289    0.178944    4.829908 ^ _1964_/X (sky130_fd_sc_hd__buf_2)
                                                         _1051_ (net)
                      0.038289    0.000000    4.829908 ^ _1543_/D (sky130_fd_sc_hd__dfxtp_2)
                                              4.829908   data arrival time

                      0.150000   10.000000   10.000000   clock clk (rise edge)
                                  0.000000   10.000000   clock network delay (ideal)
                                 -0.250000    9.750000   clock uncertainty
                                  0.000000    9.750000   clock reconvergence pessimism
                                              9.750000 ^ _1543_/CLK (sky130_fd_sc_hd__dfxtp_2)
                                 -0.118889    9.631111   library setup time
                                              9.631111   data required time
---------------------------------------------------------------------------------------------
                                              9.631111   data required time
                                             -4.829908   data arrival time
---------------------------------------------------------------------------------------------
                                              4.801204   slack (MET)


Startpoint: _1533_ (rising edge-triggered flip-flop clocked by clk)
Endpoint: _1548_ (rising edge-triggered flip-flop clocked by clk)
Path Group: clk
Path Type: max

Fanout         Cap        Slew       Delay        Time   Description
---------------------------------------------------------------------------------------------
                      0.150000    0.000000    0.000000   clock clk (rise edge)
                                  0.000000    0.000000   clock network delay (ideal)
                      0.150000    0.000000    0.000000 ^ _1533_/CLK (sky130_fd_sc_hd__dfxtp_2)
     1    0.001753    0.046970    0.695648    0.695648 ^ _1533_/Q (sky130_fd_sc_hd__dfxtp_2)
                                                         u_top.RV32I_Logic.Single_Cycle_Datapath.pcREG.q[3] (net)
                      0.046970    0.000000    0.695648 ^ _1831_/A (sky130_fd_sc_hd__buf_2)
     5    0.015135    0.135012    0.242330    0.937978 ^ _1831_/X (sky130_fd_sc_hd__buf_2)
                                                         _0653_ (net)
                      0.135012    0.000000    0.937978 ^ _1361_/B (sky130_fd_sc_hd__and4_2)
     6    0.016580    0.209467    0.616017    1.553995 ^ _1361_/X (sky130_fd_sc_hd__and4_2)
                                                         _0584_ (net)
                      0.209467    0.000000    1.553995 ^ _1368_/D (sky130_fd_sc_hd__and4_2)
     6    0.019795    0.233163    0.692808    2.246803 ^ _1368_/X (sky130_fd_sc_hd__and4_2)
                                                         _0588_ (net)
                      0.233163    0.000000    2.246803 ^ _1376_/D (sky130_fd_sc_hd__and4_2)
     7    0.021255    0.243696    0.710122    2.956924 ^ _1376_/X (sky130_fd_sc_hd__and4_2)
                                                         _0593_ (net)
                      0.243696    0.000000    2.956924 ^ _1387_/D (sky130_fd_sc_hd__and4_2)
     6    0.019795    0.233098    0.703608    3.660532 ^ _1387_/X (sky130_fd_sc_hd__and4_2)
                                                         _0600_ (net)
                      0.233098    0.000000    3.660532 ^ _1395_/D (sky130_fd_sc_hd__and4_2)
     6    0.019795    0.232987    0.700502    4.361035 ^ _1395_/X (sky130_fd_sc_hd__and4_2)
                                                         _0605_ (net)
                      0.232987    0.000000    4.361035 ^ _1397_/A (sky130_fd_sc_hd__nor2_2)
     1    0.001625    0.054123    0.126738    4.487773 v _1397_/Y (sky130_fd_sc_hd__nor2_2)
                                                         _0407_ (net)
                      0.054123    0.000000    4.487773 v _1969_/A (sky130_fd_sc_hd__buf_2)
     1    0.001577    0.038953    0.218694    4.706467 v _1969_/X (sky130_fd_sc_hd__buf_2)
                                                         _1056_ (net)
                      0.038953    0.000000    4.706467 v _1548_/D (sky130_fd_sc_hd__dfxtp_2)
                                              4.706467   data arrival time

                      0.150000   10.000000   10.000000   clock clk (rise edge)
                                  0.000000   10.000000   clock network delay (ideal)
                                 -0.250000    9.750000   clock uncertainty
                                  0.000000    9.750000   clock reconvergence pessimism
                                              9.750000 ^ _1548_/CLK (sky130_fd_sc_hd__dfxtp_2)
                                 -0.239830    9.510170   library setup time
                                              9.510170   data required time
---------------------------------------------------------------------------------------------
                                              9.510170   data required time
                                             -4.706467   data arrival time
---------------------------------------------------------------------------------------------
                                              4.803702   slack (MET)


Startpoint: reset (input port clocked by clk)
Endpoint: _1532_ (rising edge-triggered flip-flop clocked by clk)
Path Group: clk
Path Type: max

Fanout         Cap        Slew       Delay        Time   Description
---------------------------------------------------------------------------------------------
                      0.150000    0.000000    0.000000   clock clk (rise edge)
                                  0.000000    0.000000   clock network delay (ideal)
                                  2.000000    2.000000 v input external delay
     1    0.001625    0.014323    0.005775    2.005775 v reset (in)
                                                         reset (net)
                      0.014323    0.000000    2.005775 v _1826_/A (sky130_fd_sc_hd__buf_2)
    14    0.060027    0.267227    0.422467    2.428242 v _1826_/X (sky130_fd_sc_hd__buf_2)
                                                         _0629_ (net)
                      0.267227    0.000000    2.428242 v _1353_/B (sky130_fd_sc_hd__nor2_2)
    29    0.094506    1.618937    1.394681    3.822922 ^ _1353_/Y (sky130_fd_sc_hd__nor2_2)
                                                         _0579_ (net)
                      1.618937    0.000000    3.822922 ^ _1354_/B (sky130_fd_sc_hd__and2b_2)
     1    0.001753    0.079355    0.709691    4.532614 ^ _1354_/X (sky130_fd_sc_hd__and2b_2)
                                                         _0391_ (net)
                      0.079355    0.000000    4.532614 ^ _1953_/A (sky130_fd_sc_hd__buf_2)
     1    0.001537    0.038211    0.171567    4.704181 ^ _1953_/X (sky130_fd_sc_hd__buf_2)
                                                         _1040_ (net)
                      0.038211    0.000000    4.704181 ^ _1532_/D (sky130_fd_sc_hd__dfxtp_2)
                                              4.704181   data arrival time

                      0.150000   10.000000   10.000000   clock clk (rise edge)
                                  0.000000   10.000000   clock network delay (ideal)
                                 -0.250000    9.750000   clock uncertainty
                                  0.000000    9.750000   clock reconvergence pessimism
                                              9.750000 ^ _1532_/CLK (sky130_fd_sc_hd__dfxtp_2)
                                 -0.118869    9.631131   library setup time
                                              9.631131   data required time
---------------------------------------------------------------------------------------------
                                              9.631131   data required time
                                             -4.704181   data arrival time
---------------------------------------------------------------------------------------------
                                              4.926950   slack (MET)


Startpoint: reset (input port clocked by clk)
Endpoint: _1533_ (rising edge-triggered flip-flop clocked by clk)
Path Group: clk
Path Type: max

Fanout         Cap        Slew       Delay        Time   Description
---------------------------------------------------------------------------------------------
                      0.150000    0.000000    0.000000   clock clk (rise edge)
                                  0.000000    0.000000   clock network delay (ideal)
                                  2.000000    2.000000 v input external delay
     1    0.001625    0.014323    0.005775    2.005775 v reset (in)
                                                         reset (net)
                      0.014323    0.000000    2.005775 v _1826_/A (sky130_fd_sc_hd__buf_2)
    14    0.060027    0.267227    0.422467    2.428242 v _1826_/X (sky130_fd_sc_hd__buf_2)
                                                         _0629_ (net)
                      0.267227    0.000000    2.428242 v _1353_/B (sky130_fd_sc_hd__nor2_2)
    29    0.094506    1.618937    1.394681    3.822922 ^ _1353_/Y (sky130_fd_sc_hd__nor2_2)
                                                         _0579_ (net)
                      1.618937    0.000000    3.822922 ^ _1355_/B1 (sky130_fd_sc_hd__o21ai_2)
     1    0.004185    0.265243    0.457192    4.280115 v _1355_/Y (sky130_fd_sc_hd__o21ai_2)
                                                         _0580_ (net)
                      0.265243    0.000000    4.280115 v _1356_/B1 (sky130_fd_sc_hd__a21oi_2)
     1    0.001753    0.123588    0.230580    4.510694 ^ _1356_/Y (sky130_fd_sc_hd__a21oi_2)
                                                         _0392_ (net)
                      0.123588    0.000000    4.510694 ^ _1954_/A (sky130_fd_sc_hd__buf_2)
     1    0.001537    0.038441    0.193320    4.704014 ^ _1954_/X (sky130_fd_sc_hd__buf_2)
                                                         _1041_ (net)
                      0.038441    0.000000    4.704014 ^ _1533_/D (sky130_fd_sc_hd__dfxtp_2)
                                              4.704014   data arrival time

                      0.150000   10.000000   10.000000   clock clk (rise edge)
                                  0.000000   10.000000   clock network delay (ideal)
                                 -0.250000    9.750000   clock uncertainty
                                  0.000000    9.750000   clock reconvergence pessimism
                                              9.750000 ^ _1533_/CLK (sky130_fd_sc_hd__dfxtp_2)
                                 -0.118929    9.631071   library setup time
                                              9.631071   data required time
---------------------------------------------------------------------------------------------
                                              9.631071   data required time
                                             -4.704014   data arrival time
---------------------------------------------------------------------------------------------
                                              4.927057   slack (MET)


Startpoint: reset (input port clocked by clk)
Endpoint: _1536_ (rising edge-triggered flip-flop clocked by clk)
Path Group: clk
Path Type: max

Fanout         Cap        Slew       Delay        Time   Description
---------------------------------------------------------------------------------------------
                      0.150000    0.000000    0.000000   clock clk (rise edge)
                                  0.000000    0.000000   clock network delay (ideal)
                                  2.000000    2.000000 v input external delay
     1    0.001625    0.014323    0.005775    2.005775 v reset (in)
                                                         reset (net)
                      0.014323    0.000000    2.005775 v _1826_/A (sky130_fd_sc_hd__buf_2)
    14    0.060027    0.267227    0.422467    2.428242 v _1826_/X (sky130_fd_sc_hd__buf_2)
                                                         _0629_ (net)
                      0.267227    0.000000    2.428242 v _1353_/B (sky130_fd_sc_hd__nor2_2)
    29    0.094506    1.618937    1.394681    3.822922 ^ _1353_/Y (sky130_fd_sc_hd__nor2_2)
                                                         _0579_ (net)
                      1.618937    0.000000    3.822922 ^ _1363_/B1 (sky130_fd_sc_hd__o21ai_2)
     1    0.004185    0.265243    0.457192    4.280115 v _1363_/Y (sky130_fd_sc_hd__o21ai_2)
                                                         _0585_ (net)
                      0.265243    0.000000    4.280115 v _1364_/B1 (sky130_fd_sc_hd__a21oi_2)
     1    0.001753    0.123588    0.230580    4.510694 ^ _1364_/Y (sky130_fd_sc_hd__a21oi_2)
                                                         _0395_ (net)
                      0.123588    0.000000    4.510694 ^ _1957_/A (sky130_fd_sc_hd__buf_2)
     1    0.001537    0.038441    0.193320    4.704014 ^ _1957_/X (sky130_fd_sc_hd__buf_2)
                                                         _1044_ (net)
                      0.038441    0.000000    4.704014 ^ _1536_/D (sky130_fd_sc_hd__dfxtp_2)
                                              4.704014   data arrival time

                      0.150000   10.000000   10.000000   clock clk (rise edge)
                                  0.000000   10.000000   clock network delay (ideal)
                                 -0.250000    9.750000   clock uncertainty
                                  0.000000    9.750000   clock reconvergence pessimism
                                              9.750000 ^ _1536_/CLK (sky130_fd_sc_hd__dfxtp_2)
                                 -0.118929    9.631071   library setup time
                                              9.631071   data required time
---------------------------------------------------------------------------------------------
                                              9.631071   data required time
                                             -4.704014   data arrival time
---------------------------------------------------------------------------------------------
                                              4.927057   slack (MET)


Startpoint: reset (input port clocked by clk)
Endpoint: _1539_ (rising edge-triggered flip-flop clocked by clk)
Path Group: clk
Path Type: max

Fanout         Cap        Slew       Delay        Time   Description
---------------------------------------------------------------------------------------------
                      0.150000    0.000000    0.000000   clock clk (rise edge)
                                  0.000000    0.000000   clock network delay (ideal)
                                  2.000000    2.000000 v input external delay
     1    0.001625    0.014323    0.005775    2.005775 v reset (in)
                                                         reset (net)
                      0.014323    0.000000    2.005775 v _1826_/A (sky130_fd_sc_hd__buf_2)
    14    0.060027    0.267227    0.422467    2.428242 v _1826_/X (sky130_fd_sc_hd__buf_2)
                                                         _0629_ (net)
                      0.267227    0.000000    2.428242 v _1353_/B (sky130_fd_sc_hd__nor2_2)
    29    0.094506    1.618937    1.394681    3.822922 ^ _1353_/Y (sky130_fd_sc_hd__nor2_2)
                                                         _0579_ (net)
                      1.618937    0.000000    3.822922 ^ _1371_/B1 (sky130_fd_sc_hd__o21ai_2)
     1    0.004185    0.265243    0.457192    4.280115 v _1371_/Y (sky130_fd_sc_hd__o21ai_2)
                                                         _0590_ (net)
                      0.265243    0.000000    4.280115 v _1372_/B1 (sky130_fd_sc_hd__a21oi_2)
     1    0.001753    0.123588    0.230580    4.510694 ^ _1372_/Y (sky130_fd_sc_hd__a21oi_2)
                                                         _0398_ (net)
                      0.123588    0.000000    4.510694 ^ _1960_/A (sky130_fd_sc_hd__buf_2)
     1    0.001537    0.038441    0.193320    4.704014 ^ _1960_/X (sky130_fd_sc_hd__buf_2)
                                                         _1047_ (net)
                      0.038441    0.000000    4.704014 ^ _1539_/D (sky130_fd_sc_hd__dfxtp_2)
                                              4.704014   data arrival time

                      0.150000   10.000000   10.000000   clock clk (rise edge)
                                  0.000000   10.000000   clock network delay (ideal)
                                 -0.250000    9.750000   clock uncertainty
                                  0.000000    9.750000   clock reconvergence pessimism
                                              9.750000 ^ _1539_/CLK (sky130_fd_sc_hd__dfxtp_2)
                                 -0.118929    9.631071   library setup time
                                              9.631071   data required time
---------------------------------------------------------------------------------------------
                                              9.631071   data required time
                                             -4.704014   data arrival time
---------------------------------------------------------------------------------------------
                                              4.927057   slack (MET)


Startpoint: reset (input port clocked by clk)
Endpoint: _1542_ (rising edge-triggered flip-flop clocked by clk)
Path Group: clk
Path Type: max

Fanout         Cap        Slew       Delay        Time   Description
---------------------------------------------------------------------------------------------
                      0.150000    0.000000    0.000000   clock clk (rise edge)
                                  0.000000    0.000000   clock network delay (ideal)
                                  2.000000    2.000000 v input external delay
     1    0.001625    0.014323    0.005775    2.005775 v reset (in)
                                                         reset (net)
                      0.014323    0.000000    2.005775 v _1826_/A (sky130_fd_sc_hd__buf_2)
    14    0.060027    0.267227    0.422467    2.428242 v _1826_/X (sky130_fd_sc_hd__buf_2)
                                                         _0629_ (net)
                      0.267227    0.000000    2.428242 v _1353_/B (sky130_fd_sc_hd__nor2_2)
    29    0.094506    1.618937    1.394681    3.822922 ^ _1353_/Y (sky130_fd_sc_hd__nor2_2)
                                                         _0579_ (net)
                      1.618937    0.000000    3.822922 ^ _1379_/B1 (sky130_fd_sc_hd__o21ai_2)
     1    0.004185    0.265243    0.457192    4.280115 v _1379_/Y (sky130_fd_sc_hd__o21ai_2)
                                                         _0595_ (net)
                      0.265243    0.000000    4.280115 v _1380_/B1 (sky130_fd_sc_hd__a21oi_2)
     1    0.001753    0.123588    0.230580    4.510694 ^ _1380_/Y (sky130_fd_sc_hd__a21oi_2)
                                                         _0401_ (net)
                      0.123588    0.000000    4.510694 ^ _1963_/A (sky130_fd_sc_hd__buf_2)
     1    0.001537    0.038441    0.193320    4.704014 ^ _1963_/X (sky130_fd_sc_hd__buf_2)
                                                         _1050_ (net)
                      0.038441    0.000000    4.704014 ^ _1542_/D (sky130_fd_sc_hd__dfxtp_2)
                                              4.704014   data arrival time

                      0.150000   10.000000   10.000000   clock clk (rise edge)
                                  0.000000   10.000000   clock network delay (ideal)
                                 -0.250000    9.750000   clock uncertainty
                                  0.000000    9.750000   clock reconvergence pessimism
                                              9.750000 ^ _1542_/CLK (sky130_fd_sc_hd__dfxtp_2)
                                 -0.118929    9.631071   library setup time
                                              9.631071   data required time
---------------------------------------------------------------------------------------------
                                              9.631071   data required time
                                             -4.704014   data arrival time
---------------------------------------------------------------------------------------------
                                              4.927057   slack (MET)


Startpoint: reset (input port clocked by clk)
Endpoint: _1546_ (rising edge-triggered flip-flop clocked by clk)
Path Group: clk
Path Type: max

Fanout         Cap        Slew       Delay        Time   Description
---------------------------------------------------------------------------------------------
                      0.150000    0.000000    0.000000   clock clk (rise edge)
                                  0.000000    0.000000   clock network delay (ideal)
                                  2.000000    2.000000 v input external delay
     1    0.001625    0.014323    0.005775    2.005775 v reset (in)
                                                         reset (net)
                      0.014323    0.000000    2.005775 v _1826_/A (sky130_fd_sc_hd__buf_2)
    14    0.060027    0.267227    0.422467    2.428242 v _1826_/X (sky130_fd_sc_hd__buf_2)
                                                         _0629_ (net)
                      0.267227    0.000000    2.428242 v _1353_/B (sky130_fd_sc_hd__nor2_2)
    29    0.094506    1.618937    1.394681    3.822922 ^ _1353_/Y (sky130_fd_sc_hd__nor2_2)
                                                         _0579_ (net)
                      1.618937    0.000000    3.822922 ^ _1390_/B1 (sky130_fd_sc_hd__o21ai_2)
     1    0.004185    0.265243    0.457192    4.280115 v _1390_/Y (sky130_fd_sc_hd__o21ai_2)
                                                         _0602_ (net)
                      0.265243    0.000000    4.280115 v _1391_/B1 (sky130_fd_sc_hd__a21oi_2)
     1    0.001753    0.123588    0.230580    4.510694 ^ _1391_/Y (sky130_fd_sc_hd__a21oi_2)
                                                         _0405_ (net)
                      0.123588    0.000000    4.510694 ^ _1967_/A (sky130_fd_sc_hd__buf_2)
     1    0.001537    0.038441    0.193320    4.704014 ^ _1967_/X (sky130_fd_sc_hd__buf_2)
                                                         _1054_ (net)
                      0.038441    0.000000    4.704014 ^ _1546_/D (sky130_fd_sc_hd__dfxtp_2)
                                              4.704014   data arrival time

                      0.150000   10.000000   10.000000   clock clk (rise edge)
                                  0.000000   10.000000   clock network delay (ideal)
                                 -0.250000    9.750000   clock uncertainty
                                  0.000000    9.750000   clock reconvergence pessimism
                                              9.750000 ^ _1546_/CLK (sky130_fd_sc_hd__dfxtp_2)
                                 -0.118929    9.631071   library setup time
                                              9.631071   data required time
---------------------------------------------------------------------------------------------
                                              9.631071   data required time
                                             -4.704014   data arrival time
---------------------------------------------------------------------------------------------
                                              4.927057   slack (MET)


Startpoint: reset (input port clocked by clk)
Endpoint: _1538_ (rising edge-triggered flip-flop clocked by clk)
Path Group: clk
Path Type: max

Fanout         Cap        Slew       Delay        Time   Description
---------------------------------------------------------------------------------------------
                      0.150000    0.000000    0.000000   clock clk (rise edge)
                                  0.000000    0.000000   clock network delay (ideal)
                                  2.000000    2.000000 v input external delay
     1    0.001625    0.014323    0.005775    2.005775 v reset (in)
                                                         reset (net)
                      0.014323    0.000000    2.005775 v _1826_/A (sky130_fd_sc_hd__buf_2)
    14    0.060027    0.267227    0.422467    2.428242 v _1826_/X (sky130_fd_sc_hd__buf_2)
                                                         _0629_ (net)
                      0.267227    0.000000    2.428242 v _1353_/B (sky130_fd_sc_hd__nor2_2)
    29    0.094506    1.618937    1.394681    3.822922 ^ _1353_/Y (sky130_fd_sc_hd__nor2_2)
                                                         _0579_ (net)
                      1.618937    0.000000    3.822922 ^ _1369_/B1 (sky130_fd_sc_hd__o21ai_2)
     1    0.004181    0.265196    0.457119    4.280041 v _1369_/Y (sky130_fd_sc_hd__o21ai_2)
                                                         _0589_ (net)
                      0.265196    0.000000    4.280041 v _1370_/B (sky130_fd_sc_hd__nor2_2)
     1    0.001753    0.111022    0.187456    4.467497 ^ _1370_/Y (sky130_fd_sc_hd__nor2_2)
                                                         _0397_ (net)
                      0.111022    0.000000    4.467497 ^ _1959_/A (sky130_fd_sc_hd__buf_2)
     1    0.001537    0.038376    0.187141    4.654638 ^ _1959_/X (sky130_fd_sc_hd__buf_2)
                                                         _1046_ (net)
                      0.038376    0.000000    4.654638 ^ _1538_/D (sky130_fd_sc_hd__dfxtp_2)
                                              4.654638   data arrival time

                      0.150000   10.000000   10.000000   clock clk (rise edge)
                                  0.000000   10.000000   clock network delay (ideal)
                                 -0.250000    9.750000   clock uncertainty
                                  0.000000    9.750000   clock reconvergence pessimism
                                              9.750000 ^ _1538_/CLK (sky130_fd_sc_hd__dfxtp_2)
                                 -0.118912    9.631088   library setup time
                                              9.631088   data required time
---------------------------------------------------------------------------------------------
                                              9.631088   data required time
                                             -4.654638   data arrival time
---------------------------------------------------------------------------------------------
                                              4.976450   slack (MET)


Startpoint: reset (input port clocked by clk)
Endpoint: _1541_ (rising edge-triggered flip-flop clocked by clk)
Path Group: clk
Path Type: max

Fanout         Cap        Slew       Delay        Time   Description
---------------------------------------------------------------------------------------------
                      0.150000    0.000000    0.000000   clock clk (rise edge)
                                  0.000000    0.000000   clock network delay (ideal)
                                  2.000000    2.000000 v input external delay
     1    0.001625    0.014323    0.005775    2.005775 v reset (in)
                                                         reset (net)
                      0.014323    0.000000    2.005775 v _1826_/A (sky130_fd_sc_hd__buf_2)
    14    0.060027    0.267227    0.422467    2.428242 v _1826_/X (sky130_fd_sc_hd__buf_2)
                                                         _0629_ (net)
                      0.267227    0.000000    2.428242 v _1353_/B (sky130_fd_sc_hd__nor2_2)
    29    0.094506    1.618937    1.394681    3.822922 ^ _1353_/Y (sky130_fd_sc_hd__nor2_2)
                                                         _0579_ (net)
                      1.618937    0.000000    3.822922 ^ _1377_/B1 (sky130_fd_sc_hd__o21ai_2)
     1    0.004181    0.265196    0.457119    4.280041 v _1377_/Y (sky130_fd_sc_hd__o21ai_2)
                                                         _0594_ (net)
                      0.265196    0.000000    4.280041 v _1378_/B (sky130_fd_sc_hd__nor2_2)
     1    0.001753    0.111022    0.187456    4.467497 ^ _1378_/Y (sky130_fd_sc_hd__nor2_2)
                                                         _0400_ (net)
                      0.111022    0.000000    4.467497 ^ _1962_/A (sky130_fd_sc_hd__buf_2)
     1    0.001537    0.038376    0.187141    4.654638 ^ _1962_/X (sky130_fd_sc_hd__buf_2)
                                                         _1049_ (net)
                      0.038376    0.000000    4.654638 ^ _1541_/D (sky130_fd_sc_hd__dfxtp_2)
                                              4.654638   data arrival time

                      0.150000   10.000000   10.000000   clock clk (rise edge)
                                  0.000000   10.000000   clock network delay (ideal)
                                 -0.250000    9.750000   clock uncertainty
                                  0.000000    9.750000   clock reconvergence pessimism
                                              9.750000 ^ _1541_/CLK (sky130_fd_sc_hd__dfxtp_2)
                                 -0.118912    9.631088   library setup time
                                              9.631088   data required time
---------------------------------------------------------------------------------------------
                                              9.631088   data required time
                                             -4.654638   data arrival time
---------------------------------------------------------------------------------------------
                                              4.976450   slack (MET)


Startpoint: reset (input port clocked by clk)
Endpoint: _1544_ (rising edge-triggered flip-flop clocked by clk)
Path Group: clk
Path Type: max

Fanout         Cap        Slew       Delay        Time   Description
---------------------------------------------------------------------------------------------
                      0.150000    0.000000    0.000000   clock clk (rise edge)
                                  0.000000    0.000000   clock network delay (ideal)
                                  2.000000    2.000000 v input external delay
     1    0.001625    0.014323    0.005775    2.005775 v reset (in)
                                                         reset (net)
                      0.014323    0.000000    2.005775 v _1826_/A (sky130_fd_sc_hd__buf_2)
    14    0.060027    0.267227    0.422467    2.428242 v _1826_/X (sky130_fd_sc_hd__buf_2)
                                                         _0629_ (net)
                      0.267227    0.000000    2.428242 v _1353_/B (sky130_fd_sc_hd__nor2_2)
    29    0.094506    1.618937    1.394681    3.822922 ^ _1353_/Y (sky130_fd_sc_hd__nor2_2)
                                                         _0579_ (net)
                      1.618937    0.000000    3.822922 ^ _1385_/B1 (sky130_fd_sc_hd__o21ai_2)
     1    0.004181    0.265196    0.457119    4.280041 v _1385_/Y (sky130_fd_sc_hd__o21ai_2)
                                                         _0599_ (net)
                      0.265196    0.000000    4.280041 v _1386_/B (sky130_fd_sc_hd__nor2_2)
     1    0.001753    0.111022    0.187456    4.467497 ^ _1386_/Y (sky130_fd_sc_hd__nor2_2)
                                                         _0403_ (net)
                      0.111022    0.000000    4.467497 ^ _1965_/A (sky130_fd_sc_hd__buf_2)
     1    0.001537    0.038376    0.187141    4.654638 ^ _1965_/X (sky130_fd_sc_hd__buf_2)
                                                         _1052_ (net)
                      0.038376    0.000000    4.654638 ^ _1544_/D (sky130_fd_sc_hd__dfxtp_2)
                                              4.654638   data arrival time

                      0.150000   10.000000   10.000000   clock clk (rise edge)
                                  0.000000   10.000000   clock network delay (ideal)
                                 -0.250000    9.750000   clock uncertainty
                                  0.000000    9.750000   clock reconvergence pessimism
                                              9.750000 ^ _1544_/CLK (sky130_fd_sc_hd__dfxtp_2)
                                 -0.118912    9.631088   library setup time
                                              9.631088   data required time
---------------------------------------------------------------------------------------------
                                              9.631088   data required time
                                             -4.654638   data arrival time
---------------------------------------------------------------------------------------------
                                              4.976450   slack (MET)


Startpoint: reset (input port clocked by clk)
Endpoint: _1545_ (rising edge-triggered flip-flop clocked by clk)
Path Group: clk
Path Type: max

Fanout         Cap        Slew       Delay        Time   Description
---------------------------------------------------------------------------------------------
                      0.150000    0.000000    0.000000   clock clk (rise edge)
                                  0.000000    0.000000   clock network delay (ideal)
                                  2.000000    2.000000 v input external delay
     1    0.001625    0.014323    0.005775    2.005775 v reset (in)
                                                         reset (net)
                      0.014323    0.000000    2.005775 v _1826_/A (sky130_fd_sc_hd__buf_2)
    14    0.060027    0.267227    0.422467    2.428242 v _1826_/X (sky130_fd_sc_hd__buf_2)
                                                         _0629_ (net)
                      0.267227    0.000000    2.428242 v _1353_/B (sky130_fd_sc_hd__nor2_2)
    29    0.094506    1.618937    1.394681    3.822922 ^ _1353_/Y (sky130_fd_sc_hd__nor2_2)
                                                         _0579_ (net)
                      1.618937    0.000000    3.822922 ^ _1388_/B1 (sky130_fd_sc_hd__o21ai_2)
     1    0.004181    0.265196    0.457119    4.280041 v _1388_/Y (sky130_fd_sc_hd__o21ai_2)
                                                         _0601_ (net)
                      0.265196    0.000000    4.280041 v _1389_/B (sky130_fd_sc_hd__nor2_2)
     1    0.001753    0.111022    0.187456    4.467497 ^ _1389_/Y (sky130_fd_sc_hd__nor2_2)
                                                         _0404_ (net)
                      0.111022    0.000000    4.467497 ^ _1966_/A (sky130_fd_sc_hd__buf_2)
     1    0.001537    0.038376    0.187141    4.654638 ^ _1966_/X (sky130_fd_sc_hd__buf_2)
                                                         _1053_ (net)
                      0.038376    0.000000    4.654638 ^ _1545_/D (sky130_fd_sc_hd__dfxtp_2)
                                              4.654638   data arrival time

                      0.150000   10.000000   10.000000   clock clk (rise edge)
                                  0.000000   10.000000   clock network delay (ideal)
                                 -0.250000    9.750000   clock uncertainty
                                  0.000000    9.750000   clock reconvergence pessimism
                                              9.750000 ^ _1545_/CLK (sky130_fd_sc_hd__dfxtp_2)
                                 -0.118912    9.631088   library setup time
                                              9.631088   data required time
---------------------------------------------------------------------------------------------
                                              9.631088   data required time
                                             -4.654638   data arrival time
---------------------------------------------------------------------------------------------
                                              4.976450   slack (MET)


Startpoint: _1562_ (rising edge-triggered flip-flop clocked by clk)
Endpoint: _1562_ (rising edge-triggered flip-flop clocked by clk)
Path Group: clk
Path Type: max

Fanout         Cap        Slew       Delay        Time   Description
---------------------------------------------------------------------------------------------
                      0.150000    0.000000    0.000000   clock clk (rise edge)
                                  0.000000    0.000000   clock network delay (ideal)
                      0.150000    0.000000    0.000000 ^ _1562_/CLK (sky130_fd_sc_hd__dfrtp_2)
     1    0.001625    0.068852    0.856706    0.856706 v _1562_/Q (sky130_fd_sc_hd__dfrtp_2)
                                                         u_top.dataMemory.clear_word[0] (net)
                      0.068852    0.000000    0.856706 v _1719_/A (sky130_fd_sc_hd__buf_2)
    15    0.032061    0.160039    0.354317    1.211023 v _1719_/X (sky130_fd_sc_hd__buf_2)
                                                         _0662_ (net)
                      0.160039    0.000000    1.211023 v _1092_/D (sky130_fd_sc_hd__and4_2)
     5    0.013466    0.125511    0.620606    1.831629 v _1092_/X (sky130_fd_sc_hd__and4_2)
                                                         _0442_ (net)
                      0.125511    0.000000    1.831629 v _1095_/C (sky130_fd_sc_hd__and3_2)
     5    0.013466    0.122559    0.550038    2.381667 v _1095_/X (sky130_fd_sc_hd__and3_2)
                                                         _0445_ (net)
                      0.122559    0.000000    2.381667 v _1098_/C (sky130_fd_sc_hd__and3_2)
     4    0.012102    0.116738    0.540418    2.922085 v _1098_/X (sky130_fd_sc_hd__and3_2)
                                                         _0448_ (net)
                      0.116738    0.000000    2.922085 v _1101_/A4 (sky130_fd_sc_hd__a41o_2)
    11    0.026017    0.170953    0.653746    3.575831 v _1101_/X (sky130_fd_sc_hd__a41o_2)
                                                         _0451_ (net)
                      0.170953    0.000000    3.575831 v _1125_/A1 (sky130_fd_sc_hd__mux2_1)
     1    0.001625    0.099616    0.702253    4.278084 v _1125_/X (sky130_fd_sc_hd__mux2_1)
                                                         _0421_ (net)
                      0.099616    0.000000    4.278084 v _1720_/A (sky130_fd_sc_hd__buf_2)
     1    0.001838    0.040223    0.242987    4.521070 v _1720_/X (sky130_fd_sc_hd__buf_2)
                                                         _1070_ (net)
                      0.040223    0.000000    4.521070 v _1562_/D (sky130_fd_sc_hd__dfrtp_2)
                                              4.521070   data arrival time

                      0.150000   10.000000   10.000000   clock clk (rise edge)
                                  0.000000   10.000000   clock network delay (ideal)
                                 -0.250000    9.750000   clock uncertainty
                                  0.000000    9.750000   clock reconvergence pessimism
                                              9.750000 ^ _1562_/CLK (sky130_fd_sc_hd__dfrtp_2)
                                 -0.242866    9.507134   library setup time
                                              9.507134   data required time
---------------------------------------------------------------------------------------------
                                              9.507134   data required time
                                             -4.521070   data arrival time
---------------------------------------------------------------------------------------------
                                              4.986063   slack (MET)


Startpoint: _1562_ (rising edge-triggered flip-flop clocked by clk)
Endpoint: _1563_ (rising edge-triggered flip-flop clocked by clk)
Path Group: clk
Path Type: max

Fanout         Cap        Slew       Delay        Time   Description
---------------------------------------------------------------------------------------------
                      0.150000    0.000000    0.000000   clock clk (rise edge)
                                  0.000000    0.000000   clock network delay (ideal)
                      0.150000    0.000000    0.000000 ^ _1562_/CLK (sky130_fd_sc_hd__dfrtp_2)
     1    0.001625    0.068852    0.856706    0.856706 v _1562_/Q (sky130_fd_sc_hd__dfrtp_2)
                                                         u_top.dataMemory.clear_word[0] (net)
                      0.068852    0.000000    0.856706 v _1719_/A (sky130_fd_sc_hd__buf_2)
    15    0.032061    0.160039    0.354317    1.211023 v _1719_/X (sky130_fd_sc_hd__buf_2)
                                                         _0662_ (net)
                      0.160039    0.000000    1.211023 v _1092_/D (sky130_fd_sc_hd__and4_2)
     5    0.013466    0.125511    0.620606    1.831629 v _1092_/X (sky130_fd_sc_hd__and4_2)
                                                         _0442_ (net)
                      0.125511    0.000000    1.831629 v _1095_/C (sky130_fd_sc_hd__and3_2)
     5    0.013466    0.122559    0.550038    2.381667 v _1095_/X (sky130_fd_sc_hd__and3_2)
                                                         _0445_ (net)
                      0.122559    0.000000    2.381667 v _1098_/C (sky130_fd_sc_hd__and3_2)
     4    0.012102    0.116738    0.540418    2.922085 v _1098_/X (sky130_fd_sc_hd__and3_2)
                                                         _0448_ (net)
                      0.116738    0.000000    2.922085 v _1101_/A4 (sky130_fd_sc_hd__a41o_2)
    11    0.026017    0.170953    0.653746    3.575831 v _1101_/X (sky130_fd_sc_hd__a41o_2)
                                                         _0451_ (net)
                      0.170953    0.000000    3.575831 v _1109_/B (sky130_fd_sc_hd__nor2_2)
     6    0.013814    0.284673    0.312197    3.888029 ^ _1109_/Y (sky130_fd_sc_hd__nor2_2)
                                                         _0455_ (net)
                      0.284673    0.000000    3.888029 ^ _1122_/A2 (sky130_fd_sc_hd__a32o_2)
     1    0.001753    0.079110    0.425110    4.313139 ^ _1122_/X (sky130_fd_sc_hd__a32o_2)
                                                         _0422_ (net)
                      0.079110    0.000000    4.313139 ^ _1718_/A (sky130_fd_sc_hd__buf_2)
     1    0.001853    0.040515    0.174008    4.487147 ^ _1718_/X (sky130_fd_sc_hd__buf_2)
                                                         _1071_ (net)
                      0.040515    0.000000    4.487147 ^ _1563_/D (sky130_fd_sc_hd__dfrtp_2)
                                              4.487147   data arrival time

                      0.150000   10.000000   10.000000   clock clk (rise edge)
                                  0.000000   10.000000   clock network delay (ideal)
                                 -0.250000    9.750000   clock uncertainty
                                  0.000000    9.750000   clock reconvergence pessimism
                                              9.750000 ^ _1563_/CLK (sky130_fd_sc_hd__dfrtp_2)
                                 -0.116842    9.633158   library setup time
                                              9.633158   data required time
---------------------------------------------------------------------------------------------
                                              9.633158   data required time
                                             -4.487147   data arrival time
---------------------------------------------------------------------------------------------
                                              5.146011   slack (MET)


Startpoint: _1562_ (rising edge-triggered flip-flop clocked by clk)
Endpoint: _1565_ (rising edge-triggered flip-flop clocked by clk)
Path Group: clk
Path Type: max

Fanout         Cap        Slew       Delay        Time   Description
---------------------------------------------------------------------------------------------
                      0.150000    0.000000    0.000000   clock clk (rise edge)
                                  0.000000    0.000000   clock network delay (ideal)
                      0.150000    0.000000    0.000000 ^ _1562_/CLK (sky130_fd_sc_hd__dfrtp_2)
     1    0.001625    0.068852    0.856706    0.856706 v _1562_/Q (sky130_fd_sc_hd__dfrtp_2)
                                                         u_top.dataMemory.clear_word[0] (net)
                      0.068852    0.000000    0.856706 v _1719_/A (sky130_fd_sc_hd__buf_2)
    15    0.032061    0.160039    0.354317    1.211023 v _1719_/X (sky130_fd_sc_hd__buf_2)
                                                         _0662_ (net)
                      0.160039    0.000000    1.211023 v _1092_/D (sky130_fd_sc_hd__and4_2)
     5    0.013466    0.125511    0.620606    1.831629 v _1092_/X (sky130_fd_sc_hd__and4_2)
                                                         _0442_ (net)
                      0.125511    0.000000    1.831629 v _1095_/C (sky130_fd_sc_hd__and3_2)
     5    0.013466    0.122559    0.550038    2.381667 v _1095_/X (sky130_fd_sc_hd__and3_2)
                                                         _0445_ (net)
                      0.122559    0.000000    2.381667 v _1098_/C (sky130_fd_sc_hd__and3_2)
     4    0.012102    0.116738    0.540418    2.922085 v _1098_/X (sky130_fd_sc_hd__and3_2)
                                                         _0448_ (net)
                      0.116738    0.000000    2.922085 v _1101_/A4 (sky130_fd_sc_hd__a41o_2)
    11    0.026017    0.170953    0.653746    3.575831 v _1101_/X (sky130_fd_sc_hd__a41o_2)
                                                         _0451_ (net)
                      0.170953    0.000000    3.575831 v _1109_/B (sky130_fd_sc_hd__nor2_2)
     6    0.013814    0.284673    0.312197    3.888029 ^ _1109_/Y (sky130_fd_sc_hd__nor2_2)
                                                         _0455_ (net)
                      0.284673    0.000000    3.888029 ^ _1118_/A2 (sky130_fd_sc_hd__a32o_2)
     1    0.001753    0.079110    0.425110    4.313139 ^ _1118_/X (sky130_fd_sc_hd__a32o_2)
                                                         _0424_ (net)
                      0.079110    0.000000    4.313139 ^ _1714_/A (sky130_fd_sc_hd__buf_2)
     1    0.001853    0.040515    0.174008    4.487147 ^ _1714_/X (sky130_fd_sc_hd__buf_2)
                                                         _1073_ (net)
                      0.040515    0.000000    4.487147 ^ _1565_/D (sky130_fd_sc_hd__dfrtp_2)
                                              4.487147   data arrival time

                      0.150000   10.000000   10.000000   clock clk (rise edge)
                                  0.000000   10.000000   clock network delay (ideal)
                                 -0.250000    9.750000   clock uncertainty
                                  0.000000    9.750000   clock reconvergence pessimism
                                              9.750000 ^ _1565_/CLK (sky130_fd_sc_hd__dfrtp_2)
                                 -0.116842    9.633158   library setup time
                                              9.633158   data required time
---------------------------------------------------------------------------------------------
                                              9.633158   data required time
                                             -4.487147   data arrival time
---------------------------------------------------------------------------------------------
                                              5.146011   slack (MET)


Startpoint: _1562_ (rising edge-triggered flip-flop clocked by clk)
Endpoint: _1566_ (rising edge-triggered flip-flop clocked by clk)
Path Group: clk
Path Type: max

Fanout         Cap        Slew       Delay        Time   Description
---------------------------------------------------------------------------------------------
                      0.150000    0.000000    0.000000   clock clk (rise edge)
                                  0.000000    0.000000   clock network delay (ideal)
                      0.150000    0.000000    0.000000 ^ _1562_/CLK (sky130_fd_sc_hd__dfrtp_2)
     1    0.001625    0.068852    0.856706    0.856706 v _1562_/Q (sky130_fd_sc_hd__dfrtp_2)
                                                         u_top.dataMemory.clear_word[0] (net)
                      0.068852    0.000000    0.856706 v _1719_/A (sky130_fd_sc_hd__buf_2)
    15    0.032061    0.160039    0.354317    1.211023 v _1719_/X (sky130_fd_sc_hd__buf_2)
                                                         _0662_ (net)
                      0.160039    0.000000    1.211023 v _1092_/D (sky130_fd_sc_hd__and4_2)
     5    0.013466    0.125511    0.620606    1.831629 v _1092_/X (sky130_fd_sc_hd__and4_2)
                                                         _0442_ (net)
                      0.125511    0.000000    1.831629 v _1095_/C (sky130_fd_sc_hd__and3_2)
     5    0.013466    0.122559    0.550038    2.381667 v _1095_/X (sky130_fd_sc_hd__and3_2)
                                                         _0445_ (net)
                      0.122559    0.000000    2.381667 v _1098_/C (sky130_fd_sc_hd__and3_2)
     4    0.012102    0.116738    0.540418    2.922085 v _1098_/X (sky130_fd_sc_hd__and3_2)
                                                         _0448_ (net)
                      0.116738    0.000000    2.922085 v _1101_/A4 (sky130_fd_sc_hd__a41o_2)
    11    0.026017    0.170953    0.653746    3.575831 v _1101_/X (sky130_fd_sc_hd__a41o_2)
                                                         _0451_ (net)
                      0.170953    0.000000    3.575831 v _1109_/B (sky130_fd_sc_hd__nor2_2)
     6    0.013814    0.284673    0.312197    3.888029 ^ _1109_/Y (sky130_fd_sc_hd__nor2_2)
                                                         _0455_ (net)
                      0.284673    0.000000    3.888029 ^ _1116_/A2 (sky130_fd_sc_hd__a32o_2)
     1    0.001753    0.079110    0.425110    4.313139 ^ _1116_/X (sky130_fd_sc_hd__a32o_2)
                                                         _0425_ (net)
                      0.079110    0.000000    4.313139 ^ _1712_/A (sky130_fd_sc_hd__buf_2)
     1    0.001853    0.040515    0.174008    4.487147 ^ _1712_/X (sky130_fd_sc_hd__buf_2)
                                                         _1074_ (net)
                      0.040515    0.000000    4.487147 ^ _1566_/D (sky130_fd_sc_hd__dfrtp_2)
                                              4.487147   data arrival time

                      0.150000   10.000000   10.000000   clock clk (rise edge)
                                  0.000000   10.000000   clock network delay (ideal)
                                 -0.250000    9.750000   clock uncertainty
                                  0.000000    9.750000   clock reconvergence pessimism
                                              9.750000 ^ _1566_/CLK (sky130_fd_sc_hd__dfrtp_2)
                                 -0.116842    9.633158   library setup time
                                              9.633158   data required time
---------------------------------------------------------------------------------------------
                                              9.633158   data required time
                                             -4.487147   data arrival time
---------------------------------------------------------------------------------------------
                                              5.146011   slack (MET)


Startpoint: _1562_ (rising edge-triggered flip-flop clocked by clk)
Endpoint: _1567_ (rising edge-triggered flip-flop clocked by clk)
Path Group: clk
Path Type: max

Fanout         Cap        Slew       Delay        Time   Description
---------------------------------------------------------------------------------------------
                      0.150000    0.000000    0.000000   clock clk (rise edge)
                                  0.000000    0.000000   clock network delay (ideal)
                      0.150000    0.000000    0.000000 ^ _1562_/CLK (sky130_fd_sc_hd__dfrtp_2)
     1    0.001625    0.068852    0.856706    0.856706 v _1562_/Q (sky130_fd_sc_hd__dfrtp_2)
                                                         u_top.dataMemory.clear_word[0] (net)
                      0.068852    0.000000    0.856706 v _1719_/A (sky130_fd_sc_hd__buf_2)
    15    0.032061    0.160039    0.354317    1.211023 v _1719_/X (sky130_fd_sc_hd__buf_2)
                                                         _0662_ (net)
                      0.160039    0.000000    1.211023 v _1092_/D (sky130_fd_sc_hd__and4_2)
     5    0.013466    0.125511    0.620606    1.831629 v _1092_/X (sky130_fd_sc_hd__and4_2)
                                                         _0442_ (net)
                      0.125511    0.000000    1.831629 v _1095_/C (sky130_fd_sc_hd__and3_2)
     5    0.013466    0.122559    0.550038    2.381667 v _1095_/X (sky130_fd_sc_hd__and3_2)
                                                         _0445_ (net)
                      0.122559    0.000000    2.381667 v _1098_/C (sky130_fd_sc_hd__and3_2)
     4    0.012102    0.116738    0.540418    2.922085 v _1098_/X (sky130_fd_sc_hd__and3_2)
                                                         _0448_ (net)
                      0.116738    0.000000    2.922085 v _1101_/A4 (sky130_fd_sc_hd__a41o_2)
    11    0.026017    0.170953    0.653746    3.575831 v _1101_/X (sky130_fd_sc_hd__a41o_2)
                                                         _0451_ (net)
                      0.170953    0.000000    3.575831 v _1109_/B (sky130_fd_sc_hd__nor2_2)
     6    0.013814    0.284673    0.312197    3.888029 ^ _1109_/Y (sky130_fd_sc_hd__nor2_2)
                                                         _0455_ (net)
                      0.284673    0.000000    3.888029 ^ _1114_/A2 (sky130_fd_sc_hd__a32o_2)
     1    0.001753    0.079110    0.425110    4.313139 ^ _1114_/X (sky130_fd_sc_hd__a32o_2)
                                                         _0426_ (net)
                      0.079110    0.000000    4.313139 ^ _1710_/A (sky130_fd_sc_hd__buf_2)
     1    0.001853    0.040515    0.174008    4.487147 ^ _1710_/X (sky130_fd_sc_hd__buf_2)
                                                         _1075_ (net)
                      0.040515    0.000000    4.487147 ^ _1567_/D (sky130_fd_sc_hd__dfrtp_2)
                                              4.487147   data arrival time

                      0.150000   10.000000   10.000000   clock clk (rise edge)
                                  0.000000   10.000000   clock network delay (ideal)
                                 -0.250000    9.750000   clock uncertainty
                                  0.000000    9.750000   clock reconvergence pessimism
                                              9.750000 ^ _1567_/CLK (sky130_fd_sc_hd__dfrtp_2)
                                 -0.116842    9.633158   library setup time
                                              9.633158   data required time
---------------------------------------------------------------------------------------------
                                              9.633158   data required time
                                             -4.487147   data arrival time
---------------------------------------------------------------------------------------------
                                              5.146011   slack (MET)


Startpoint: _1562_ (rising edge-triggered flip-flop clocked by clk)
Endpoint: _1564_ (rising edge-triggered flip-flop clocked by clk)
Path Group: clk
Path Type: max

Fanout         Cap        Slew       Delay        Time   Description
---------------------------------------------------------------------------------------------
                      0.150000    0.000000    0.000000   clock clk (rise edge)
                                  0.000000    0.000000   clock network delay (ideal)
                      0.150000    0.000000    0.000000 ^ _1562_/CLK (sky130_fd_sc_hd__dfrtp_2)
     1    0.001625    0.068852    0.856706    0.856706 v _1562_/Q (sky130_fd_sc_hd__dfrtp_2)
                                                         u_top.dataMemory.clear_word[0] (net)
                      0.068852    0.000000    0.856706 v _1719_/A (sky130_fd_sc_hd__buf_2)
    15    0.032061    0.160039    0.354317    1.211023 v _1719_/X (sky130_fd_sc_hd__buf_2)
                                                         _0662_ (net)
                      0.160039    0.000000    1.211023 v _1092_/D (sky130_fd_sc_hd__and4_2)
     5    0.013466    0.125511    0.620606    1.831629 v _1092_/X (sky130_fd_sc_hd__and4_2)
                                                         _0442_ (net)
                      0.125511    0.000000    1.831629 v _1095_/C (sky130_fd_sc_hd__and3_2)
     5    0.013466    0.122559    0.550038    2.381667 v _1095_/X (sky130_fd_sc_hd__and3_2)
                                                         _0445_ (net)
                      0.122559    0.000000    2.381667 v _1098_/C (sky130_fd_sc_hd__and3_2)
     4    0.012102    0.116738    0.540418    2.922085 v _1098_/X (sky130_fd_sc_hd__and3_2)
                                                         _0448_ (net)
                      0.116738    0.000000    2.922085 v _1101_/A4 (sky130_fd_sc_hd__a41o_2)
    11    0.026017    0.170953    0.653746    3.575831 v _1101_/X (sky130_fd_sc_hd__a41o_2)
                                                         _0451_ (net)
                      0.170953    0.000000    3.575831 v _1120_/A2 (sky130_fd_sc_hd__a22o_2)
     1    0.001625    0.059916    0.517340    4.093171 v _1120_/X (sky130_fd_sc_hd__a22o_2)
                                                         _0423_ (net)
                      0.059916    0.000000    4.093171 v _1716_/A (sky130_fd_sc_hd__buf_2)
     1    0.001838    0.040255    0.223398    4.316569 v _1716_/X (sky130_fd_sc_hd__buf_2)
                                                         _1072_ (net)
                      0.040255    0.000000    4.316569 v _1564_/D (sky130_fd_sc_hd__dfrtp_2)
                                              4.316569   data arrival time

                      0.150000   10.000000   10.000000   clock clk (rise edge)
                                  0.000000   10.000000   clock network delay (ideal)
                                 -0.250000    9.750000   clock uncertainty
                                  0.000000    9.750000   clock reconvergence pessimism
                                              9.750000 ^ _1564_/CLK (sky130_fd_sc_hd__dfrtp_2)
                                 -0.242880    9.507121   library setup time
                                              9.507121   data required time
---------------------------------------------------------------------------------------------
                                              9.507121   data required time
                                             -4.316569   data arrival time
---------------------------------------------------------------------------------------------
                                              5.190551   slack (MET)


Startpoint: _1562_ (rising edge-triggered flip-flop clocked by clk)
Endpoint: _1570_ (rising edge-triggered flip-flop clocked by clk)
Path Group: clk
Path Type: max

Fanout         Cap        Slew       Delay        Time   Description
---------------------------------------------------------------------------------------------
                      0.150000    0.000000    0.000000   clock clk (rise edge)
                                  0.000000    0.000000   clock network delay (ideal)
                      0.150000    0.000000    0.000000 ^ _1562_/CLK (sky130_fd_sc_hd__dfrtp_2)
     1    0.001625    0.068852    0.856706    0.856706 v _1562_/Q (sky130_fd_sc_hd__dfrtp_2)
                                                         u_top.dataMemory.clear_word[0] (net)
                      0.068852    0.000000    0.856706 v _1719_/A (sky130_fd_sc_hd__buf_2)
    15    0.032061    0.160039    0.354317    1.211023 v _1719_/X (sky130_fd_sc_hd__buf_2)
                                                         _0662_ (net)
                      0.160039    0.000000    1.211023 v _1092_/D (sky130_fd_sc_hd__and4_2)
     5    0.013466    0.125511    0.620606    1.831629 v _1092_/X (sky130_fd_sc_hd__and4_2)
                                                         _0442_ (net)
                      0.125511    0.000000    1.831629 v _1095_/C (sky130_fd_sc_hd__and3_2)
     5    0.013466    0.122559    0.550038    2.381667 v _1095_/X (sky130_fd_sc_hd__and3_2)
                                                         _0445_ (net)
                      0.122559    0.000000    2.381667 v _1098_/C (sky130_fd_sc_hd__and3_2)
     4    0.012102    0.116738    0.540418    2.922085 v _1098_/X (sky130_fd_sc_hd__and3_2)
                                                         _0448_ (net)
                      0.116738    0.000000    2.922085 v _1105_/B (sky130_fd_sc_hd__or2_2)
     1    0.002291    0.108353    0.656151    3.578237 v _1105_/X (sky130_fd_sc_hd__or2_2)
                                                         _0453_ (net)
                      0.108353    0.000000    3.578237 v _1107_/A2 (sky130_fd_sc_hd__a32o_2)
     1    0.001625    0.061077    0.497708    4.075945 v _1107_/X (sky130_fd_sc_hd__a32o_2)
                                                         _0429_ (net)
                      0.061077    0.000000    4.075945 v _1704_/A (sky130_fd_sc_hd__buf_2)
     1    0.001838    0.040254    0.223957    4.299902 v _1704_/X (sky130_fd_sc_hd__buf_2)
                                                         _1078_ (net)
                      0.040254    0.000000    4.299902 v _1570_/D (sky130_fd_sc_hd__dfrtp_2)
                                              4.299902   data arrival time

                      0.150000   10.000000   10.000000   clock clk (rise edge)
                                  0.000000   10.000000   clock network delay (ideal)
                                 -0.250000    9.750000   clock uncertainty
                                  0.000000    9.750000   clock reconvergence pessimism
                                              9.750000 ^ _1570_/CLK (sky130_fd_sc_hd__dfrtp_2)
                                 -0.242879    9.507121   library setup time
                                              9.507121   data required time
---------------------------------------------------------------------------------------------
                                              9.507121   data required time
                                             -4.299902   data arrival time
---------------------------------------------------------------------------------------------
                                              5.207218   slack (MET)


Startpoint: _1562_ (rising edge-triggered flip-flop clocked by clk)
Endpoint: _1568_ (rising edge-triggered flip-flop clocked by clk)
Path Group: clk
Path Type: max

Fanout         Cap        Slew       Delay        Time   Description
---------------------------------------------------------------------------------------------
                      0.150000    0.000000    0.000000   clock clk (rise edge)
                                  0.000000    0.000000   clock network delay (ideal)
                      0.150000    0.000000    0.000000 ^ _1562_/CLK (sky130_fd_sc_hd__dfrtp_2)
     1    0.001625    0.068852    0.856706    0.856706 v _1562_/Q (sky130_fd_sc_hd__dfrtp_2)
                                                         u_top.dataMemory.clear_word[0] (net)
                      0.068852    0.000000    0.856706 v _1719_/A (sky130_fd_sc_hd__buf_2)
    15    0.032061    0.160039    0.354317    1.211023 v _1719_/X (sky130_fd_sc_hd__buf_2)
                                                         _0662_ (net)
                      0.160039    0.000000    1.211023 v _1092_/D (sky130_fd_sc_hd__and4_2)
     5    0.013466    0.125511    0.620606    1.831629 v _1092_/X (sky130_fd_sc_hd__and4_2)
                                                         _0442_ (net)
                      0.125511    0.000000    1.831629 v _1095_/C (sky130_fd_sc_hd__and3_2)
     5    0.013466    0.122559    0.550038    2.381667 v _1095_/X (sky130_fd_sc_hd__and3_2)
                                                         _0445_ (net)
                      0.122559    0.000000    2.381667 v _1098_/C (sky130_fd_sc_hd__and3_2)
     4    0.012102    0.116738    0.540418    2.922085 v _1098_/X (sky130_fd_sc_hd__and3_2)
                                                         _0448_ (net)
                      0.116738    0.000000    2.922085 v _1101_/A4 (sky130_fd_sc_hd__a41o_2)
    11    0.026017    0.170953    0.653746    3.575831 v _1101_/X (sky130_fd_sc_hd__a41o_2)
                                                         _0451_ (net)
                      0.170953    0.000000    3.575831 v _1112_/B1 (sky130_fd_sc_hd__a32o_2)
     1    0.001625    0.061272    0.446853    4.022685 v _1112_/X (sky130_fd_sc_hd__a32o_2)
                                                         _0427_ (net)
                      0.061272    0.000000    4.022685 v _1708_/A (sky130_fd_sc_hd__buf_2)
     1    0.001838    0.040253    0.224051    4.246736 v _1708_/X (sky130_fd_sc_hd__buf_2)
                                                         _1076_ (net)
                      0.040253    0.000000    4.246736 v _1568_/D (sky130_fd_sc_hd__dfrtp_2)
                                              4.246736   data arrival time

                      0.150000   10.000000   10.000000   clock clk (rise edge)
                                  0.000000   10.000000   clock network delay (ideal)
                                 -0.250000    9.750000   clock uncertainty
                                  0.000000    9.750000   clock reconvergence pessimism
                                              9.750000 ^ _1568_/CLK (sky130_fd_sc_hd__dfrtp_2)
                                 -0.242879    9.507121   library setup time
                                              9.507121   data required time
---------------------------------------------------------------------------------------------
                                              9.507121   data required time
                                             -4.246736   data arrival time
---------------------------------------------------------------------------------------------
                                              5.260385   slack (MET)


Startpoint: _1562_ (rising edge-triggered flip-flop clocked by clk)
Endpoint: _1569_ (rising edge-triggered flip-flop clocked by clk)
Path Group: clk
Path Type: max

Fanout         Cap        Slew       Delay        Time   Description
---------------------------------------------------------------------------------------------
                      0.150000    0.000000    0.000000   clock clk (rise edge)
                                  0.000000    0.000000   clock network delay (ideal)
                      0.150000    0.000000    0.000000 ^ _1562_/CLK (sky130_fd_sc_hd__dfrtp_2)
     1    0.001625    0.068852    0.856706    0.856706 v _1562_/Q (sky130_fd_sc_hd__dfrtp_2)
                                                         u_top.dataMemory.clear_word[0] (net)
                      0.068852    0.000000    0.856706 v _1719_/A (sky130_fd_sc_hd__buf_2)
    15    0.032061    0.160039    0.354317    1.211023 v _1719_/X (sky130_fd_sc_hd__buf_2)
                                                         _0662_ (net)
                      0.160039    0.000000    1.211023 v _1092_/D (sky130_fd_sc_hd__and4_2)
     5    0.013466    0.125511    0.620606    1.831629 v _1092_/X (sky130_fd_sc_hd__and4_2)
                                                         _0442_ (net)
                      0.125511    0.000000    1.831629 v _1095_/C (sky130_fd_sc_hd__and3_2)
     5    0.013466    0.122559    0.550038    2.381667 v _1095_/X (sky130_fd_sc_hd__and3_2)
                                                         _0445_ (net)
                      0.122559    0.000000    2.381667 v _1098_/C (sky130_fd_sc_hd__and3_2)
     4    0.012102    0.116738    0.540418    2.922085 v _1098_/X (sky130_fd_sc_hd__and3_2)
                                                         _0448_ (net)
                      0.116738    0.000000    2.922085 v _1101_/A4 (sky130_fd_sc_hd__a41o_2)
    11    0.026017    0.170953    0.653746    3.575831 v _1101_/X (sky130_fd_sc_hd__a41o_2)
                                                         _0451_ (net)
                      0.170953    0.000000    3.575831 v _1110_/B1 (sky130_fd_sc_hd__a32o_2)
     1    0.001625    0.061272    0.446853    4.022685 v _1110_/X (sky130_fd_sc_hd__a32o_2)
                                                         _0428_ (net)
                      0.061272    0.000000    4.022685 v _1706_/A (sky130_fd_sc_hd__buf_2)
     1    0.001838    0.040253    0.224051    4.246736 v _1706_/X (sky130_fd_sc_hd__buf_2)
                                                         _1077_ (net)
                      0.040253    0.000000    4.246736 v _1569_/D (sky130_fd_sc_hd__dfrtp_2)
                                              4.246736   data arrival time

                      0.150000   10.000000   10.000000   clock clk (rise edge)
                                  0.000000   10.000000   clock network delay (ideal)
                                 -0.250000    9.750000   clock uncertainty
                                  0.000000    9.750000   clock reconvergence pessimism
                                              9.750000 ^ _1569_/CLK (sky130_fd_sc_hd__dfrtp_2)
                                 -0.242879    9.507121   library setup time
                                              9.507121   data required time
---------------------------------------------------------------------------------------------
                                              9.507121   data required time
                                             -4.246736   data arrival time
---------------------------------------------------------------------------------------------
                                              5.260385   slack (MET)


Startpoint: _1562_ (rising edge-triggered flip-flop clocked by clk)
Endpoint: _1572_ (rising edge-triggered flip-flop clocked by clk)
Path Group: clk
Path Type: max

Fanout         Cap        Slew       Delay        Time   Description
---------------------------------------------------------------------------------------------
                      0.150000    0.000000    0.000000   clock clk (rise edge)
                                  0.000000    0.000000   clock network delay (ideal)
                      0.150000    0.000000    0.000000 ^ _1562_/CLK (sky130_fd_sc_hd__dfrtp_2)
     1    0.001625    0.068852    0.856706    0.856706 v _1562_/Q (sky130_fd_sc_hd__dfrtp_2)
                                                         u_top.dataMemory.clear_word[0] (net)
                      0.068852    0.000000    0.856706 v _1719_/A (sky130_fd_sc_hd__buf_2)
    15    0.032061    0.160039    0.354317    1.211023 v _1719_/X (sky130_fd_sc_hd__buf_2)
                                                         _0662_ (net)
                      0.160039    0.000000    1.211023 v _1092_/D (sky130_fd_sc_hd__and4_2)
     5    0.013466    0.125511    0.620606    1.831629 v _1092_/X (sky130_fd_sc_hd__and4_2)
                                                         _0442_ (net)
                      0.125511    0.000000    1.831629 v _1095_/C (sky130_fd_sc_hd__and3_2)
     5    0.013466    0.122559    0.550038    2.381667 v _1095_/X (sky130_fd_sc_hd__and3_2)
                                                         _0445_ (net)
                      0.122559    0.000000    2.381667 v _1098_/C (sky130_fd_sc_hd__and3_2)
     4    0.012102    0.116738    0.540418    2.922085 v _1098_/X (sky130_fd_sc_hd__and3_2)
                                                         _0448_ (net)
                      0.116738    0.000000    2.922085 v _1101_/A4 (sky130_fd_sc_hd__a41o_2)
    11    0.026017    0.170953    0.653746    3.575831 v _1101_/X (sky130_fd_sc_hd__a41o_2)
                                                         _0451_ (net)
                      0.170953    0.000000    3.575831 v _1102_/B1 (sky130_fd_sc_hd__o21a_2)
     1    0.001625    0.052792    0.257820    3.833652 v _1102_/X (sky130_fd_sc_hd__o21a_2)
                                                         _0431_ (net)
                      0.052792    0.000000    3.833652 v _1700_/A (sky130_fd_sc_hd__buf_2)
     1    0.001838    0.040263    0.219966    4.053617 v _1700_/X (sky130_fd_sc_hd__buf_2)
                                                         _1080_ (net)
                      0.040263    0.000000    4.053617 v _1572_/D (sky130_fd_sc_hd__dfrtp_2)
                                              4.053617   data arrival time

                      0.150000   10.000000   10.000000   clock clk (rise edge)
                                  0.000000   10.000000   clock network delay (ideal)
                                 -0.250000    9.750000   clock uncertainty
                                  0.000000    9.750000   clock reconvergence pessimism
                                              9.750000 ^ _1572_/CLK (sky130_fd_sc_hd__dfrtp_2)
                                 -0.242883    9.507117   library setup time
                                              9.507117   data required time
---------------------------------------------------------------------------------------------
                                              9.507117   data required time
                                             -4.053617   data arrival time
---------------------------------------------------------------------------------------------
                                              5.453500   slack (MET)


Startpoint: reset (input port clocked by clk)
Endpoint: _1444_ (rising edge-triggered flip-flop clocked by clk)
Path Group: clk
Path Type: max

Fanout         Cap        Slew       Delay        Time   Description
---------------------------------------------------------------------------------------------
                      0.150000    0.000000    0.000000   clock clk (rise edge)
                                  0.000000    0.000000   clock network delay (ideal)
                                  2.000000    2.000000 ^ input external delay
     1    0.001753    0.025900    0.010755    2.010755 ^ reset (in)
                                                         reset (net)
                      0.025900    0.000000    2.010755 ^ _1826_/A (sky130_fd_sc_hd__buf_2)
    14    0.064575    0.501093    0.508678    2.519432 ^ _1826_/X (sky130_fd_sc_hd__buf_2)
                                                         _0629_ (net)
                      0.501093    0.000000    2.519432 ^ _1090_/A (sky130_fd_sc_hd__inv_2)
    71    0.099477    0.439464    0.582335    3.101767 v _1090_/Y (sky130_fd_sc_hd__inv_2)
                                                         _0291_ (net)
                      0.439464    0.000000    3.101767 v _1263_/B (sky130_fd_sc_hd__and2_2)
     1    0.001625    0.065174    0.596083    3.697850 v _1263_/X (sky130_fd_sc_hd__and2_2)
                                                         _0303_ (net)
                      0.065174    0.000000    3.697850 v _1865_/A (sky130_fd_sc_hd__buf_2)
     1    0.001577    0.038942    0.224019    3.921870 v _1865_/X (sky130_fd_sc_hd__buf_2)
                                                         _0890_ (net)
                      0.038942    0.000000    3.921870 v _1444_/D (sky130_fd_sc_hd__dfxtp_2)
                                              3.921870   data arrival time

                      0.150000   10.000000   10.000000   clock clk (rise edge)
                                  0.000000   10.000000   clock network delay (ideal)
                                 -0.250000    9.750000   clock uncertainty
                                  0.000000    9.750000   clock reconvergence pessimism
                                              9.750000 ^ _1444_/CLK (sky130_fd_sc_hd__dfxtp_2)
                                 -0.239826    9.510174   library setup time
                                              9.510174   data required time
---------------------------------------------------------------------------------------------
                                              9.510174   data required time
                                             -3.921870   data arrival time
---------------------------------------------------------------------------------------------
                                              5.588304   slack (MET)


Startpoint: reset (input port clocked by clk)
Endpoint: _1445_ (rising edge-triggered flip-flop clocked by clk)
Path Group: clk
Path Type: max

Fanout         Cap        Slew       Delay        Time   Description
---------------------------------------------------------------------------------------------
                      0.150000    0.000000    0.000000   clock clk (rise edge)
                                  0.000000    0.000000   clock network delay (ideal)
                                  2.000000    2.000000 ^ input external delay
     1    0.001753    0.025900    0.010755    2.010755 ^ reset (in)
                                                         reset (net)
                      0.025900    0.000000    2.010755 ^ _1826_/A (sky130_fd_sc_hd__buf_2)
    14    0.064575    0.501093    0.508678    2.519432 ^ _1826_/X (sky130_fd_sc_hd__buf_2)
                                                         _0629_ (net)
                      0.501093    0.000000    2.519432 ^ _1090_/A (sky130_fd_sc_hd__inv_2)
    71    0.099477    0.439464    0.582335    3.101767 v _1090_/Y (sky130_fd_sc_hd__inv_2)
                                                         _0291_ (net)
                      0.439464    0.000000    3.101767 v _1264_/B (sky130_fd_sc_hd__and2_2)
     1    0.001625    0.065174    0.596083    3.697850 v _1264_/X (sky130_fd_sc_hd__and2_2)
                                                         _0304_ (net)
                      0.065174    0.000000    3.697850 v _1866_/A (sky130_fd_sc_hd__buf_2)
     1    0.001577    0.038942    0.224019    3.921870 v _1866_/X (sky130_fd_sc_hd__buf_2)
                                                         _0892_ (net)
                      0.038942    0.000000    3.921870 v _1445_/D (sky130_fd_sc_hd__dfxtp_2)
                                              3.921870   data arrival time

                      0.150000   10.000000   10.000000   clock clk (rise edge)
                                  0.000000   10.000000   clock network delay (ideal)
                                 -0.250000    9.750000   clock uncertainty
                                  0.000000    9.750000   clock reconvergence pessimism
                                              9.750000 ^ _1445_/CLK (sky130_fd_sc_hd__dfxtp_2)
                                 -0.239826    9.510174   library setup time
                                              9.510174   data required time
---------------------------------------------------------------------------------------------
                                              9.510174   data required time
                                             -3.921870   data arrival time
---------------------------------------------------------------------------------------------
                                              5.588304   slack (MET)


Startpoint: reset (input port clocked by clk)
Endpoint: _1467_ (rising edge-triggered flip-flop clocked by clk)
Path Group: clk
Path Type: max

Fanout         Cap        Slew       Delay        Time   Description
---------------------------------------------------------------------------------------------
                      0.150000    0.000000    0.000000   clock clk (rise edge)
                                  0.000000    0.000000   clock network delay (ideal)
                                  2.000000    2.000000 ^ input external delay
     1    0.001753    0.025900    0.010755    2.010755 ^ reset (in)
                                                         reset (net)
                      0.025900    0.000000    2.010755 ^ _1826_/A (sky130_fd_sc_hd__buf_2)
    14    0.064575    0.501093    0.508678    2.519432 ^ _1826_/X (sky130_fd_sc_hd__buf_2)
                                                         _0629_ (net)
                      0.501093    0.000000    2.519432 ^ _1090_/A (sky130_fd_sc_hd__inv_2)
    71    0.099477    0.439464    0.582335    3.101767 v _1090_/Y (sky130_fd_sc_hd__inv_2)
                                                         _0291_ (net)
                      0.439464    0.000000    3.101767 v _1288_/B (sky130_fd_sc_hd__and2_2)
     1    0.001625    0.065174    0.596083    3.697850 v _1288_/X (sky130_fd_sc_hd__and2_2)
                                                         _0326_ (net)
                      0.065174    0.000000    3.697850 v _1888_/A (sky130_fd_sc_hd__buf_2)
     1    0.001577    0.038942    0.224019    3.921870 v _1888_/X (sky130_fd_sc_hd__buf_2)
                                                         _0936_ (net)
                      0.038942    0.000000    3.921870 v _1467_/D (sky130_fd_sc_hd__dfxtp_2)
                                              3.921870   data arrival time

                      0.150000   10.000000   10.000000   clock clk (rise edge)
                                  0.000000   10.000000   clock network delay (ideal)
                                 -0.250000    9.750000   clock uncertainty
                                  0.000000    9.750000   clock reconvergence pessimism
                                              9.750000 ^ _1467_/CLK (sky130_fd_sc_hd__dfxtp_2)
                                 -0.239826    9.510174   library setup time
                                              9.510174   data required time
---------------------------------------------------------------------------------------------
                                              9.510174   data required time
                                             -3.921870   data arrival time
---------------------------------------------------------------------------------------------
                                              5.588304   slack (MET)


Startpoint: reset (input port clocked by clk)
Endpoint: _1468_ (rising edge-triggered flip-flop clocked by clk)
Path Group: clk
Path Type: max

Fanout         Cap        Slew       Delay        Time   Description
---------------------------------------------------------------------------------------------
                      0.150000    0.000000    0.000000   clock clk (rise edge)
                                  0.000000    0.000000   clock network delay (ideal)
                                  2.000000    2.000000 ^ input external delay
     1    0.001753    0.025900    0.010755    2.010755 ^ reset (in)
                                                         reset (net)
                      0.025900    0.000000    2.010755 ^ _1826_/A (sky130_fd_sc_hd__buf_2)
    14    0.064575    0.501093    0.508678    2.519432 ^ _1826_/X (sky130_fd_sc_hd__buf_2)
                                                         _0629_ (net)
                      0.501093    0.000000    2.519432 ^ _1090_/A (sky130_fd_sc_hd__inv_2)
    71    0.099477    0.439464    0.582335    3.101767 v _1090_/Y (sky130_fd_sc_hd__inv_2)
                                                         _0291_ (net)
                      0.439464    0.000000    3.101767 v _1289_/B (sky130_fd_sc_hd__and2_2)
     1    0.001625    0.065174    0.596083    3.697850 v _1289_/X (sky130_fd_sc_hd__and2_2)
                                                         _0327_ (net)
                      0.065174    0.000000    3.697850 v _1889_/A (sky130_fd_sc_hd__buf_2)
     1    0.001577    0.038942    0.224019    3.921870 v _1889_/X (sky130_fd_sc_hd__buf_2)
                                                         _0938_ (net)
                      0.038942    0.000000    3.921870 v _1468_/D (sky130_fd_sc_hd__dfxtp_2)
                                              3.921870   data arrival time

                      0.150000   10.000000   10.000000   clock clk (rise edge)
                                  0.000000   10.000000   clock network delay (ideal)
                                 -0.250000    9.750000   clock uncertainty
                                  0.000000    9.750000   clock reconvergence pessimism
                                              9.750000 ^ _1468_/CLK (sky130_fd_sc_hd__dfxtp_2)
                                 -0.239826    9.510174   library setup time
                                              9.510174   data required time
---------------------------------------------------------------------------------------------
                                              9.510174   data required time
                                             -3.921870   data arrival time
---------------------------------------------------------------------------------------------
                                              5.588304   slack (MET)


Startpoint: reset (input port clocked by clk)
Endpoint: _1469_ (rising edge-triggered flip-flop clocked by clk)
Path Group: clk
Path Type: max

Fanout         Cap        Slew       Delay        Time   Description
---------------------------------------------------------------------------------------------
                      0.150000    0.000000    0.000000   clock clk (rise edge)
                                  0.000000    0.000000   clock network delay (ideal)
                                  2.000000    2.000000 ^ input external delay
     1    0.001753    0.025900    0.010755    2.010755 ^ reset (in)
                                                         reset (net)
                      0.025900    0.000000    2.010755 ^ _1826_/A (sky130_fd_sc_hd__buf_2)
    14    0.064575    0.501093    0.508678    2.519432 ^ _1826_/X (sky130_fd_sc_hd__buf_2)
                                                         _0629_ (net)
                      0.501093    0.000000    2.519432 ^ _1090_/A (sky130_fd_sc_hd__inv_2)
    71    0.099477    0.439464    0.582335    3.101767 v _1090_/Y (sky130_fd_sc_hd__inv_2)
                                                         _0291_ (net)
                      0.439464    0.000000    3.101767 v _1290_/B (sky130_fd_sc_hd__and2_2)
     1    0.001625    0.065174    0.596083    3.697850 v _1290_/X (sky130_fd_sc_hd__and2_2)
                                                         _0328_ (net)
                      0.065174    0.000000    3.697850 v _1890_/A (sky130_fd_sc_hd__buf_2)
     1    0.001577    0.038942    0.224019    3.921870 v _1890_/X (sky130_fd_sc_hd__buf_2)
                                                         _0940_ (net)
                      0.038942    0.000000    3.921870 v _1469_/D (sky130_fd_sc_hd__dfxtp_2)
                                              3.921870   data arrival time

                      0.150000   10.000000   10.000000   clock clk (rise edge)
                                  0.000000   10.000000   clock network delay (ideal)
                                 -0.250000    9.750000   clock uncertainty
                                  0.000000    9.750000   clock reconvergence pessimism
                                              9.750000 ^ _1469_/CLK (sky130_fd_sc_hd__dfxtp_2)
                                 -0.239826    9.510174   library setup time
                                              9.510174   data required time
---------------------------------------------------------------------------------------------
                                              9.510174   data required time
                                             -3.921870   data arrival time
---------------------------------------------------------------------------------------------
                                              5.588304   slack (MET)


Startpoint: reset (input port clocked by clk)
Endpoint: _1470_ (rising edge-triggered flip-flop clocked by clk)
Path Group: clk
Path Type: max

Fanout         Cap        Slew       Delay        Time   Description
---------------------------------------------------------------------------------------------
                      0.150000    0.000000    0.000000   clock clk (rise edge)
                                  0.000000    0.000000   clock network delay (ideal)
                                  2.000000    2.000000 ^ input external delay
     1    0.001753    0.025900    0.010755    2.010755 ^ reset (in)
                                                         reset (net)
                      0.025900    0.000000    2.010755 ^ _1826_/A (sky130_fd_sc_hd__buf_2)
    14    0.064575    0.501093    0.508678    2.519432 ^ _1826_/X (sky130_fd_sc_hd__buf_2)
                                                         _0629_ (net)
                      0.501093    0.000000    2.519432 ^ _1090_/A (sky130_fd_sc_hd__inv_2)
    71    0.099477    0.439464    0.582335    3.101767 v _1090_/Y (sky130_fd_sc_hd__inv_2)
                                                         _0291_ (net)
                      0.439464    0.000000    3.101767 v _1291_/B (sky130_fd_sc_hd__and2_2)
     1    0.001625    0.065174    0.596083    3.697850 v _1291_/X (sky130_fd_sc_hd__and2_2)
                                                         _0329_ (net)
                      0.065174    0.000000    3.697850 v _1891_/A (sky130_fd_sc_hd__buf_2)
     1    0.001577    0.038942    0.224019    3.921870 v _1891_/X (sky130_fd_sc_hd__buf_2)
                                                         _0942_ (net)
                      0.038942    0.000000    3.921870 v _1470_/D (sky130_fd_sc_hd__dfxtp_2)
                                              3.921870   data arrival time

                      0.150000   10.000000   10.000000   clock clk (rise edge)
                                  0.000000   10.000000   clock network delay (ideal)
                                 -0.250000    9.750000   clock uncertainty
                                  0.000000    9.750000   clock reconvergence pessimism
                                              9.750000 ^ _1470_/CLK (sky130_fd_sc_hd__dfxtp_2)
                                 -0.239826    9.510174   library setup time
                                              9.510174   data required time
---------------------------------------------------------------------------------------------
                                              9.510174   data required time
                                             -3.921870   data arrival time
---------------------------------------------------------------------------------------------
                                              5.588304   slack (MET)


Startpoint: reset (input port clocked by clk)
Endpoint: _1471_ (rising edge-triggered flip-flop clocked by clk)
Path Group: clk
Path Type: max

Fanout         Cap        Slew       Delay        Time   Description
---------------------------------------------------------------------------------------------
                      0.150000    0.000000    0.000000   clock clk (rise edge)
                                  0.000000    0.000000   clock network delay (ideal)
                                  2.000000    2.000000 ^ input external delay
     1    0.001753    0.025900    0.010755    2.010755 ^ reset (in)
                                                         reset (net)
                      0.025900    0.000000    2.010755 ^ _1826_/A (sky130_fd_sc_hd__buf_2)
    14    0.064575    0.501093    0.508678    2.519432 ^ _1826_/X (sky130_fd_sc_hd__buf_2)
                                                         _0629_ (net)
                      0.501093    0.000000    2.519432 ^ _1090_/A (sky130_fd_sc_hd__inv_2)
    71    0.099477    0.439464    0.582335    3.101767 v _1090_/Y (sky130_fd_sc_hd__inv_2)
                                                         _0291_ (net)
                      0.439464    0.000000    3.101767 v _1292_/B (sky130_fd_sc_hd__and2_2)
     1    0.001625    0.065174    0.596083    3.697850 v _1292_/X (sky130_fd_sc_hd__and2_2)
                                                         _0330_ (net)
                      0.065174    0.000000    3.697850 v _1892_/A (sky130_fd_sc_hd__buf_2)
     1    0.001577    0.038942    0.224019    3.921870 v _1892_/X (sky130_fd_sc_hd__buf_2)
                                                         _0944_ (net)
                      0.038942    0.000000    3.921870 v _1471_/D (sky130_fd_sc_hd__dfxtp_2)
                                              3.921870   data arrival time

                      0.150000   10.000000   10.000000   clock clk (rise edge)
                                  0.000000   10.000000   clock network delay (ideal)
                                 -0.250000    9.750000   clock uncertainty
                                  0.000000    9.750000   clock reconvergence pessimism
                                              9.750000 ^ _1471_/CLK (sky130_fd_sc_hd__dfxtp_2)
                                 -0.239826    9.510174   library setup time
                                              9.510174   data required time
---------------------------------------------------------------------------------------------
                                              9.510174   data required time
                                             -3.921870   data arrival time
---------------------------------------------------------------------------------------------
                                              5.588304   slack (MET)


Startpoint: reset (input port clocked by clk)
Endpoint: _1472_ (rising edge-triggered flip-flop clocked by clk)
Path Group: clk
Path Type: max

Fanout         Cap        Slew       Delay        Time   Description
---------------------------------------------------------------------------------------------
                      0.150000    0.000000    0.000000   clock clk (rise edge)
                                  0.000000    0.000000   clock network delay (ideal)
                                  2.000000    2.000000 ^ input external delay
     1    0.001753    0.025900    0.010755    2.010755 ^ reset (in)
                                                         reset (net)
                      0.025900    0.000000    2.010755 ^ _1826_/A (sky130_fd_sc_hd__buf_2)
    14    0.064575    0.501093    0.508678    2.519432 ^ _1826_/X (sky130_fd_sc_hd__buf_2)
                                                         _0629_ (net)
                      0.501093    0.000000    2.519432 ^ _1090_/A (sky130_fd_sc_hd__inv_2)
    71    0.099477    0.439464    0.582335    3.101767 v _1090_/Y (sky130_fd_sc_hd__inv_2)
                                                         _0291_ (net)
                      0.439464    0.000000    3.101767 v _1293_/B (sky130_fd_sc_hd__and2_2)
     1    0.001625    0.065174    0.596083    3.697850 v _1293_/X (sky130_fd_sc_hd__and2_2)
                                                         _0331_ (net)
                      0.065174    0.000000    3.697850 v _1893_/A (sky130_fd_sc_hd__buf_2)
     1    0.001577    0.038942    0.224019    3.921870 v _1893_/X (sky130_fd_sc_hd__buf_2)
                                                         _0946_ (net)
                      0.038942    0.000000    3.921870 v _1472_/D (sky130_fd_sc_hd__dfxtp_2)
                                              3.921870   data arrival time

                      0.150000   10.000000   10.000000   clock clk (rise edge)
                                  0.000000   10.000000   clock network delay (ideal)
                                 -0.250000    9.750000   clock uncertainty
                                  0.000000    9.750000   clock reconvergence pessimism
                                              9.750000 ^ _1472_/CLK (sky130_fd_sc_hd__dfxtp_2)
                                 -0.239826    9.510174   library setup time
                                              9.510174   data required time
---------------------------------------------------------------------------------------------
                                              9.510174   data required time
                                             -3.921870   data arrival time
---------------------------------------------------------------------------------------------
                                              5.588304   slack (MET)


Startpoint: reset (input port clocked by clk)
Endpoint: _1473_ (rising edge-triggered flip-flop clocked by clk)
Path Group: clk
Path Type: max

Fanout         Cap        Slew       Delay        Time   Description
---------------------------------------------------------------------------------------------
                      0.150000    0.000000    0.000000   clock clk (rise edge)
                                  0.000000    0.000000   clock network delay (ideal)
                                  2.000000    2.000000 ^ input external delay
     1    0.001753    0.025900    0.010755    2.010755 ^ reset (in)
                                                         reset (net)
                      0.025900    0.000000    2.010755 ^ _1826_/A (sky130_fd_sc_hd__buf_2)
    14    0.064575    0.501093    0.508678    2.519432 ^ _1826_/X (sky130_fd_sc_hd__buf_2)
                                                         _0629_ (net)
                      0.501093    0.000000    2.519432 ^ _1090_/A (sky130_fd_sc_hd__inv_2)
    71    0.099477    0.439464    0.582335    3.101767 v _1090_/Y (sky130_fd_sc_hd__inv_2)
                                                         _0291_ (net)
                      0.439464    0.000000    3.101767 v _1294_/B (sky130_fd_sc_hd__and2_2)
     1    0.001625    0.065174    0.596083    3.697850 v _1294_/X (sky130_fd_sc_hd__and2_2)
                                                         _0332_ (net)
                      0.065174    0.000000    3.697850 v _1894_/A (sky130_fd_sc_hd__buf_2)
     1    0.001577    0.038942    0.224019    3.921870 v _1894_/X (sky130_fd_sc_hd__buf_2)
                                                         _0948_ (net)
                      0.038942    0.000000    3.921870 v _1473_/D (sky130_fd_sc_hd__dfxtp_2)
                                              3.921870   data arrival time

                      0.150000   10.000000   10.000000   clock clk (rise edge)
                                  0.000000   10.000000   clock network delay (ideal)
                                 -0.250000    9.750000   clock uncertainty
                                  0.000000    9.750000   clock reconvergence pessimism
                                              9.750000 ^ _1473_/CLK (sky130_fd_sc_hd__dfxtp_2)
                                 -0.239826    9.510174   library setup time
                                              9.510174   data required time
---------------------------------------------------------------------------------------------
                                              9.510174   data required time
                                             -3.921870   data arrival time
---------------------------------------------------------------------------------------------
                                              5.588304   slack (MET)


Startpoint: reset (input port clocked by clk)
Endpoint: _1474_ (rising edge-triggered flip-flop clocked by clk)
Path Group: clk
Path Type: max

Fanout         Cap        Slew       Delay        Time   Description
---------------------------------------------------------------------------------------------
                      0.150000    0.000000    0.000000   clock clk (rise edge)
                                  0.000000    0.000000   clock network delay (ideal)
                                  2.000000    2.000000 ^ input external delay
     1    0.001753    0.025900    0.010755    2.010755 ^ reset (in)
                                                         reset (net)
                      0.025900    0.000000    2.010755 ^ _1826_/A (sky130_fd_sc_hd__buf_2)
    14    0.064575    0.501093    0.508678    2.519432 ^ _1826_/X (sky130_fd_sc_hd__buf_2)
                                                         _0629_ (net)
                      0.501093    0.000000    2.519432 ^ _1090_/A (sky130_fd_sc_hd__inv_2)
    71    0.099477    0.439464    0.582335    3.101767 v _1090_/Y (sky130_fd_sc_hd__inv_2)
                                                         _0291_ (net)
                      0.439464    0.000000    3.101767 v _1295_/B (sky130_fd_sc_hd__and2_2)
     1    0.001625    0.065174    0.596083    3.697850 v _1295_/X (sky130_fd_sc_hd__and2_2)
                                                         _0333_ (net)
                      0.065174    0.000000    3.697850 v _1895_/A (sky130_fd_sc_hd__buf_2)
     1    0.001577    0.038942    0.224019    3.921870 v _1895_/X (sky130_fd_sc_hd__buf_2)
                                                         _0950_ (net)
                      0.038942    0.000000    3.921870 v _1474_/D (sky130_fd_sc_hd__dfxtp_2)
                                              3.921870   data arrival time

                      0.150000   10.000000   10.000000   clock clk (rise edge)
                                  0.000000   10.000000   clock network delay (ideal)
                                 -0.250000    9.750000   clock uncertainty
                                  0.000000    9.750000   clock reconvergence pessimism
                                              9.750000 ^ _1474_/CLK (sky130_fd_sc_hd__dfxtp_2)
                                 -0.239826    9.510174   library setup time
                                              9.510174   data required time
---------------------------------------------------------------------------------------------
                                              9.510174   data required time
                                             -3.921870   data arrival time
---------------------------------------------------------------------------------------------
                                              5.588304   slack (MET)


Startpoint: reset (input port clocked by clk)
Endpoint: _1475_ (rising edge-triggered flip-flop clocked by clk)
Path Group: clk
Path Type: max

Fanout         Cap        Slew       Delay        Time   Description
---------------------------------------------------------------------------------------------
                      0.150000    0.000000    0.000000   clock clk (rise edge)
                                  0.000000    0.000000   clock network delay (ideal)
                                  2.000000    2.000000 ^ input external delay
     1    0.001753    0.025900    0.010755    2.010755 ^ reset (in)
                                                         reset (net)
                      0.025900    0.000000    2.010755 ^ _1826_/A (sky130_fd_sc_hd__buf_2)
    14    0.064575    0.501093    0.508678    2.519432 ^ _1826_/X (sky130_fd_sc_hd__buf_2)
                                                         _0629_ (net)
                      0.501093    0.000000    2.519432 ^ _1090_/A (sky130_fd_sc_hd__inv_2)
    71    0.099477    0.439464    0.582335    3.101767 v _1090_/Y (sky130_fd_sc_hd__inv_2)
                                                         _0291_ (net)
                      0.439464    0.000000    3.101767 v _1296_/B (sky130_fd_sc_hd__and2_2)
     1    0.001625    0.065174    0.596083    3.697850 v _1296_/X (sky130_fd_sc_hd__and2_2)
                                                         _0334_ (net)
                      0.065174    0.000000    3.697850 v _1896_/A (sky130_fd_sc_hd__buf_2)
     1    0.001577    0.038942    0.224019    3.921870 v _1896_/X (sky130_fd_sc_hd__buf_2)
                                                         _0952_ (net)
                      0.038942    0.000000    3.921870 v _1475_/D (sky130_fd_sc_hd__dfxtp_2)
                                              3.921870   data arrival time

                      0.150000   10.000000   10.000000   clock clk (rise edge)
                                  0.000000   10.000000   clock network delay (ideal)
                                 -0.250000    9.750000   clock uncertainty
                                  0.000000    9.750000   clock reconvergence pessimism
                                              9.750000 ^ _1475_/CLK (sky130_fd_sc_hd__dfxtp_2)
                                 -0.239826    9.510174   library setup time
                                              9.510174   data required time
---------------------------------------------------------------------------------------------
                                              9.510174   data required time
                                             -3.921870   data arrival time
---------------------------------------------------------------------------------------------
                                              5.588304   slack (MET)


Startpoint: reset (input port clocked by clk)
Endpoint: _1476_ (rising edge-triggered flip-flop clocked by clk)
Path Group: clk
Path Type: max

Fanout         Cap        Slew       Delay        Time   Description
---------------------------------------------------------------------------------------------
                      0.150000    0.000000    0.000000   clock clk (rise edge)
                                  0.000000    0.000000   clock network delay (ideal)
                                  2.000000    2.000000 ^ input external delay
     1    0.001753    0.025900    0.010755    2.010755 ^ reset (in)
                                                         reset (net)
                      0.025900    0.000000    2.010755 ^ _1826_/A (sky130_fd_sc_hd__buf_2)
    14    0.064575    0.501093    0.508678    2.519432 ^ _1826_/X (sky130_fd_sc_hd__buf_2)
                                                         _0629_ (net)
                      0.501093    0.000000    2.519432 ^ _1090_/A (sky130_fd_sc_hd__inv_2)
    71    0.099477    0.439464    0.582335    3.101767 v _1090_/Y (sky130_fd_sc_hd__inv_2)
                                                         _0291_ (net)
                      0.439464    0.000000    3.101767 v _1297_/B (sky130_fd_sc_hd__and2_2)
     1    0.001625    0.065174    0.596083    3.697850 v _1297_/X (sky130_fd_sc_hd__and2_2)
                                                         _0335_ (net)
                      0.065174    0.000000    3.697850 v _1897_/A (sky130_fd_sc_hd__buf_2)
     1    0.001577    0.038942    0.224019    3.921870 v _1897_/X (sky130_fd_sc_hd__buf_2)
                                                         _0954_ (net)
                      0.038942    0.000000    3.921870 v _1476_/D (sky130_fd_sc_hd__dfxtp_2)
                                              3.921870   data arrival time

                      0.150000   10.000000   10.000000   clock clk (rise edge)
                                  0.000000   10.000000   clock network delay (ideal)
                                 -0.250000    9.750000   clock uncertainty
                                  0.000000    9.750000   clock reconvergence pessimism
                                              9.750000 ^ _1476_/CLK (sky130_fd_sc_hd__dfxtp_2)
                                 -0.239826    9.510174   library setup time
                                              9.510174   data required time
---------------------------------------------------------------------------------------------
                                              9.510174   data required time
                                             -3.921870   data arrival time
---------------------------------------------------------------------------------------------
                                              5.588304   slack (MET)


Startpoint: reset (input port clocked by clk)
Endpoint: _1477_ (rising edge-triggered flip-flop clocked by clk)
Path Group: clk
Path Type: max

Fanout         Cap        Slew       Delay        Time   Description
---------------------------------------------------------------------------------------------
                      0.150000    0.000000    0.000000   clock clk (rise edge)
                                  0.000000    0.000000   clock network delay (ideal)
                                  2.000000    2.000000 ^ input external delay
     1    0.001753    0.025900    0.010755    2.010755 ^ reset (in)
                                                         reset (net)
                      0.025900    0.000000    2.010755 ^ _1826_/A (sky130_fd_sc_hd__buf_2)
    14    0.064575    0.501093    0.508678    2.519432 ^ _1826_/X (sky130_fd_sc_hd__buf_2)
                                                         _0629_ (net)
                      0.501093    0.000000    2.519432 ^ _1090_/A (sky130_fd_sc_hd__inv_2)
    71    0.099477    0.439464    0.582335    3.101767 v _1090_/Y (sky130_fd_sc_hd__inv_2)
                                                         _0291_ (net)
                      0.439464    0.000000    3.101767 v _1298_/B (sky130_fd_sc_hd__and2_2)
     1    0.001625    0.065174    0.596083    3.697850 v _1298_/X (sky130_fd_sc_hd__and2_2)
                                                         _0336_ (net)
                      0.065174    0.000000    3.697850 v _1898_/A (sky130_fd_sc_hd__buf_2)
     1    0.001577    0.038942    0.224019    3.921870 v _1898_/X (sky130_fd_sc_hd__buf_2)
                                                         _0956_ (net)
                      0.038942    0.000000    3.921870 v _1477_/D (sky130_fd_sc_hd__dfxtp_2)
                                              3.921870   data arrival time

                      0.150000   10.000000   10.000000   clock clk (rise edge)
                                  0.000000   10.000000   clock network delay (ideal)
                                 -0.250000    9.750000   clock uncertainty
                                  0.000000    9.750000   clock reconvergence pessimism
                                              9.750000 ^ _1477_/CLK (sky130_fd_sc_hd__dfxtp_2)
                                 -0.239826    9.510174   library setup time
                                              9.510174   data required time
---------------------------------------------------------------------------------------------
                                              9.510174   data required time
                                             -3.921870   data arrival time
---------------------------------------------------------------------------------------------
                                              5.588304   slack (MET)


Startpoint: reset (input port clocked by clk)
Endpoint: _1478_ (rising edge-triggered flip-flop clocked by clk)
Path Group: clk
Path Type: max

Fanout         Cap        Slew       Delay        Time   Description
---------------------------------------------------------------------------------------------
                      0.150000    0.000000    0.000000   clock clk (rise edge)
                                  0.000000    0.000000   clock network delay (ideal)
                                  2.000000    2.000000 ^ input external delay
     1    0.001753    0.025900    0.010755    2.010755 ^ reset (in)
                                                         reset (net)
                      0.025900    0.000000    2.010755 ^ _1826_/A (sky130_fd_sc_hd__buf_2)
    14    0.064575    0.501093    0.508678    2.519432 ^ _1826_/X (sky130_fd_sc_hd__buf_2)
                                                         _0629_ (net)
                      0.501093    0.000000    2.519432 ^ _1090_/A (sky130_fd_sc_hd__inv_2)
    71    0.099477    0.439464    0.582335    3.101767 v _1090_/Y (sky130_fd_sc_hd__inv_2)
                                                         _0291_ (net)
                      0.439464    0.000000    3.101767 v _1299_/B (sky130_fd_sc_hd__and2_2)
     1    0.001625    0.065174    0.596083    3.697850 v _1299_/X (sky130_fd_sc_hd__and2_2)
                                                         _0337_ (net)
                      0.065174    0.000000    3.697850 v _1899_/A (sky130_fd_sc_hd__buf_2)
     1    0.001577    0.038942    0.224019    3.921870 v _1899_/X (sky130_fd_sc_hd__buf_2)
                                                         _0958_ (net)
                      0.038942    0.000000    3.921870 v _1478_/D (sky130_fd_sc_hd__dfxtp_2)
                                              3.921870   data arrival time

                      0.150000   10.000000   10.000000   clock clk (rise edge)
                                  0.000000   10.000000   clock network delay (ideal)
                                 -0.250000    9.750000   clock uncertainty
                                  0.000000    9.750000   clock reconvergence pessimism
                                              9.750000 ^ _1478_/CLK (sky130_fd_sc_hd__dfxtp_2)
                                 -0.239826    9.510174   library setup time
                                              9.510174   data required time
---------------------------------------------------------------------------------------------
                                              9.510174   data required time
                                             -3.921870   data arrival time
---------------------------------------------------------------------------------------------
                                              5.588304   slack (MET)


Startpoint: reset (input port clocked by clk)
Endpoint: _1479_ (rising edge-triggered flip-flop clocked by clk)
Path Group: clk
Path Type: max

Fanout         Cap        Slew       Delay        Time   Description
---------------------------------------------------------------------------------------------
                      0.150000    0.000000    0.000000   clock clk (rise edge)
                                  0.000000    0.000000   clock network delay (ideal)
                                  2.000000    2.000000 ^ input external delay
     1    0.001753    0.025900    0.010755    2.010755 ^ reset (in)
                                                         reset (net)
                      0.025900    0.000000    2.010755 ^ _1826_/A (sky130_fd_sc_hd__buf_2)
    14    0.064575    0.501093    0.508678    2.519432 ^ _1826_/X (sky130_fd_sc_hd__buf_2)
                                                         _0629_ (net)
                      0.501093    0.000000    2.519432 ^ _1090_/A (sky130_fd_sc_hd__inv_2)
    71    0.099477    0.439464    0.582335    3.101767 v _1090_/Y (sky130_fd_sc_hd__inv_2)
                                                         _0291_ (net)
                      0.439464    0.000000    3.101767 v _1300_/B (sky130_fd_sc_hd__and2_2)
     1    0.001625    0.065174    0.596083    3.697850 v _1300_/X (sky130_fd_sc_hd__and2_2)
                                                         _0338_ (net)
                      0.065174    0.000000    3.697850 v _1900_/A (sky130_fd_sc_hd__buf_2)
     1    0.001577    0.038942    0.224019    3.921870 v _1900_/X (sky130_fd_sc_hd__buf_2)
                                                         _0960_ (net)
                      0.038942    0.000000    3.921870 v _1479_/D (sky130_fd_sc_hd__dfxtp_2)
                                              3.921870   data arrival time

                      0.150000   10.000000   10.000000   clock clk (rise edge)
                                  0.000000   10.000000   clock network delay (ideal)
                                 -0.250000    9.750000   clock uncertainty
                                  0.000000    9.750000   clock reconvergence pessimism
                                              9.750000 ^ _1479_/CLK (sky130_fd_sc_hd__dfxtp_2)
                                 -0.239826    9.510174   library setup time
                                              9.510174   data required time
---------------------------------------------------------------------------------------------
                                              9.510174   data required time
                                             -3.921870   data arrival time
---------------------------------------------------------------------------------------------
                                              5.588304   slack (MET)


Startpoint: reset (input port clocked by clk)
Endpoint: _1480_ (rising edge-triggered flip-flop clocked by clk)
Path Group: clk
Path Type: max

Fanout         Cap        Slew       Delay        Time   Description
---------------------------------------------------------------------------------------------
                      0.150000    0.000000    0.000000   clock clk (rise edge)
                                  0.000000    0.000000   clock network delay (ideal)
                                  2.000000    2.000000 ^ input external delay
     1    0.001753    0.025900    0.010755    2.010755 ^ reset (in)
                                                         reset (net)
                      0.025900    0.000000    2.010755 ^ _1826_/A (sky130_fd_sc_hd__buf_2)
    14    0.064575    0.501093    0.508678    2.519432 ^ _1826_/X (sky130_fd_sc_hd__buf_2)
                                                         _0629_ (net)
                      0.501093    0.000000    2.519432 ^ _1090_/A (sky130_fd_sc_hd__inv_2)
    71    0.099477    0.439464    0.582335    3.101767 v _1090_/Y (sky130_fd_sc_hd__inv_2)
                                                         _0291_ (net)
                      0.439464    0.000000    3.101767 v _1301_/B (sky130_fd_sc_hd__and2_2)
     1    0.001625    0.065174    0.596083    3.697850 v _1301_/X (sky130_fd_sc_hd__and2_2)
                                                         _0339_ (net)
                      0.065174    0.000000    3.697850 v _1901_/A (sky130_fd_sc_hd__buf_2)
     1    0.001577    0.038942    0.224019    3.921870 v _1901_/X (sky130_fd_sc_hd__buf_2)
                                                         _0962_ (net)
                      0.038942    0.000000    3.921870 v _1480_/D (sky130_fd_sc_hd__dfxtp_2)
                                              3.921870   data arrival time

                      0.150000   10.000000   10.000000   clock clk (rise edge)
                                  0.000000   10.000000   clock network delay (ideal)
                                 -0.250000    9.750000   clock uncertainty
                                  0.000000    9.750000   clock reconvergence pessimism
                                              9.750000 ^ _1480_/CLK (sky130_fd_sc_hd__dfxtp_2)
                                 -0.239826    9.510174   library setup time
                                              9.510174   data required time
---------------------------------------------------------------------------------------------
                                              9.510174   data required time
                                             -3.921870   data arrival time
---------------------------------------------------------------------------------------------
                                              5.588304   slack (MET)


Startpoint: reset (input port clocked by clk)
Endpoint: _1481_ (rising edge-triggered flip-flop clocked by clk)
Path Group: clk
Path Type: max

Fanout         Cap        Slew       Delay        Time   Description
---------------------------------------------------------------------------------------------
                      0.150000    0.000000    0.000000   clock clk (rise edge)
                                  0.000000    0.000000   clock network delay (ideal)
                                  2.000000    2.000000 ^ input external delay
     1    0.001753    0.025900    0.010755    2.010755 ^ reset (in)
                                                         reset (net)
                      0.025900    0.000000    2.010755 ^ _1826_/A (sky130_fd_sc_hd__buf_2)
    14    0.064575    0.501093    0.508678    2.519432 ^ _1826_/X (sky130_fd_sc_hd__buf_2)
                                                         _0629_ (net)
                      0.501093    0.000000    2.519432 ^ _1090_/A (sky130_fd_sc_hd__inv_2)
    71    0.099477    0.439464    0.582335    3.101767 v _1090_/Y (sky130_fd_sc_hd__inv_2)
                                                         _0291_ (net)
                      0.439464    0.000000    3.101767 v _1302_/B (sky130_fd_sc_hd__and2_2)
     1    0.001625    0.065174    0.596083    3.697850 v _1302_/X (sky130_fd_sc_hd__and2_2)
                                                         _0340_ (net)
                      0.065174    0.000000    3.697850 v _1902_/A (sky130_fd_sc_hd__buf_2)
     1    0.001577    0.038942    0.224019    3.921870 v _1902_/X (sky130_fd_sc_hd__buf_2)
                                                         _0964_ (net)
                      0.038942    0.000000    3.921870 v _1481_/D (sky130_fd_sc_hd__dfxtp_2)
                                              3.921870   data arrival time

                      0.150000   10.000000   10.000000   clock clk (rise edge)
                                  0.000000   10.000000   clock network delay (ideal)
                                 -0.250000    9.750000   clock uncertainty
                                  0.000000    9.750000   clock reconvergence pessimism
                                              9.750000 ^ _1481_/CLK (sky130_fd_sc_hd__dfxtp_2)
                                 -0.239826    9.510174   library setup time
                                              9.510174   data required time
---------------------------------------------------------------------------------------------
                                              9.510174   data required time
                                             -3.921870   data arrival time
---------------------------------------------------------------------------------------------
                                              5.588304   slack (MET)


Startpoint: reset (input port clocked by clk)
Endpoint: _1482_ (rising edge-triggered flip-flop clocked by clk)
Path Group: clk
Path Type: max

Fanout         Cap        Slew       Delay        Time   Description
---------------------------------------------------------------------------------------------
                      0.150000    0.000000    0.000000   clock clk (rise edge)
                                  0.000000    0.000000   clock network delay (ideal)
                                  2.000000    2.000000 ^ input external delay
     1    0.001753    0.025900    0.010755    2.010755 ^ reset (in)
                                                         reset (net)
                      0.025900    0.000000    2.010755 ^ _1826_/A (sky130_fd_sc_hd__buf_2)
    14    0.064575    0.501093    0.508678    2.519432 ^ _1826_/X (sky130_fd_sc_hd__buf_2)
                                                         _0629_ (net)
                      0.501093    0.000000    2.519432 ^ _1090_/A (sky130_fd_sc_hd__inv_2)
    71    0.099477    0.439464    0.582335    3.101767 v _1090_/Y (sky130_fd_sc_hd__inv_2)
                                                         _0291_ (net)
                      0.439464    0.000000    3.101767 v _1303_/B (sky130_fd_sc_hd__and2_2)
     1    0.001625    0.065174    0.596083    3.697850 v _1303_/X (sky130_fd_sc_hd__and2_2)
                                                         _0341_ (net)
                      0.065174    0.000000    3.697850 v _1903_/A (sky130_fd_sc_hd__buf_2)
     1    0.001577    0.038942    0.224019    3.921870 v _1903_/X (sky130_fd_sc_hd__buf_2)
                                                         _0966_ (net)
                      0.038942    0.000000    3.921870 v _1482_/D (sky130_fd_sc_hd__dfxtp_2)
                                              3.921870   data arrival time

                      0.150000   10.000000   10.000000   clock clk (rise edge)
                                  0.000000   10.000000   clock network delay (ideal)
                                 -0.250000    9.750000   clock uncertainty
                                  0.000000    9.750000   clock reconvergence pessimism
                                              9.750000 ^ _1482_/CLK (sky130_fd_sc_hd__dfxtp_2)
                                 -0.239826    9.510174   library setup time
                                              9.510174   data required time
---------------------------------------------------------------------------------------------
                                              9.510174   data required time
                                             -3.921870   data arrival time
---------------------------------------------------------------------------------------------
                                              5.588304   slack (MET)


Startpoint: reset (input port clocked by clk)
Endpoint: _1483_ (rising edge-triggered flip-flop clocked by clk)
Path Group: clk
Path Type: max

Fanout         Cap        Slew       Delay        Time   Description
---------------------------------------------------------------------------------------------
                      0.150000    0.000000    0.000000   clock clk (rise edge)
                                  0.000000    0.000000   clock network delay (ideal)
                                  2.000000    2.000000 ^ input external delay
     1    0.001753    0.025900    0.010755    2.010755 ^ reset (in)
                                                         reset (net)
                      0.025900    0.000000    2.010755 ^ _1826_/A (sky130_fd_sc_hd__buf_2)
    14    0.064575    0.501093    0.508678    2.519432 ^ _1826_/X (sky130_fd_sc_hd__buf_2)
                                                         _0629_ (net)
                      0.501093    0.000000    2.519432 ^ _1090_/A (sky130_fd_sc_hd__inv_2)
    71    0.099477    0.439464    0.582335    3.101767 v _1090_/Y (sky130_fd_sc_hd__inv_2)
                                                         _0291_ (net)
                      0.439464    0.000000    3.101767 v _1304_/B (sky130_fd_sc_hd__and2_2)
     1    0.001625    0.065174    0.596083    3.697850 v _1304_/X (sky130_fd_sc_hd__and2_2)
                                                         _0342_ (net)
                      0.065174    0.000000    3.697850 v _1904_/A (sky130_fd_sc_hd__buf_2)
     1    0.001577    0.038942    0.224019    3.921870 v _1904_/X (sky130_fd_sc_hd__buf_2)
                                                         _0968_ (net)
                      0.038942    0.000000    3.921870 v _1483_/D (sky130_fd_sc_hd__dfxtp_2)
                                              3.921870   data arrival time

                      0.150000   10.000000   10.000000   clock clk (rise edge)
                                  0.000000   10.000000   clock network delay (ideal)
                                 -0.250000    9.750000   clock uncertainty
                                  0.000000    9.750000   clock reconvergence pessimism
                                              9.750000 ^ _1483_/CLK (sky130_fd_sc_hd__dfxtp_2)
                                 -0.239826    9.510174   library setup time
                                              9.510174   data required time
---------------------------------------------------------------------------------------------
                                              9.510174   data required time
                                             -3.921870   data arrival time
---------------------------------------------------------------------------------------------
                                              5.588304   slack (MET)


Startpoint: reset (input port clocked by clk)
Endpoint: _1484_ (rising edge-triggered flip-flop clocked by clk)
Path Group: clk
Path Type: max

Fanout         Cap        Slew       Delay        Time   Description
---------------------------------------------------------------------------------------------
                      0.150000    0.000000    0.000000   clock clk (rise edge)
                                  0.000000    0.000000   clock network delay (ideal)
                                  2.000000    2.000000 ^ input external delay
     1    0.001753    0.025900    0.010755    2.010755 ^ reset (in)
                                                         reset (net)
                      0.025900    0.000000    2.010755 ^ _1826_/A (sky130_fd_sc_hd__buf_2)
    14    0.064575    0.501093    0.508678    2.519432 ^ _1826_/X (sky130_fd_sc_hd__buf_2)
                                                         _0629_ (net)
                      0.501093    0.000000    2.519432 ^ _1090_/A (sky130_fd_sc_hd__inv_2)
    71    0.099477    0.439464    0.582335    3.101767 v _1090_/Y (sky130_fd_sc_hd__inv_2)
                                                         _0291_ (net)
                      0.439464    0.000000    3.101767 v _1305_/B (sky130_fd_sc_hd__and2_2)
     1    0.001625    0.065174    0.596083    3.697850 v _1305_/X (sky130_fd_sc_hd__and2_2)
                                                         _0343_ (net)
                      0.065174    0.000000    3.697850 v _1905_/A (sky130_fd_sc_hd__buf_2)
     1    0.001577    0.038942    0.224019    3.921870 v _1905_/X (sky130_fd_sc_hd__buf_2)
                                                         _0970_ (net)
                      0.038942    0.000000    3.921870 v _1484_/D (sky130_fd_sc_hd__dfxtp_2)
                                              3.921870   data arrival time

                      0.150000   10.000000   10.000000   clock clk (rise edge)
                                  0.000000   10.000000   clock network delay (ideal)
                                 -0.250000    9.750000   clock uncertainty
                                  0.000000    9.750000   clock reconvergence pessimism
                                              9.750000 ^ _1484_/CLK (sky130_fd_sc_hd__dfxtp_2)
                                 -0.239826    9.510174   library setup time
                                              9.510174   data required time
---------------------------------------------------------------------------------------------
                                              9.510174   data required time
                                             -3.921870   data arrival time
---------------------------------------------------------------------------------------------
                                              5.588304   slack (MET)


Startpoint: reset (input port clocked by clk)
Endpoint: _1485_ (rising edge-triggered flip-flop clocked by clk)
Path Group: clk
Path Type: max

Fanout         Cap        Slew       Delay        Time   Description
---------------------------------------------------------------------------------------------
                      0.150000    0.000000    0.000000   clock clk (rise edge)
                                  0.000000    0.000000   clock network delay (ideal)
                                  2.000000    2.000000 ^ input external delay
     1    0.001753    0.025900    0.010755    2.010755 ^ reset (in)
                                                         reset (net)
                      0.025900    0.000000    2.010755 ^ _1826_/A (sky130_fd_sc_hd__buf_2)
    14    0.064575    0.501093    0.508678    2.519432 ^ _1826_/X (sky130_fd_sc_hd__buf_2)
                                                         _0629_ (net)
                      0.501093    0.000000    2.519432 ^ _1090_/A (sky130_fd_sc_hd__inv_2)
    71    0.099477    0.439464    0.582335    3.101767 v _1090_/Y (sky130_fd_sc_hd__inv_2)
                                                         _0291_ (net)
                      0.439464    0.000000    3.101767 v _1306_/B (sky130_fd_sc_hd__and2_2)
     1    0.001625    0.065174    0.596083    3.697850 v _1306_/X (sky130_fd_sc_hd__and2_2)
                                                         _0344_ (net)
                      0.065174    0.000000    3.697850 v _1906_/A (sky130_fd_sc_hd__buf_2)
     1    0.001577    0.038942    0.224019    3.921870 v _1906_/X (sky130_fd_sc_hd__buf_2)
                                                         _0972_ (net)
                      0.038942    0.000000    3.921870 v _1485_/D (sky130_fd_sc_hd__dfxtp_2)
                                              3.921870   data arrival time

                      0.150000   10.000000   10.000000   clock clk (rise edge)
                                  0.000000   10.000000   clock network delay (ideal)
                                 -0.250000    9.750000   clock uncertainty
                                  0.000000    9.750000   clock reconvergence pessimism
                                              9.750000 ^ _1485_/CLK (sky130_fd_sc_hd__dfxtp_2)
                                 -0.239826    9.510174   library setup time
                                              9.510174   data required time
---------------------------------------------------------------------------------------------
                                              9.510174   data required time
                                             -3.921870   data arrival time
---------------------------------------------------------------------------------------------
                                              5.588304   slack (MET)


Startpoint: reset (input port clocked by clk)
Endpoint: _1486_ (rising edge-triggered flip-flop clocked by clk)
Path Group: clk
Path Type: max

Fanout         Cap        Slew       Delay        Time   Description
---------------------------------------------------------------------------------------------
                      0.150000    0.000000    0.000000   clock clk (rise edge)
                                  0.000000    0.000000   clock network delay (ideal)
                                  2.000000    2.000000 ^ input external delay
     1    0.001753    0.025900    0.010755    2.010755 ^ reset (in)
                                                         reset (net)
                      0.025900    0.000000    2.010755 ^ _1826_/A (sky130_fd_sc_hd__buf_2)
    14    0.064575    0.501093    0.508678    2.519432 ^ _1826_/X (sky130_fd_sc_hd__buf_2)
                                                         _0629_ (net)
                      0.501093    0.000000    2.519432 ^ _1090_/A (sky130_fd_sc_hd__inv_2)
    71    0.099477    0.439464    0.582335    3.101767 v _1090_/Y (sky130_fd_sc_hd__inv_2)
                                                         _0291_ (net)
                      0.439464    0.000000    3.101767 v _1307_/B (sky130_fd_sc_hd__and2_2)
     1    0.001625    0.065174    0.596083    3.697850 v _1307_/X (sky130_fd_sc_hd__and2_2)
                                                         _0345_ (net)
                      0.065174    0.000000    3.697850 v _1907_/A (sky130_fd_sc_hd__buf_2)
     1    0.001577    0.038942    0.224019    3.921870 v _1907_/X (sky130_fd_sc_hd__buf_2)
                                                         _0974_ (net)
                      0.038942    0.000000    3.921870 v _1486_/D (sky130_fd_sc_hd__dfxtp_2)
                                              3.921870   data arrival time

                      0.150000   10.000000   10.000000   clock clk (rise edge)
                                  0.000000   10.000000   clock network delay (ideal)
                                 -0.250000    9.750000   clock uncertainty
                                  0.000000    9.750000   clock reconvergence pessimism
                                              9.750000 ^ _1486_/CLK (sky130_fd_sc_hd__dfxtp_2)
                                 -0.239826    9.510174   library setup time
                                              9.510174   data required time
---------------------------------------------------------------------------------------------
                                              9.510174   data required time
                                             -3.921870   data arrival time
---------------------------------------------------------------------------------------------
                                              5.588304   slack (MET)


Startpoint: reset (input port clocked by clk)
Endpoint: _1487_ (rising edge-triggered flip-flop clocked by clk)
Path Group: clk
Path Type: max

Fanout         Cap        Slew       Delay        Time   Description
---------------------------------------------------------------------------------------------
                      0.150000    0.000000    0.000000   clock clk (rise edge)
                                  0.000000    0.000000   clock network delay (ideal)
                                  2.000000    2.000000 ^ input external delay
     1    0.001753    0.025900    0.010755    2.010755 ^ reset (in)
                                                         reset (net)
                      0.025900    0.000000    2.010755 ^ _1826_/A (sky130_fd_sc_hd__buf_2)
    14    0.064575    0.501093    0.508678    2.519432 ^ _1826_/X (sky130_fd_sc_hd__buf_2)
                                                         _0629_ (net)
                      0.501093    0.000000    2.519432 ^ _1090_/A (sky130_fd_sc_hd__inv_2)
    71    0.099477    0.439464    0.582335    3.101767 v _1090_/Y (sky130_fd_sc_hd__inv_2)
                                                         _0291_ (net)
                      0.439464    0.000000    3.101767 v _1308_/B (sky130_fd_sc_hd__and2_2)
     1    0.001625    0.065174    0.596083    3.697850 v _1308_/X (sky130_fd_sc_hd__and2_2)
                                                         _0346_ (net)
                      0.065174    0.000000    3.697850 v _1908_/A (sky130_fd_sc_hd__buf_2)
     1    0.001577    0.038942    0.224019    3.921870 v _1908_/X (sky130_fd_sc_hd__buf_2)
                                                         _0976_ (net)
                      0.038942    0.000000    3.921870 v _1487_/D (sky130_fd_sc_hd__dfxtp_2)
                                              3.921870   data arrival time

                      0.150000   10.000000   10.000000   clock clk (rise edge)
                                  0.000000   10.000000   clock network delay (ideal)
                                 -0.250000    9.750000   clock uncertainty
                                  0.000000    9.750000   clock reconvergence pessimism
                                              9.750000 ^ _1487_/CLK (sky130_fd_sc_hd__dfxtp_2)
                                 -0.239826    9.510174   library setup time
                                              9.510174   data required time
---------------------------------------------------------------------------------------------
                                              9.510174   data required time
                                             -3.921870   data arrival time
---------------------------------------------------------------------------------------------
                                              5.588304   slack (MET)


Startpoint: reset (input port clocked by clk)
Endpoint: _1488_ (rising edge-triggered flip-flop clocked by clk)
Path Group: clk
Path Type: max

Fanout         Cap        Slew       Delay        Time   Description
---------------------------------------------------------------------------------------------
                      0.150000    0.000000    0.000000   clock clk (rise edge)
                                  0.000000    0.000000   clock network delay (ideal)
                                  2.000000    2.000000 ^ input external delay
     1    0.001753    0.025900    0.010755    2.010755 ^ reset (in)
                                                         reset (net)
                      0.025900    0.000000    2.010755 ^ _1826_/A (sky130_fd_sc_hd__buf_2)
    14    0.064575    0.501093    0.508678    2.519432 ^ _1826_/X (sky130_fd_sc_hd__buf_2)
                                                         _0629_ (net)
                      0.501093    0.000000    2.519432 ^ _1090_/A (sky130_fd_sc_hd__inv_2)
    71    0.099477    0.439464    0.582335    3.101767 v _1090_/Y (sky130_fd_sc_hd__inv_2)
                                                         _0291_ (net)
                      0.439464    0.000000    3.101767 v _1309_/B (sky130_fd_sc_hd__and2_2)
     1    0.001625    0.065174    0.596083    3.697850 v _1309_/X (sky130_fd_sc_hd__and2_2)
                                                         _0347_ (net)
                      0.065174    0.000000    3.697850 v _1909_/A (sky130_fd_sc_hd__buf_2)
     1    0.001577    0.038942    0.224019    3.921870 v _1909_/X (sky130_fd_sc_hd__buf_2)
                                                         _0978_ (net)
                      0.038942    0.000000    3.921870 v _1488_/D (sky130_fd_sc_hd__dfxtp_2)
                                              3.921870   data arrival time

                      0.150000   10.000000   10.000000   clock clk (rise edge)
                                  0.000000   10.000000   clock network delay (ideal)
                                 -0.250000    9.750000   clock uncertainty
                                  0.000000    9.750000   clock reconvergence pessimism
                                              9.750000 ^ _1488_/CLK (sky130_fd_sc_hd__dfxtp_2)
                                 -0.239826    9.510174   library setup time
                                              9.510174   data required time
---------------------------------------------------------------------------------------------
                                              9.510174   data required time
                                             -3.921870   data arrival time
---------------------------------------------------------------------------------------------
                                              5.588304   slack (MET)


Startpoint: reset (input port clocked by clk)
Endpoint: _1489_ (rising edge-triggered flip-flop clocked by clk)
Path Group: clk
Path Type: max

Fanout         Cap        Slew       Delay        Time   Description
---------------------------------------------------------------------------------------------
                      0.150000    0.000000    0.000000   clock clk (rise edge)
                                  0.000000    0.000000   clock network delay (ideal)
                                  2.000000    2.000000 ^ input external delay
     1    0.001753    0.025900    0.010755    2.010755 ^ reset (in)
                                                         reset (net)
                      0.025900    0.000000    2.010755 ^ _1826_/A (sky130_fd_sc_hd__buf_2)
    14    0.064575    0.501093    0.508678    2.519432 ^ _1826_/X (sky130_fd_sc_hd__buf_2)
                                                         _0629_ (net)
                      0.501093    0.000000    2.519432 ^ _1090_/A (sky130_fd_sc_hd__inv_2)
    71    0.099477    0.439464    0.582335    3.101767 v _1090_/Y (sky130_fd_sc_hd__inv_2)
                                                         _0291_ (net)
                      0.439464    0.000000    3.101767 v _1310_/B (sky130_fd_sc_hd__and2_2)
     1    0.001625    0.065174    0.596083    3.697850 v _1310_/X (sky130_fd_sc_hd__and2_2)
                                                         _0348_ (net)
                      0.065174    0.000000    3.697850 v _1910_/A (sky130_fd_sc_hd__buf_2)
     1    0.001577    0.038942    0.224019    3.921870 v _1910_/X (sky130_fd_sc_hd__buf_2)
                                                         _0980_ (net)
                      0.038942    0.000000    3.921870 v _1489_/D (sky130_fd_sc_hd__dfxtp_2)
                                              3.921870   data arrival time

                      0.150000   10.000000   10.000000   clock clk (rise edge)
                                  0.000000   10.000000   clock network delay (ideal)
                                 -0.250000    9.750000   clock uncertainty
                                  0.000000    9.750000   clock reconvergence pessimism
                                              9.750000 ^ _1489_/CLK (sky130_fd_sc_hd__dfxtp_2)
                                 -0.239826    9.510174   library setup time
                                              9.510174   data required time
---------------------------------------------------------------------------------------------
                                              9.510174   data required time
                                             -3.921870   data arrival time
---------------------------------------------------------------------------------------------
                                              5.588304   slack (MET)


Startpoint: reset (input port clocked by clk)
Endpoint: _1490_ (rising edge-triggered flip-flop clocked by clk)
Path Group: clk
Path Type: max

Fanout         Cap        Slew       Delay        Time   Description
---------------------------------------------------------------------------------------------
                      0.150000    0.000000    0.000000   clock clk (rise edge)
                                  0.000000    0.000000   clock network delay (ideal)
                                  2.000000    2.000000 ^ input external delay
     1    0.001753    0.025900    0.010755    2.010755 ^ reset (in)
                                                         reset (net)
                      0.025900    0.000000    2.010755 ^ _1826_/A (sky130_fd_sc_hd__buf_2)
    14    0.064575    0.501093    0.508678    2.519432 ^ _1826_/X (sky130_fd_sc_hd__buf_2)
                                                         _0629_ (net)
                      0.501093    0.000000    2.519432 ^ _1090_/A (sky130_fd_sc_hd__inv_2)
    71    0.099477    0.439464    0.582335    3.101767 v _1090_/Y (sky130_fd_sc_hd__inv_2)
                                                         _0291_ (net)
                      0.439464    0.000000    3.101767 v _1311_/B (sky130_fd_sc_hd__and2_2)
     1    0.001625    0.065174    0.596083    3.697850 v _1311_/X (sky130_fd_sc_hd__and2_2)
                                                         _0349_ (net)
                      0.065174    0.000000    3.697850 v _1911_/A (sky130_fd_sc_hd__buf_2)
     1    0.001577    0.038942    0.224019    3.921870 v _1911_/X (sky130_fd_sc_hd__buf_2)
                                                         _0982_ (net)
                      0.038942    0.000000    3.921870 v _1490_/D (sky130_fd_sc_hd__dfxtp_2)
                                              3.921870   data arrival time

                      0.150000   10.000000   10.000000   clock clk (rise edge)
                                  0.000000   10.000000   clock network delay (ideal)
                                 -0.250000    9.750000   clock uncertainty
                                  0.000000    9.750000   clock reconvergence pessimism
                                              9.750000 ^ _1490_/CLK (sky130_fd_sc_hd__dfxtp_2)
                                 -0.239826    9.510174   library setup time
                                              9.510174   data required time
---------------------------------------------------------------------------------------------
                                              9.510174   data required time
                                             -3.921870   data arrival time
---------------------------------------------------------------------------------------------
                                              5.588304   slack (MET)


Startpoint: reset (input port clocked by clk)
Endpoint: _1491_ (rising edge-triggered flip-flop clocked by clk)
Path Group: clk
Path Type: max

Fanout         Cap        Slew       Delay        Time   Description
---------------------------------------------------------------------------------------------
                      0.150000    0.000000    0.000000   clock clk (rise edge)
                                  0.000000    0.000000   clock network delay (ideal)
                                  2.000000    2.000000 ^ input external delay
     1    0.001753    0.025900    0.010755    2.010755 ^ reset (in)
                                                         reset (net)
                      0.025900    0.000000    2.010755 ^ _1826_/A (sky130_fd_sc_hd__buf_2)
    14    0.064575    0.501093    0.508678    2.519432 ^ _1826_/X (sky130_fd_sc_hd__buf_2)
                                                         _0629_ (net)
                      0.501093    0.000000    2.519432 ^ _1090_/A (sky130_fd_sc_hd__inv_2)
    71    0.099477    0.439464    0.582335    3.101767 v _1090_/Y (sky130_fd_sc_hd__inv_2)
                                                         _0291_ (net)
                      0.439464    0.000000    3.101767 v _1312_/B (sky130_fd_sc_hd__and2_2)
     1    0.001625    0.065174    0.596083    3.697850 v _1312_/X (sky130_fd_sc_hd__and2_2)
                                                         _0350_ (net)
                      0.065174    0.000000    3.697850 v _1912_/A (sky130_fd_sc_hd__buf_2)
     1    0.001577    0.038942    0.224019    3.921870 v _1912_/X (sky130_fd_sc_hd__buf_2)
                                                         _0984_ (net)
                      0.038942    0.000000    3.921870 v _1491_/D (sky130_fd_sc_hd__dfxtp_2)
                                              3.921870   data arrival time

                      0.150000   10.000000   10.000000   clock clk (rise edge)
                                  0.000000   10.000000   clock network delay (ideal)
                                 -0.250000    9.750000   clock uncertainty
                                  0.000000    9.750000   clock reconvergence pessimism
                                              9.750000 ^ _1491_/CLK (sky130_fd_sc_hd__dfxtp_2)
                                 -0.239826    9.510174   library setup time
                                              9.510174   data required time
---------------------------------------------------------------------------------------------
                                              9.510174   data required time
                                             -3.921870   data arrival time
---------------------------------------------------------------------------------------------
                                              5.588304   slack (MET)


Startpoint: reset (input port clocked by clk)
Endpoint: _1492_ (rising edge-triggered flip-flop clocked by clk)
Path Group: clk
Path Type: max

Fanout         Cap        Slew       Delay        Time   Description
---------------------------------------------------------------------------------------------
                      0.150000    0.000000    0.000000   clock clk (rise edge)
                                  0.000000    0.000000   clock network delay (ideal)
                                  2.000000    2.000000 ^ input external delay
     1    0.001753    0.025900    0.010755    2.010755 ^ reset (in)
                                                         reset (net)
                      0.025900    0.000000    2.010755 ^ _1826_/A (sky130_fd_sc_hd__buf_2)
    14    0.064575    0.501093    0.508678    2.519432 ^ _1826_/X (sky130_fd_sc_hd__buf_2)
                                                         _0629_ (net)
                      0.501093    0.000000    2.519432 ^ _1090_/A (sky130_fd_sc_hd__inv_2)
    71    0.099477    0.439464    0.582335    3.101767 v _1090_/Y (sky130_fd_sc_hd__inv_2)
                                                         _0291_ (net)
                      0.439464    0.000000    3.101767 v _1313_/B (sky130_fd_sc_hd__and2_2)
     1    0.001625    0.065174    0.596083    3.697850 v _1313_/X (sky130_fd_sc_hd__and2_2)
                                                         _0351_ (net)
                      0.065174    0.000000    3.697850 v _1913_/A (sky130_fd_sc_hd__buf_2)
     1    0.001577    0.038942    0.224019    3.921870 v _1913_/X (sky130_fd_sc_hd__buf_2)
                                                         _0986_ (net)
                      0.038942    0.000000    3.921870 v _1492_/D (sky130_fd_sc_hd__dfxtp_2)
                                              3.921870   data arrival time

                      0.150000   10.000000   10.000000   clock clk (rise edge)
                                  0.000000   10.000000   clock network delay (ideal)
                                 -0.250000    9.750000   clock uncertainty
                                  0.000000    9.750000   clock reconvergence pessimism
                                              9.750000 ^ _1492_/CLK (sky130_fd_sc_hd__dfxtp_2)
                                 -0.239826    9.510174   library setup time
                                              9.510174   data required time
---------------------------------------------------------------------------------------------
                                              9.510174   data required time
                                             -3.921870   data arrival time
---------------------------------------------------------------------------------------------
                                              5.588304   slack (MET)


Startpoint: reset (input port clocked by clk)
Endpoint: _1493_ (rising edge-triggered flip-flop clocked by clk)
Path Group: clk
Path Type: max

Fanout         Cap        Slew       Delay        Time   Description
---------------------------------------------------------------------------------------------
                      0.150000    0.000000    0.000000   clock clk (rise edge)
                                  0.000000    0.000000   clock network delay (ideal)
                                  2.000000    2.000000 ^ input external delay
     1    0.001753    0.025900    0.010755    2.010755 ^ reset (in)
                                                         reset (net)
                      0.025900    0.000000    2.010755 ^ _1826_/A (sky130_fd_sc_hd__buf_2)
    14    0.064575    0.501093    0.508678    2.519432 ^ _1826_/X (sky130_fd_sc_hd__buf_2)
                                                         _0629_ (net)
                      0.501093    0.000000    2.519432 ^ _1090_/A (sky130_fd_sc_hd__inv_2)
    71    0.099477    0.439464    0.582335    3.101767 v _1090_/Y (sky130_fd_sc_hd__inv_2)
                                                         _0291_ (net)
                      0.439464    0.000000    3.101767 v _1314_/B (sky130_fd_sc_hd__and2_2)
     1    0.001625    0.065174    0.596083    3.697850 v _1314_/X (sky130_fd_sc_hd__and2_2)
                                                         _0352_ (net)
                      0.065174    0.000000    3.697850 v _1914_/A (sky130_fd_sc_hd__buf_2)
     1    0.001577    0.038942    0.224019    3.921870 v _1914_/X (sky130_fd_sc_hd__buf_2)
                                                         _0988_ (net)
                      0.038942    0.000000    3.921870 v _1493_/D (sky130_fd_sc_hd__dfxtp_2)
                                              3.921870   data arrival time

                      0.150000   10.000000   10.000000   clock clk (rise edge)
                                  0.000000   10.000000   clock network delay (ideal)
                                 -0.250000    9.750000   clock uncertainty
                                  0.000000    9.750000   clock reconvergence pessimism
                                              9.750000 ^ _1493_/CLK (sky130_fd_sc_hd__dfxtp_2)
                                 -0.239826    9.510174   library setup time
                                              9.510174   data required time
---------------------------------------------------------------------------------------------
                                              9.510174   data required time
                                             -3.921870   data arrival time
---------------------------------------------------------------------------------------------
                                              5.588304   slack (MET)


Startpoint: reset (input port clocked by clk)
Endpoint: _1494_ (rising edge-triggered flip-flop clocked by clk)
Path Group: clk
Path Type: max

Fanout         Cap        Slew       Delay        Time   Description
---------------------------------------------------------------------------------------------
                      0.150000    0.000000    0.000000   clock clk (rise edge)
                                  0.000000    0.000000   clock network delay (ideal)
                                  2.000000    2.000000 ^ input external delay
     1    0.001753    0.025900    0.010755    2.010755 ^ reset (in)
                                                         reset (net)
                      0.025900    0.000000    2.010755 ^ _1826_/A (sky130_fd_sc_hd__buf_2)
    14    0.064575    0.501093    0.508678    2.519432 ^ _1826_/X (sky130_fd_sc_hd__buf_2)
                                                         _0629_ (net)
                      0.501093    0.000000    2.519432 ^ _1090_/A (sky130_fd_sc_hd__inv_2)
    71    0.099477    0.439464    0.582335    3.101767 v _1090_/Y (sky130_fd_sc_hd__inv_2)
                                                         _0291_ (net)
                      0.439464    0.000000    3.101767 v _1315_/B (sky130_fd_sc_hd__and2_2)
     1    0.001625    0.065174    0.596083    3.697850 v _1315_/X (sky130_fd_sc_hd__and2_2)
                                                         _0353_ (net)
                      0.065174    0.000000    3.697850 v _1915_/A (sky130_fd_sc_hd__buf_2)
     1    0.001577    0.038942    0.224019    3.921870 v _1915_/X (sky130_fd_sc_hd__buf_2)
                                                         _0990_ (net)
                      0.038942    0.000000    3.921870 v _1494_/D (sky130_fd_sc_hd__dfxtp_2)
                                              3.921870   data arrival time

                      0.150000   10.000000   10.000000   clock clk (rise edge)
                                  0.000000   10.000000   clock network delay (ideal)
                                 -0.250000    9.750000   clock uncertainty
                                  0.000000    9.750000   clock reconvergence pessimism
                                              9.750000 ^ _1494_/CLK (sky130_fd_sc_hd__dfxtp_2)
                                 -0.239826    9.510174   library setup time
                                              9.510174   data required time
---------------------------------------------------------------------------------------------
                                              9.510174   data required time
                                             -3.921870   data arrival time
---------------------------------------------------------------------------------------------
                                              5.588304   slack (MET)


Startpoint: reset (input port clocked by clk)
Endpoint: _1495_ (rising edge-triggered flip-flop clocked by clk)
Path Group: clk
Path Type: max

Fanout         Cap        Slew       Delay        Time   Description
---------------------------------------------------------------------------------------------
                      0.150000    0.000000    0.000000   clock clk (rise edge)
                                  0.000000    0.000000   clock network delay (ideal)
                                  2.000000    2.000000 ^ input external delay
     1    0.001753    0.025900    0.010755    2.010755 ^ reset (in)
                                                         reset (net)
                      0.025900    0.000000    2.010755 ^ _1826_/A (sky130_fd_sc_hd__buf_2)
    14    0.064575    0.501093    0.508678    2.519432 ^ _1826_/X (sky130_fd_sc_hd__buf_2)
                                                         _0629_ (net)
                      0.501093    0.000000    2.519432 ^ _1090_/A (sky130_fd_sc_hd__inv_2)
    71    0.099477    0.439464    0.582335    3.101767 v _1090_/Y (sky130_fd_sc_hd__inv_2)
                                                         _0291_ (net)
                      0.439464    0.000000    3.101767 v _1316_/B (sky130_fd_sc_hd__and2_2)
     1    0.001625    0.065174    0.596083    3.697850 v _1316_/X (sky130_fd_sc_hd__and2_2)
                                                         _0354_ (net)
                      0.065174    0.000000    3.697850 v _1916_/A (sky130_fd_sc_hd__buf_2)
     1    0.001577    0.038942    0.224019    3.921870 v _1916_/X (sky130_fd_sc_hd__buf_2)
                                                         _0992_ (net)
                      0.038942    0.000000    3.921870 v _1495_/D (sky130_fd_sc_hd__dfxtp_2)
                                              3.921870   data arrival time

                      0.150000   10.000000   10.000000   clock clk (rise edge)
                                  0.000000   10.000000   clock network delay (ideal)
                                 -0.250000    9.750000   clock uncertainty
                                  0.000000    9.750000   clock reconvergence pessimism
                                              9.750000 ^ _1495_/CLK (sky130_fd_sc_hd__dfxtp_2)
                                 -0.239826    9.510174   library setup time
                                              9.510174   data required time
---------------------------------------------------------------------------------------------
                                              9.510174   data required time
                                             -3.921870   data arrival time
---------------------------------------------------------------------------------------------
                                              5.588304   slack (MET)


Startpoint: reset (input port clocked by clk)
Endpoint: _1496_ (rising edge-triggered flip-flop clocked by clk)
Path Group: clk
Path Type: max

Fanout         Cap        Slew       Delay        Time   Description
---------------------------------------------------------------------------------------------
                      0.150000    0.000000    0.000000   clock clk (rise edge)
                                  0.000000    0.000000   clock network delay (ideal)
                                  2.000000    2.000000 ^ input external delay
     1    0.001753    0.025900    0.010755    2.010755 ^ reset (in)
                                                         reset (net)
                      0.025900    0.000000    2.010755 ^ _1826_/A (sky130_fd_sc_hd__buf_2)
    14    0.064575    0.501093    0.508678    2.519432 ^ _1826_/X (sky130_fd_sc_hd__buf_2)
                                                         _0629_ (net)
                      0.501093    0.000000    2.519432 ^ _1090_/A (sky130_fd_sc_hd__inv_2)
    71    0.099477    0.439464    0.582335    3.101767 v _1090_/Y (sky130_fd_sc_hd__inv_2)
                                                         _0291_ (net)
                      0.439464    0.000000    3.101767 v _1317_/B (sky130_fd_sc_hd__and2_2)
     1    0.001625    0.065174    0.596083    3.697850 v _1317_/X (sky130_fd_sc_hd__and2_2)
                                                         _0355_ (net)
                      0.065174    0.000000    3.697850 v _1917_/A (sky130_fd_sc_hd__buf_2)
     1    0.001577    0.038942    0.224019    3.921870 v _1917_/X (sky130_fd_sc_hd__buf_2)
                                                         _0994_ (net)
                      0.038942    0.000000    3.921870 v _1496_/D (sky130_fd_sc_hd__dfxtp_2)
                                              3.921870   data arrival time

                      0.150000   10.000000   10.000000   clock clk (rise edge)
                                  0.000000   10.000000   clock network delay (ideal)
                                 -0.250000    9.750000   clock uncertainty
                                  0.000000    9.750000   clock reconvergence pessimism
                                              9.750000 ^ _1496_/CLK (sky130_fd_sc_hd__dfxtp_2)
                                 -0.239826    9.510174   library setup time
                                              9.510174   data required time
---------------------------------------------------------------------------------------------
                                              9.510174   data required time
                                             -3.921870   data arrival time
---------------------------------------------------------------------------------------------
                                              5.588304   slack (MET)


Startpoint: reset (input port clocked by clk)
Endpoint: _1497_ (rising edge-triggered flip-flop clocked by clk)
Path Group: clk
Path Type: max

Fanout         Cap        Slew       Delay        Time   Description
---------------------------------------------------------------------------------------------
                      0.150000    0.000000    0.000000   clock clk (rise edge)
                                  0.000000    0.000000   clock network delay (ideal)
                                  2.000000    2.000000 ^ input external delay
     1    0.001753    0.025900    0.010755    2.010755 ^ reset (in)
                                                         reset (net)
                      0.025900    0.000000    2.010755 ^ _1826_/A (sky130_fd_sc_hd__buf_2)
    14    0.064575    0.501093    0.508678    2.519432 ^ _1826_/X (sky130_fd_sc_hd__buf_2)
                                                         _0629_ (net)
                      0.501093    0.000000    2.519432 ^ _1090_/A (sky130_fd_sc_hd__inv_2)
    71    0.099477    0.439464    0.582335    3.101767 v _1090_/Y (sky130_fd_sc_hd__inv_2)
                                                         _0291_ (net)
                      0.439464    0.000000    3.101767 v _1318_/B (sky130_fd_sc_hd__and2_2)
     1    0.001625    0.065174    0.596083    3.697850 v _1318_/X (sky130_fd_sc_hd__and2_2)
                                                         _0356_ (net)
                      0.065174    0.000000    3.697850 v _1918_/A (sky130_fd_sc_hd__buf_2)
     1    0.001577    0.038942    0.224019    3.921870 v _1918_/X (sky130_fd_sc_hd__buf_2)
                                                         _0996_ (net)
                      0.038942    0.000000    3.921870 v _1497_/D (sky130_fd_sc_hd__dfxtp_2)
                                              3.921870   data arrival time

                      0.150000   10.000000   10.000000   clock clk (rise edge)
                                  0.000000   10.000000   clock network delay (ideal)
                                 -0.250000    9.750000   clock uncertainty
                                  0.000000    9.750000   clock reconvergence pessimism
                                              9.750000 ^ _1497_/CLK (sky130_fd_sc_hd__dfxtp_2)
                                 -0.239826    9.510174   library setup time
                                              9.510174   data required time
---------------------------------------------------------------------------------------------
                                              9.510174   data required time
                                             -3.921870   data arrival time
---------------------------------------------------------------------------------------------
                                              5.588304   slack (MET)


Startpoint: reset (input port clocked by clk)
Endpoint: _1498_ (rising edge-triggered flip-flop clocked by clk)
Path Group: clk
Path Type: max

Fanout         Cap        Slew       Delay        Time   Description
---------------------------------------------------------------------------------------------
                      0.150000    0.000000    0.000000   clock clk (rise edge)
                                  0.000000    0.000000   clock network delay (ideal)
                                  2.000000    2.000000 ^ input external delay
     1    0.001753    0.025900    0.010755    2.010755 ^ reset (in)
                                                         reset (net)
                      0.025900    0.000000    2.010755 ^ _1826_/A (sky130_fd_sc_hd__buf_2)
    14    0.064575    0.501093    0.508678    2.519432 ^ _1826_/X (sky130_fd_sc_hd__buf_2)
                                                         _0629_ (net)
                      0.501093    0.000000    2.519432 ^ _1090_/A (sky130_fd_sc_hd__inv_2)
    71    0.099477    0.439464    0.582335    3.101767 v _1090_/Y (sky130_fd_sc_hd__inv_2)
                                                         _0291_ (net)
                      0.439464    0.000000    3.101767 v _1319_/B (sky130_fd_sc_hd__and2_2)
     1    0.001625    0.065174    0.596083    3.697850 v _1319_/X (sky130_fd_sc_hd__and2_2)
                                                         _0357_ (net)
                      0.065174    0.000000    3.697850 v _1919_/A (sky130_fd_sc_hd__buf_2)
     1    0.001577    0.038942    0.224019    3.921870 v _1919_/X (sky130_fd_sc_hd__buf_2)
                                                         _0998_ (net)
                      0.038942    0.000000    3.921870 v _1498_/D (sky130_fd_sc_hd__dfxtp_2)
                                              3.921870   data arrival time

                      0.150000   10.000000   10.000000   clock clk (rise edge)
                                  0.000000   10.000000   clock network delay (ideal)
                                 -0.250000    9.750000   clock uncertainty
                                  0.000000    9.750000   clock reconvergence pessimism
                                              9.750000 ^ _1498_/CLK (sky130_fd_sc_hd__dfxtp_2)
                                 -0.239826    9.510174   library setup time
                                              9.510174   data required time
---------------------------------------------------------------------------------------------
                                              9.510174   data required time
                                             -3.921870   data arrival time
---------------------------------------------------------------------------------------------
                                              5.588304   slack (MET)


Startpoint: reset (input port clocked by clk)
Endpoint: _1499_ (rising edge-triggered flip-flop clocked by clk)
Path Group: clk
Path Type: max

Fanout         Cap        Slew       Delay        Time   Description
---------------------------------------------------------------------------------------------
                      0.150000    0.000000    0.000000   clock clk (rise edge)
                                  0.000000    0.000000   clock network delay (ideal)
                                  2.000000    2.000000 ^ input external delay
     1    0.001753    0.025900    0.010755    2.010755 ^ reset (in)
                                                         reset (net)
                      0.025900    0.000000    2.010755 ^ _1826_/A (sky130_fd_sc_hd__buf_2)
    14    0.064575    0.501093    0.508678    2.519432 ^ _1826_/X (sky130_fd_sc_hd__buf_2)
                                                         _0629_ (net)
                      0.501093    0.000000    2.519432 ^ _1090_/A (sky130_fd_sc_hd__inv_2)
    71    0.099477    0.439464    0.582335    3.101767 v _1090_/Y (sky130_fd_sc_hd__inv_2)
                                                         _0291_ (net)
                      0.439464    0.000000    3.101767 v _1320_/B (sky130_fd_sc_hd__and2_2)
     1    0.001625    0.065174    0.596083    3.697850 v _1320_/X (sky130_fd_sc_hd__and2_2)
                                                         _0358_ (net)
                      0.065174    0.000000    3.697850 v _1920_/A (sky130_fd_sc_hd__buf_2)
     1    0.001577    0.038942    0.224019    3.921870 v _1920_/X (sky130_fd_sc_hd__buf_2)
                                                         _1000_ (net)
                      0.038942    0.000000    3.921870 v _1499_/D (sky130_fd_sc_hd__dfxtp_2)
                                              3.921870   data arrival time

                      0.150000   10.000000   10.000000   clock clk (rise edge)
                                  0.000000   10.000000   clock network delay (ideal)
                                 -0.250000    9.750000   clock uncertainty
                                  0.000000    9.750000   clock reconvergence pessimism
                                              9.750000 ^ _1499_/CLK (sky130_fd_sc_hd__dfxtp_2)
                                 -0.239826    9.510174   library setup time
                                              9.510174   data required time
---------------------------------------------------------------------------------------------
                                              9.510174   data required time
                                             -3.921870   data arrival time
---------------------------------------------------------------------------------------------
                                              5.588304   slack (MET)


Startpoint: reset (input port clocked by clk)
Endpoint: _1500_ (rising edge-triggered flip-flop clocked by clk)
Path Group: clk
Path Type: max

Fanout         Cap        Slew       Delay        Time   Description
---------------------------------------------------------------------------------------------
                      0.150000    0.000000    0.000000   clock clk (rise edge)
                                  0.000000    0.000000   clock network delay (ideal)
                                  2.000000    2.000000 ^ input external delay
     1    0.001753    0.025900    0.010755    2.010755 ^ reset (in)
                                                         reset (net)
                      0.025900    0.000000    2.010755 ^ _1826_/A (sky130_fd_sc_hd__buf_2)
    14    0.064575    0.501093    0.508678    2.519432 ^ _1826_/X (sky130_fd_sc_hd__buf_2)
                                                         _0629_ (net)
                      0.501093    0.000000    2.519432 ^ _1090_/A (sky130_fd_sc_hd__inv_2)
    71    0.099477    0.439464    0.582335    3.101767 v _1090_/Y (sky130_fd_sc_hd__inv_2)
                                                         _0291_ (net)
                      0.439464    0.000000    3.101767 v _1321_/B (sky130_fd_sc_hd__and2_2)
     1    0.001625    0.065174    0.596083    3.697850 v _1321_/X (sky130_fd_sc_hd__and2_2)
                                                         _0359_ (net)
                      0.065174    0.000000    3.697850 v _1921_/A (sky130_fd_sc_hd__buf_2)
     1    0.001577    0.038942    0.224019    3.921870 v _1921_/X (sky130_fd_sc_hd__buf_2)
                                                         _1002_ (net)
                      0.038942    0.000000    3.921870 v _1500_/D (sky130_fd_sc_hd__dfxtp_2)
                                              3.921870   data arrival time

                      0.150000   10.000000   10.000000   clock clk (rise edge)
                                  0.000000   10.000000   clock network delay (ideal)
                                 -0.250000    9.750000   clock uncertainty
                                  0.000000    9.750000   clock reconvergence pessimism
                                              9.750000 ^ _1500_/CLK (sky130_fd_sc_hd__dfxtp_2)
                                 -0.239826    9.510174   library setup time
                                              9.510174   data required time
---------------------------------------------------------------------------------------------
                                              9.510174   data required time
                                             -3.921870   data arrival time
---------------------------------------------------------------------------------------------
                                              5.588304   slack (MET)


Startpoint: reset (input port clocked by clk)
Endpoint: _1501_ (rising edge-triggered flip-flop clocked by clk)
Path Group: clk
Path Type: max

Fanout         Cap        Slew       Delay        Time   Description
---------------------------------------------------------------------------------------------
                      0.150000    0.000000    0.000000   clock clk (rise edge)
                                  0.000000    0.000000   clock network delay (ideal)
                                  2.000000    2.000000 ^ input external delay
     1    0.001753    0.025900    0.010755    2.010755 ^ reset (in)
                                                         reset (net)
                      0.025900    0.000000    2.010755 ^ _1826_/A (sky130_fd_sc_hd__buf_2)
    14    0.064575    0.501093    0.508678    2.519432 ^ _1826_/X (sky130_fd_sc_hd__buf_2)
                                                         _0629_ (net)
                      0.501093    0.000000    2.519432 ^ _1090_/A (sky130_fd_sc_hd__inv_2)
    71    0.099477    0.439464    0.582335    3.101767 v _1090_/Y (sky130_fd_sc_hd__inv_2)
                                                         _0291_ (net)
                      0.439464    0.000000    3.101767 v _1322_/B (sky130_fd_sc_hd__and2_2)
     1    0.001625    0.065174    0.596083    3.697850 v _1322_/X (sky130_fd_sc_hd__and2_2)
                                                         _0360_ (net)
                      0.065174    0.000000    3.697850 v _1922_/A (sky130_fd_sc_hd__buf_2)
     1    0.001577    0.038942    0.224019    3.921870 v _1922_/X (sky130_fd_sc_hd__buf_2)
                                                         _1004_ (net)
                      0.038942    0.000000    3.921870 v _1501_/D (sky130_fd_sc_hd__dfxtp_2)
                                              3.921870   data arrival time

                      0.150000   10.000000   10.000000   clock clk (rise edge)
                                  0.000000   10.000000   clock network delay (ideal)
                                 -0.250000    9.750000   clock uncertainty
                                  0.000000    9.750000   clock reconvergence pessimism
                                              9.750000 ^ _1501_/CLK (sky130_fd_sc_hd__dfxtp_2)
                                 -0.239826    9.510174   library setup time
                                              9.510174   data required time
---------------------------------------------------------------------------------------------
                                              9.510174   data required time
                                             -3.921870   data arrival time
---------------------------------------------------------------------------------------------
                                              5.588304   slack (MET)


Startpoint: reset (input port clocked by clk)
Endpoint: _1502_ (rising edge-triggered flip-flop clocked by clk)
Path Group: clk
Path Type: max

Fanout         Cap        Slew       Delay        Time   Description
---------------------------------------------------------------------------------------------
                      0.150000    0.000000    0.000000   clock clk (rise edge)
                                  0.000000    0.000000   clock network delay (ideal)
                                  2.000000    2.000000 ^ input external delay
     1    0.001753    0.025900    0.010755    2.010755 ^ reset (in)
                                                         reset (net)
                      0.025900    0.000000    2.010755 ^ _1826_/A (sky130_fd_sc_hd__buf_2)
    14    0.064575    0.501093    0.508678    2.519432 ^ _1826_/X (sky130_fd_sc_hd__buf_2)
                                                         _0629_ (net)
                      0.501093    0.000000    2.519432 ^ _1090_/A (sky130_fd_sc_hd__inv_2)
    71    0.099477    0.439464    0.582335    3.101767 v _1090_/Y (sky130_fd_sc_hd__inv_2)
                                                         _0291_ (net)
                      0.439464    0.000000    3.101767 v _1323_/B (sky130_fd_sc_hd__and2_2)
     1    0.001625    0.065174    0.596083    3.697850 v _1323_/X (sky130_fd_sc_hd__and2_2)
                                                         _0361_ (net)
                      0.065174    0.000000    3.697850 v _1923_/A (sky130_fd_sc_hd__buf_2)
     1    0.001577    0.038942    0.224019    3.921870 v _1923_/X (sky130_fd_sc_hd__buf_2)
                                                         _1006_ (net)
                      0.038942    0.000000    3.921870 v _1502_/D (sky130_fd_sc_hd__dfxtp_2)
                                              3.921870   data arrival time

                      0.150000   10.000000   10.000000   clock clk (rise edge)
                                  0.000000   10.000000   clock network delay (ideal)
                                 -0.250000    9.750000   clock uncertainty
                                  0.000000    9.750000   clock reconvergence pessimism
                                              9.750000 ^ _1502_/CLK (sky130_fd_sc_hd__dfxtp_2)
                                 -0.239826    9.510174   library setup time
                                              9.510174   data required time
---------------------------------------------------------------------------------------------
                                              9.510174   data required time
                                             -3.921870   data arrival time
---------------------------------------------------------------------------------------------
                                              5.588304   slack (MET)


Startpoint: reset (input port clocked by clk)
Endpoint: _1503_ (rising edge-triggered flip-flop clocked by clk)
Path Group: clk
Path Type: max

Fanout         Cap        Slew       Delay        Time   Description
---------------------------------------------------------------------------------------------
                      0.150000    0.000000    0.000000   clock clk (rise edge)
                                  0.000000    0.000000   clock network delay (ideal)
                                  2.000000    2.000000 ^ input external delay
     1    0.001753    0.025900    0.010755    2.010755 ^ reset (in)
                                                         reset (net)
                      0.025900    0.000000    2.010755 ^ _1826_/A (sky130_fd_sc_hd__buf_2)
    14    0.064575    0.501093    0.508678    2.519432 ^ _1826_/X (sky130_fd_sc_hd__buf_2)
                                                         _0629_ (net)
                      0.501093    0.000000    2.519432 ^ _1090_/A (sky130_fd_sc_hd__inv_2)
    71    0.099477    0.439464    0.582335    3.101767 v _1090_/Y (sky130_fd_sc_hd__inv_2)
                                                         _0291_ (net)
                      0.439464    0.000000    3.101767 v _1324_/B (sky130_fd_sc_hd__and2_2)
     1    0.001625    0.065174    0.596083    3.697850 v _1324_/X (sky130_fd_sc_hd__and2_2)
                                                         _0362_ (net)
                      0.065174    0.000000    3.697850 v _1924_/A (sky130_fd_sc_hd__buf_2)
     1    0.001577    0.038942    0.224019    3.921870 v _1924_/X (sky130_fd_sc_hd__buf_2)
                                                         _1008_ (net)
                      0.038942    0.000000    3.921870 v _1503_/D (sky130_fd_sc_hd__dfxtp_2)
                                              3.921870   data arrival time

                      0.150000   10.000000   10.000000   clock clk (rise edge)
                                  0.000000   10.000000   clock network delay (ideal)
                                 -0.250000    9.750000   clock uncertainty
                                  0.000000    9.750000   clock reconvergence pessimism
                                              9.750000 ^ _1503_/CLK (sky130_fd_sc_hd__dfxtp_2)
                                 -0.239826    9.510174   library setup time
                                              9.510174   data required time
---------------------------------------------------------------------------------------------
                                              9.510174   data required time
                                             -3.921870   data arrival time
---------------------------------------------------------------------------------------------
                                              5.588304   slack (MET)


Startpoint: reset (input port clocked by clk)
Endpoint: _1504_ (rising edge-triggered flip-flop clocked by clk)
Path Group: clk
Path Type: max

Fanout         Cap        Slew       Delay        Time   Description
---------------------------------------------------------------------------------------------
                      0.150000    0.000000    0.000000   clock clk (rise edge)
                                  0.000000    0.000000   clock network delay (ideal)
                                  2.000000    2.000000 ^ input external delay
     1    0.001753    0.025900    0.010755    2.010755 ^ reset (in)
                                                         reset (net)
                      0.025900    0.000000    2.010755 ^ _1826_/A (sky130_fd_sc_hd__buf_2)
    14    0.064575    0.501093    0.508678    2.519432 ^ _1826_/X (sky130_fd_sc_hd__buf_2)
                                                         _0629_ (net)
                      0.501093    0.000000    2.519432 ^ _1090_/A (sky130_fd_sc_hd__inv_2)
    71    0.099477    0.439464    0.582335    3.101767 v _1090_/Y (sky130_fd_sc_hd__inv_2)
                                                         _0291_ (net)
                      0.439464    0.000000    3.101767 v _1325_/B (sky130_fd_sc_hd__and2_2)
     1    0.001625    0.065174    0.596083    3.697850 v _1325_/X (sky130_fd_sc_hd__and2_2)
                                                         _0363_ (net)
                      0.065174    0.000000    3.697850 v _1925_/A (sky130_fd_sc_hd__buf_2)
     1    0.001577    0.038942    0.224019    3.921870 v _1925_/X (sky130_fd_sc_hd__buf_2)
                                                         _1010_ (net)
                      0.038942    0.000000    3.921870 v _1504_/D (sky130_fd_sc_hd__dfxtp_2)
                                              3.921870   data arrival time

                      0.150000   10.000000   10.000000   clock clk (rise edge)
                                  0.000000   10.000000   clock network delay (ideal)
                                 -0.250000    9.750000   clock uncertainty
                                  0.000000    9.750000   clock reconvergence pessimism
                                              9.750000 ^ _1504_/CLK (sky130_fd_sc_hd__dfxtp_2)
                                 -0.239826    9.510174   library setup time
                                              9.510174   data required time
---------------------------------------------------------------------------------------------
                                              9.510174   data required time
                                             -3.921870   data arrival time
---------------------------------------------------------------------------------------------
                                              5.588304   slack (MET)


Startpoint: reset (input port clocked by clk)
Endpoint: _1505_ (rising edge-triggered flip-flop clocked by clk)
Path Group: clk
Path Type: max

Fanout         Cap        Slew       Delay        Time   Description
---------------------------------------------------------------------------------------------
                      0.150000    0.000000    0.000000   clock clk (rise edge)
                                  0.000000    0.000000   clock network delay (ideal)
                                  2.000000    2.000000 ^ input external delay
     1    0.001753    0.025900    0.010755    2.010755 ^ reset (in)
                                                         reset (net)
                      0.025900    0.000000    2.010755 ^ _1826_/A (sky130_fd_sc_hd__buf_2)
    14    0.064575    0.501093    0.508678    2.519432 ^ _1826_/X (sky130_fd_sc_hd__buf_2)
                                                         _0629_ (net)
                      0.501093    0.000000    2.519432 ^ _1090_/A (sky130_fd_sc_hd__inv_2)
    71    0.099477    0.439464    0.582335    3.101767 v _1090_/Y (sky130_fd_sc_hd__inv_2)
                                                         _0291_ (net)
                      0.439464    0.000000    3.101767 v _1326_/B (sky130_fd_sc_hd__and2_2)
     1    0.001625    0.065174    0.596083    3.697850 v _1326_/X (sky130_fd_sc_hd__and2_2)
                                                         _0364_ (net)
                      0.065174    0.000000    3.697850 v _1926_/A (sky130_fd_sc_hd__buf_2)
     1    0.001577    0.038942    0.224019    3.921870 v _1926_/X (sky130_fd_sc_hd__buf_2)
                                                         _1012_ (net)
                      0.038942    0.000000    3.921870 v _1505_/D (sky130_fd_sc_hd__dfxtp_2)
                                              3.921870   data arrival time

                      0.150000   10.000000   10.000000   clock clk (rise edge)
                                  0.000000   10.000000   clock network delay (ideal)
                                 -0.250000    9.750000   clock uncertainty
                                  0.000000    9.750000   clock reconvergence pessimism
                                              9.750000 ^ _1505_/CLK (sky130_fd_sc_hd__dfxtp_2)
                                 -0.239826    9.510174   library setup time
                                              9.510174   data required time
---------------------------------------------------------------------------------------------
                                              9.510174   data required time
                                             -3.921870   data arrival time
---------------------------------------------------------------------------------------------
                                              5.588304   slack (MET)


Startpoint: reset (input port clocked by clk)
Endpoint: _1506_ (rising edge-triggered flip-flop clocked by clk)
Path Group: clk
Path Type: max

Fanout         Cap        Slew       Delay        Time   Description
---------------------------------------------------------------------------------------------
                      0.150000    0.000000    0.000000   clock clk (rise edge)
                                  0.000000    0.000000   clock network delay (ideal)
                                  2.000000    2.000000 ^ input external delay
     1    0.001753    0.025900    0.010755    2.010755 ^ reset (in)
                                                         reset (net)
                      0.025900    0.000000    2.010755 ^ _1826_/A (sky130_fd_sc_hd__buf_2)
    14    0.064575    0.501093    0.508678    2.519432 ^ _1826_/X (sky130_fd_sc_hd__buf_2)
                                                         _0629_ (net)
                      0.501093    0.000000    2.519432 ^ _1090_/A (sky130_fd_sc_hd__inv_2)
    71    0.099477    0.439464    0.582335    3.101767 v _1090_/Y (sky130_fd_sc_hd__inv_2)
                                                         _0291_ (net)
                      0.439464    0.000000    3.101767 v _1327_/B (sky130_fd_sc_hd__and2_2)
     1    0.001625    0.065174    0.596083    3.697850 v _1327_/X (sky130_fd_sc_hd__and2_2)
                                                         _0365_ (net)
                      0.065174    0.000000    3.697850 v _1927_/A (sky130_fd_sc_hd__buf_2)
     1    0.001577    0.038942    0.224019    3.921870 v _1927_/X (sky130_fd_sc_hd__buf_2)
                                                         _1014_ (net)
                      0.038942    0.000000    3.921870 v _1506_/D (sky130_fd_sc_hd__dfxtp_2)
                                              3.921870   data arrival time

                      0.150000   10.000000   10.000000   clock clk (rise edge)
                                  0.000000   10.000000   clock network delay (ideal)
                                 -0.250000    9.750000   clock uncertainty
                                  0.000000    9.750000   clock reconvergence pessimism
                                              9.750000 ^ _1506_/CLK (sky130_fd_sc_hd__dfxtp_2)
                                 -0.239826    9.510174   library setup time
                                              9.510174   data required time
---------------------------------------------------------------------------------------------
                                              9.510174   data required time
                                             -3.921870   data arrival time
---------------------------------------------------------------------------------------------
                                              5.588304   slack (MET)


Startpoint: reset (input port clocked by clk)
Endpoint: _1511_ (rising edge-triggered flip-flop clocked by clk)
Path Group: clk
Path Type: max

Fanout         Cap        Slew       Delay        Time   Description
---------------------------------------------------------------------------------------------
                      0.150000    0.000000    0.000000   clock clk (rise edge)
                                  0.000000    0.000000   clock network delay (ideal)
                                  2.000000    2.000000 ^ input external delay
     1    0.001753    0.025900    0.010755    2.010755 ^ reset (in)
                                                         reset (net)
                      0.025900    0.000000    2.010755 ^ _1826_/A (sky130_fd_sc_hd__buf_2)
    14    0.064575    0.501093    0.508678    2.519432 ^ _1826_/X (sky130_fd_sc_hd__buf_2)
                                                         _0629_ (net)
                      0.501093    0.000000    2.519432 ^ _1090_/A (sky130_fd_sc_hd__inv_2)
    71    0.099477    0.439464    0.582335    3.101767 v _1090_/Y (sky130_fd_sc_hd__inv_2)
                                                         _0291_ (net)
                      0.439464    0.000000    3.101767 v _1332_/B (sky130_fd_sc_hd__and2_2)
     1    0.001625    0.065174    0.596083    3.697850 v _1332_/X (sky130_fd_sc_hd__and2_2)
                                                         _0370_ (net)
                      0.065174    0.000000    3.697850 v _1932_/A (sky130_fd_sc_hd__buf_2)
     1    0.001577    0.038942    0.224019    3.921870 v _1932_/X (sky130_fd_sc_hd__buf_2)
                                                         _1019_ (net)
                      0.038942    0.000000    3.921870 v _1511_/D (sky130_fd_sc_hd__dfxtp_2)
                                              3.921870   data arrival time

                      0.150000   10.000000   10.000000   clock clk (rise edge)
                                  0.000000   10.000000   clock network delay (ideal)
                                 -0.250000    9.750000   clock uncertainty
                                  0.000000    9.750000   clock reconvergence pessimism
                                              9.750000 ^ _1511_/CLK (sky130_fd_sc_hd__dfxtp_2)
                                 -0.239826    9.510174   library setup time
                                              9.510174   data required time
---------------------------------------------------------------------------------------------
                                              9.510174   data required time
                                             -3.921870   data arrival time
---------------------------------------------------------------------------------------------
                                              5.588304   slack (MET)


Startpoint: reset (input port clocked by clk)
Endpoint: _1512_ (rising edge-triggered flip-flop clocked by clk)
Path Group: clk
Path Type: max

Fanout         Cap        Slew       Delay        Time   Description
---------------------------------------------------------------------------------------------
                      0.150000    0.000000    0.000000   clock clk (rise edge)
                                  0.000000    0.000000   clock network delay (ideal)
                                  2.000000    2.000000 ^ input external delay
     1    0.001753    0.025900    0.010755    2.010755 ^ reset (in)
                                                         reset (net)
                      0.025900    0.000000    2.010755 ^ _1826_/A (sky130_fd_sc_hd__buf_2)
    14    0.064575    0.501093    0.508678    2.519432 ^ _1826_/X (sky130_fd_sc_hd__buf_2)
                                                         _0629_ (net)
                      0.501093    0.000000    2.519432 ^ _1090_/A (sky130_fd_sc_hd__inv_2)
    71    0.099477    0.439464    0.582335    3.101767 v _1090_/Y (sky130_fd_sc_hd__inv_2)
                                                         _0291_ (net)
                      0.439464    0.000000    3.101767 v _1333_/B (sky130_fd_sc_hd__and2_2)
     1    0.001625    0.065174    0.596083    3.697850 v _1333_/X (sky130_fd_sc_hd__and2_2)
                                                         _0371_ (net)
                      0.065174    0.000000    3.697850 v _1933_/A (sky130_fd_sc_hd__buf_2)
     1    0.001577    0.038942    0.224019    3.921870 v _1933_/X (sky130_fd_sc_hd__buf_2)
                                                         _1020_ (net)
                      0.038942    0.000000    3.921870 v _1512_/D (sky130_fd_sc_hd__dfxtp_2)
                                              3.921870   data arrival time

                      0.150000   10.000000   10.000000   clock clk (rise edge)
                                  0.000000   10.000000   clock network delay (ideal)
                                 -0.250000    9.750000   clock uncertainty
                                  0.000000    9.750000   clock reconvergence pessimism
                                              9.750000 ^ _1512_/CLK (sky130_fd_sc_hd__dfxtp_2)
                                 -0.239826    9.510174   library setup time
                                              9.510174   data required time
---------------------------------------------------------------------------------------------
                                              9.510174   data required time
                                             -3.921870   data arrival time
---------------------------------------------------------------------------------------------
                                              5.588304   slack (MET)


Startpoint: reset (input port clocked by clk)
Endpoint: _1513_ (rising edge-triggered flip-flop clocked by clk)
Path Group: clk
Path Type: max

Fanout         Cap        Slew       Delay        Time   Description
---------------------------------------------------------------------------------------------
                      0.150000    0.000000    0.000000   clock clk (rise edge)
                                  0.000000    0.000000   clock network delay (ideal)
                                  2.000000    2.000000 ^ input external delay
     1    0.001753    0.025900    0.010755    2.010755 ^ reset (in)
                                                         reset (net)
                      0.025900    0.000000    2.010755 ^ _1826_/A (sky130_fd_sc_hd__buf_2)
    14    0.064575    0.501093    0.508678    2.519432 ^ _1826_/X (sky130_fd_sc_hd__buf_2)
                                                         _0629_ (net)
                      0.501093    0.000000    2.519432 ^ _1090_/A (sky130_fd_sc_hd__inv_2)
    71    0.099477    0.439464    0.582335    3.101767 v _1090_/Y (sky130_fd_sc_hd__inv_2)
                                                         _0291_ (net)
                      0.439464    0.000000    3.101767 v _1334_/B (sky130_fd_sc_hd__and2_2)
     1    0.001625    0.065174    0.596083    3.697850 v _1334_/X (sky130_fd_sc_hd__and2_2)
                                                         _0372_ (net)
                      0.065174    0.000000    3.697850 v _1934_/A (sky130_fd_sc_hd__buf_2)
     1    0.001577    0.038942    0.224019    3.921870 v _1934_/X (sky130_fd_sc_hd__buf_2)
                                                         _1021_ (net)
                      0.038942    0.000000    3.921870 v _1513_/D (sky130_fd_sc_hd__dfxtp_2)
                                              3.921870   data arrival time

                      0.150000   10.000000   10.000000   clock clk (rise edge)
                                  0.000000   10.000000   clock network delay (ideal)
                                 -0.250000    9.750000   clock uncertainty
                                  0.000000    9.750000   clock reconvergence pessimism
                                              9.750000 ^ _1513_/CLK (sky130_fd_sc_hd__dfxtp_2)
                                 -0.239826    9.510174   library setup time
                                              9.510174   data required time
---------------------------------------------------------------------------------------------
                                              9.510174   data required time
                                             -3.921870   data arrival time
---------------------------------------------------------------------------------------------
                                              5.588304   slack (MET)


Startpoint: reset (input port clocked by clk)
Endpoint: _1514_ (rising edge-triggered flip-flop clocked by clk)
Path Group: clk
Path Type: max

Fanout         Cap        Slew       Delay        Time   Description
---------------------------------------------------------------------------------------------
                      0.150000    0.000000    0.000000   clock clk (rise edge)
                                  0.000000    0.000000   clock network delay (ideal)
                                  2.000000    2.000000 ^ input external delay
     1    0.001753    0.025900    0.010755    2.010755 ^ reset (in)
                                                         reset (net)
                      0.025900    0.000000    2.010755 ^ _1826_/A (sky130_fd_sc_hd__buf_2)
    14    0.064575    0.501093    0.508678    2.519432 ^ _1826_/X (sky130_fd_sc_hd__buf_2)
                                                         _0629_ (net)
                      0.501093    0.000000    2.519432 ^ _1090_/A (sky130_fd_sc_hd__inv_2)
    71    0.099477    0.439464    0.582335    3.101767 v _1090_/Y (sky130_fd_sc_hd__inv_2)
                                                         _0291_ (net)
                      0.439464    0.000000    3.101767 v _1335_/B (sky130_fd_sc_hd__and2_2)
     1    0.001625    0.065174    0.596083    3.697850 v _1335_/X (sky130_fd_sc_hd__and2_2)
                                                         _0373_ (net)
                      0.065174    0.000000    3.697850 v _1935_/A (sky130_fd_sc_hd__buf_2)
     1    0.001577    0.038942    0.224019    3.921870 v _1935_/X (sky130_fd_sc_hd__buf_2)
                                                         _1022_ (net)
                      0.038942    0.000000    3.921870 v _1514_/D (sky130_fd_sc_hd__dfxtp_2)
                                              3.921870   data arrival time

                      0.150000   10.000000   10.000000   clock clk (rise edge)
                                  0.000000   10.000000   clock network delay (ideal)
                                 -0.250000    9.750000   clock uncertainty
                                  0.000000    9.750000   clock reconvergence pessimism
                                              9.750000 ^ _1514_/CLK (sky130_fd_sc_hd__dfxtp_2)
                                 -0.239826    9.510174   library setup time
                                              9.510174   data required time
---------------------------------------------------------------------------------------------
                                              9.510174   data required time
                                             -3.921870   data arrival time
---------------------------------------------------------------------------------------------
                                              5.588304   slack (MET)


Startpoint: reset (input port clocked by clk)
Endpoint: _1515_ (rising edge-triggered flip-flop clocked by clk)
Path Group: clk
Path Type: max

Fanout         Cap        Slew       Delay        Time   Description
---------------------------------------------------------------------------------------------
                      0.150000    0.000000    0.000000   clock clk (rise edge)
                                  0.000000    0.000000   clock network delay (ideal)
                                  2.000000    2.000000 ^ input external delay
     1    0.001753    0.025900    0.010755    2.010755 ^ reset (in)
                                                         reset (net)
                      0.025900    0.000000    2.010755 ^ _1826_/A (sky130_fd_sc_hd__buf_2)
    14    0.064575    0.501093    0.508678    2.519432 ^ _1826_/X (sky130_fd_sc_hd__buf_2)
                                                         _0629_ (net)
                      0.501093    0.000000    2.519432 ^ _1090_/A (sky130_fd_sc_hd__inv_2)
    71    0.099477    0.439464    0.582335    3.101767 v _1090_/Y (sky130_fd_sc_hd__inv_2)
                                                         _0291_ (net)
                      0.439464    0.000000    3.101767 v _1336_/B (sky130_fd_sc_hd__and2_2)
     1    0.001625    0.065174    0.596083    3.697850 v _1336_/X (sky130_fd_sc_hd__and2_2)
                                                         _0374_ (net)
                      0.065174    0.000000    3.697850 v _1936_/A (sky130_fd_sc_hd__buf_2)
     1    0.001577    0.038942    0.224019    3.921870 v _1936_/X (sky130_fd_sc_hd__buf_2)
                                                         _1023_ (net)
                      0.038942    0.000000    3.921870 v _1515_/D (sky130_fd_sc_hd__dfxtp_2)
                                              3.921870   data arrival time

                      0.150000   10.000000   10.000000   clock clk (rise edge)
                                  0.000000   10.000000   clock network delay (ideal)
                                 -0.250000    9.750000   clock uncertainty
                                  0.000000    9.750000   clock reconvergence pessimism
                                              9.750000 ^ _1515_/CLK (sky130_fd_sc_hd__dfxtp_2)
                                 -0.239826    9.510174   library setup time
                                              9.510174   data required time
---------------------------------------------------------------------------------------------
                                              9.510174   data required time
                                             -3.921870   data arrival time
---------------------------------------------------------------------------------------------
                                              5.588304   slack (MET)


Startpoint: reset (input port clocked by clk)
Endpoint: _1516_ (rising edge-triggered flip-flop clocked by clk)
Path Group: clk
Path Type: max

Fanout         Cap        Slew       Delay        Time   Description
---------------------------------------------------------------------------------------------
                      0.150000    0.000000    0.000000   clock clk (rise edge)
                                  0.000000    0.000000   clock network delay (ideal)
                                  2.000000    2.000000 ^ input external delay
     1    0.001753    0.025900    0.010755    2.010755 ^ reset (in)
                                                         reset (net)
                      0.025900    0.000000    2.010755 ^ _1826_/A (sky130_fd_sc_hd__buf_2)
    14    0.064575    0.501093    0.508678    2.519432 ^ _1826_/X (sky130_fd_sc_hd__buf_2)
                                                         _0629_ (net)
                      0.501093    0.000000    2.519432 ^ _1090_/A (sky130_fd_sc_hd__inv_2)
    71    0.099477    0.439464    0.582335    3.101767 v _1090_/Y (sky130_fd_sc_hd__inv_2)
                                                         _0291_ (net)
                      0.439464    0.000000    3.101767 v _1337_/B (sky130_fd_sc_hd__and2_2)
     1    0.001625    0.065174    0.596083    3.697850 v _1337_/X (sky130_fd_sc_hd__and2_2)
                                                         _0375_ (net)
                      0.065174    0.000000    3.697850 v _1937_/A (sky130_fd_sc_hd__buf_2)
     1    0.001577    0.038942    0.224019    3.921870 v _1937_/X (sky130_fd_sc_hd__buf_2)
                                                         _1024_ (net)
                      0.038942    0.000000    3.921870 v _1516_/D (sky130_fd_sc_hd__dfxtp_2)
                                              3.921870   data arrival time

                      0.150000   10.000000   10.000000   clock clk (rise edge)
                                  0.000000   10.000000   clock network delay (ideal)
                                 -0.250000    9.750000   clock uncertainty
                                  0.000000    9.750000   clock reconvergence pessimism
                                              9.750000 ^ _1516_/CLK (sky130_fd_sc_hd__dfxtp_2)
                                 -0.239826    9.510174   library setup time
                                              9.510174   data required time
---------------------------------------------------------------------------------------------
                                              9.510174   data required time
                                             -3.921870   data arrival time
---------------------------------------------------------------------------------------------
                                              5.588304   slack (MET)


Startpoint: reset (input port clocked by clk)
Endpoint: _1517_ (rising edge-triggered flip-flop clocked by clk)
Path Group: clk
Path Type: max

Fanout         Cap        Slew       Delay        Time   Description
---------------------------------------------------------------------------------------------
                      0.150000    0.000000    0.000000   clock clk (rise edge)
                                  0.000000    0.000000   clock network delay (ideal)
                                  2.000000    2.000000 ^ input external delay
     1    0.001753    0.025900    0.010755    2.010755 ^ reset (in)
                                                         reset (net)
                      0.025900    0.000000    2.010755 ^ _1826_/A (sky130_fd_sc_hd__buf_2)
    14    0.064575    0.501093    0.508678    2.519432 ^ _1826_/X (sky130_fd_sc_hd__buf_2)
                                                         _0629_ (net)
                      0.501093    0.000000    2.519432 ^ _1090_/A (sky130_fd_sc_hd__inv_2)
    71    0.099477    0.439464    0.582335    3.101767 v _1090_/Y (sky130_fd_sc_hd__inv_2)
                                                         _0291_ (net)
                      0.439464    0.000000    3.101767 v _1338_/B (sky130_fd_sc_hd__and2_2)
     1    0.001625    0.065174    0.596083    3.697850 v _1338_/X (sky130_fd_sc_hd__and2_2)
                                                         _0376_ (net)
                      0.065174    0.000000    3.697850 v _1938_/A (sky130_fd_sc_hd__buf_2)
     1    0.001577    0.038942    0.224019    3.921870 v _1938_/X (sky130_fd_sc_hd__buf_2)
                                                         _1025_ (net)
                      0.038942    0.000000    3.921870 v _1517_/D (sky130_fd_sc_hd__dfxtp_2)
                                              3.921870   data arrival time

                      0.150000   10.000000   10.000000   clock clk (rise edge)
                                  0.000000   10.000000   clock network delay (ideal)
                                 -0.250000    9.750000   clock uncertainty
                                  0.000000    9.750000   clock reconvergence pessimism
                                              9.750000 ^ _1517_/CLK (sky130_fd_sc_hd__dfxtp_2)
                                 -0.239826    9.510174   library setup time
                                              9.510174   data required time
---------------------------------------------------------------------------------------------
                                              9.510174   data required time
                                             -3.921870   data arrival time
---------------------------------------------------------------------------------------------
                                              5.588304   slack (MET)


Startpoint: reset (input port clocked by clk)
Endpoint: _1518_ (rising edge-triggered flip-flop clocked by clk)
Path Group: clk
Path Type: max

Fanout         Cap        Slew       Delay        Time   Description
---------------------------------------------------------------------------------------------
                      0.150000    0.000000    0.000000   clock clk (rise edge)
                                  0.000000    0.000000   clock network delay (ideal)
                                  2.000000    2.000000 ^ input external delay
     1    0.001753    0.025900    0.010755    2.010755 ^ reset (in)
                                                         reset (net)
                      0.025900    0.000000    2.010755 ^ _1826_/A (sky130_fd_sc_hd__buf_2)
    14    0.064575    0.501093    0.508678    2.519432 ^ _1826_/X (sky130_fd_sc_hd__buf_2)
                                                         _0629_ (net)
                      0.501093    0.000000    2.519432 ^ _1090_/A (sky130_fd_sc_hd__inv_2)
    71    0.099477    0.439464    0.582335    3.101767 v _1090_/Y (sky130_fd_sc_hd__inv_2)
                                                         _0291_ (net)
                      0.439464    0.000000    3.101767 v _1339_/B (sky130_fd_sc_hd__and2_2)
     1    0.001625    0.065174    0.596083    3.697850 v _1339_/X (sky130_fd_sc_hd__and2_2)
                                                         _0377_ (net)
                      0.065174    0.000000    3.697850 v _1939_/A (sky130_fd_sc_hd__buf_2)
     1    0.001577    0.038942    0.224019    3.921870 v _1939_/X (sky130_fd_sc_hd__buf_2)
                                                         _1026_ (net)
                      0.038942    0.000000    3.921870 v _1518_/D (sky130_fd_sc_hd__dfxtp_2)
                                              3.921870   data arrival time

                      0.150000   10.000000   10.000000   clock clk (rise edge)
                                  0.000000   10.000000   clock network delay (ideal)
                                 -0.250000    9.750000   clock uncertainty
                                  0.000000    9.750000   clock reconvergence pessimism
                                              9.750000 ^ _1518_/CLK (sky130_fd_sc_hd__dfxtp_2)
                                 -0.239826    9.510174   library setup time
                                              9.510174   data required time
---------------------------------------------------------------------------------------------
                                              9.510174   data required time
                                             -3.921870   data arrival time
---------------------------------------------------------------------------------------------
                                              5.588304   slack (MET)


Startpoint: reset (input port clocked by clk)
Endpoint: _1519_ (rising edge-triggered flip-flop clocked by clk)
Path Group: clk
Path Type: max

Fanout         Cap        Slew       Delay        Time   Description
---------------------------------------------------------------------------------------------
                      0.150000    0.000000    0.000000   clock clk (rise edge)
                                  0.000000    0.000000   clock network delay (ideal)
                                  2.000000    2.000000 ^ input external delay
     1    0.001753    0.025900    0.010755    2.010755 ^ reset (in)
                                                         reset (net)
                      0.025900    0.000000    2.010755 ^ _1826_/A (sky130_fd_sc_hd__buf_2)
    14    0.064575    0.501093    0.508678    2.519432 ^ _1826_/X (sky130_fd_sc_hd__buf_2)
                                                         _0629_ (net)
                      0.501093    0.000000    2.519432 ^ _1090_/A (sky130_fd_sc_hd__inv_2)
    71    0.099477    0.439464    0.582335    3.101767 v _1090_/Y (sky130_fd_sc_hd__inv_2)
                                                         _0291_ (net)
                      0.439464    0.000000    3.101767 v _1340_/B (sky130_fd_sc_hd__and2_2)
     1    0.001625    0.065174    0.596083    3.697850 v _1340_/X (sky130_fd_sc_hd__and2_2)
                                                         _0378_ (net)
                      0.065174    0.000000    3.697850 v _1940_/A (sky130_fd_sc_hd__buf_2)
     1    0.001577    0.038942    0.224019    3.921870 v _1940_/X (sky130_fd_sc_hd__buf_2)
                                                         _1027_ (net)
                      0.038942    0.000000    3.921870 v _1519_/D (sky130_fd_sc_hd__dfxtp_2)
                                              3.921870   data arrival time

                      0.150000   10.000000   10.000000   clock clk (rise edge)
                                  0.000000   10.000000   clock network delay (ideal)
                                 -0.250000    9.750000   clock uncertainty
                                  0.000000    9.750000   clock reconvergence pessimism
                                              9.750000 ^ _1519_/CLK (sky130_fd_sc_hd__dfxtp_2)
                                 -0.239826    9.510174   library setup time
                                              9.510174   data required time
---------------------------------------------------------------------------------------------
                                              9.510174   data required time
                                             -3.921870   data arrival time
---------------------------------------------------------------------------------------------
                                              5.588304   slack (MET)


Startpoint: reset (input port clocked by clk)
Endpoint: _1520_ (rising edge-triggered flip-flop clocked by clk)
Path Group: clk
Path Type: max

Fanout         Cap        Slew       Delay        Time   Description
---------------------------------------------------------------------------------------------
                      0.150000    0.000000    0.000000   clock clk (rise edge)
                                  0.000000    0.000000   clock network delay (ideal)
                                  2.000000    2.000000 ^ input external delay
     1    0.001753    0.025900    0.010755    2.010755 ^ reset (in)
                                                         reset (net)
                      0.025900    0.000000    2.010755 ^ _1826_/A (sky130_fd_sc_hd__buf_2)
    14    0.064575    0.501093    0.508678    2.519432 ^ _1826_/X (sky130_fd_sc_hd__buf_2)
                                                         _0629_ (net)
                      0.501093    0.000000    2.519432 ^ _1090_/A (sky130_fd_sc_hd__inv_2)
    71    0.099477    0.439464    0.582335    3.101767 v _1090_/Y (sky130_fd_sc_hd__inv_2)
                                                         _0291_ (net)
                      0.439464    0.000000    3.101767 v _1341_/B (sky130_fd_sc_hd__and2_2)
     1    0.001625    0.065174    0.596083    3.697850 v _1341_/X (sky130_fd_sc_hd__and2_2)
                                                         _0379_ (net)
                      0.065174    0.000000    3.697850 v _1941_/A (sky130_fd_sc_hd__buf_2)
     1    0.001577    0.038942    0.224019    3.921870 v _1941_/X (sky130_fd_sc_hd__buf_2)
                                                         _1028_ (net)
                      0.038942    0.000000    3.921870 v _1520_/D (sky130_fd_sc_hd__dfxtp_2)
                                              3.921870   data arrival time

                      0.150000   10.000000   10.000000   clock clk (rise edge)
                                  0.000000   10.000000   clock network delay (ideal)
                                 -0.250000    9.750000   clock uncertainty
                                  0.000000    9.750000   clock reconvergence pessimism
                                              9.750000 ^ _1520_/CLK (sky130_fd_sc_hd__dfxtp_2)
                                 -0.239826    9.510174   library setup time
                                              9.510174   data required time
---------------------------------------------------------------------------------------------
                                              9.510174   data required time
                                             -3.921870   data arrival time
---------------------------------------------------------------------------------------------
                                              5.588304   slack (MET)


Startpoint: reset (input port clocked by clk)
Endpoint: _1521_ (rising edge-triggered flip-flop clocked by clk)
Path Group: clk
Path Type: max

Fanout         Cap        Slew       Delay        Time   Description
---------------------------------------------------------------------------------------------
                      0.150000    0.000000    0.000000   clock clk (rise edge)
                                  0.000000    0.000000   clock network delay (ideal)
                                  2.000000    2.000000 ^ input external delay
     1    0.001753    0.025900    0.010755    2.010755 ^ reset (in)
                                                         reset (net)
                      0.025900    0.000000    2.010755 ^ _1826_/A (sky130_fd_sc_hd__buf_2)
    14    0.064575    0.501093    0.508678    2.519432 ^ _1826_/X (sky130_fd_sc_hd__buf_2)
                                                         _0629_ (net)
                      0.501093    0.000000    2.519432 ^ _1090_/A (sky130_fd_sc_hd__inv_2)
    71    0.099477    0.439464    0.582335    3.101767 v _1090_/Y (sky130_fd_sc_hd__inv_2)
                                                         _0291_ (net)
                      0.439464    0.000000    3.101767 v _1342_/B (sky130_fd_sc_hd__and2_2)
     1    0.001625    0.065174    0.596083    3.697850 v _1342_/X (sky130_fd_sc_hd__and2_2)
                                                         _0380_ (net)
                      0.065174    0.000000    3.697850 v _1942_/A (sky130_fd_sc_hd__buf_2)
     1    0.001577    0.038942    0.224019    3.921870 v _1942_/X (sky130_fd_sc_hd__buf_2)
                                                         _1029_ (net)
                      0.038942    0.000000    3.921870 v _1521_/D (sky130_fd_sc_hd__dfxtp_2)
                                              3.921870   data arrival time

                      0.150000   10.000000   10.000000   clock clk (rise edge)
                                  0.000000   10.000000   clock network delay (ideal)
                                 -0.250000    9.750000   clock uncertainty
                                  0.000000    9.750000   clock reconvergence pessimism
                                              9.750000 ^ _1521_/CLK (sky130_fd_sc_hd__dfxtp_2)
                                 -0.239826    9.510174   library setup time
                                              9.510174   data required time
---------------------------------------------------------------------------------------------
                                              9.510174   data required time
                                             -3.921870   data arrival time
---------------------------------------------------------------------------------------------
                                              5.588304   slack (MET)


Startpoint: reset (input port clocked by clk)
Endpoint: _1522_ (rising edge-triggered flip-flop clocked by clk)
Path Group: clk
Path Type: max

Fanout         Cap        Slew       Delay        Time   Description
---------------------------------------------------------------------------------------------
                      0.150000    0.000000    0.000000   clock clk (rise edge)
                                  0.000000    0.000000   clock network delay (ideal)
                                  2.000000    2.000000 ^ input external delay
     1    0.001753    0.025900    0.010755    2.010755 ^ reset (in)
                                                         reset (net)
                      0.025900    0.000000    2.010755 ^ _1826_/A (sky130_fd_sc_hd__buf_2)
    14    0.064575    0.501093    0.508678    2.519432 ^ _1826_/X (sky130_fd_sc_hd__buf_2)
                                                         _0629_ (net)
                      0.501093    0.000000    2.519432 ^ _1090_/A (sky130_fd_sc_hd__inv_2)
    71    0.099477    0.439464    0.582335    3.101767 v _1090_/Y (sky130_fd_sc_hd__inv_2)
                                                         _0291_ (net)
                      0.439464    0.000000    3.101767 v _1343_/B (sky130_fd_sc_hd__and2_2)
     1    0.001625    0.065174    0.596083    3.697850 v _1343_/X (sky130_fd_sc_hd__and2_2)
                                                         _0381_ (net)
                      0.065174    0.000000    3.697850 v _1943_/A (sky130_fd_sc_hd__buf_2)
     1    0.001577    0.038942    0.224019    3.921870 v _1943_/X (sky130_fd_sc_hd__buf_2)
                                                         _1030_ (net)
                      0.038942    0.000000    3.921870 v _1522_/D (sky130_fd_sc_hd__dfxtp_2)
                                              3.921870   data arrival time

                      0.150000   10.000000   10.000000   clock clk (rise edge)
                                  0.000000   10.000000   clock network delay (ideal)
                                 -0.250000    9.750000   clock uncertainty
                                  0.000000    9.750000   clock reconvergence pessimism
                                              9.750000 ^ _1522_/CLK (sky130_fd_sc_hd__dfxtp_2)
                                 -0.239826    9.510174   library setup time
                                              9.510174   data required time
---------------------------------------------------------------------------------------------
                                              9.510174   data required time
                                             -3.921870   data arrival time
---------------------------------------------------------------------------------------------
                                              5.588304   slack (MET)


Startpoint: reset (input port clocked by clk)
Endpoint: _1523_ (rising edge-triggered flip-flop clocked by clk)
Path Group: clk
Path Type: max

Fanout         Cap        Slew       Delay        Time   Description
---------------------------------------------------------------------------------------------
                      0.150000    0.000000    0.000000   clock clk (rise edge)
                                  0.000000    0.000000   clock network delay (ideal)
                                  2.000000    2.000000 ^ input external delay
     1    0.001753    0.025900    0.010755    2.010755 ^ reset (in)
                                                         reset (net)
                      0.025900    0.000000    2.010755 ^ _1826_/A (sky130_fd_sc_hd__buf_2)
    14    0.064575    0.501093    0.508678    2.519432 ^ _1826_/X (sky130_fd_sc_hd__buf_2)
                                                         _0629_ (net)
                      0.501093    0.000000    2.519432 ^ _1090_/A (sky130_fd_sc_hd__inv_2)
    71    0.099477    0.439464    0.582335    3.101767 v _1090_/Y (sky130_fd_sc_hd__inv_2)
                                                         _0291_ (net)
                      0.439464    0.000000    3.101767 v _1344_/B (sky130_fd_sc_hd__and2_2)
     1    0.001625    0.065174    0.596083    3.697850 v _1344_/X (sky130_fd_sc_hd__and2_2)
                                                         _0382_ (net)
                      0.065174    0.000000    3.697850 v _1944_/A (sky130_fd_sc_hd__buf_2)
     1    0.001577    0.038942    0.224019    3.921870 v _1944_/X (sky130_fd_sc_hd__buf_2)
                                                         _1031_ (net)
                      0.038942    0.000000    3.921870 v _1523_/D (sky130_fd_sc_hd__dfxtp_2)
                                              3.921870   data arrival time

                      0.150000   10.000000   10.000000   clock clk (rise edge)
                                  0.000000   10.000000   clock network delay (ideal)
                                 -0.250000    9.750000   clock uncertainty
                                  0.000000    9.750000   clock reconvergence pessimism
                                              9.750000 ^ _1523_/CLK (sky130_fd_sc_hd__dfxtp_2)
                                 -0.239826    9.510174   library setup time
                                              9.510174   data required time
---------------------------------------------------------------------------------------------
                                              9.510174   data required time
                                             -3.921870   data arrival time
---------------------------------------------------------------------------------------------
                                              5.588304   slack (MET)


Startpoint: reset (input port clocked by clk)
Endpoint: _1524_ (rising edge-triggered flip-flop clocked by clk)
Path Group: clk
Path Type: max

Fanout         Cap        Slew       Delay        Time   Description
---------------------------------------------------------------------------------------------
                      0.150000    0.000000    0.000000   clock clk (rise edge)
                                  0.000000    0.000000   clock network delay (ideal)
                                  2.000000    2.000000 ^ input external delay
     1    0.001753    0.025900    0.010755    2.010755 ^ reset (in)
                                                         reset (net)
                      0.025900    0.000000    2.010755 ^ _1826_/A (sky130_fd_sc_hd__buf_2)
    14    0.064575    0.501093    0.508678    2.519432 ^ _1826_/X (sky130_fd_sc_hd__buf_2)
                                                         _0629_ (net)
                      0.501093    0.000000    2.519432 ^ _1090_/A (sky130_fd_sc_hd__inv_2)
    71    0.099477    0.439464    0.582335    3.101767 v _1090_/Y (sky130_fd_sc_hd__inv_2)
                                                         _0291_ (net)
                      0.439464    0.000000    3.101767 v _1345_/B (sky130_fd_sc_hd__and2_2)
     1    0.001625    0.065174    0.596083    3.697850 v _1345_/X (sky130_fd_sc_hd__and2_2)
                                                         _0383_ (net)
                      0.065174    0.000000    3.697850 v _1945_/A (sky130_fd_sc_hd__buf_2)
     1    0.001577    0.038942    0.224019    3.921870 v _1945_/X (sky130_fd_sc_hd__buf_2)
                                                         _1032_ (net)
                      0.038942    0.000000    3.921870 v _1524_/D (sky130_fd_sc_hd__dfxtp_2)
                                              3.921870   data arrival time

                      0.150000   10.000000   10.000000   clock clk (rise edge)
                                  0.000000   10.000000   clock network delay (ideal)
                                 -0.250000    9.750000   clock uncertainty
                                  0.000000    9.750000   clock reconvergence pessimism
                                              9.750000 ^ _1524_/CLK (sky130_fd_sc_hd__dfxtp_2)
                                 -0.239826    9.510174   library setup time
                                              9.510174   data required time
---------------------------------------------------------------------------------------------
                                              9.510174   data required time
                                             -3.921870   data arrival time
---------------------------------------------------------------------------------------------
                                              5.588304   slack (MET)


Startpoint: reset (input port clocked by clk)
Endpoint: _1525_ (rising edge-triggered flip-flop clocked by clk)
Path Group: clk
Path Type: max

Fanout         Cap        Slew       Delay        Time   Description
---------------------------------------------------------------------------------------------
                      0.150000    0.000000    0.000000   clock clk (rise edge)
                                  0.000000    0.000000   clock network delay (ideal)
                                  2.000000    2.000000 ^ input external delay
     1    0.001753    0.025900    0.010755    2.010755 ^ reset (in)
                                                         reset (net)
                      0.025900    0.000000    2.010755 ^ _1826_/A (sky130_fd_sc_hd__buf_2)
    14    0.064575    0.501093    0.508678    2.519432 ^ _1826_/X (sky130_fd_sc_hd__buf_2)
                                                         _0629_ (net)
                      0.501093    0.000000    2.519432 ^ _1090_/A (sky130_fd_sc_hd__inv_2)
    71    0.099477    0.439464    0.582335    3.101767 v _1090_/Y (sky130_fd_sc_hd__inv_2)
                                                         _0291_ (net)
                      0.439464    0.000000    3.101767 v _1346_/B (sky130_fd_sc_hd__and2_2)
     1    0.001625    0.065174    0.596083    3.697850 v _1346_/X (sky130_fd_sc_hd__and2_2)
                                                         _0384_ (net)
                      0.065174    0.000000    3.697850 v _1946_/A (sky130_fd_sc_hd__buf_2)
     1    0.001577    0.038942    0.224019    3.921870 v _1946_/X (sky130_fd_sc_hd__buf_2)
                                                         _1033_ (net)
                      0.038942    0.000000    3.921870 v _1525_/D (sky130_fd_sc_hd__dfxtp_2)
                                              3.921870   data arrival time

                      0.150000   10.000000   10.000000   clock clk (rise edge)
                                  0.000000   10.000000   clock network delay (ideal)
                                 -0.250000    9.750000   clock uncertainty
                                  0.000000    9.750000   clock reconvergence pessimism
                                              9.750000 ^ _1525_/CLK (sky130_fd_sc_hd__dfxtp_2)
                                 -0.239826    9.510174   library setup time
                                              9.510174   data required time
---------------------------------------------------------------------------------------------
                                              9.510174   data required time
                                             -3.921870   data arrival time
---------------------------------------------------------------------------------------------
                                              5.588304   slack (MET)


Startpoint: reset (input port clocked by clk)
Endpoint: _1526_ (rising edge-triggered flip-flop clocked by clk)
Path Group: clk
Path Type: max

Fanout         Cap        Slew       Delay        Time   Description
---------------------------------------------------------------------------------------------
                      0.150000    0.000000    0.000000   clock clk (rise edge)
                                  0.000000    0.000000   clock network delay (ideal)
                                  2.000000    2.000000 ^ input external delay
     1    0.001753    0.025900    0.010755    2.010755 ^ reset (in)
                                                         reset (net)
                      0.025900    0.000000    2.010755 ^ _1826_/A (sky130_fd_sc_hd__buf_2)
    14    0.064575    0.501093    0.508678    2.519432 ^ _1826_/X (sky130_fd_sc_hd__buf_2)
                                                         _0629_ (net)
                      0.501093    0.000000    2.519432 ^ _1090_/A (sky130_fd_sc_hd__inv_2)
    71    0.099477    0.439464    0.582335    3.101767 v _1090_/Y (sky130_fd_sc_hd__inv_2)
                                                         _0291_ (net)
                      0.439464    0.000000    3.101767 v _1347_/B (sky130_fd_sc_hd__and2_2)
     1    0.001625    0.065174    0.596083    3.697850 v _1347_/X (sky130_fd_sc_hd__and2_2)
                                                         _0385_ (net)
                      0.065174    0.000000    3.697850 v _1947_/A (sky130_fd_sc_hd__buf_2)
     1    0.001577    0.038942    0.224019    3.921870 v _1947_/X (sky130_fd_sc_hd__buf_2)
                                                         _1034_ (net)
                      0.038942    0.000000    3.921870 v _1526_/D (sky130_fd_sc_hd__dfxtp_2)
                                              3.921870   data arrival time

                      0.150000   10.000000   10.000000   clock clk (rise edge)
                                  0.000000   10.000000   clock network delay (ideal)
                                 -0.250000    9.750000   clock uncertainty
                                  0.000000    9.750000   clock reconvergence pessimism
                                              9.750000 ^ _1526_/CLK (sky130_fd_sc_hd__dfxtp_2)
                                 -0.239826    9.510174   library setup time
                                              9.510174   data required time
---------------------------------------------------------------------------------------------
                                              9.510174   data required time
                                             -3.921870   data arrival time
---------------------------------------------------------------------------------------------
                                              5.588304   slack (MET)


Startpoint: reset (input port clocked by clk)
Endpoint: _1527_ (rising edge-triggered flip-flop clocked by clk)
Path Group: clk
Path Type: max

Fanout         Cap        Slew       Delay        Time   Description
---------------------------------------------------------------------------------------------
                      0.150000    0.000000    0.000000   clock clk (rise edge)
                                  0.000000    0.000000   clock network delay (ideal)
                                  2.000000    2.000000 ^ input external delay
     1    0.001753    0.025900    0.010755    2.010755 ^ reset (in)
                                                         reset (net)
                      0.025900    0.000000    2.010755 ^ _1826_/A (sky130_fd_sc_hd__buf_2)
    14    0.064575    0.501093    0.508678    2.519432 ^ _1826_/X (sky130_fd_sc_hd__buf_2)
                                                         _0629_ (net)
                      0.501093    0.000000    2.519432 ^ _1090_/A (sky130_fd_sc_hd__inv_2)
    71    0.099477    0.439464    0.582335    3.101767 v _1090_/Y (sky130_fd_sc_hd__inv_2)
                                                         _0291_ (net)
                      0.439464    0.000000    3.101767 v _1348_/B (sky130_fd_sc_hd__and2_2)
     1    0.001625    0.065174    0.596083    3.697850 v _1348_/X (sky130_fd_sc_hd__and2_2)
                                                         _0386_ (net)
                      0.065174    0.000000    3.697850 v _1948_/A (sky130_fd_sc_hd__buf_2)
     1    0.001577    0.038942    0.224019    3.921870 v _1948_/X (sky130_fd_sc_hd__buf_2)
                                                         _1035_ (net)
                      0.038942    0.000000    3.921870 v _1527_/D (sky130_fd_sc_hd__dfxtp_2)
                                              3.921870   data arrival time

                      0.150000   10.000000   10.000000   clock clk (rise edge)
                                  0.000000   10.000000   clock network delay (ideal)
                                 -0.250000    9.750000   clock uncertainty
                                  0.000000    9.750000   clock reconvergence pessimism
                                              9.750000 ^ _1527_/CLK (sky130_fd_sc_hd__dfxtp_2)
                                 -0.239826    9.510174   library setup time
                                              9.510174   data required time
---------------------------------------------------------------------------------------------
                                              9.510174   data required time
                                             -3.921870   data arrival time
---------------------------------------------------------------------------------------------
                                              5.588304   slack (MET)


Startpoint: reset (input port clocked by clk)
Endpoint: _1528_ (rising edge-triggered flip-flop clocked by clk)
Path Group: clk
Path Type: max

Fanout         Cap        Slew       Delay        Time   Description
---------------------------------------------------------------------------------------------
                      0.150000    0.000000    0.000000   clock clk (rise edge)
                                  0.000000    0.000000   clock network delay (ideal)
                                  2.000000    2.000000 ^ input external delay
     1    0.001753    0.025900    0.010755    2.010755 ^ reset (in)
                                                         reset (net)
                      0.025900    0.000000    2.010755 ^ _1826_/A (sky130_fd_sc_hd__buf_2)
    14    0.064575    0.501093    0.508678    2.519432 ^ _1826_/X (sky130_fd_sc_hd__buf_2)
                                                         _0629_ (net)
                      0.501093    0.000000    2.519432 ^ _1090_/A (sky130_fd_sc_hd__inv_2)
    71    0.099477    0.439464    0.582335    3.101767 v _1090_/Y (sky130_fd_sc_hd__inv_2)
                                                         _0291_ (net)
                      0.439464    0.000000    3.101767 v _1349_/B (sky130_fd_sc_hd__and2_2)
     1    0.001625    0.065174    0.596083    3.697850 v _1349_/X (sky130_fd_sc_hd__and2_2)
                                                         _0387_ (net)
                      0.065174    0.000000    3.697850 v _1949_/A (sky130_fd_sc_hd__buf_2)
     1    0.001577    0.038942    0.224019    3.921870 v _1949_/X (sky130_fd_sc_hd__buf_2)
                                                         _1036_ (net)
                      0.038942    0.000000    3.921870 v _1528_/D (sky130_fd_sc_hd__dfxtp_2)
                                              3.921870   data arrival time

                      0.150000   10.000000   10.000000   clock clk (rise edge)
                                  0.000000   10.000000   clock network delay (ideal)
                                 -0.250000    9.750000   clock uncertainty
                                  0.000000    9.750000   clock reconvergence pessimism
                                              9.750000 ^ _1528_/CLK (sky130_fd_sc_hd__dfxtp_2)
                                 -0.239826    9.510174   library setup time
                                              9.510174   data required time
---------------------------------------------------------------------------------------------
                                              9.510174   data required time
                                             -3.921870   data arrival time
---------------------------------------------------------------------------------------------
                                              5.588304   slack (MET)


Startpoint: reset (input port clocked by clk)
Endpoint: _1529_ (rising edge-triggered flip-flop clocked by clk)
Path Group: clk
Path Type: max

Fanout         Cap        Slew       Delay        Time   Description
---------------------------------------------------------------------------------------------
                      0.150000    0.000000    0.000000   clock clk (rise edge)
                                  0.000000    0.000000   clock network delay (ideal)
                                  2.000000    2.000000 ^ input external delay
     1    0.001753    0.025900    0.010755    2.010755 ^ reset (in)
                                                         reset (net)
                      0.025900    0.000000    2.010755 ^ _1826_/A (sky130_fd_sc_hd__buf_2)
    14    0.064575    0.501093    0.508678    2.519432 ^ _1826_/X (sky130_fd_sc_hd__buf_2)
                                                         _0629_ (net)
                      0.501093    0.000000    2.519432 ^ _1090_/A (sky130_fd_sc_hd__inv_2)
    71    0.099477    0.439464    0.582335    3.101767 v _1090_/Y (sky130_fd_sc_hd__inv_2)
                                                         _0291_ (net)
                      0.439464    0.000000    3.101767 v _1350_/B (sky130_fd_sc_hd__and2_2)
     1    0.001625    0.065174    0.596083    3.697850 v _1350_/X (sky130_fd_sc_hd__and2_2)
                                                         _0388_ (net)
                      0.065174    0.000000    3.697850 v _1950_/A (sky130_fd_sc_hd__buf_2)
     1    0.001577    0.038942    0.224019    3.921870 v _1950_/X (sky130_fd_sc_hd__buf_2)
                                                         _1037_ (net)
                      0.038942    0.000000    3.921870 v _1529_/D (sky130_fd_sc_hd__dfxtp_2)
                                              3.921870   data arrival time

                      0.150000   10.000000   10.000000   clock clk (rise edge)
                                  0.000000   10.000000   clock network delay (ideal)
                                 -0.250000    9.750000   clock uncertainty
                                  0.000000    9.750000   clock reconvergence pessimism
                                              9.750000 ^ _1529_/CLK (sky130_fd_sc_hd__dfxtp_2)
                                 -0.239826    9.510174   library setup time
                                              9.510174   data required time
---------------------------------------------------------------------------------------------
                                              9.510174   data required time
                                             -3.921870   data arrival time
---------------------------------------------------------------------------------------------
                                              5.588304   slack (MET)


Startpoint: reset (input port clocked by clk)
Endpoint: _1530_ (rising edge-triggered flip-flop clocked by clk)
Path Group: clk
Path Type: max

Fanout         Cap        Slew       Delay        Time   Description
---------------------------------------------------------------------------------------------
                      0.150000    0.000000    0.000000   clock clk (rise edge)
                                  0.000000    0.000000   clock network delay (ideal)
                                  2.000000    2.000000 ^ input external delay
     1    0.001753    0.025900    0.010755    2.010755 ^ reset (in)
                                                         reset (net)
                      0.025900    0.000000    2.010755 ^ _1826_/A (sky130_fd_sc_hd__buf_2)
    14    0.064575    0.501093    0.508678    2.519432 ^ _1826_/X (sky130_fd_sc_hd__buf_2)
                                                         _0629_ (net)
                      0.501093    0.000000    2.519432 ^ _1090_/A (sky130_fd_sc_hd__inv_2)
    71    0.099477    0.439464    0.582335    3.101767 v _1090_/Y (sky130_fd_sc_hd__inv_2)
                                                         _0291_ (net)
                      0.439464    0.000000    3.101767 v _1351_/B (sky130_fd_sc_hd__and2_2)
     1    0.001625    0.065174    0.596083    3.697850 v _1351_/X (sky130_fd_sc_hd__and2_2)
                                                         _0389_ (net)
                      0.065174    0.000000    3.697850 v _1951_/A (sky130_fd_sc_hd__buf_2)
     1    0.001577    0.038942    0.224019    3.921870 v _1951_/X (sky130_fd_sc_hd__buf_2)
                                                         _1038_ (net)
                      0.038942    0.000000    3.921870 v _1530_/D (sky130_fd_sc_hd__dfxtp_2)
                                              3.921870   data arrival time

                      0.150000   10.000000   10.000000   clock clk (rise edge)
                                  0.000000   10.000000   clock network delay (ideal)
                                 -0.250000    9.750000   clock uncertainty
                                  0.000000    9.750000   clock reconvergence pessimism
                                              9.750000 ^ _1530_/CLK (sky130_fd_sc_hd__dfxtp_2)
                                 -0.239826    9.510174   library setup time
                                              9.510174   data required time
---------------------------------------------------------------------------------------------
                                              9.510174   data required time
                                             -3.921870   data arrival time
---------------------------------------------------------------------------------------------
                                              5.588304   slack (MET)


Startpoint: reset (input port clocked by clk)
Endpoint: _1531_ (rising edge-triggered flip-flop clocked by clk)
Path Group: clk
Path Type: max

Fanout         Cap        Slew       Delay        Time   Description
---------------------------------------------------------------------------------------------
                      0.150000    0.000000    0.000000   clock clk (rise edge)
                                  0.000000    0.000000   clock network delay (ideal)
                                  2.000000    2.000000 ^ input external delay
     1    0.001753    0.025900    0.010755    2.010755 ^ reset (in)
                                                         reset (net)
                      0.025900    0.000000    2.010755 ^ _1826_/A (sky130_fd_sc_hd__buf_2)
    14    0.064575    0.501093    0.508678    2.519432 ^ _1826_/X (sky130_fd_sc_hd__buf_2)
                                                         _0629_ (net)
                      0.501093    0.000000    2.519432 ^ _1090_/A (sky130_fd_sc_hd__inv_2)
    71    0.099477    0.439464    0.582335    3.101767 v _1090_/Y (sky130_fd_sc_hd__inv_2)
                                                         _0291_ (net)
                      0.439464    0.000000    3.101767 v _1352_/B (sky130_fd_sc_hd__and2_2)
     1    0.001625    0.065174    0.596083    3.697850 v _1352_/X (sky130_fd_sc_hd__and2_2)
                                                         _0390_ (net)
                      0.065174    0.000000    3.697850 v _1952_/A (sky130_fd_sc_hd__buf_2)
     1    0.001577    0.038942    0.224019    3.921870 v _1952_/X (sky130_fd_sc_hd__buf_2)
                                                         _1039_ (net)
                      0.038942    0.000000    3.921870 v _1531_/D (sky130_fd_sc_hd__dfxtp_2)
                                              3.921870   data arrival time

                      0.150000   10.000000   10.000000   clock clk (rise edge)
                                  0.000000   10.000000   clock network delay (ideal)
                                 -0.250000    9.750000   clock uncertainty
                                  0.000000    9.750000   clock reconvergence pessimism
                                              9.750000 ^ _1531_/CLK (sky130_fd_sc_hd__dfxtp_2)
                                 -0.239826    9.510174   library setup time
                                              9.510174   data required time
---------------------------------------------------------------------------------------------
                                              9.510174   data required time
                                             -3.921870   data arrival time
---------------------------------------------------------------------------------------------
                                              5.588304   slack (MET)


Startpoint: reset (input port clocked by clk)
Endpoint: _1507_ (rising edge-triggered flip-flop clocked by clk)
Path Group: clk
Path Type: max

Fanout         Cap        Slew       Delay        Time   Description
---------------------------------------------------------------------------------------------
                      0.150000    0.000000    0.000000   clock clk (rise edge)
                                  0.000000    0.000000   clock network delay (ideal)
                                  2.000000    2.000000 ^ input external delay
     1    0.001753    0.025900    0.010755    2.010755 ^ reset (in)
                                                         reset (net)
                      0.025900    0.000000    2.010755 ^ _1826_/A (sky130_fd_sc_hd__buf_2)
    14    0.064575    0.501093    0.508678    2.519432 ^ _1826_/X (sky130_fd_sc_hd__buf_2)
                                                         _0629_ (net)
                      0.501093    0.000000    2.519432 ^ _1090_/A (sky130_fd_sc_hd__inv_2)
    71    0.099477    0.439464    0.582335    3.101767 v _1090_/Y (sky130_fd_sc_hd__inv_2)
                                                         _0291_ (net)
                      0.439464    0.000000    3.101767 v _1328_/A (sky130_fd_sc_hd__and2_2)
     1    0.001625    0.065237    0.545303    3.647071 v _1328_/X (sky130_fd_sc_hd__and2_2)
                                                         _0366_ (net)
                      0.065237    0.000000    3.647071 v _1928_/A (sky130_fd_sc_hd__buf_2)
     1    0.001577    0.038942    0.224050    3.871120 v _1928_/X (sky130_fd_sc_hd__buf_2)
                                                         _1015_ (net)
                      0.038942    0.000000    3.871120 v _1507_/D (sky130_fd_sc_hd__dfxtp_2)
                                              3.871120   data arrival time

                      0.150000   10.000000   10.000000   clock clk (rise edge)
                                  0.000000   10.000000   clock network delay (ideal)
                                 -0.250000    9.750000   clock uncertainty
                                  0.000000    9.750000   clock reconvergence pessimism
                                              9.750000 ^ _1507_/CLK (sky130_fd_sc_hd__dfxtp_2)
                                 -0.239825    9.510175   library setup time
                                              9.510175   data required time
---------------------------------------------------------------------------------------------
                                              9.510175   data required time
                                             -3.871120   data arrival time
---------------------------------------------------------------------------------------------
                                              5.639055   slack (MET)


Startpoint: reset (input port clocked by clk)
Endpoint: _1509_ (rising edge-triggered flip-flop clocked by clk)
Path Group: clk
Path Type: max

Fanout         Cap        Slew       Delay        Time   Description
---------------------------------------------------------------------------------------------
                      0.150000    0.000000    0.000000   clock clk (rise edge)
                                  0.000000    0.000000   clock network delay (ideal)
                                  2.000000    2.000000 ^ input external delay
     1    0.001753    0.025900    0.010755    2.010755 ^ reset (in)
                                                         reset (net)
                      0.025900    0.000000    2.010755 ^ _1826_/A (sky130_fd_sc_hd__buf_2)
    14    0.064575    0.501093    0.508678    2.519432 ^ _1826_/X (sky130_fd_sc_hd__buf_2)
                                                         _0629_ (net)
                      0.501093    0.000000    2.519432 ^ _1090_/A (sky130_fd_sc_hd__inv_2)
    71    0.099477    0.439464    0.582335    3.101767 v _1090_/Y (sky130_fd_sc_hd__inv_2)
                                                         _0291_ (net)
                      0.439464    0.000000    3.101767 v _1330_/A (sky130_fd_sc_hd__and2_2)
     1    0.001625    0.065235    0.545303    3.647071 v _1330_/X (sky130_fd_sc_hd__and2_2)
                                                         _0368_ (net)
                      0.065235    0.000000    3.647071 v _1930_/A (sky130_fd_sc_hd__buf_2)
     1    0.001577    0.038942    0.224049    3.871119 v _1930_/X (sky130_fd_sc_hd__buf_2)
                                                         _1017_ (net)
                      0.038942    0.000000    3.871119 v _1509_/D (sky130_fd_sc_hd__dfxtp_2)
                                              3.871119   data arrival time

                      0.150000   10.000000   10.000000   clock clk (rise edge)
                                  0.000000   10.000000   clock network delay (ideal)
                                 -0.250000    9.750000   clock uncertainty
                                  0.000000    9.750000   clock reconvergence pessimism
                                              9.750000 ^ _1509_/CLK (sky130_fd_sc_hd__dfxtp_2)
                                 -0.239825    9.510175   library setup time
                                              9.510175   data required time
---------------------------------------------------------------------------------------------
                                              9.510175   data required time
                                             -3.871119   data arrival time
---------------------------------------------------------------------------------------------
                                              5.639056   slack (MET)


Startpoint: reset (input port clocked by clk)
Endpoint: _1510_ (rising edge-triggered flip-flop clocked by clk)
Path Group: clk
Path Type: max

Fanout         Cap        Slew       Delay        Time   Description
---------------------------------------------------------------------------------------------
                      0.150000    0.000000    0.000000   clock clk (rise edge)
                                  0.000000    0.000000   clock network delay (ideal)
                                  2.000000    2.000000 ^ input external delay
     1    0.001753    0.025900    0.010755    2.010755 ^ reset (in)
                                                         reset (net)
                      0.025900    0.000000    2.010755 ^ _1826_/A (sky130_fd_sc_hd__buf_2)
    14    0.064575    0.501093    0.508678    2.519432 ^ _1826_/X (sky130_fd_sc_hd__buf_2)
                                                         _0629_ (net)
                      0.501093    0.000000    2.519432 ^ _1090_/A (sky130_fd_sc_hd__inv_2)
    71    0.099477    0.439464    0.582335    3.101767 v _1090_/Y (sky130_fd_sc_hd__inv_2)
                                                         _0291_ (net)
                      0.439464    0.000000    3.101767 v _1331_/A (sky130_fd_sc_hd__and2_2)
     1    0.001625    0.065235    0.545303    3.647071 v _1331_/X (sky130_fd_sc_hd__and2_2)
                                                         _0369_ (net)
                      0.065235    0.000000    3.647071 v _1931_/A (sky130_fd_sc_hd__buf_2)
     1    0.001577    0.038942    0.224049    3.871119 v _1931_/X (sky130_fd_sc_hd__buf_2)
                                                         _1018_ (net)
                      0.038942    0.000000    3.871119 v _1510_/D (sky130_fd_sc_hd__dfxtp_2)
                                              3.871119   data arrival time

                      0.150000   10.000000   10.000000   clock clk (rise edge)
                                  0.000000   10.000000   clock network delay (ideal)
                                 -0.250000    9.750000   clock uncertainty
                                  0.000000    9.750000   clock reconvergence pessimism
                                              9.750000 ^ _1510_/CLK (sky130_fd_sc_hd__dfxtp_2)
                                 -0.239825    9.510175   library setup time
                                              9.510175   data required time
---------------------------------------------------------------------------------------------
                                              9.510175   data required time
                                             -3.871119   data arrival time
---------------------------------------------------------------------------------------------
                                              5.639056   slack (MET)


Startpoint: _1562_ (rising edge-triggered flip-flop clocked by clk)
Endpoint: _1571_ (rising edge-triggered flip-flop clocked by clk)
Path Group: clk
Path Type: max

Fanout         Cap        Slew       Delay        Time   Description
---------------------------------------------------------------------------------------------
                      0.150000    0.000000    0.000000   clock clk (rise edge)
                                  0.000000    0.000000   clock network delay (ideal)
                      0.150000    0.000000    0.000000 ^ _1562_/CLK (sky130_fd_sc_hd__dfrtp_2)
     1    0.001625    0.068852    0.856706    0.856706 v _1562_/Q (sky130_fd_sc_hd__dfrtp_2)
                                                         u_top.dataMemory.clear_word[0] (net)
                      0.068852    0.000000    0.856706 v _1719_/A (sky130_fd_sc_hd__buf_2)
    15    0.032061    0.160039    0.354317    1.211023 v _1719_/X (sky130_fd_sc_hd__buf_2)
                                                         _0662_ (net)
                      0.160039    0.000000    1.211023 v _1092_/D (sky130_fd_sc_hd__and4_2)
     5    0.013466    0.125511    0.620606    1.831629 v _1092_/X (sky130_fd_sc_hd__and4_2)
                                                         _0442_ (net)
                      0.125511    0.000000    1.831629 v _1095_/C (sky130_fd_sc_hd__and3_2)
     5    0.013466    0.122559    0.550038    2.381667 v _1095_/X (sky130_fd_sc_hd__and3_2)
                                                         _0445_ (net)
                      0.122559    0.000000    2.381667 v _1098_/C (sky130_fd_sc_hd__and3_2)
     4    0.012102    0.116738    0.540418    2.922085 v _1098_/X (sky130_fd_sc_hd__and3_2)
                                                         _0448_ (net)
                      0.116738    0.000000    2.922085 v _1100_/B (sky130_fd_sc_hd__nand2_2)
     2    0.007058    0.093042    0.145587    3.067672 ^ _1100_/Y (sky130_fd_sc_hd__nand2_2)
                                                         _0450_ (net)
                      0.093042    0.000000    3.067672 ^ _1103_/B (sky130_fd_sc_hd__nor2_2)
     1    0.002265    0.051187    0.067050    3.134722 v _1103_/Y (sky130_fd_sc_hd__nor2_2)
                                                         _0452_ (net)
                      0.051187    0.000000    3.134722 v _1104_/B2 (sky130_fd_sc_hd__o22a_2)
     1    0.001625    0.061889    0.341810    3.476532 v _1104_/X (sky130_fd_sc_hd__o22a_2)
                                                         _0430_ (net)
                      0.061889    0.000000    3.476532 v _1702_/A (sky130_fd_sc_hd__buf_2)
     1    0.001838    0.040253    0.224348    3.700880 v _1702_/X (sky130_fd_sc_hd__buf_2)
                                                         _1079_ (net)
                      0.040253    0.000000    3.700880 v _1571_/D (sky130_fd_sc_hd__dfrtp_2)
                                              3.700880   data arrival time

                      0.150000   10.000000   10.000000   clock clk (rise edge)
                                  0.000000   10.000000   clock network delay (ideal)
                                 -0.250000    9.750000   clock uncertainty
                                  0.000000    9.750000   clock reconvergence pessimism
                                              9.750000 ^ _1571_/CLK (sky130_fd_sc_hd__dfrtp_2)
                                 -0.242879    9.507122   library setup time
                                              9.507122   data required time
---------------------------------------------------------------------------------------------
                                              9.507122   data required time
                                             -3.700880   data arrival time
---------------------------------------------------------------------------------------------
                                              5.806241   slack (MET)


Startpoint: reset (input port clocked by clk)
Endpoint: _1562_ (recovery check against rising-edge clock clk)
Path Group: asynchronous
Path Type: max

Fanout         Cap        Slew       Delay        Time   Description
---------------------------------------------------------------------------------------------
                      0.150000    0.000000    0.000000   clock clk (rise edge)
                                  0.000000    0.000000   clock network delay (ideal)
                                  2.000000    2.000000 v input external delay
     1    0.001625    0.014323    0.005775    2.005775 v reset (in)
                                                         reset (net)
                      0.014323    0.000000    2.005775 v _1826_/A (sky130_fd_sc_hd__buf_2)
    14    0.060027    0.267227    0.422467    2.428242 v _1826_/X (sky130_fd_sc_hd__buf_2)
                                                         _0629_ (net)
                      0.267227    0.000000    2.428242 v _1090_/A (sky130_fd_sc_hd__inv_2)
    71    0.106915    0.769506    0.713921    3.142163 ^ _1090_/Y (sky130_fd_sc_hd__inv_2)
                                                         _0291_ (net)
                      0.769506    0.000000    3.142163 ^ _1983_/A (sky130_fd_sc_hd__buf_2)
     1    0.003263    0.064619    0.451257    3.593420 ^ _1983_/X (sky130_fd_sc_hd__buf_2)
                                                         _0877_ (net)
                      0.064619    0.000000    3.593420 ^ _1562_/RESET_B (sky130_fd_sc_hd__dfrtp_2)
                                              3.593420   data arrival time

                      0.150000   10.000000   10.000000   clock clk (rise edge)
                                  0.000000   10.000000   clock network delay (ideal)
                                 -0.250000    9.750000   clock uncertainty
                                  0.000000    9.750000   clock reconvergence pessimism
                                              9.750000 ^ _1562_/CLK (sky130_fd_sc_hd__dfrtp_2)
                                  0.473569   10.223569   library recovery time
                                             10.223569   data required time
---------------------------------------------------------------------------------------------
                                             10.223569   data required time
                                             -3.593420   data arrival time
---------------------------------------------------------------------------------------------
                                              6.630149   slack (MET)


Startpoint: _1573_ (rising edge-triggered flip-flop clocked by clk)
Endpoint: u_top.dataMemory.sram_even_words
          (falling edge-triggered flip-flop clocked by clk)
Path Group: clk
Path Type: max

Fanout         Cap        Slew       Delay        Time   Description
---------------------------------------------------------------------------------------------
                      0.150000    0.000000    0.000000   clock clk (rise edge)
                                  0.000000    0.000000   clock network delay (ideal)
                      0.150000    0.000000    0.000000 ^ _1573_/CLK (sky130_fd_sc_hd__dfstp_2)
     3    0.015533    0.148739    1.306200    1.306200 ^ _1573_/Q (sky130_fd_sc_hd__dfstp_2)
                                                         u_top.dataMemory.clear_active (net)
                      0.148739    0.000000    1.306200 ^ _1699_/A (sky130_fd_sc_hd__buf_2)
    12    0.027382    0.225054    0.361454    1.667655 ^ _1699_/X (sky130_fd_sc_hd__buf_2)
                                                         _0660_ (net)
                      0.225054    0.000000    1.667655 ^ _1082_/A (sky130_fd_sc_hd__inv_2)
     7    0.023742    0.119023    0.202603    1.870258 v _1082_/Y (sky130_fd_sc_hd__inv_2)
                                                         _0433_ (net)
                      0.119023    0.000000    1.870258 v _1220_/A (sky130_fd_sc_hd__nor2_2)
    11    0.019502    0.378255    0.403582    2.273840 ^ _1220_/Y (sky130_fd_sc_hd__nor2_2)
                                                         _0682_ (net)
                      0.378255    0.000000    2.273840 ^ _1231_/B (sky130_fd_sc_hd__and2_2)
     1    0.001753    0.062868    0.378267    2.652107 ^ _1231_/X (sky130_fd_sc_hd__and2_2)
                                                         _0672_ (net)
                      0.062868    0.000000    2.652107 ^ _1850_/A (sky130_fd_sc_hd__buf_2)
     1    0.006890    0.076378    0.201057    2.853164 ^ _1850_/X (sky130_fd_sc_hd__buf_2)
                                                         u_top.dataMemory.s0_addr0[0] (net)
                      0.101837    0.000000    2.853164 ^ u_top.dataMemory.sram_even_words/addr0[0] (sky130_sram_2kbyte_1rw1r_32x512_8)
                                              2.853164   data arrival time

                      0.150000   10.000000   10.000000   clock clk (rise edge)
                                  0.000000   10.000000   clock network delay (ideal)
                                 -0.250000    9.750000   clock uncertainty
                                  0.000000    9.750000   clock reconvergence pessimism
                                              9.750000 ^ u_top.dataMemory.sram_even_words/clk0 (sky130_sram_2kbyte_1rw1r_32x512_8)
                                 -0.103000    9.647000   library setup time
                                              9.647000   data required time
---------------------------------------------------------------------------------------------
                                              9.647000   data required time
                                             -2.853164   data arrival time
---------------------------------------------------------------------------------------------
                                              6.793836   slack (MET)


Startpoint: _1573_ (rising edge-triggered flip-flop clocked by clk)
Endpoint: u_top.dataMemory.sram_even_words
          (falling edge-triggered flip-flop clocked by clk)
Path Group: clk
Path Type: max

Fanout         Cap        Slew       Delay        Time   Description
---------------------------------------------------------------------------------------------
                      0.150000    0.000000    0.000000   clock clk (rise edge)
                                  0.000000    0.000000   clock network delay (ideal)
                      0.150000    0.000000    0.000000 ^ _1573_/CLK (sky130_fd_sc_hd__dfstp_2)
     3    0.015533    0.148739    1.306200    1.306200 ^ _1573_/Q (sky130_fd_sc_hd__dfstp_2)
                                                         u_top.dataMemory.clear_active (net)
                      0.148739    0.000000    1.306200 ^ _1699_/A (sky130_fd_sc_hd__buf_2)
    12    0.027382    0.225054    0.361454    1.667655 ^ _1699_/X (sky130_fd_sc_hd__buf_2)
                                                         _0660_ (net)
                      0.225054    0.000000    1.667655 ^ _1082_/A (sky130_fd_sc_hd__inv_2)
     7    0.023742    0.119023    0.202603    1.870258 v _1082_/Y (sky130_fd_sc_hd__inv_2)
                                                         _0433_ (net)
                      0.119023    0.000000    1.870258 v _1220_/A (sky130_fd_sc_hd__nor2_2)
    11    0.019502    0.378255    0.403582    2.273840 ^ _1220_/Y (sky130_fd_sc_hd__nor2_2)
                                                         _0682_ (net)
                      0.378255    0.000000    2.273840 ^ _1232_/B (sky130_fd_sc_hd__and2_2)
     1    0.001753    0.062868    0.378267    2.652107 ^ _1232_/X (sky130_fd_sc_hd__and2_2)
                                                         _0673_ (net)
                      0.062868    0.000000    2.652107 ^ _1851_/A (sky130_fd_sc_hd__buf_2)
     1    0.006890    0.076378    0.201057    2.853164 ^ _1851_/X (sky130_fd_sc_hd__buf_2)
                                                         u_top.dataMemory.s0_addr0[1] (net)
                      0.101837    0.000000    2.853164 ^ u_top.dataMemory.sram_even_words/addr0[1] (sky130_sram_2kbyte_1rw1r_32x512_8)
                                              2.853164   data arrival time

                      0.150000   10.000000   10.000000   clock clk (rise edge)
                                  0.000000   10.000000   clock network delay (ideal)
                                 -0.250000    9.750000   clock uncertainty
                                  0.000000    9.750000   clock reconvergence pessimism
                                              9.750000 ^ u_top.dataMemory.sram_even_words/clk0 (sky130_sram_2kbyte_1rw1r_32x512_8)
                                 -0.103000    9.647000   library setup time
                                              9.647000   data required time
---------------------------------------------------------------------------------------------
                                              9.647000   data required time
                                             -2.853164   data arrival time
---------------------------------------------------------------------------------------------
                                              6.793836   slack (MET)


Startpoint: _1573_ (rising edge-triggered flip-flop clocked by clk)
Endpoint: u_top.dataMemory.sram_even_words
          (falling edge-triggered flip-flop clocked by clk)
Path Group: clk
Path Type: max

Fanout         Cap        Slew       Delay        Time   Description
---------------------------------------------------------------------------------------------
                      0.150000    0.000000    0.000000   clock clk (rise edge)
                                  0.000000    0.000000   clock network delay (ideal)
                      0.150000    0.000000    0.000000 ^ _1573_/CLK (sky130_fd_sc_hd__dfstp_2)
     3    0.015533    0.148739    1.306200    1.306200 ^ _1573_/Q (sky130_fd_sc_hd__dfstp_2)
                                                         u_top.dataMemory.clear_active (net)
                      0.148739    0.000000    1.306200 ^ _1699_/A (sky130_fd_sc_hd__buf_2)
    12    0.027382    0.225054    0.361454    1.667655 ^ _1699_/X (sky130_fd_sc_hd__buf_2)
                                                         _0660_ (net)
                      0.225054    0.000000    1.667655 ^ _1082_/A (sky130_fd_sc_hd__inv_2)
     7    0.023742    0.119023    0.202603    1.870258 v _1082_/Y (sky130_fd_sc_hd__inv_2)
                                                         _0433_ (net)
                      0.119023    0.000000    1.870258 v _1220_/A (sky130_fd_sc_hd__nor2_2)
    11    0.019502    0.378255    0.403582    2.273840 ^ _1220_/Y (sky130_fd_sc_hd__nor2_2)
                                                         _0682_ (net)
                      0.378255    0.000000    2.273840 ^ _1233_/B (sky130_fd_sc_hd__and2_2)
     1    0.001753    0.062868    0.378267    2.652107 ^ _1233_/X (sky130_fd_sc_hd__and2_2)
                                                         _0674_ (net)
                      0.062868    0.000000    2.652107 ^ _1852_/A (sky130_fd_sc_hd__buf_2)
     1    0.006890    0.076378    0.201057    2.853164 ^ _1852_/X (sky130_fd_sc_hd__buf_2)
                                                         u_top.dataMemory.s0_addr0[2] (net)
                      0.101837    0.000000    2.853164 ^ u_top.dataMemory.sram_even_words/addr0[2] (sky130_sram_2kbyte_1rw1r_32x512_8)
                                              2.853164   data arrival time

                      0.150000   10.000000   10.000000   clock clk (rise edge)
                                  0.000000   10.000000   clock network delay (ideal)
                                 -0.250000    9.750000   clock uncertainty
                                  0.000000    9.750000   clock reconvergence pessimism
                                              9.750000 ^ u_top.dataMemory.sram_even_words/clk0 (sky130_sram_2kbyte_1rw1r_32x512_8)
                                 -0.103000    9.647000   library setup time
                                              9.647000   data required time
---------------------------------------------------------------------------------------------
                                              9.647000   data required time
                                             -2.853164   data arrival time
---------------------------------------------------------------------------------------------
                                              6.793836   slack (MET)


Startpoint: _1573_ (rising edge-triggered flip-flop clocked by clk)
Endpoint: u_top.dataMemory.sram_even_words
          (falling edge-triggered flip-flop clocked by clk)
Path Group: clk
Path Type: max

Fanout         Cap        Slew       Delay        Time   Description
---------------------------------------------------------------------------------------------
                      0.150000    0.000000    0.000000   clock clk (rise edge)
                                  0.000000    0.000000   clock network delay (ideal)
                      0.150000    0.000000    0.000000 ^ _1573_/CLK (sky130_fd_sc_hd__dfstp_2)
     3    0.015533    0.148739    1.306200    1.306200 ^ _1573_/Q (sky130_fd_sc_hd__dfstp_2)
                                                         u_top.dataMemory.clear_active (net)
                      0.148739    0.000000    1.306200 ^ _1699_/A (sky130_fd_sc_hd__buf_2)
    12    0.027382    0.225054    0.361454    1.667655 ^ _1699_/X (sky130_fd_sc_hd__buf_2)
                                                         _0660_ (net)
                      0.225054    0.000000    1.667655 ^ _1082_/A (sky130_fd_sc_hd__inv_2)
     7    0.023742    0.119023    0.202603    1.870258 v _1082_/Y (sky130_fd_sc_hd__inv_2)
                                                         _0433_ (net)
                      0.119023    0.000000    1.870258 v _1220_/A (sky130_fd_sc_hd__nor2_2)
    11    0.019502    0.378255    0.403582    2.273840 ^ _1220_/Y (sky130_fd_sc_hd__nor2_2)
                                                         _0682_ (net)
                      0.378255    0.000000    2.273840 ^ _1234_/B (sky130_fd_sc_hd__and2_2)
     1    0.001753    0.062868    0.378267    2.652107 ^ _1234_/X (sky130_fd_sc_hd__and2_2)
                                                         _0675_ (net)
                      0.062868    0.000000    2.652107 ^ _1853_/A (sky130_fd_sc_hd__buf_2)
     1    0.006890    0.076378    0.201057    2.853164 ^ _1853_/X (sky130_fd_sc_hd__buf_2)
                                                         u_top.dataMemory.s0_addr0[3] (net)
                      0.101837    0.000000    2.853164 ^ u_top.dataMemory.sram_even_words/addr0[3] (sky130_sram_2kbyte_1rw1r_32x512_8)
                                              2.853164   data arrival time

                      0.150000   10.000000   10.000000   clock clk (rise edge)
                                  0.000000   10.000000   clock network delay (ideal)
                                 -0.250000    9.750000   clock uncertainty
                                  0.000000    9.750000   clock reconvergence pessimism
                                              9.750000 ^ u_top.dataMemory.sram_even_words/clk0 (sky130_sram_2kbyte_1rw1r_32x512_8)
                                 -0.103000    9.647000   library setup time
                                              9.647000   data required time
---------------------------------------------------------------------------------------------
                                              9.647000   data required time
                                             -2.853164   data arrival time
---------------------------------------------------------------------------------------------
                                              6.793836   slack (MET)


Startpoint: _1573_ (rising edge-triggered flip-flop clocked by clk)
Endpoint: u_top.dataMemory.sram_even_words
          (falling edge-triggered flip-flop clocked by clk)
Path Group: clk
Path Type: max

Fanout         Cap        Slew       Delay        Time   Description
---------------------------------------------------------------------------------------------
                      0.150000    0.000000    0.000000   clock clk (rise edge)
                                  0.000000    0.000000   clock network delay (ideal)
                      0.150000    0.000000    0.000000 ^ _1573_/CLK (sky130_fd_sc_hd__dfstp_2)
     3    0.015533    0.148739    1.306200    1.306200 ^ _1573_/Q (sky130_fd_sc_hd__dfstp_2)
                                                         u_top.dataMemory.clear_active (net)
                      0.148739    0.000000    1.306200 ^ _1699_/A (sky130_fd_sc_hd__buf_2)
    12    0.027382    0.225054    0.361454    1.667655 ^ _1699_/X (sky130_fd_sc_hd__buf_2)
                                                         _0660_ (net)
                      0.225054    0.000000    1.667655 ^ _1082_/A (sky130_fd_sc_hd__inv_2)
     7    0.023742    0.119023    0.202603    1.870258 v _1082_/Y (sky130_fd_sc_hd__inv_2)
                                                         _0433_ (net)
                      0.119023    0.000000    1.870258 v _1220_/A (sky130_fd_sc_hd__nor2_2)
    11    0.019502    0.378255    0.403582    2.273840 ^ _1220_/Y (sky130_fd_sc_hd__nor2_2)
                                                         _0682_ (net)
                      0.378255    0.000000    2.273840 ^ _1235_/B (sky130_fd_sc_hd__and2_2)
     1    0.001753    0.062868    0.378267    2.652107 ^ _1235_/X (sky130_fd_sc_hd__and2_2)
                                                         _0676_ (net)
                      0.062868    0.000000    2.652107 ^ _1854_/A (sky130_fd_sc_hd__buf_2)
     1    0.006890    0.076378    0.201057    2.853164 ^ _1854_/X (sky130_fd_sc_hd__buf_2)
                                                         u_top.dataMemory.s0_addr0[4] (net)
                      0.101837    0.000000    2.853164 ^ u_top.dataMemory.sram_even_words/addr0[4] (sky130_sram_2kbyte_1rw1r_32x512_8)
                                              2.853164   data arrival time

                      0.150000   10.000000   10.000000   clock clk (rise edge)
                                  0.000000   10.000000   clock network delay (ideal)
                                 -0.250000    9.750000   clock uncertainty
                                  0.000000    9.750000   clock reconvergence pessimism
                                              9.750000 ^ u_top.dataMemory.sram_even_words/clk0 (sky130_sram_2kbyte_1rw1r_32x512_8)
                                 -0.103000    9.647000   library setup time
                                              9.647000   data required time
---------------------------------------------------------------------------------------------
                                              9.647000   data required time
                                             -2.853164   data arrival time
---------------------------------------------------------------------------------------------
                                              6.793836   slack (MET)


Startpoint: _1573_ (rising edge-triggered flip-flop clocked by clk)
Endpoint: u_top.dataMemory.sram_even_words
          (falling edge-triggered flip-flop clocked by clk)
Path Group: clk
Path Type: max

Fanout         Cap        Slew       Delay        Time   Description
---------------------------------------------------------------------------------------------
                      0.150000    0.000000    0.000000   clock clk (rise edge)
                                  0.000000    0.000000   clock network delay (ideal)
                      0.150000    0.000000    0.000000 ^ _1573_/CLK (sky130_fd_sc_hd__dfstp_2)
     3    0.015533    0.148739    1.306200    1.306200 ^ _1573_/Q (sky130_fd_sc_hd__dfstp_2)
                                                         u_top.dataMemory.clear_active (net)
                      0.148739    0.000000    1.306200 ^ _1699_/A (sky130_fd_sc_hd__buf_2)
    12    0.027382    0.225054    0.361454    1.667655 ^ _1699_/X (sky130_fd_sc_hd__buf_2)
                                                         _0660_ (net)
                      0.225054    0.000000    1.667655 ^ _1082_/A (sky130_fd_sc_hd__inv_2)
     7    0.023742    0.119023    0.202603    1.870258 v _1082_/Y (sky130_fd_sc_hd__inv_2)
                                                         _0433_ (net)
                      0.119023    0.000000    1.870258 v _1220_/A (sky130_fd_sc_hd__nor2_2)
    11    0.019502    0.378255    0.403582    2.273840 ^ _1220_/Y (sky130_fd_sc_hd__nor2_2)
                                                         _0682_ (net)
                      0.378255    0.000000    2.273840 ^ _1236_/B (sky130_fd_sc_hd__and2_2)
     1    0.001753    0.062868    0.378267    2.652107 ^ _1236_/X (sky130_fd_sc_hd__and2_2)
                                                         _0677_ (net)
                      0.062868    0.000000    2.652107 ^ _1855_/A (sky130_fd_sc_hd__buf_2)
     1    0.006890    0.076378    0.201057    2.853164 ^ _1855_/X (sky130_fd_sc_hd__buf_2)
                                                         u_top.dataMemory.s0_addr0[5] (net)
                      0.101837    0.000000    2.853164 ^ u_top.dataMemory.sram_even_words/addr0[5] (sky130_sram_2kbyte_1rw1r_32x512_8)
                                              2.853164   data arrival time

                      0.150000   10.000000   10.000000   clock clk (rise edge)
                                  0.000000   10.000000   clock network delay (ideal)
                                 -0.250000    9.750000   clock uncertainty
                                  0.000000    9.750000   clock reconvergence pessimism
                                              9.750000 ^ u_top.dataMemory.sram_even_words/clk0 (sky130_sram_2kbyte_1rw1r_32x512_8)
                                 -0.103000    9.647000   library setup time
                                              9.647000   data required time
---------------------------------------------------------------------------------------------
                                              9.647000   data required time
                                             -2.853164   data arrival time
---------------------------------------------------------------------------------------------
                                              6.793836   slack (MET)


Startpoint: _1573_ (rising edge-triggered flip-flop clocked by clk)
Endpoint: u_top.dataMemory.sram_even_words
          (falling edge-triggered flip-flop clocked by clk)
Path Group: clk
Path Type: max

Fanout         Cap        Slew       Delay        Time   Description
---------------------------------------------------------------------------------------------
                      0.150000    0.000000    0.000000   clock clk (rise edge)
                                  0.000000    0.000000   clock network delay (ideal)
                      0.150000    0.000000    0.000000 ^ _1573_/CLK (sky130_fd_sc_hd__dfstp_2)
     3    0.015533    0.148739    1.306200    1.306200 ^ _1573_/Q (sky130_fd_sc_hd__dfstp_2)
                                                         u_top.dataMemory.clear_active (net)
                      0.148739    0.000000    1.306200 ^ _1699_/A (sky130_fd_sc_hd__buf_2)
    12    0.027382    0.225054    0.361454    1.667655 ^ _1699_/X (sky130_fd_sc_hd__buf_2)
                                                         _0660_ (net)
                      0.225054    0.000000    1.667655 ^ _1082_/A (sky130_fd_sc_hd__inv_2)
     7    0.023742    0.119023    0.202603    1.870258 v _1082_/Y (sky130_fd_sc_hd__inv_2)
                                                         _0433_ (net)
                      0.119023    0.000000    1.870258 v _1220_/A (sky130_fd_sc_hd__nor2_2)
    11    0.019502    0.378255    0.403582    2.273840 ^ _1220_/Y (sky130_fd_sc_hd__nor2_2)
                                                         _0682_ (net)
                      0.378255    0.000000    2.273840 ^ _1237_/B (sky130_fd_sc_hd__and2_2)
     1    0.001753    0.062868    0.378267    2.652107 ^ _1237_/X (sky130_fd_sc_hd__and2_2)
                                                         _0678_ (net)
                      0.062868    0.000000    2.652107 ^ _1856_/A (sky130_fd_sc_hd__buf_2)
     1    0.006890    0.076378    0.201057    2.853164 ^ _1856_/X (sky130_fd_sc_hd__buf_2)
                                                         u_top.dataMemory.s0_addr0[6] (net)
                      0.101837    0.000000    2.853164 ^ u_top.dataMemory.sram_even_words/addr0[6] (sky130_sram_2kbyte_1rw1r_32x512_8)
                                              2.853164   data arrival time

                      0.150000   10.000000   10.000000   clock clk (rise edge)
                                  0.000000   10.000000   clock network delay (ideal)
                                 -0.250000    9.750000   clock uncertainty
                                  0.000000    9.750000   clock reconvergence pessimism
                                              9.750000 ^ u_top.dataMemory.sram_even_words/clk0 (sky130_sram_2kbyte_1rw1r_32x512_8)
                                 -0.103000    9.647000   library setup time
                                              9.647000   data required time
---------------------------------------------------------------------------------------------
                                              9.647000   data required time
                                             -2.853164   data arrival time
---------------------------------------------------------------------------------------------
                                              6.793836   slack (MET)


Startpoint: _1573_ (rising edge-triggered flip-flop clocked by clk)
Endpoint: u_top.dataMemory.sram_even_words
          (falling edge-triggered flip-flop clocked by clk)
Path Group: clk
Path Type: max

Fanout         Cap        Slew       Delay        Time   Description
---------------------------------------------------------------------------------------------
                      0.150000    0.000000    0.000000   clock clk (rise edge)
                                  0.000000    0.000000   clock network delay (ideal)
                      0.150000    0.000000    0.000000 ^ _1573_/CLK (sky130_fd_sc_hd__dfstp_2)
     3    0.015533    0.148739    1.306200    1.306200 ^ _1573_/Q (sky130_fd_sc_hd__dfstp_2)
                                                         u_top.dataMemory.clear_active (net)
                      0.148739    0.000000    1.306200 ^ _1699_/A (sky130_fd_sc_hd__buf_2)
    12    0.027382    0.225054    0.361454    1.667655 ^ _1699_/X (sky130_fd_sc_hd__buf_2)
                                                         _0660_ (net)
                      0.225054    0.000000    1.667655 ^ _1082_/A (sky130_fd_sc_hd__inv_2)
     7    0.023742    0.119023    0.202603    1.870258 v _1082_/Y (sky130_fd_sc_hd__inv_2)
                                                         _0433_ (net)
                      0.119023    0.000000    1.870258 v _1220_/A (sky130_fd_sc_hd__nor2_2)
    11    0.019502    0.378255    0.403582    2.273840 ^ _1220_/Y (sky130_fd_sc_hd__nor2_2)
                                                         _0682_ (net)
                      0.378255    0.000000    2.273840 ^ _1238_/B (sky130_fd_sc_hd__and2_2)
     1    0.001753    0.062868    0.378267    2.652107 ^ _1238_/X (sky130_fd_sc_hd__and2_2)
                                                         _0679_ (net)
                      0.062868    0.000000    2.652107 ^ _1857_/A (sky130_fd_sc_hd__buf_2)
     1    0.006890    0.076378    0.201057    2.853164 ^ _1857_/X (sky130_fd_sc_hd__buf_2)
                                                         u_top.dataMemory.s0_addr0[7] (net)
                      0.101837    0.000000    2.853164 ^ u_top.dataMemory.sram_even_words/addr0[7] (sky130_sram_2kbyte_1rw1r_32x512_8)
                                              2.853164   data arrival time

                      0.150000   10.000000   10.000000   clock clk (rise edge)
                                  0.000000   10.000000   clock network delay (ideal)
                                 -0.250000    9.750000   clock uncertainty
                                  0.000000    9.750000   clock reconvergence pessimism
                                              9.750000 ^ u_top.dataMemory.sram_even_words/clk0 (sky130_sram_2kbyte_1rw1r_32x512_8)
                                 -0.103000    9.647000   library setup time
                                              9.647000   data required time
---------------------------------------------------------------------------------------------
                                              9.647000   data required time
                                             -2.853164   data arrival time
---------------------------------------------------------------------------------------------
                                              6.793836   slack (MET)


Startpoint: _1573_ (rising edge-triggered flip-flop clocked by clk)
Endpoint: u_top.dataMemory.sram_even_words
          (falling edge-triggered flip-flop clocked by clk)
Path Group: clk
Path Type: max

Fanout         Cap        Slew       Delay        Time   Description
---------------------------------------------------------------------------------------------
                      0.150000    0.000000    0.000000   clock clk (rise edge)
                                  0.000000    0.000000   clock network delay (ideal)
                      0.150000    0.000000    0.000000 ^ _1573_/CLK (sky130_fd_sc_hd__dfstp_2)
     3    0.015533    0.148739    1.306200    1.306200 ^ _1573_/Q (sky130_fd_sc_hd__dfstp_2)
                                                         u_top.dataMemory.clear_active (net)
                      0.148739    0.000000    1.306200 ^ _1699_/A (sky130_fd_sc_hd__buf_2)
    12    0.027382    0.225054    0.361454    1.667655 ^ _1699_/X (sky130_fd_sc_hd__buf_2)
                                                         _0660_ (net)
                      0.225054    0.000000    1.667655 ^ _1082_/A (sky130_fd_sc_hd__inv_2)
     7    0.023742    0.119023    0.202603    1.870258 v _1082_/Y (sky130_fd_sc_hd__inv_2)
                                                         _0433_ (net)
                      0.119023    0.000000    1.870258 v _1220_/A (sky130_fd_sc_hd__nor2_2)
    11    0.019502    0.378255    0.403582    2.273840 ^ _1220_/Y (sky130_fd_sc_hd__nor2_2)
                                                         _0682_ (net)
                      0.378255    0.000000    2.273840 ^ _1239_/B (sky130_fd_sc_hd__and2_2)
     1    0.001753    0.062868    0.378267    2.652107 ^ _1239_/X (sky130_fd_sc_hd__and2_2)
                                                         _0680_ (net)
                      0.062868    0.000000    2.652107 ^ _1858_/A (sky130_fd_sc_hd__buf_2)
     1    0.006890    0.076378    0.201057    2.853164 ^ _1858_/X (sky130_fd_sc_hd__buf_2)
                                                         u_top.dataMemory.s0_addr0[8] (net)
                      0.101837    0.000000    2.853164 ^ u_top.dataMemory.sram_even_words/addr0[8] (sky130_sram_2kbyte_1rw1r_32x512_8)
                                              2.853164   data arrival time

                      0.150000   10.000000   10.000000   clock clk (rise edge)
                                  0.000000   10.000000   clock network delay (ideal)
                                 -0.250000    9.750000   clock uncertainty
                                  0.000000    9.750000   clock reconvergence pessimism
                                              9.750000 ^ u_top.dataMemory.sram_even_words/clk0 (sky130_sram_2kbyte_1rw1r_32x512_8)
                                 -0.103000    9.647000   library setup time
                                              9.647000   data required time
---------------------------------------------------------------------------------------------
                                              9.647000   data required time
                                             -2.853164   data arrival time
---------------------------------------------------------------------------------------------
                                              6.793836   slack (MET)


Startpoint: _1573_ (rising edge-triggered flip-flop clocked by clk)
Endpoint: u_top.dataMemory.sram_even_words
          (falling edge-triggered flip-flop clocked by clk)
Path Group: clk
Path Type: max

Fanout         Cap        Slew       Delay        Time   Description
---------------------------------------------------------------------------------------------
                      0.150000    0.000000    0.000000   clock clk (rise edge)
                                  0.000000    0.000000   clock network delay (ideal)
                      0.150000    0.000000    0.000000 ^ _1573_/CLK (sky130_fd_sc_hd__dfstp_2)
     3    0.015533    0.148739    1.306200    1.306200 ^ _1573_/Q (sky130_fd_sc_hd__dfstp_2)
                                                         u_top.dataMemory.clear_active (net)
                      0.148739    0.000000    1.306200 ^ _1699_/A (sky130_fd_sc_hd__buf_2)
    12    0.027382    0.225054    0.361454    1.667655 ^ _1699_/X (sky130_fd_sc_hd__buf_2)
                                                         _0660_ (net)
                      0.225054    0.000000    1.667655 ^ _1082_/A (sky130_fd_sc_hd__inv_2)
     7    0.023742    0.119023    0.202603    1.870258 v _1082_/Y (sky130_fd_sc_hd__inv_2)
                                                         _0433_ (net)
                      0.119023    0.000000    1.870258 v _1220_/A (sky130_fd_sc_hd__nor2_2)
    11    0.019502    0.378255    0.403582    2.273840 ^ _1220_/Y (sky130_fd_sc_hd__nor2_2)
                                                         _0682_ (net)
                      0.378255    0.000000    2.273840 ^ _1829_/A (sky130_fd_sc_hd__buf_2)
     7    0.032819    0.266496    0.491666    2.765507 ^ _1829_/X (sky130_fd_sc_hd__buf_2)
                                                         u_top.dataMemory.s0_wmask0[3] (net)
                      0.842260    0.000000    2.765507 ^ u_top.dataMemory.sram_even_words/wmask0[0] (sky130_sram_2kbyte_1rw1r_32x512_8)
                                              2.765507   data arrival time

                      0.150000   10.000000   10.000000   clock clk (rise edge)
                                  0.000000   10.000000   clock network delay (ideal)
                                 -0.250000    9.750000   clock uncertainty
                                  0.000000    9.750000   clock reconvergence pessimism
                                              9.750000 ^ u_top.dataMemory.sram_even_words/clk0 (sky130_sram_2kbyte_1rw1r_32x512_8)
                                 -0.103000    9.647000   library setup time
                                              9.647000   data required time
---------------------------------------------------------------------------------------------
                                              9.647000   data required time
                                             -2.765507   data arrival time
---------------------------------------------------------------------------------------------
                                              6.881494   slack (MET)


Startpoint: _1573_ (rising edge-triggered flip-flop clocked by clk)
Endpoint: u_top.dataMemory.sram_even_words
          (falling edge-triggered flip-flop clocked by clk)
Path Group: clk
Path Type: max

Fanout         Cap        Slew       Delay        Time   Description
---------------------------------------------------------------------------------------------
                      0.150000    0.000000    0.000000   clock clk (rise edge)
                                  0.000000    0.000000   clock network delay (ideal)
                      0.150000    0.000000    0.000000 ^ _1573_/CLK (sky130_fd_sc_hd__dfstp_2)
     3    0.015533    0.148739    1.306200    1.306200 ^ _1573_/Q (sky130_fd_sc_hd__dfstp_2)
                                                         u_top.dataMemory.clear_active (net)
                      0.148739    0.000000    1.306200 ^ _1699_/A (sky130_fd_sc_hd__buf_2)
    12    0.027382    0.225054    0.361454    1.667655 ^ _1699_/X (sky130_fd_sc_hd__buf_2)
                                                         _0660_ (net)
                      0.225054    0.000000    1.667655 ^ _1082_/A (sky130_fd_sc_hd__inv_2)
     7    0.023742    0.119023    0.202603    1.870258 v _1082_/Y (sky130_fd_sc_hd__inv_2)
                                                         _0433_ (net)
                      0.119023    0.000000    1.870258 v _1220_/A (sky130_fd_sc_hd__nor2_2)
    11    0.019502    0.378255    0.403582    2.273840 ^ _1220_/Y (sky130_fd_sc_hd__nor2_2)
                                                         _0682_ (net)
                      0.378255    0.000000    2.273840 ^ _1829_/A (sky130_fd_sc_hd__buf_2)
     7    0.032819    0.266496    0.491666    2.765507 ^ _1829_/X (sky130_fd_sc_hd__buf_2)
                                                         u_top.dataMemory.s0_wmask0[3] (net)
                      0.631695    0.000000    2.765507 ^ u_top.dataMemory.sram_even_words/wmask0[1] (sky130_sram_2kbyte_1rw1r_32x512_8)
                                              2.765507   data arrival time

                      0.150000   10.000000   10.000000   clock clk (rise edge)
                                  0.000000   10.000000   clock network delay (ideal)
                                 -0.250000    9.750000   clock uncertainty
                                  0.000000    9.750000   clock reconvergence pessimism
                                              9.750000 ^ u_top.dataMemory.sram_even_words/clk0 (sky130_sram_2kbyte_1rw1r_32x512_8)
                                 -0.103000    9.647000   library setup time
                                              9.647000   data required time
---------------------------------------------------------------------------------------------
                                              9.647000   data required time
                                             -2.765507   data arrival time
---------------------------------------------------------------------------------------------
                                              6.881494   slack (MET)


Startpoint: _1573_ (rising edge-triggered flip-flop clocked by clk)
Endpoint: u_top.dataMemory.sram_even_words
          (falling edge-triggered flip-flop clocked by clk)
Path Group: clk
Path Type: max

Fanout         Cap        Slew       Delay        Time   Description
---------------------------------------------------------------------------------------------
                      0.150000    0.000000    0.000000   clock clk (rise edge)
                                  0.000000    0.000000   clock network delay (ideal)
                      0.150000    0.000000    0.000000 ^ _1573_/CLK (sky130_fd_sc_hd__dfstp_2)
     3    0.015533    0.148739    1.306200    1.306200 ^ _1573_/Q (sky130_fd_sc_hd__dfstp_2)
                                                         u_top.dataMemory.clear_active (net)
                      0.148739    0.000000    1.306200 ^ _1699_/A (sky130_fd_sc_hd__buf_2)
    12    0.027382    0.225054    0.361454    1.667655 ^ _1699_/X (sky130_fd_sc_hd__buf_2)
                                                         _0660_ (net)
                      0.225054    0.000000    1.667655 ^ _1082_/A (sky130_fd_sc_hd__inv_2)
     7    0.023742    0.119023    0.202603    1.870258 v _1082_/Y (sky130_fd_sc_hd__inv_2)
                                                         _0433_ (net)
                      0.119023    0.000000    1.870258 v _1220_/A (sky130_fd_sc_hd__nor2_2)
    11    0.019502    0.378255    0.403582    2.273840 ^ _1220_/Y (sky130_fd_sc_hd__nor2_2)
                                                         _0682_ (net)
                      0.378255    0.000000    2.273840 ^ _1829_/A (sky130_fd_sc_hd__buf_2)
     7    0.032819    0.266496    0.491666    2.765507 ^ _1829_/X (sky130_fd_sc_hd__buf_2)
                                                         u_top.dataMemory.s0_wmask0[3] (net)
                      0.473771    0.000000    2.765507 ^ u_top.dataMemory.sram_even_words/wmask0[2] (sky130_sram_2kbyte_1rw1r_32x512_8)
                                              2.765507   data arrival time

                      0.150000   10.000000   10.000000   clock clk (rise edge)
                                  0.000000   10.000000   clock network delay (ideal)
                                 -0.250000    9.750000   clock uncertainty
                                  0.000000    9.750000   clock reconvergence pessimism
                                              9.750000 ^ u_top.dataMemory.sram_even_words/clk0 (sky130_sram_2kbyte_1rw1r_32x512_8)
                                 -0.103000    9.647000   library setup time
                                              9.647000   data required time
---------------------------------------------------------------------------------------------
                                              9.647000   data required time
                                             -2.765507   data arrival time
---------------------------------------------------------------------------------------------
                                              6.881494   slack (MET)


Startpoint: _1573_ (rising edge-triggered flip-flop clocked by clk)
Endpoint: u_top.dataMemory.sram_even_words
          (falling edge-triggered flip-flop clocked by clk)
Path Group: clk
Path Type: max

Fanout         Cap        Slew       Delay        Time   Description
---------------------------------------------------------------------------------------------
                      0.150000    0.000000    0.000000   clock clk (rise edge)
                                  0.000000    0.000000   clock network delay (ideal)
                      0.150000    0.000000    0.000000 ^ _1573_/CLK (sky130_fd_sc_hd__dfstp_2)
     3    0.015533    0.148739    1.306200    1.306200 ^ _1573_/Q (sky130_fd_sc_hd__dfstp_2)
                                                         u_top.dataMemory.clear_active (net)
                      0.148739    0.000000    1.306200 ^ _1699_/A (sky130_fd_sc_hd__buf_2)
    12    0.027382    0.225054    0.361454    1.667655 ^ _1699_/X (sky130_fd_sc_hd__buf_2)
                                                         _0660_ (net)
                      0.225054    0.000000    1.667655 ^ _1082_/A (sky130_fd_sc_hd__inv_2)
     7    0.023742    0.119023    0.202603    1.870258 v _1082_/Y (sky130_fd_sc_hd__inv_2)
                                                         _0433_ (net)
                      0.119023    0.000000    1.870258 v _1220_/A (sky130_fd_sc_hd__nor2_2)
    11    0.019502    0.378255    0.403582    2.273840 ^ _1220_/Y (sky130_fd_sc_hd__nor2_2)
                                                         _0682_ (net)
                      0.378255    0.000000    2.273840 ^ _1829_/A (sky130_fd_sc_hd__buf_2)
     7    0.032819    0.266496    0.491666    2.765507 ^ _1829_/X (sky130_fd_sc_hd__buf_2)
                                                         u_top.dataMemory.s0_wmask0[3] (net)
                      0.355329    0.000000    2.765507 ^ u_top.dataMemory.sram_even_words/wmask0[3] (sky130_sram_2kbyte_1rw1r_32x512_8)
                                              2.765507   data arrival time

                      0.150000   10.000000   10.000000   clock clk (rise edge)
                                  0.000000   10.000000   clock network delay (ideal)
                                 -0.250000    9.750000   clock uncertainty
                                  0.000000    9.750000   clock reconvergence pessimism
                                              9.750000 ^ u_top.dataMemory.sram_even_words/clk0 (sky130_sram_2kbyte_1rw1r_32x512_8)
                                 -0.103000    9.647000   library setup time
                                              9.647000   data required time
---------------------------------------------------------------------------------------------
                                              9.647000   data required time
                                             -2.765507   data arrival time
---------------------------------------------------------------------------------------------
                                              6.881494   slack (MET)


Startpoint: _1573_ (rising edge-triggered flip-flop clocked by clk)
Endpoint: u_top.dataMemory.sram_even_words
          (falling edge-triggered flip-flop clocked by clk)
Path Group: clk
Path Type: max

Fanout         Cap        Slew       Delay        Time   Description
---------------------------------------------------------------------------------------------
                      0.150000    0.000000    0.000000   clock clk (rise edge)
                                  0.000000    0.000000   clock network delay (ideal)
                      0.150000    0.000000    0.000000 ^ _1573_/CLK (sky130_fd_sc_hd__dfstp_2)
     3    0.015533    0.148739    1.306200    1.306200 ^ _1573_/Q (sky130_fd_sc_hd__dfstp_2)
                                                         u_top.dataMemory.clear_active (net)
                      0.148739    0.000000    1.306200 ^ _1699_/A (sky130_fd_sc_hd__buf_2)
    12    0.027382    0.225054    0.361454    1.667655 ^ _1699_/X (sky130_fd_sc_hd__buf_2)
                                                         _0660_ (net)
                      0.225054    0.000000    1.667655 ^ _1082_/A (sky130_fd_sc_hd__inv_2)
     7    0.023742    0.119023    0.202603    1.870258 v _1082_/Y (sky130_fd_sc_hd__inv_2)
                                                         _0433_ (net)
                      0.119023    0.000000    1.870258 v _1220_/A (sky130_fd_sc_hd__nor2_2)
    11    0.019502    0.378255    0.403582    2.273840 ^ _1220_/Y (sky130_fd_sc_hd__nor2_2)
                                                         _0682_ (net)
                      0.378255    0.000000    2.273840 ^ _1221_/A (sky130_fd_sc_hd__inv_2)
     1    0.001625    0.062841    0.119772    2.393612 v _1221_/Y (sky130_fd_sc_hd__inv_2)
                                                         _0681_ (net)
                      0.062841    0.000000    2.393612 v _1859_/A (sky130_fd_sc_hd__buf_2)
     2    0.013780    0.089447    0.285299    2.678910 v _1859_/X (sky130_fd_sc_hd__buf_2)
                                                         u_top.dataMemory.s0_csb0 (net)
                      0.119262    0.000000    2.678910 v u_top.dataMemory.sram_even_words/csb0 (sky130_sram_2kbyte_1rw1r_32x512_8)
                                              2.678910   data arrival time

                      0.150000   10.000000   10.000000   clock clk (rise edge)
                                  0.000000   10.000000   clock network delay (ideal)
                                 -0.250000    9.750000   clock uncertainty
                                  0.000000    9.750000   clock reconvergence pessimism
                                              9.750000 ^ u_top.dataMemory.sram_even_words/clk0 (sky130_sram_2kbyte_1rw1r_32x512_8)
                                 -0.103000    9.647000   library setup time
                                              9.647000   data required time
---------------------------------------------------------------------------------------------
                                              9.647000   data required time
                                             -2.678910   data arrival time
---------------------------------------------------------------------------------------------
                                              6.968090   slack (MET)


Startpoint: _1573_ (rising edge-triggered flip-flop clocked by clk)
Endpoint: u_top.dataMemory.sram_even_words
          (falling edge-triggered flip-flop clocked by clk)
Path Group: clk
Path Type: max

Fanout         Cap        Slew       Delay        Time   Description
---------------------------------------------------------------------------------------------
                      0.150000    0.000000    0.000000   clock clk (rise edge)
                                  0.000000    0.000000   clock network delay (ideal)
                      0.150000    0.000000    0.000000 ^ _1573_/CLK (sky130_fd_sc_hd__dfstp_2)
     3    0.015533    0.148739    1.306200    1.306200 ^ _1573_/Q (sky130_fd_sc_hd__dfstp_2)
                                                         u_top.dataMemory.clear_active (net)
                      0.148739    0.000000    1.306200 ^ _1699_/A (sky130_fd_sc_hd__buf_2)
    12    0.027382    0.225054    0.361454    1.667655 ^ _1699_/X (sky130_fd_sc_hd__buf_2)
                                                         _0660_ (net)
                      0.225054    0.000000    1.667655 ^ _1082_/A (sky130_fd_sc_hd__inv_2)
     7    0.023742    0.119023    0.202603    1.870258 v _1082_/Y (sky130_fd_sc_hd__inv_2)
                                                         _0433_ (net)
                      0.119023    0.000000    1.870258 v _1220_/A (sky130_fd_sc_hd__nor2_2)
    11    0.019502    0.378255    0.403582    2.273840 ^ _1220_/Y (sky130_fd_sc_hd__nor2_2)
                                                         _0682_ (net)
                      0.378255    0.000000    2.273840 ^ _1221_/A (sky130_fd_sc_hd__inv_2)
     1    0.001625    0.062841    0.119772    2.393612 v _1221_/Y (sky130_fd_sc_hd__inv_2)
                                                         _0681_ (net)
                      0.062841    0.000000    2.393612 v _1859_/A (sky130_fd_sc_hd__buf_2)
     2    0.013780    0.089447    0.285299    2.678910 v _1859_/X (sky130_fd_sc_hd__buf_2)
                                                         u_top.dataMemory.s0_csb0 (net)
                      0.159016    0.000000    2.678910 v u_top.dataMemory.sram_even_words/web0 (sky130_sram_2kbyte_1rw1r_32x512_8)
                                              2.678910   data arrival time

                      0.150000   10.000000   10.000000   clock clk (rise edge)
                                  0.000000   10.000000   clock network delay (ideal)
                                 -0.250000    9.750000   clock uncertainty
                                  0.000000    9.750000   clock reconvergence pessimism
                                              9.750000 ^ u_top.dataMemory.sram_even_words/clk0 (sky130_sram_2kbyte_1rw1r_32x512_8)
                                 -0.103000    9.647000   library setup time
                                              9.647000   data required time
---------------------------------------------------------------------------------------------
                                              9.647000   data required time
                                             -2.678910   data arrival time
---------------------------------------------------------------------------------------------
                                              6.968090   slack (MET)


Startpoint: _1573_ (rising edge-triggered flip-flop clocked by clk)
Endpoint: _1573_ (rising edge-triggered flip-flop clocked by clk)
Path Group: clk
Path Type: max

Fanout         Cap        Slew       Delay        Time   Description
---------------------------------------------------------------------------------------------
                      0.150000    0.000000    0.000000   clock clk (rise edge)
                                  0.000000    0.000000   clock network delay (ideal)
                      0.150000    0.000000    0.000000 ^ _1573_/CLK (sky130_fd_sc_hd__dfstp_2)
     3    0.015533    0.148739    1.306200    1.306200 ^ _1573_/Q (sky130_fd_sc_hd__dfstp_2)
                                                         u_top.dataMemory.clear_active (net)
                      0.148739    0.000000    1.306200 ^ _1699_/A (sky130_fd_sc_hd__buf_2)
    12    0.027382    0.225054    0.361454    1.667655 ^ _1699_/X (sky130_fd_sc_hd__buf_2)
                                                         _0660_ (net)
                      0.225054    0.000000    1.667655 ^ _1082_/A (sky130_fd_sc_hd__inv_2)
     7    0.023742    0.119023    0.202603    1.870258 v _1082_/Y (sky130_fd_sc_hd__inv_2)
                                                         _0433_ (net)
                      0.119023    0.000000    1.870258 v _1106_/B (sky130_fd_sc_hd__nor2_2)
     4    0.009058    0.206785    0.227830    2.098088 ^ _1106_/Y (sky130_fd_sc_hd__nor2_2)
                                                         _0290_ (net)
                      0.206785    0.000000    2.098088 ^ _1827_/A (sky130_fd_sc_hd__buf_2)
     1    0.002386    0.044919    0.240655    2.338743 ^ _1827_/X (sky130_fd_sc_hd__buf_2)
                                                         _0026_ (net)
                      0.044919    0.000000    2.338743 ^ _1573_/D (sky130_fd_sc_hd__dfstp_2)
                                              2.338743   data arrival time

                      0.150000   10.000000   10.000000   clock clk (rise edge)
                                  0.000000   10.000000   clock network delay (ideal)
                                 -0.250000    9.750000   clock uncertainty
                                  0.000000    9.750000   clock reconvergence pessimism
                                              9.750000 ^ _1573_/CLK (sky130_fd_sc_hd__dfstp_2)
                                 -0.102181    9.647819   library setup time
                                              9.647819   data required time
---------------------------------------------------------------------------------------------
                                              9.647819   data required time
                                             -2.338743   data arrival time
---------------------------------------------------------------------------------------------
                                              7.309076   slack (MET)


Startpoint: reset (input port clocked by clk)
Endpoint: _1573_ (recovery check against rising-edge clock clk)
Path Group: asynchronous
Path Type: max

Fanout         Cap        Slew       Delay        Time   Description
---------------------------------------------------------------------------------------------
                      0.150000    0.000000    0.000000   clock clk (rise edge)
                                  0.000000    0.000000   clock network delay (ideal)
                                  2.000000    2.000000 v input external delay
     1    0.001625    0.014323    0.005775    2.005775 v reset (in)
                                                         reset (net)
                      0.014323    0.000000    2.005775 v _1826_/A (sky130_fd_sc_hd__buf_2)
    14    0.060027    0.267227    0.422467    2.428242 v _1826_/X (sky130_fd_sc_hd__buf_2)
                                                         _0629_ (net)
                      0.267227    0.000000    2.428242 v _1443_/A (sky130_fd_sc_hd__inv_2)
     1    0.001753    0.067166    0.123285    2.551527 ^ _1443_/Y (sky130_fd_sc_hd__inv_2)
                                                         _0302_ (net)
                      0.067166    0.000000    2.551527 ^ _1994_/A (sky130_fd_sc_hd__buf_2)
     1    0.003271    0.050660    0.178504    2.730031 ^ _1994_/X (sky130_fd_sc_hd__buf_2)
                                                         _0888_ (net)
                      0.050660    0.000000    2.730031 ^ _1573_/SET_B (sky130_fd_sc_hd__dfstp_2)
                                              2.730031   data arrival time

                      0.150000   10.000000   10.000000   clock clk (rise edge)
                                  0.000000   10.000000   clock network delay (ideal)
                                 -0.250000    9.750000   clock uncertainty
                                  0.000000    9.750000   clock reconvergence pessimism
                                              9.750000 ^ _1573_/CLK (sky130_fd_sc_hd__dfstp_2)
                                  0.291423   10.041423   library recovery time
                                             10.041423   data required time
---------------------------------------------------------------------------------------------
                                             10.041423   data required time
                                             -2.730031   data arrival time
---------------------------------------------------------------------------------------------
                                              7.311393   slack (MET)


Startpoint: _1573_ (rising edge-triggered flip-flop clocked by clk)
Endpoint: u_top.dataMemory.sram_odd_words
          (falling edge-triggered flip-flop clocked by clk)
Path Group: clk
Path Type: max

Fanout         Cap        Slew       Delay        Time   Description
---------------------------------------------------------------------------------------------
                      0.150000    0.000000    0.000000   clock clk (rise edge)
                                  0.000000    0.000000   clock network delay (ideal)
                      0.150000    0.000000    0.000000 ^ _1573_/CLK (sky130_fd_sc_hd__dfstp_2)
     3    0.015533    0.148739    1.306200    1.306200 ^ _1573_/Q (sky130_fd_sc_hd__dfstp_2)
                                                         u_top.dataMemory.clear_active (net)
                      0.148739    0.000000    1.306200 ^ _1699_/A (sky130_fd_sc_hd__buf_2)
    12    0.027382    0.225054    0.361454    1.667655 ^ _1699_/X (sky130_fd_sc_hd__buf_2)
                                                         _0660_ (net)
                      0.225054    0.000000    1.667655 ^ _1223_/A (sky130_fd_sc_hd__and3_2)
     1    0.001753    0.072852    0.394785    2.062440 ^ _1223_/X (sky130_fd_sc_hd__and3_2)
                                                         _0684_ (net)
                      0.072852    0.000000    2.062440 ^ _1841_/A (sky130_fd_sc_hd__buf_2)
     1    0.006890    0.076388    0.205877    2.268316 ^ _1841_/X (sky130_fd_sc_hd__buf_2)
                                                         u_top.dataMemory.s1_addr0[1] (net)
                      0.101851    0.000000    2.268316 ^ u_top.dataMemory.sram_odd_words/addr0[1] (sky130_sram_2kbyte_1rw1r_32x512_8)
                                              2.268316   data arrival time

                      0.150000   10.000000   10.000000   clock clk (rise edge)
                                  0.000000   10.000000   clock network delay (ideal)
                                 -0.250000    9.750000   clock uncertainty
                                  0.000000    9.750000   clock reconvergence pessimism
                                              9.750000 ^ u_top.dataMemory.sram_odd_words/clk0 (sky130_sram_2kbyte_1rw1r_32x512_8)
                                 -0.103000    9.647000   library setup time
                                              9.647000   data required time
---------------------------------------------------------------------------------------------
                                              9.647000   data required time
                                             -2.268316   data arrival time
---------------------------------------------------------------------------------------------
                                              7.378684   slack (MET)


Startpoint: _1573_ (rising edge-triggered flip-flop clocked by clk)
Endpoint: u_top.dataMemory.sram_odd_words
          (falling edge-triggered flip-flop clocked by clk)
Path Group: clk
Path Type: max

Fanout         Cap        Slew       Delay        Time   Description
---------------------------------------------------------------------------------------------
                      0.150000    0.000000    0.000000   clock clk (rise edge)
                                  0.000000    0.000000   clock network delay (ideal)
                      0.150000    0.000000    0.000000 ^ _1573_/CLK (sky130_fd_sc_hd__dfstp_2)
     3    0.015533    0.148739    1.306200    1.306200 ^ _1573_/Q (sky130_fd_sc_hd__dfstp_2)
                                                         u_top.dataMemory.clear_active (net)
                      0.148739    0.000000    1.306200 ^ _1699_/A (sky130_fd_sc_hd__buf_2)
    12    0.027382    0.225054    0.361454    1.667655 ^ _1699_/X (sky130_fd_sc_hd__buf_2)
                                                         _0660_ (net)
                      0.225054    0.000000    1.667655 ^ _1224_/A (sky130_fd_sc_hd__and3_2)
     1    0.001753    0.072852    0.394785    2.062440 ^ _1224_/X (sky130_fd_sc_hd__and3_2)
                                                         _0685_ (net)
                      0.072852    0.000000    2.062440 ^ _1842_/A (sky130_fd_sc_hd__buf_2)
     1    0.006890    0.076388    0.205877    2.268316 ^ _1842_/X (sky130_fd_sc_hd__buf_2)
                                                         u_top.dataMemory.s1_addr0[2] (net)
                      0.101851    0.000000    2.268316 ^ u_top.dataMemory.sram_odd_words/addr0[2] (sky130_sram_2kbyte_1rw1r_32x512_8)
                                              2.268316   data arrival time

                      0.150000   10.000000   10.000000   clock clk (rise edge)
                                  0.000000   10.000000   clock network delay (ideal)
                                 -0.250000    9.750000   clock uncertainty
                                  0.000000    9.750000   clock reconvergence pessimism
                                              9.750000 ^ u_top.dataMemory.sram_odd_words/clk0 (sky130_sram_2kbyte_1rw1r_32x512_8)
                                 -0.103000    9.647000   library setup time
                                              9.647000   data required time
---------------------------------------------------------------------------------------------
                                              9.647000   data required time
                                             -2.268316   data arrival time
---------------------------------------------------------------------------------------------
                                              7.378684   slack (MET)


Startpoint: _1573_ (rising edge-triggered flip-flop clocked by clk)
Endpoint: u_top.dataMemory.sram_odd_words
          (falling edge-triggered flip-flop clocked by clk)
Path Group: clk
Path Type: max

Fanout         Cap        Slew       Delay        Time   Description
---------------------------------------------------------------------------------------------
                      0.150000    0.000000    0.000000   clock clk (rise edge)
                                  0.000000    0.000000   clock network delay (ideal)
                      0.150000    0.000000    0.000000 ^ _1573_/CLK (sky130_fd_sc_hd__dfstp_2)
     3    0.015533    0.148739    1.306200    1.306200 ^ _1573_/Q (sky130_fd_sc_hd__dfstp_2)
                                                         u_top.dataMemory.clear_active (net)
                      0.148739    0.000000    1.306200 ^ _1699_/A (sky130_fd_sc_hd__buf_2)
    12    0.027382    0.225054    0.361454    1.667655 ^ _1699_/X (sky130_fd_sc_hd__buf_2)
                                                         _0660_ (net)
                      0.225054    0.000000    1.667655 ^ _1225_/A (sky130_fd_sc_hd__and3_2)
     1    0.001753    0.072852    0.394785    2.062440 ^ _1225_/X (sky130_fd_sc_hd__and3_2)
                                                         _0686_ (net)
                      0.072852    0.000000    2.062440 ^ _1843_/A (sky130_fd_sc_hd__buf_2)
     1    0.006890    0.076388    0.205877    2.268316 ^ _1843_/X (sky130_fd_sc_hd__buf_2)
                                                         u_top.dataMemory.s1_addr0[3] (net)
                      0.101851    0.000000    2.268316 ^ u_top.dataMemory.sram_odd_words/addr0[3] (sky130_sram_2kbyte_1rw1r_32x512_8)
                                              2.268316   data arrival time

                      0.150000   10.000000   10.000000   clock clk (rise edge)
                                  0.000000   10.000000   clock network delay (ideal)
                                 -0.250000    9.750000   clock uncertainty
                                  0.000000    9.750000   clock reconvergence pessimism
                                              9.750000 ^ u_top.dataMemory.sram_odd_words/clk0 (sky130_sram_2kbyte_1rw1r_32x512_8)
                                 -0.103000    9.647000   library setup time
                                              9.647000   data required time
---------------------------------------------------------------------------------------------
                                              9.647000   data required time
                                             -2.268316   data arrival time
---------------------------------------------------------------------------------------------
                                              7.378684   slack (MET)


Startpoint: _1573_ (rising edge-triggered flip-flop clocked by clk)
Endpoint: u_top.dataMemory.sram_odd_words
          (falling edge-triggered flip-flop clocked by clk)
Path Group: clk
Path Type: max

Fanout         Cap        Slew       Delay        Time   Description
---------------------------------------------------------------------------------------------
                      0.150000    0.000000    0.000000   clock clk (rise edge)
                                  0.000000    0.000000   clock network delay (ideal)
                      0.150000    0.000000    0.000000 ^ _1573_/CLK (sky130_fd_sc_hd__dfstp_2)
     3    0.015533    0.148739    1.306200    1.306200 ^ _1573_/Q (sky130_fd_sc_hd__dfstp_2)
                                                         u_top.dataMemory.clear_active (net)
                      0.148739    0.000000    1.306200 ^ _1699_/A (sky130_fd_sc_hd__buf_2)
    12    0.027382    0.225054    0.361454    1.667655 ^ _1699_/X (sky130_fd_sc_hd__buf_2)
                                                         _0660_ (net)
                      0.225054    0.000000    1.667655 ^ _1226_/A (sky130_fd_sc_hd__and3_2)
     1    0.001753    0.072852    0.394785    2.062440 ^ _1226_/X (sky130_fd_sc_hd__and3_2)
                                                         _0687_ (net)
                      0.072852    0.000000    2.062440 ^ _1844_/A (sky130_fd_sc_hd__buf_2)
     1    0.006890    0.076388    0.205877    2.268316 ^ _1844_/X (sky130_fd_sc_hd__buf_2)
                                                         u_top.dataMemory.s1_addr0[4] (net)
                      0.101851    0.000000    2.268316 ^ u_top.dataMemory.sram_odd_words/addr0[4] (sky130_sram_2kbyte_1rw1r_32x512_8)
                                              2.268316   data arrival time

                      0.150000   10.000000   10.000000   clock clk (rise edge)
                                  0.000000   10.000000   clock network delay (ideal)
                                 -0.250000    9.750000   clock uncertainty
                                  0.000000    9.750000   clock reconvergence pessimism
                                              9.750000 ^ u_top.dataMemory.sram_odd_words/clk0 (sky130_sram_2kbyte_1rw1r_32x512_8)
                                 -0.103000    9.647000   library setup time
                                              9.647000   data required time
---------------------------------------------------------------------------------------------
                                              9.647000   data required time
                                             -2.268316   data arrival time
---------------------------------------------------------------------------------------------
                                              7.378684   slack (MET)


Startpoint: _1573_ (rising edge-triggered flip-flop clocked by clk)
Endpoint: u_top.dataMemory.sram_odd_words
          (falling edge-triggered flip-flop clocked by clk)
Path Group: clk
Path Type: max

Fanout         Cap        Slew       Delay        Time   Description
---------------------------------------------------------------------------------------------
                      0.150000    0.000000    0.000000   clock clk (rise edge)
                                  0.000000    0.000000   clock network delay (ideal)
                      0.150000    0.000000    0.000000 ^ _1573_/CLK (sky130_fd_sc_hd__dfstp_2)
     3    0.015533    0.148739    1.306200    1.306200 ^ _1573_/Q (sky130_fd_sc_hd__dfstp_2)
                                                         u_top.dataMemory.clear_active (net)
                      0.148739    0.000000    1.306200 ^ _1699_/A (sky130_fd_sc_hd__buf_2)
    12    0.027382    0.225054    0.361454    1.667655 ^ _1699_/X (sky130_fd_sc_hd__buf_2)
                                                         _0660_ (net)
                      0.225054    0.000000    1.667655 ^ _1227_/A (sky130_fd_sc_hd__and3_2)
     1    0.001753    0.072852    0.394785    2.062440 ^ _1227_/X (sky130_fd_sc_hd__and3_2)
                                                         _0688_ (net)
                      0.072852    0.000000    2.062440 ^ _1845_/A (sky130_fd_sc_hd__buf_2)
     1    0.006890    0.076388    0.205877    2.268316 ^ _1845_/X (sky130_fd_sc_hd__buf_2)
                                                         u_top.dataMemory.s1_addr0[5] (net)
                      0.101851    0.000000    2.268316 ^ u_top.dataMemory.sram_odd_words/addr0[5] (sky130_sram_2kbyte_1rw1r_32x512_8)
                                              2.268316   data arrival time

                      0.150000   10.000000   10.000000   clock clk (rise edge)
                                  0.000000   10.000000   clock network delay (ideal)
                                 -0.250000    9.750000   clock uncertainty
                                  0.000000    9.750000   clock reconvergence pessimism
                                              9.750000 ^ u_top.dataMemory.sram_odd_words/clk0 (sky130_sram_2kbyte_1rw1r_32x512_8)
                                 -0.103000    9.647000   library setup time
                                              9.647000   data required time
---------------------------------------------------------------------------------------------
                                              9.647000   data required time
                                             -2.268316   data arrival time
---------------------------------------------------------------------------------------------
                                              7.378684   slack (MET)


Startpoint: _1573_ (rising edge-triggered flip-flop clocked by clk)
Endpoint: u_top.dataMemory.sram_odd_words
          (falling edge-triggered flip-flop clocked by clk)
Path Group: clk
Path Type: max

Fanout         Cap        Slew       Delay        Time   Description
---------------------------------------------------------------------------------------------
                      0.150000    0.000000    0.000000   clock clk (rise edge)
                                  0.000000    0.000000   clock network delay (ideal)
                      0.150000    0.000000    0.000000 ^ _1573_/CLK (sky130_fd_sc_hd__dfstp_2)
     3    0.015533    0.148739    1.306200    1.306200 ^ _1573_/Q (sky130_fd_sc_hd__dfstp_2)
                                                         u_top.dataMemory.clear_active (net)
                      0.148739    0.000000    1.306200 ^ _1699_/A (sky130_fd_sc_hd__buf_2)
    12    0.027382    0.225054    0.361454    1.667655 ^ _1699_/X (sky130_fd_sc_hd__buf_2)
                                                         _0660_ (net)
                      0.225054    0.000000    1.667655 ^ _1228_/A (sky130_fd_sc_hd__and3_2)
     1    0.001753    0.072852    0.394785    2.062440 ^ _1228_/X (sky130_fd_sc_hd__and3_2)
                                                         _0689_ (net)
                      0.072852    0.000000    2.062440 ^ _1846_/A (sky130_fd_sc_hd__buf_2)
     1    0.006890    0.076388    0.205877    2.268316 ^ _1846_/X (sky130_fd_sc_hd__buf_2)
                                                         u_top.dataMemory.s1_addr0[6] (net)
                      0.101851    0.000000    2.268316 ^ u_top.dataMemory.sram_odd_words/addr0[6] (sky130_sram_2kbyte_1rw1r_32x512_8)
                                              2.268316   data arrival time

                      0.150000   10.000000   10.000000   clock clk (rise edge)
                                  0.000000   10.000000   clock network delay (ideal)
                                 -0.250000    9.750000   clock uncertainty
                                  0.000000    9.750000   clock reconvergence pessimism
                                              9.750000 ^ u_top.dataMemory.sram_odd_words/clk0 (sky130_sram_2kbyte_1rw1r_32x512_8)
                                 -0.103000    9.647000   library setup time
                                              9.647000   data required time
---------------------------------------------------------------------------------------------
                                              9.647000   data required time
                                             -2.268316   data arrival time
---------------------------------------------------------------------------------------------
                                              7.378684   slack (MET)


Startpoint: _1573_ (rising edge-triggered flip-flop clocked by clk)
Endpoint: u_top.dataMemory.sram_odd_words
          (falling edge-triggered flip-flop clocked by clk)
Path Group: clk
Path Type: max

Fanout         Cap        Slew       Delay        Time   Description
---------------------------------------------------------------------------------------------
                      0.150000    0.000000    0.000000   clock clk (rise edge)
                                  0.000000    0.000000   clock network delay (ideal)
                      0.150000    0.000000    0.000000 ^ _1573_/CLK (sky130_fd_sc_hd__dfstp_2)
     3    0.015533    0.148739    1.306200    1.306200 ^ _1573_/Q (sky130_fd_sc_hd__dfstp_2)
                                                         u_top.dataMemory.clear_active (net)
                      0.148739    0.000000    1.306200 ^ _1699_/A (sky130_fd_sc_hd__buf_2)
    12    0.027382    0.225054    0.361454    1.667655 ^ _1699_/X (sky130_fd_sc_hd__buf_2)
                                                         _0660_ (net)
                      0.225054    0.000000    1.667655 ^ _1229_/A (sky130_fd_sc_hd__and3_2)
     1    0.001753    0.072852    0.394785    2.062440 ^ _1229_/X (sky130_fd_sc_hd__and3_2)
                                                         _0690_ (net)
                      0.072852    0.000000    2.062440 ^ _1847_/A (sky130_fd_sc_hd__buf_2)
     1    0.006890    0.076388    0.205877    2.268316 ^ _1847_/X (sky130_fd_sc_hd__buf_2)
                                                         u_top.dataMemory.s1_addr0[7] (net)
                      0.101851    0.000000    2.268316 ^ u_top.dataMemory.sram_odd_words/addr0[7] (sky130_sram_2kbyte_1rw1r_32x512_8)
                                              2.268316   data arrival time

                      0.150000   10.000000   10.000000   clock clk (rise edge)
                                  0.000000   10.000000   clock network delay (ideal)
                                 -0.250000    9.750000   clock uncertainty
                                  0.000000    9.750000   clock reconvergence pessimism
                                              9.750000 ^ u_top.dataMemory.sram_odd_words/clk0 (sky130_sram_2kbyte_1rw1r_32x512_8)
                                 -0.103000    9.647000   library setup time
                                              9.647000   data required time
---------------------------------------------------------------------------------------------
                                              9.647000   data required time
                                             -2.268316   data arrival time
---------------------------------------------------------------------------------------------
                                              7.378684   slack (MET)


Startpoint: _1573_ (rising edge-triggered flip-flop clocked by clk)
Endpoint: u_top.dataMemory.sram_odd_words
          (falling edge-triggered flip-flop clocked by clk)
Path Group: clk
Path Type: max

Fanout         Cap        Slew       Delay        Time   Description
---------------------------------------------------------------------------------------------
                      0.150000    0.000000    0.000000   clock clk (rise edge)
                                  0.000000    0.000000   clock network delay (ideal)
                      0.150000    0.000000    0.000000 ^ _1573_/CLK (sky130_fd_sc_hd__dfstp_2)
     3    0.015533    0.148739    1.306200    1.306200 ^ _1573_/Q (sky130_fd_sc_hd__dfstp_2)
                                                         u_top.dataMemory.clear_active (net)
                      0.148739    0.000000    1.306200 ^ _1699_/A (sky130_fd_sc_hd__buf_2)
    12    0.027382    0.225054    0.361454    1.667655 ^ _1699_/X (sky130_fd_sc_hd__buf_2)
                                                         _0660_ (net)
                      0.225054    0.000000    1.667655 ^ _1230_/A (sky130_fd_sc_hd__and3_2)
     1    0.001753    0.072852    0.394785    2.062440 ^ _1230_/X (sky130_fd_sc_hd__and3_2)
                                                         _0691_ (net)
                      0.072852    0.000000    2.062440 ^ _1848_/A (sky130_fd_sc_hd__buf_2)
     1    0.006890    0.076388    0.205877    2.268316 ^ _1848_/X (sky130_fd_sc_hd__buf_2)
                                                         u_top.dataMemory.s1_addr0[8] (net)
                      0.101851    0.000000    2.268316 ^ u_top.dataMemory.sram_odd_words/addr0[8] (sky130_sram_2kbyte_1rw1r_32x512_8)
                                              2.268316   data arrival time

                      0.150000   10.000000   10.000000   clock clk (rise edge)
                                  0.000000   10.000000   clock network delay (ideal)
                                 -0.250000    9.750000   clock uncertainty
                                  0.000000    9.750000   clock reconvergence pessimism
                                              9.750000 ^ u_top.dataMemory.sram_odd_words/clk0 (sky130_sram_2kbyte_1rw1r_32x512_8)
                                 -0.103000    9.647000   library setup time
                                              9.647000   data required time
---------------------------------------------------------------------------------------------
                                              9.647000   data required time
                                             -2.268316   data arrival time
---------------------------------------------------------------------------------------------
                                              7.378684   slack (MET)


Startpoint: _1573_ (rising edge-triggered flip-flop clocked by clk)
Endpoint: u_top.dataMemory.sram_odd_words
          (falling edge-triggered flip-flop clocked by clk)
Path Group: clk
Path Type: max

Fanout         Cap        Slew       Delay        Time   Description
---------------------------------------------------------------------------------------------
                      0.150000    0.000000    0.000000   clock clk (rise edge)
                                  0.000000    0.000000   clock network delay (ideal)
                      0.150000    0.000000    0.000000 ^ _1573_/CLK (sky130_fd_sc_hd__dfstp_2)
     3    0.015533    0.148739    1.306200    1.306200 ^ _1573_/Q (sky130_fd_sc_hd__dfstp_2)
                                                         u_top.dataMemory.clear_active (net)
                      0.148739    0.000000    1.306200 ^ _1699_/A (sky130_fd_sc_hd__buf_2)
    12    0.027382    0.225054    0.361454    1.667655 ^ _1699_/X (sky130_fd_sc_hd__buf_2)
                                                         _0660_ (net)
                      0.225054    0.000000    1.667655 ^ _1082_/A (sky130_fd_sc_hd__inv_2)
     7    0.023742    0.119023    0.202603    1.870258 v _1082_/Y (sky130_fd_sc_hd__inv_2)
                                                         _0433_ (net)
                      0.119023    0.000000    1.870258 v _1222_/A (sky130_fd_sc_hd__nor2_2)
     1    0.001753    0.094218    0.172005    2.042264 ^ _1222_/Y (sky130_fd_sc_hd__nor2_2)
                                                         _0683_ (net)
                      0.094218    0.000000    2.042264 ^ _1840_/A (sky130_fd_sc_hd__buf_2)
     1    0.006890    0.076430    0.216319    2.258583 ^ _1840_/X (sky130_fd_sc_hd__buf_2)
                                                         u_top.dataMemory.s1_addr0[0] (net)
                      0.101906    0.000000    2.258583 ^ u_top.dataMemory.sram_odd_words/addr0[0] (sky130_sram_2kbyte_1rw1r_32x512_8)
                                              2.258583   data arrival time

                      0.150000   10.000000   10.000000   clock clk (rise edge)
                                  0.000000   10.000000   clock network delay (ideal)
                                 -0.250000    9.750000   clock uncertainty
                                  0.000000    9.750000   clock reconvergence pessimism
                                              9.750000 ^ u_top.dataMemory.sram_odd_words/clk0 (sky130_sram_2kbyte_1rw1r_32x512_8)
                                 -0.103000    9.647000   library setup time
                                              9.647000   data required time
---------------------------------------------------------------------------------------------
                                              9.647000   data required time
                                             -2.258583   data arrival time
---------------------------------------------------------------------------------------------
                                              7.388417   slack (MET)


Startpoint: _1573_ (rising edge-triggered flip-flop clocked by clk)
Endpoint: u_top.dataMemory.sram_odd_words
          (falling edge-triggered flip-flop clocked by clk)
Path Group: clk
Path Type: max

Fanout         Cap        Slew       Delay        Time   Description
---------------------------------------------------------------------------------------------
                      0.150000    0.000000    0.000000   clock clk (rise edge)
                                  0.000000    0.000000   clock network delay (ideal)
                      0.150000    0.000000    0.000000 ^ _1573_/CLK (sky130_fd_sc_hd__dfstp_2)
     3    0.015533    0.148739    1.306200    1.306200 ^ _1573_/Q (sky130_fd_sc_hd__dfstp_2)
                                                         u_top.dataMemory.clear_active (net)
                      0.148739    0.000000    1.306200 ^ _1699_/A (sky130_fd_sc_hd__buf_2)
    12    0.027382    0.225054    0.361454    1.667655 ^ _1699_/X (sky130_fd_sc_hd__buf_2)
                                                         _0660_ (net)
                      0.225054    0.000000    1.667655 ^ _1123_/A (sky130_fd_sc_hd__nand2_2)
     2    0.005925    0.093523    0.164208    1.831863 v _1123_/Y (sky130_fd_sc_hd__nand2_2)
                                                         _0692_ (net)
                      0.093523    0.000000    1.831863 v _1124_/A (sky130_fd_sc_hd__inv_2)
     1    0.001753    0.034268    0.073136    1.904998 ^ _1124_/Y (sky130_fd_sc_hd__inv_2)
                                                         _0693_ (net)
                      0.034268    0.000000    1.904998 ^ _1828_/A (sky130_fd_sc_hd__buf_2)
     7    0.032819    0.265224    0.335901    2.240900 ^ _1828_/X (sky130_fd_sc_hd__buf_2)
                                                         u_top.dataMemory.s1_wmask0[3] (net)
                      0.838237    0.000000    2.240900 ^ u_top.dataMemory.sram_odd_words/wmask0[0] (sky130_sram_2kbyte_1rw1r_32x512_8)
                                              2.240900   data arrival time

                      0.150000   10.000000   10.000000   clock clk (rise edge)
                                  0.000000   10.000000   clock network delay (ideal)
                                 -0.250000    9.750000   clock uncertainty
                                  0.000000    9.750000   clock reconvergence pessimism
                                              9.750000 ^ u_top.dataMemory.sram_odd_words/clk0 (sky130_sram_2kbyte_1rw1r_32x512_8)
                                 -0.103000    9.647000   library setup time
                                              9.647000   data required time
---------------------------------------------------------------------------------------------
                                              9.647000   data required time
                                             -2.240900   data arrival time
---------------------------------------------------------------------------------------------
                                              7.406100   slack (MET)


Startpoint: _1573_ (rising edge-triggered flip-flop clocked by clk)
Endpoint: u_top.dataMemory.sram_odd_words
          (falling edge-triggered flip-flop clocked by clk)
Path Group: clk
Path Type: max

Fanout         Cap        Slew       Delay        Time   Description
---------------------------------------------------------------------------------------------
                      0.150000    0.000000    0.000000   clock clk (rise edge)
                                  0.000000    0.000000   clock network delay (ideal)
                      0.150000    0.000000    0.000000 ^ _1573_/CLK (sky130_fd_sc_hd__dfstp_2)
     3    0.015533    0.148739    1.306200    1.306200 ^ _1573_/Q (sky130_fd_sc_hd__dfstp_2)
                                                         u_top.dataMemory.clear_active (net)
                      0.148739    0.000000    1.306200 ^ _1699_/A (sky130_fd_sc_hd__buf_2)
    12    0.027382    0.225054    0.361454    1.667655 ^ _1699_/X (sky130_fd_sc_hd__buf_2)
                                                         _0660_ (net)
                      0.225054    0.000000    1.667655 ^ _1123_/A (sky130_fd_sc_hd__nand2_2)
     2    0.005925    0.093523    0.164208    1.831863 v _1123_/Y (sky130_fd_sc_hd__nand2_2)
                                                         _0692_ (net)
                      0.093523    0.000000    1.831863 v _1124_/A (sky130_fd_sc_hd__inv_2)
     1    0.001753    0.034268    0.073136    1.904998 ^ _1124_/Y (sky130_fd_sc_hd__inv_2)
                                                         _0693_ (net)
                      0.034268    0.000000    1.904998 ^ _1828_/A (sky130_fd_sc_hd__buf_2)
     7    0.032819    0.265224    0.335901    2.240900 ^ _1828_/X (sky130_fd_sc_hd__buf_2)
                                                         u_top.dataMemory.s1_wmask0[3] (net)
                      0.628678    0.000000    2.240900 ^ u_top.dataMemory.sram_odd_words/wmask0[1] (sky130_sram_2kbyte_1rw1r_32x512_8)
                                              2.240900   data arrival time

                      0.150000   10.000000   10.000000   clock clk (rise edge)
                                  0.000000   10.000000   clock network delay (ideal)
                                 -0.250000    9.750000   clock uncertainty
                                  0.000000    9.750000   clock reconvergence pessimism
                                              9.750000 ^ u_top.dataMemory.sram_odd_words/clk0 (sky130_sram_2kbyte_1rw1r_32x512_8)
                                 -0.103000    9.647000   library setup time
                                              9.647000   data required time
---------------------------------------------------------------------------------------------
                                              9.647000   data required time
                                             -2.240900   data arrival time
---------------------------------------------------------------------------------------------
                                              7.406100   slack (MET)


Startpoint: _1573_ (rising edge-triggered flip-flop clocked by clk)
Endpoint: u_top.dataMemory.sram_odd_words
          (falling edge-triggered flip-flop clocked by clk)
Path Group: clk
Path Type: max

Fanout         Cap        Slew       Delay        Time   Description
---------------------------------------------------------------------------------------------
                      0.150000    0.000000    0.000000   clock clk (rise edge)
                                  0.000000    0.000000   clock network delay (ideal)
                      0.150000    0.000000    0.000000 ^ _1573_/CLK (sky130_fd_sc_hd__dfstp_2)
     3    0.015533    0.148739    1.306200    1.306200 ^ _1573_/Q (sky130_fd_sc_hd__dfstp_2)
                                                         u_top.dataMemory.clear_active (net)
                      0.148739    0.000000    1.306200 ^ _1699_/A (sky130_fd_sc_hd__buf_2)
    12    0.027382    0.225054    0.361454    1.667655 ^ _1699_/X (sky130_fd_sc_hd__buf_2)
                                                         _0660_ (net)
                      0.225054    0.000000    1.667655 ^ _1123_/A (sky130_fd_sc_hd__nand2_2)
     2    0.005925    0.093523    0.164208    1.831863 v _1123_/Y (sky130_fd_sc_hd__nand2_2)
                                                         _0692_ (net)
                      0.093523    0.000000    1.831863 v _1124_/A (sky130_fd_sc_hd__inv_2)
     1    0.001753    0.034268    0.073136    1.904998 ^ _1124_/Y (sky130_fd_sc_hd__inv_2)
                                                         _0693_ (net)
                      0.034268    0.000000    1.904998 ^ _1828_/A (sky130_fd_sc_hd__buf_2)
     7    0.032819    0.265224    0.335901    2.240900 ^ _1828_/X (sky130_fd_sc_hd__buf_2)
                                                         u_top.dataMemory.s1_wmask0[3] (net)
                      0.471508    0.000000    2.240900 ^ u_top.dataMemory.sram_odd_words/wmask0[2] (sky130_sram_2kbyte_1rw1r_32x512_8)
                                              2.240900   data arrival time

                      0.150000   10.000000   10.000000   clock clk (rise edge)
                                  0.000000   10.000000   clock network delay (ideal)
                                 -0.250000    9.750000   clock uncertainty
                                  0.000000    9.750000   clock reconvergence pessimism
                                              9.750000 ^ u_top.dataMemory.sram_odd_words/clk0 (sky130_sram_2kbyte_1rw1r_32x512_8)
                                 -0.103000    9.647000   library setup time
                                              9.647000   data required time
---------------------------------------------------------------------------------------------
                                              9.647000   data required time
                                             -2.240900   data arrival time
---------------------------------------------------------------------------------------------
                                              7.406100   slack (MET)


Startpoint: _1573_ (rising edge-triggered flip-flop clocked by clk)
Endpoint: u_top.dataMemory.sram_odd_words
          (falling edge-triggered flip-flop clocked by clk)
Path Group: clk
Path Type: max

Fanout         Cap        Slew       Delay        Time   Description
---------------------------------------------------------------------------------------------
                      0.150000    0.000000    0.000000   clock clk (rise edge)
                                  0.000000    0.000000   clock network delay (ideal)
                      0.150000    0.000000    0.000000 ^ _1573_/CLK (sky130_fd_sc_hd__dfstp_2)
     3    0.015533    0.148739    1.306200    1.306200 ^ _1573_/Q (sky130_fd_sc_hd__dfstp_2)
                                                         u_top.dataMemory.clear_active (net)
                      0.148739    0.000000    1.306200 ^ _1699_/A (sky130_fd_sc_hd__buf_2)
    12    0.027382    0.225054    0.361454    1.667655 ^ _1699_/X (sky130_fd_sc_hd__buf_2)
                                                         _0660_ (net)
                      0.225054    0.000000    1.667655 ^ _1123_/A (sky130_fd_sc_hd__nand2_2)
     2    0.005925    0.093523    0.164208    1.831863 v _1123_/Y (sky130_fd_sc_hd__nand2_2)
                                                         _0692_ (net)
                      0.093523    0.000000    1.831863 v _1124_/A (sky130_fd_sc_hd__inv_2)
     1    0.001753    0.034268    0.073136    1.904998 ^ _1124_/Y (sky130_fd_sc_hd__inv_2)
                                                         _0693_ (net)
                      0.034268    0.000000    1.904998 ^ _1828_/A (sky130_fd_sc_hd__buf_2)
     7    0.032819    0.265224    0.335901    2.240900 ^ _1828_/X (sky130_fd_sc_hd__buf_2)
                                                         u_top.dataMemory.s1_wmask0[3] (net)
                      0.353631    0.000000    2.240900 ^ u_top.dataMemory.sram_odd_words/wmask0[3] (sky130_sram_2kbyte_1rw1r_32x512_8)
                                              2.240900   data arrival time

                      0.150000   10.000000   10.000000   clock clk (rise edge)
                                  0.000000   10.000000   clock network delay (ideal)
                                 -0.250000    9.750000   clock uncertainty
                                  0.000000    9.750000   clock reconvergence pessimism
                                              9.750000 ^ u_top.dataMemory.sram_odd_words/clk0 (sky130_sram_2kbyte_1rw1r_32x512_8)
                                 -0.103000    9.647000   library setup time
                                              9.647000   data required time
---------------------------------------------------------------------------------------------
                                              9.647000   data required time
                                             -2.240900   data arrival time
---------------------------------------------------------------------------------------------
                                              7.406100   slack (MET)


Startpoint: reset (input port clocked by clk)
Endpoint: _1563_ (recovery check against rising-edge clock clk)
Path Group: asynchronous
Path Type: max

Fanout         Cap        Slew       Delay        Time   Description
---------------------------------------------------------------------------------------------
                      0.150000    0.000000    0.000000   clock clk (rise edge)
                                  0.000000    0.000000   clock network delay (ideal)
                                  2.000000    2.000000 v input external delay
     1    0.001625    0.014323    0.005775    2.005775 v reset (in)
                                                         reset (net)
                      0.014323    0.000000    2.005775 v _1826_/A (sky130_fd_sc_hd__buf_2)
    14    0.060027    0.267227    0.422467    2.428242 v _1826_/X (sky130_fd_sc_hd__buf_2)
                                                         _0629_ (net)
                      0.267227    0.000000    2.428242 v _1433_/A (sky130_fd_sc_hd__inv_2)
     1    0.001753    0.067166    0.123285    2.551527 ^ _1433_/Y (sky130_fd_sc_hd__inv_2)
                                                         _0292_ (net)
                      0.067166    0.000000    2.551527 ^ _1984_/A (sky130_fd_sc_hd__buf_2)
     1    0.003263    0.050604    0.178445    2.729972 ^ _1984_/X (sky130_fd_sc_hd__buf_2)
                                                         _0878_ (net)
                      0.050604    0.000000    2.729972 ^ _1563_/RESET_B (sky130_fd_sc_hd__dfrtp_2)
                                              2.729972   data arrival time

                      0.150000   10.000000   10.000000   clock clk (rise edge)
                                  0.000000   10.000000   clock network delay (ideal)
                                 -0.250000    9.750000   clock uncertainty
                                  0.000000    9.750000   clock reconvergence pessimism
                                              9.750000 ^ _1563_/CLK (sky130_fd_sc_hd__dfrtp_2)
                                  0.479525   10.229525   library recovery time
                                             10.229525   data required time
---------------------------------------------------------------------------------------------
                                             10.229525   data required time
                                             -2.729972   data arrival time
---------------------------------------------------------------------------------------------
                                              7.499553   slack (MET)


Startpoint: reset (input port clocked by clk)
Endpoint: _1564_ (recovery check against rising-edge clock clk)
Path Group: asynchronous
Path Type: max

Fanout         Cap        Slew       Delay        Time   Description
---------------------------------------------------------------------------------------------
                      0.150000    0.000000    0.000000   clock clk (rise edge)
                                  0.000000    0.000000   clock network delay (ideal)
                                  2.000000    2.000000 v input external delay
     1    0.001625    0.014323    0.005775    2.005775 v reset (in)
                                                         reset (net)
                      0.014323    0.000000    2.005775 v _1826_/A (sky130_fd_sc_hd__buf_2)
    14    0.060027    0.267227    0.422467    2.428242 v _1826_/X (sky130_fd_sc_hd__buf_2)
                                                         _0629_ (net)
                      0.267227    0.000000    2.428242 v _1434_/A (sky130_fd_sc_hd__inv_2)
     1    0.001753    0.067166    0.123285    2.551527 ^ _1434_/Y (sky130_fd_sc_hd__inv_2)
                                                         _0293_ (net)
                      0.067166    0.000000    2.551527 ^ _1985_/A (sky130_fd_sc_hd__buf_2)
     1    0.003263    0.050604    0.178445    2.729972 ^ _1985_/X (sky130_fd_sc_hd__buf_2)
                                                         _0879_ (net)
                      0.050604    0.000000    2.729972 ^ _1564_/RESET_B (sky130_fd_sc_hd__dfrtp_2)
                                              2.729972   data arrival time

                      0.150000   10.000000   10.000000   clock clk (rise edge)
                                  0.000000   10.000000   clock network delay (ideal)
                                 -0.250000    9.750000   clock uncertainty
                                  0.000000    9.750000   clock reconvergence pessimism
                                              9.750000 ^ _1564_/CLK (sky130_fd_sc_hd__dfrtp_2)
                                  0.479525   10.229525   library recovery time
                                             10.229525   data required time
---------------------------------------------------------------------------------------------
                                             10.229525   data required time
                                             -2.729972   data arrival time
---------------------------------------------------------------------------------------------
                                              7.499553   slack (MET)


Startpoint: reset (input port clocked by clk)
Endpoint: _1565_ (recovery check against rising-edge clock clk)
Path Group: asynchronous
Path Type: max

Fanout         Cap        Slew       Delay        Time   Description
---------------------------------------------------------------------------------------------
                      0.150000    0.000000    0.000000   clock clk (rise edge)
                                  0.000000    0.000000   clock network delay (ideal)
                                  2.000000    2.000000 v input external delay
     1    0.001625    0.014323    0.005775    2.005775 v reset (in)
                                                         reset (net)
                      0.014323    0.000000    2.005775 v _1826_/A (sky130_fd_sc_hd__buf_2)
    14    0.060027    0.267227    0.422467    2.428242 v _1826_/X (sky130_fd_sc_hd__buf_2)
                                                         _0629_ (net)
                      0.267227    0.000000    2.428242 v _1435_/A (sky130_fd_sc_hd__inv_2)
     1    0.001753    0.067166    0.123285    2.551527 ^ _1435_/Y (sky130_fd_sc_hd__inv_2)
                                                         _0294_ (net)
                      0.067166    0.000000    2.551527 ^ _1986_/A (sky130_fd_sc_hd__buf_2)
     1    0.003263    0.050604    0.178445    2.729972 ^ _1986_/X (sky130_fd_sc_hd__buf_2)
                                                         _0880_ (net)
                      0.050604    0.000000    2.729972 ^ _1565_/RESET_B (sky130_fd_sc_hd__dfrtp_2)
                                              2.729972   data arrival time

                      0.150000   10.000000   10.000000   clock clk (rise edge)
                                  0.000000   10.000000   clock network delay (ideal)
                                 -0.250000    9.750000   clock uncertainty
                                  0.000000    9.750000   clock reconvergence pessimism
                                              9.750000 ^ _1565_/CLK (sky130_fd_sc_hd__dfrtp_2)
                                  0.479525   10.229525   library recovery time
                                             10.229525   data required time
---------------------------------------------------------------------------------------------
                                             10.229525   data required time
                                             -2.729972   data arrival time
---------------------------------------------------------------------------------------------
                                              7.499553   slack (MET)


Startpoint: reset (input port clocked by clk)
Endpoint: _1566_ (recovery check against rising-edge clock clk)
Path Group: asynchronous
Path Type: max

Fanout         Cap        Slew       Delay        Time   Description
---------------------------------------------------------------------------------------------
                      0.150000    0.000000    0.000000   clock clk (rise edge)
                                  0.000000    0.000000   clock network delay (ideal)
                                  2.000000    2.000000 v input external delay
     1    0.001625    0.014323    0.005775    2.005775 v reset (in)
                                                         reset (net)
                      0.014323    0.000000    2.005775 v _1826_/A (sky130_fd_sc_hd__buf_2)
    14    0.060027    0.267227    0.422467    2.428242 v _1826_/X (sky130_fd_sc_hd__buf_2)
                                                         _0629_ (net)
                      0.267227    0.000000    2.428242 v _1436_/A (sky130_fd_sc_hd__inv_2)
     1    0.001753    0.067166    0.123285    2.551527 ^ _1436_/Y (sky130_fd_sc_hd__inv_2)
                                                         _0295_ (net)
                      0.067166    0.000000    2.551527 ^ _1987_/A (sky130_fd_sc_hd__buf_2)
     1    0.003263    0.050604    0.178445    2.729972 ^ _1987_/X (sky130_fd_sc_hd__buf_2)
                                                         _0881_ (net)
                      0.050604    0.000000    2.729972 ^ _1566_/RESET_B (sky130_fd_sc_hd__dfrtp_2)
                                              2.729972   data arrival time

                      0.150000   10.000000   10.000000   clock clk (rise edge)
                                  0.000000   10.000000   clock network delay (ideal)
                                 -0.250000    9.750000   clock uncertainty
                                  0.000000    9.750000   clock reconvergence pessimism
                                              9.750000 ^ _1566_/CLK (sky130_fd_sc_hd__dfrtp_2)
                                  0.479525   10.229525   library recovery time
                                             10.229525   data required time
---------------------------------------------------------------------------------------------
                                             10.229525   data required time
                                             -2.729972   data arrival time
---------------------------------------------------------------------------------------------
                                              7.499553   slack (MET)


Startpoint: reset (input port clocked by clk)
Endpoint: _1567_ (recovery check against rising-edge clock clk)
Path Group: asynchronous
Path Type: max

Fanout         Cap        Slew       Delay        Time   Description
---------------------------------------------------------------------------------------------
                      0.150000    0.000000    0.000000   clock clk (rise edge)
                                  0.000000    0.000000   clock network delay (ideal)
                                  2.000000    2.000000 v input external delay
     1    0.001625    0.014323    0.005775    2.005775 v reset (in)
                                                         reset (net)
                      0.014323    0.000000    2.005775 v _1826_/A (sky130_fd_sc_hd__buf_2)
    14    0.060027    0.267227    0.422467    2.428242 v _1826_/X (sky130_fd_sc_hd__buf_2)
                                                         _0629_ (net)
                      0.267227    0.000000    2.428242 v _1437_/A (sky130_fd_sc_hd__inv_2)
     1    0.001753    0.067166    0.123285    2.551527 ^ _1437_/Y (sky130_fd_sc_hd__inv_2)
                                                         _0296_ (net)
                      0.067166    0.000000    2.551527 ^ _1988_/A (sky130_fd_sc_hd__buf_2)
     1    0.003263    0.050604    0.178445    2.729972 ^ _1988_/X (sky130_fd_sc_hd__buf_2)
                                                         _0882_ (net)
                      0.050604    0.000000    2.729972 ^ _1567_/RESET_B (sky130_fd_sc_hd__dfrtp_2)
                                              2.729972   data arrival time

                      0.150000   10.000000   10.000000   clock clk (rise edge)
                                  0.000000   10.000000   clock network delay (ideal)
                                 -0.250000    9.750000   clock uncertainty
                                  0.000000    9.750000   clock reconvergence pessimism
                                              9.750000 ^ _1567_/CLK (sky130_fd_sc_hd__dfrtp_2)
                                  0.479525   10.229525   library recovery time
                                             10.229525   data required time
---------------------------------------------------------------------------------------------
                                             10.229525   data required time
                                             -2.729972   data arrival time
---------------------------------------------------------------------------------------------
                                              7.499553   slack (MET)


Startpoint: reset (input port clocked by clk)
Endpoint: _1568_ (recovery check against rising-edge clock clk)
Path Group: asynchronous
Path Type: max

Fanout         Cap        Slew       Delay        Time   Description
---------------------------------------------------------------------------------------------
                      0.150000    0.000000    0.000000   clock clk (rise edge)
                                  0.000000    0.000000   clock network delay (ideal)
                                  2.000000    2.000000 v input external delay
     1    0.001625    0.014323    0.005775    2.005775 v reset (in)
                                                         reset (net)
                      0.014323    0.000000    2.005775 v _1826_/A (sky130_fd_sc_hd__buf_2)
    14    0.060027    0.267227    0.422467    2.428242 v _1826_/X (sky130_fd_sc_hd__buf_2)
                                                         _0629_ (net)
                      0.267227    0.000000    2.428242 v _1438_/A (sky130_fd_sc_hd__inv_2)
     1    0.001753    0.067166    0.123285    2.551527 ^ _1438_/Y (sky130_fd_sc_hd__inv_2)
                                                         _0297_ (net)
                      0.067166    0.000000    2.551527 ^ _1989_/A (sky130_fd_sc_hd__buf_2)
     1    0.003263    0.050604    0.178445    2.729972 ^ _1989_/X (sky130_fd_sc_hd__buf_2)
                                                         _0883_ (net)
                      0.050604    0.000000    2.729972 ^ _1568_/RESET_B (sky130_fd_sc_hd__dfrtp_2)
                                              2.729972   data arrival time

                      0.150000   10.000000   10.000000   clock clk (rise edge)
                                  0.000000   10.000000   clock network delay (ideal)
                                 -0.250000    9.750000   clock uncertainty
                                  0.000000    9.750000   clock reconvergence pessimism
                                              9.750000 ^ _1568_/CLK (sky130_fd_sc_hd__dfrtp_2)
                                  0.479525   10.229525   library recovery time
                                             10.229525   data required time
---------------------------------------------------------------------------------------------
                                             10.229525   data required time
                                             -2.729972   data arrival time
---------------------------------------------------------------------------------------------
                                              7.499553   slack (MET)


Startpoint: reset (input port clocked by clk)
Endpoint: _1569_ (recovery check against rising-edge clock clk)
Path Group: asynchronous
Path Type: max

Fanout         Cap        Slew       Delay        Time   Description
---------------------------------------------------------------------------------------------
                      0.150000    0.000000    0.000000   clock clk (rise edge)
                                  0.000000    0.000000   clock network delay (ideal)
                                  2.000000    2.000000 v input external delay
     1    0.001625    0.014323    0.005775    2.005775 v reset (in)
                                                         reset (net)
                      0.014323    0.000000    2.005775 v _1826_/A (sky130_fd_sc_hd__buf_2)
    14    0.060027    0.267227    0.422467    2.428242 v _1826_/X (sky130_fd_sc_hd__buf_2)
                                                         _0629_ (net)
                      0.267227    0.000000    2.428242 v _1439_/A (sky130_fd_sc_hd__inv_2)
     1    0.001753    0.067166    0.123285    2.551527 ^ _1439_/Y (sky130_fd_sc_hd__inv_2)
                                                         _0298_ (net)
                      0.067166    0.000000    2.551527 ^ _1990_/A (sky130_fd_sc_hd__buf_2)
     1    0.003263    0.050604    0.178445    2.729972 ^ _1990_/X (sky130_fd_sc_hd__buf_2)
                                                         _0884_ (net)
                      0.050604    0.000000    2.729972 ^ _1569_/RESET_B (sky130_fd_sc_hd__dfrtp_2)
                                              2.729972   data arrival time

                      0.150000   10.000000   10.000000   clock clk (rise edge)
                                  0.000000   10.000000   clock network delay (ideal)
                                 -0.250000    9.750000   clock uncertainty
                                  0.000000    9.750000   clock reconvergence pessimism
                                              9.750000 ^ _1569_/CLK (sky130_fd_sc_hd__dfrtp_2)
                                  0.479525   10.229525   library recovery time
                                             10.229525   data required time
---------------------------------------------------------------------------------------------
                                             10.229525   data required time
                                             -2.729972   data arrival time
---------------------------------------------------------------------------------------------
                                              7.499553   slack (MET)


Startpoint: reset (input port clocked by clk)
Endpoint: _1570_ (recovery check against rising-edge clock clk)
Path Group: asynchronous
Path Type: max

Fanout         Cap        Slew       Delay        Time   Description
---------------------------------------------------------------------------------------------
                      0.150000    0.000000    0.000000   clock clk (rise edge)
                                  0.000000    0.000000   clock network delay (ideal)
                                  2.000000    2.000000 v input external delay
     1    0.001625    0.014323    0.005775    2.005775 v reset (in)
                                                         reset (net)
                      0.014323    0.000000    2.005775 v _1826_/A (sky130_fd_sc_hd__buf_2)
    14    0.060027    0.267227    0.422467    2.428242 v _1826_/X (sky130_fd_sc_hd__buf_2)
                                                         _0629_ (net)
                      0.267227    0.000000    2.428242 v _1440_/A (sky130_fd_sc_hd__inv_2)
     1    0.001753    0.067166    0.123285    2.551527 ^ _1440_/Y (sky130_fd_sc_hd__inv_2)
                                                         _0299_ (net)
                      0.067166    0.000000    2.551527 ^ _1991_/A (sky130_fd_sc_hd__buf_2)
     1    0.003263    0.050604    0.178445    2.729972 ^ _1991_/X (sky130_fd_sc_hd__buf_2)
                                                         _0885_ (net)
                      0.050604    0.000000    2.729972 ^ _1570_/RESET_B (sky130_fd_sc_hd__dfrtp_2)
                                              2.729972   data arrival time

                      0.150000   10.000000   10.000000   clock clk (rise edge)
                                  0.000000   10.000000   clock network delay (ideal)
                                 -0.250000    9.750000   clock uncertainty
                                  0.000000    9.750000   clock reconvergence pessimism
                                              9.750000 ^ _1570_/CLK (sky130_fd_sc_hd__dfrtp_2)
                                  0.479525   10.229525   library recovery time
                                             10.229525   data required time
---------------------------------------------------------------------------------------------
                                             10.229525   data required time
                                             -2.729972   data arrival time
---------------------------------------------------------------------------------------------
                                              7.499553   slack (MET)


Startpoint: reset (input port clocked by clk)
Endpoint: _1571_ (recovery check against rising-edge clock clk)
Path Group: asynchronous
Path Type: max

Fanout         Cap        Slew       Delay        Time   Description
---------------------------------------------------------------------------------------------
                      0.150000    0.000000    0.000000   clock clk (rise edge)
                                  0.000000    0.000000   clock network delay (ideal)
                                  2.000000    2.000000 v input external delay
     1    0.001625    0.014323    0.005775    2.005775 v reset (in)
                                                         reset (net)
                      0.014323    0.000000    2.005775 v _1826_/A (sky130_fd_sc_hd__buf_2)
    14    0.060027    0.267227    0.422467    2.428242 v _1826_/X (sky130_fd_sc_hd__buf_2)
                                                         _0629_ (net)
                      0.267227    0.000000    2.428242 v _1441_/A (sky130_fd_sc_hd__inv_2)
     1    0.001753    0.067166    0.123285    2.551527 ^ _1441_/Y (sky130_fd_sc_hd__inv_2)
                                                         _0300_ (net)
                      0.067166    0.000000    2.551527 ^ _1992_/A (sky130_fd_sc_hd__buf_2)
     1    0.003263    0.050604    0.178445    2.729972 ^ _1992_/X (sky130_fd_sc_hd__buf_2)
                                                         _0886_ (net)
                      0.050604    0.000000    2.729972 ^ _1571_/RESET_B (sky130_fd_sc_hd__dfrtp_2)
                                              2.729972   data arrival time

                      0.150000   10.000000   10.000000   clock clk (rise edge)
                                  0.000000   10.000000   clock network delay (ideal)
                                 -0.250000    9.750000   clock uncertainty
                                  0.000000    9.750000   clock reconvergence pessimism
                                              9.750000 ^ _1571_/CLK (sky130_fd_sc_hd__dfrtp_2)
                                  0.479525   10.229525   library recovery time
                                             10.229525   data required time
---------------------------------------------------------------------------------------------
                                             10.229525   data required time
                                             -2.729972   data arrival time
---------------------------------------------------------------------------------------------
                                              7.499553   slack (MET)


Startpoint: reset (input port clocked by clk)
Endpoint: _1572_ (recovery check against rising-edge clock clk)
Path Group: asynchronous
Path Type: max

Fanout         Cap        Slew       Delay        Time   Description
---------------------------------------------------------------------------------------------
                      0.150000    0.000000    0.000000   clock clk (rise edge)
                                  0.000000    0.000000   clock network delay (ideal)
                                  2.000000    2.000000 v input external delay
     1    0.001625    0.014323    0.005775    2.005775 v reset (in)
                                                         reset (net)
                      0.014323    0.000000    2.005775 v _1826_/A (sky130_fd_sc_hd__buf_2)
    14    0.060027    0.267227    0.422467    2.428242 v _1826_/X (sky130_fd_sc_hd__buf_2)
                                                         _0629_ (net)
                      0.267227    0.000000    2.428242 v _1442_/A (sky130_fd_sc_hd__inv_2)
     1    0.001753    0.067166    0.123285    2.551527 ^ _1442_/Y (sky130_fd_sc_hd__inv_2)
                                                         _0301_ (net)
                      0.067166    0.000000    2.551527 ^ _1993_/A (sky130_fd_sc_hd__buf_2)
     1    0.003263    0.050604    0.178445    2.729972 ^ _1993_/X (sky130_fd_sc_hd__buf_2)
                                                         _0887_ (net)
                      0.050604    0.000000    2.729972 ^ _1572_/RESET_B (sky130_fd_sc_hd__dfrtp_2)
                                              2.729972   data arrival time

                      0.150000   10.000000   10.000000   clock clk (rise edge)
                                  0.000000   10.000000   clock network delay (ideal)
                                 -0.250000    9.750000   clock uncertainty
                                  0.000000    9.750000   clock reconvergence pessimism
                                              9.750000 ^ _1572_/CLK (sky130_fd_sc_hd__dfrtp_2)
                                  0.479525   10.229525   library recovery time
                                             10.229525   data required time
---------------------------------------------------------------------------------------------
                                             10.229525   data required time
                                             -2.729972   data arrival time
---------------------------------------------------------------------------------------------
                                              7.499553   slack (MET)


Startpoint: _1573_ (rising edge-triggered flip-flop clocked by clk)
Endpoint: u_top.dataMemory.sram_odd_words
          (falling edge-triggered flip-flop clocked by clk)
Path Group: clk
Path Type: max

Fanout         Cap        Slew       Delay        Time   Description
---------------------------------------------------------------------------------------------
                      0.150000    0.000000    0.000000   clock clk (rise edge)
                                  0.000000    0.000000   clock network delay (ideal)
                      0.150000    0.000000    0.000000 ^ _1573_/CLK (sky130_fd_sc_hd__dfstp_2)
     3    0.015533    0.148739    1.306200    1.306200 ^ _1573_/Q (sky130_fd_sc_hd__dfstp_2)
                                                         u_top.dataMemory.clear_active (net)
                      0.148739    0.000000    1.306200 ^ _1699_/A (sky130_fd_sc_hd__buf_2)
    12    0.027382    0.225054    0.361454    1.667655 ^ _1699_/X (sky130_fd_sc_hd__buf_2)
                                                         _0660_ (net)
                      0.225054    0.000000    1.667655 ^ _1123_/A (sky130_fd_sc_hd__nand2_2)
     2    0.005925    0.093523    0.164208    1.831863 v _1123_/Y (sky130_fd_sc_hd__nand2_2)
                                                         _0692_ (net)
                      0.093523    0.000000    1.831863 v _1849_/A (sky130_fd_sc_hd__buf_2)
     2    0.013780    0.089387    0.300395    2.132258 v _1849_/X (sky130_fd_sc_hd__buf_2)
                                                         u_top.dataMemory.s1_csb0 (net)
                      0.119183    0.000000    2.132258 v u_top.dataMemory.sram_odd_words/csb0 (sky130_sram_2kbyte_1rw1r_32x512_8)
                                              2.132258   data arrival time

                      0.150000   10.000000   10.000000   clock clk (rise edge)
                                  0.000000   10.000000   clock network delay (ideal)
                                 -0.250000    9.750000   clock uncertainty
                                  0.000000    9.750000   clock reconvergence pessimism
                                              9.750000 ^ u_top.dataMemory.sram_odd_words/clk0 (sky130_sram_2kbyte_1rw1r_32x512_8)
                                 -0.103000    9.647000   library setup time
                                              9.647000   data required time
---------------------------------------------------------------------------------------------
                                              9.647000   data required time
                                             -2.132258   data arrival time
---------------------------------------------------------------------------------------------
                                              7.514741   slack (MET)


Startpoint: _1573_ (rising edge-triggered flip-flop clocked by clk)
Endpoint: u_top.dataMemory.sram_odd_words
          (falling edge-triggered flip-flop clocked by clk)
Path Group: clk
Path Type: max

Fanout         Cap        Slew       Delay        Time   Description
---------------------------------------------------------------------------------------------
                      0.150000    0.000000    0.000000   clock clk (rise edge)
                                  0.000000    0.000000   clock network delay (ideal)
                      0.150000    0.000000    0.000000 ^ _1573_/CLK (sky130_fd_sc_hd__dfstp_2)
     3    0.015533    0.148739    1.306200    1.306200 ^ _1573_/Q (sky130_fd_sc_hd__dfstp_2)
                                                         u_top.dataMemory.clear_active (net)
                      0.148739    0.000000    1.306200 ^ _1699_/A (sky130_fd_sc_hd__buf_2)
    12    0.027382    0.225054    0.361454    1.667655 ^ _1699_/X (sky130_fd_sc_hd__buf_2)
                                                         _0660_ (net)
                      0.225054    0.000000    1.667655 ^ _1123_/A (sky130_fd_sc_hd__nand2_2)
     2    0.005925    0.093523    0.164208    1.831863 v _1123_/Y (sky130_fd_sc_hd__nand2_2)
                                                         _0692_ (net)
                      0.093523    0.000000    1.831863 v _1849_/A (sky130_fd_sc_hd__buf_2)
     2    0.013780    0.089387    0.300395    2.132258 v _1849_/X (sky130_fd_sc_hd__buf_2)
                                                         u_top.dataMemory.s1_csb0 (net)
                      0.158911    0.000000    2.132258 v u_top.dataMemory.sram_odd_words/web0 (sky130_sram_2kbyte_1rw1r_32x512_8)
                                              2.132258   data arrival time

                      0.150000   10.000000   10.000000   clock clk (rise edge)
                                  0.000000   10.000000   clock network delay (ideal)
                                 -0.250000    9.750000   clock uncertainty
                                  0.000000    9.750000   clock reconvergence pessimism
                                              9.750000 ^ u_top.dataMemory.sram_odd_words/clk0 (sky130_sram_2kbyte_1rw1r_32x512_8)
                                 -0.103000    9.647000   library setup time
                                              9.647000   data required time
---------------------------------------------------------------------------------------------
                                              9.647000   data required time
                                             -2.132258   data arrival time
---------------------------------------------------------------------------------------------
                                              7.514741   slack (MET)


Startpoint: _1573_ (rising edge-triggered flip-flop clocked by clk)
Endpoint: u_top.dataMemory.sram_even_words
          (falling edge-triggered flip-flop clocked by clk)
Path Group: clk
Path Type: max

Fanout         Cap        Slew       Delay        Time   Description
---------------------------------------------------------------------------------------------
                      0.150000    0.000000    0.000000   clock clk (rise edge)
                                  0.000000    0.000000   clock network delay (ideal)
                      0.150000    0.000000    0.000000 ^ _1573_/CLK (sky130_fd_sc_hd__dfstp_2)
     3    0.015533    0.148739    1.306200    1.306200 ^ _1573_/Q (sky130_fd_sc_hd__dfstp_2)
                                                         u_top.dataMemory.clear_active (net)
                      0.198319    0.000000    1.306200 ^ u_top.dataMemory.sram_even_words/csb1 (sky130_sram_2kbyte_1rw1r_32x512_8)
                                              1.306200   data arrival time

                      0.150000   10.000000   10.000000   clock clk (rise edge)
                                  0.000000   10.000000   clock network delay (ideal)
                                 -0.250000    9.750000   clock uncertainty
                                  0.000000    9.750000   clock reconvergence pessimism
                                              9.750000 ^ u_top.dataMemory.sram_even_words/clk1 (sky130_sram_2kbyte_1rw1r_32x512_8)
                                 -0.103000    9.647000   library setup time
                                              9.647000   data required time
---------------------------------------------------------------------------------------------
                                              9.647000   data required time
                                             -1.306200   data arrival time
---------------------------------------------------------------------------------------------
                                              8.340799   slack (MET)


Startpoint: _1573_ (rising edge-triggered flip-flop clocked by clk)
Endpoint: u_top.dataMemory.sram_odd_words
          (falling edge-triggered flip-flop clocked by clk)
Path Group: clk
Path Type: max

Fanout         Cap        Slew       Delay        Time   Description
---------------------------------------------------------------------------------------------
                      0.150000    0.000000    0.000000   clock clk (rise edge)
                                  0.000000    0.000000   clock network delay (ideal)
                      0.150000    0.000000    0.000000 ^ _1573_/CLK (sky130_fd_sc_hd__dfstp_2)
     3    0.015533    0.148739    1.306200    1.306200 ^ _1573_/Q (sky130_fd_sc_hd__dfstp_2)
                                                         u_top.dataMemory.clear_active (net)
                      0.264425    0.000000    1.306200 ^ u_top.dataMemory.sram_odd_words/csb1 (sky130_sram_2kbyte_1rw1r_32x512_8)
                                              1.306200   data arrival time

                      0.150000   10.000000   10.000000   clock clk (rise edge)
                                  0.000000   10.000000   clock network delay (ideal)
                                 -0.250000    9.750000   clock uncertainty
                                  0.000000    9.750000   clock reconvergence pessimism
                                              9.750000 ^ u_top.dataMemory.sram_odd_words/clk1 (sky130_sram_2kbyte_1rw1r_32x512_8)
                                 -0.103000    9.647000   library setup time
                                              9.647000   data required time
---------------------------------------------------------------------------------------------
                                              9.647000   data required time
                                             -1.306200   data arrival time
---------------------------------------------------------------------------------------------
                                              8.340799   slack (MET)



