#Timing report of worst 76 path(s)
# Unit scale: 1e-09 seconds
# Output precision: 3

#Path 1
Startpoint: $auto$ff.cc:266:slice$16654.Q[0] (FDCE_ZINI clocked by dut.u_uart.clk)
Endpoint  : $auto$ff.cc:266:slice$16683.D[0] (FDCE_ZINI clocked by dut.u_uart.clk)
Path Type : setup

Point                                                                                                                                                         Incr      Path
----------------------------------------------------------------------------------------------------------------------------------------------------------------------------
clock dut.u_uart.clk (rise edge)                                                                                                                             0.000     0.000
clock source latency                                                                                                                                         0.000     0.000
$iopadmap$fpga_top.CLK100MHZ.O[0] (IBUF_VPR)                                                                                                                 0.000     0.000
$auto$ff.cc:266:slice$16654.C[0] (FDCE_ZINI)                                                                                                                 2.180     2.180
$auto$ff.cc:266:slice$16654.Q[0] (FDCE_ZINI) [clock-to-output]                                                                                               0.303     2.483
$auto$alumacc.cc:485:replace_alu$15695.X[0].in[0] (.names)                                                                                                   2.180     4.663
$auto$alumacc.cc:485:replace_alu$15695.X[0].out[0] (.names)                                                                                                  0.152     4.815
$auto$alumacc.cc:485:replace_alu$15695.genblk1.slice[0].genblk1.carry4.S0[0] (CARRY4_VPR)                                                                    2.180     6.995
$auto$alumacc.cc:485:replace_alu$15695.genblk1.slice[0].genblk1.carry4.CO3[0] (CARRY4_VPR)                                                                   0.508     7.503
$techmap17604$auto$alumacc.cc:485:replace_alu$15695.genblk1.slice[1].genblk1.carry4.genblk2.genblk1.cin_plug.CIN[0] (CARRY_COUT_PLUG)                        2.180     9.683
$techmap17604$auto$alumacc.cc:485:replace_alu$15695.genblk1.slice[1].genblk1.carry4.genblk2.genblk1.cin_plug.COUT[0] (CARRY_COUT_PLUG)                       0.000     9.683
$auto$alumacc.cc:485:replace_alu$15695.genblk1.slice[1].genblk1.carry4.CIN[0] (CARRY4_VPR)                                                                   2.180    11.863
$auto$alumacc.cc:485:replace_alu$15695.genblk1.slice[1].genblk1.carry4.CO3[0] (CARRY4_VPR)                                                                   0.114    11.977
$techmap17605$auto$alumacc.cc:485:replace_alu$15695.genblk1.slice[2].genblk1.carry4.genblk2.genblk1.cin_plug.CIN[0] (CARRY_COUT_PLUG)                        2.180    14.157
$techmap17605$auto$alumacc.cc:485:replace_alu$15695.genblk1.slice[2].genblk1.carry4.genblk2.genblk1.cin_plug.COUT[0] (CARRY_COUT_PLUG)                       0.000    14.157
$auto$alumacc.cc:485:replace_alu$15695.genblk1.slice[2].genblk1.carry4.CIN[0] (CARRY4_VPR)                                                                   2.180    16.338
$auto$alumacc.cc:485:replace_alu$15695.genblk1.slice[2].genblk1.carry4.CO3[0] (CARRY4_VPR)                                                                   0.114    16.452
$techmap17606$auto$alumacc.cc:485:replace_alu$15695.genblk1.slice[3].genblk1.carry4.genblk2.genblk1.cin_plug.CIN[0] (CARRY_COUT_PLUG)                        2.180    18.632
$techmap17606$auto$alumacc.cc:485:replace_alu$15695.genblk1.slice[3].genblk1.carry4.genblk2.genblk1.cin_plug.COUT[0] (CARRY_COUT_PLUG)                       0.000    18.632
$auto$alumacc.cc:485:replace_alu$15695.genblk1.slice[3].genblk1.carry4.CIN[0] (CARRY4_VPR)                                                                   2.180    20.812
$auto$alumacc.cc:485:replace_alu$15695.genblk1.slice[3].genblk1.carry4.CO3[0] (CARRY4_VPR)                                                                   0.114    20.926
$techmap17607$auto$alumacc.cc:485:replace_alu$15695.genblk1.slice[4].genblk1.carry4.genblk2.genblk1.cin_plug.CIN[0] (CARRY_COUT_PLUG)                        2.180    23.106
$techmap17607$auto$alumacc.cc:485:replace_alu$15695.genblk1.slice[4].genblk1.carry4.genblk2.genblk1.cin_plug.COUT[0] (CARRY_COUT_PLUG)                       0.000    23.106
$auto$alumacc.cc:485:replace_alu$15695.genblk1.slice[4].genblk1.carry4.CIN[0] (CARRY4_VPR)                                                                   2.180    25.286
$auto$alumacc.cc:485:replace_alu$15695.genblk1.slice[4].genblk1.carry4.CO3[0] (CARRY4_VPR)                                                                   0.114    25.400
$techmap17608$auto$alumacc.cc:485:replace_alu$15695.genblk1.slice[5].genblk1.carry4.genblk2.genblk1.cin_plug.CIN[0] (CARRY_COUT_PLUG)                        2.180    27.580
$techmap17608$auto$alumacc.cc:485:replace_alu$15695.genblk1.slice[5].genblk1.carry4.genblk2.genblk1.cin_plug.COUT[0] (CARRY_COUT_PLUG)                       0.000    27.580
$auto$alumacc.cc:485:replace_alu$15695.genblk1.slice[5].genblk1.carry4.CIN[0] (CARRY4_VPR)                                                                   2.180    29.760
$auto$alumacc.cc:485:replace_alu$15695.genblk1.slice[5].genblk1.carry4.CO3[0] (CARRY4_VPR)                                                                   0.114    29.874
$techmap17609$auto$alumacc.cc:485:replace_alu$15695.genblk1.slice[6].genblk1.carry4.genblk2.genblk1.cin_plug.CIN[0] (CARRY_COUT_PLUG)                        2.180    32.054
$techmap17609$auto$alumacc.cc:485:replace_alu$15695.genblk1.slice[6].genblk1.carry4.genblk2.genblk1.cin_plug.COUT[0] (CARRY_COUT_PLUG)                       0.000    32.054
$auto$alumacc.cc:485:replace_alu$15695.genblk1.slice[6].genblk1.carry4.CIN[0] (CARRY4_VPR)                                                                   2.180    34.234
$auto$alumacc.cc:485:replace_alu$15695.genblk1.slice[6].genblk1.carry4.CO3[0] (CARRY4_VPR)                                                                   0.114    34.348
$techmap17610$auto$alumacc.cc:485:replace_alu$15695.genblk1.slice[7].genblk1.carry4.genblk2.genblk1.cin_plug.CIN[0] (CARRY_COUT_PLUG)                        2.180    36.528
$techmap17610$auto$alumacc.cc:485:replace_alu$15695.genblk1.slice[7].genblk1.carry4.genblk2.genblk1.cin_plug.COUT[0] (CARRY_COUT_PLUG)                       0.000    36.528
$auto$alumacc.cc:485:replace_alu$15695.genblk1.slice[7].genblk1.carry4.CIN[0] (CARRY4_VPR)                                                                   2.180    38.708
$auto$alumacc.cc:485:replace_alu$15695.genblk1.slice[7].genblk1.carry4.O1[0] (CARRY4_VPR)                                                                    0.334    39.042
$abc$17309$auto$blifparse.cc:525:parse_blif$17365.T0.in[0] (.names)                                                                                          2.180    41.222
$abc$17309$auto$blifparse.cc:525:parse_blif$17365.T0.out[0] (.names)                                                                                         0.152    41.374
$abc$17309$auto$blifparse.cc:525:parse_blif$17365.fpga_mux_0.I0[0] (MUXF6)                                                                                   2.180    43.555
$abc$17309$auto$blifparse.cc:525:parse_blif$17365.fpga_mux_0.O[0] (MUXF6)                                                                                    0.010    43.565
$auto$ff.cc:266:slice$16683.D[0] (FDCE_ZINI)                                                                                                                 2.180    45.745
data arrival time                                                                                                                                                     45.745

clock dut.u_uart.clk (rise edge)                                                                                                                            10.000    10.000
clock source latency                                                                                                                                         0.000    10.000
$iopadmap$fpga_top.CLK100MHZ.O[0] (IBUF_VPR)                                                                                                                 0.000    10.000
$auto$ff.cc:266:slice$16683.C[0] (FDCE_ZINI)                                                                                                                 2.180    12.180
clock uncertainty                                                                                                                                            0.000    12.180
cell setup time                                                                                                                                              0.046    12.226
data required time                                                                                                                                                    12.226
----------------------------------------------------------------------------------------------------------------------------------------------------------------------------
data required time                                                                                                                                                    12.226
data arrival time                                                                                                                                                    -45.745
----------------------------------------------------------------------------------------------------------------------------------------------------------------------------
slack (VIOLATED)                                                                                                                                                     -33.519


#Path 2
Startpoint: $auto$ff.cc:266:slice$16654.Q[0] (FDCE_ZINI clocked by dut.u_uart.clk)
Endpoint  : $auto$ff.cc:266:slice$16685.D[0] (FDCE_ZINI clocked by dut.u_uart.clk)
Path Type : setup

Point                                                                                                                                                         Incr      Path
----------------------------------------------------------------------------------------------------------------------------------------------------------------------------
clock dut.u_uart.clk (rise edge)                                                                                                                             0.000     0.000
clock source latency                                                                                                                                         0.000     0.000
$iopadmap$fpga_top.CLK100MHZ.O[0] (IBUF_VPR)                                                                                                                 0.000     0.000
$auto$ff.cc:266:slice$16654.C[0] (FDCE_ZINI)                                                                                                                 2.180     2.180
$auto$ff.cc:266:slice$16654.Q[0] (FDCE_ZINI) [clock-to-output]                                                                                               0.303     2.483
$auto$alumacc.cc:485:replace_alu$15695.X[0].in[0] (.names)                                                                                                   2.180     4.663
$auto$alumacc.cc:485:replace_alu$15695.X[0].out[0] (.names)                                                                                                  0.152     4.815
$auto$alumacc.cc:485:replace_alu$15695.genblk1.slice[0].genblk1.carry4.S0[0] (CARRY4_VPR)                                                                    2.180     6.995
$auto$alumacc.cc:485:replace_alu$15695.genblk1.slice[0].genblk1.carry4.CO3[0] (CARRY4_VPR)                                                                   0.508     7.503
$techmap17604$auto$alumacc.cc:485:replace_alu$15695.genblk1.slice[1].genblk1.carry4.genblk2.genblk1.cin_plug.CIN[0] (CARRY_COUT_PLUG)                        2.180     9.683
$techmap17604$auto$alumacc.cc:485:replace_alu$15695.genblk1.slice[1].genblk1.carry4.genblk2.genblk1.cin_plug.COUT[0] (CARRY_COUT_PLUG)                       0.000     9.683
$auto$alumacc.cc:485:replace_alu$15695.genblk1.slice[1].genblk1.carry4.CIN[0] (CARRY4_VPR)                                                                   2.180    11.863
$auto$alumacc.cc:485:replace_alu$15695.genblk1.slice[1].genblk1.carry4.CO3[0] (CARRY4_VPR)                                                                   0.114    11.977
$techmap17605$auto$alumacc.cc:485:replace_alu$15695.genblk1.slice[2].genblk1.carry4.genblk2.genblk1.cin_plug.CIN[0] (CARRY_COUT_PLUG)                        2.180    14.157
$techmap17605$auto$alumacc.cc:485:replace_alu$15695.genblk1.slice[2].genblk1.carry4.genblk2.genblk1.cin_plug.COUT[0] (CARRY_COUT_PLUG)                       0.000    14.157
$auto$alumacc.cc:485:replace_alu$15695.genblk1.slice[2].genblk1.carry4.CIN[0] (CARRY4_VPR)                                                                   2.180    16.338
$auto$alumacc.cc:485:replace_alu$15695.genblk1.slice[2].genblk1.carry4.CO3[0] (CARRY4_VPR)                                                                   0.114    16.452
$techmap17606$auto$alumacc.cc:485:replace_alu$15695.genblk1.slice[3].genblk1.carry4.genblk2.genblk1.cin_plug.CIN[0] (CARRY_COUT_PLUG)                        2.180    18.632
$techmap17606$auto$alumacc.cc:485:replace_alu$15695.genblk1.slice[3].genblk1.carry4.genblk2.genblk1.cin_plug.COUT[0] (CARRY_COUT_PLUG)                       0.000    18.632
$auto$alumacc.cc:485:replace_alu$15695.genblk1.slice[3].genblk1.carry4.CIN[0] (CARRY4_VPR)                                                                   2.180    20.812
$auto$alumacc.cc:485:replace_alu$15695.genblk1.slice[3].genblk1.carry4.CO3[0] (CARRY4_VPR)                                                                   0.114    20.926
$techmap17607$auto$alumacc.cc:485:replace_alu$15695.genblk1.slice[4].genblk1.carry4.genblk2.genblk1.cin_plug.CIN[0] (CARRY_COUT_PLUG)                        2.180    23.106
$techmap17607$auto$alumacc.cc:485:replace_alu$15695.genblk1.slice[4].genblk1.carry4.genblk2.genblk1.cin_plug.COUT[0] (CARRY_COUT_PLUG)                       0.000    23.106
$auto$alumacc.cc:485:replace_alu$15695.genblk1.slice[4].genblk1.carry4.CIN[0] (CARRY4_VPR)                                                                   2.180    25.286
$auto$alumacc.cc:485:replace_alu$15695.genblk1.slice[4].genblk1.carry4.CO3[0] (CARRY4_VPR)                                                                   0.114    25.400
$techmap17608$auto$alumacc.cc:485:replace_alu$15695.genblk1.slice[5].genblk1.carry4.genblk2.genblk1.cin_plug.CIN[0] (CARRY_COUT_PLUG)                        2.180    27.580
$techmap17608$auto$alumacc.cc:485:replace_alu$15695.genblk1.slice[5].genblk1.carry4.genblk2.genblk1.cin_plug.COUT[0] (CARRY_COUT_PLUG)                       0.000    27.580
$auto$alumacc.cc:485:replace_alu$15695.genblk1.slice[5].genblk1.carry4.CIN[0] (CARRY4_VPR)                                                                   2.180    29.760
$auto$alumacc.cc:485:replace_alu$15695.genblk1.slice[5].genblk1.carry4.CO3[0] (CARRY4_VPR)                                                                   0.114    29.874
$techmap17609$auto$alumacc.cc:485:replace_alu$15695.genblk1.slice[6].genblk1.carry4.genblk2.genblk1.cin_plug.CIN[0] (CARRY_COUT_PLUG)                        2.180    32.054
$techmap17609$auto$alumacc.cc:485:replace_alu$15695.genblk1.slice[6].genblk1.carry4.genblk2.genblk1.cin_plug.COUT[0] (CARRY_COUT_PLUG)                       0.000    32.054
$auto$alumacc.cc:485:replace_alu$15695.genblk1.slice[6].genblk1.carry4.CIN[0] (CARRY4_VPR)                                                                   2.180    34.234
$auto$alumacc.cc:485:replace_alu$15695.genblk1.slice[6].genblk1.carry4.CO3[0] (CARRY4_VPR)                                                                   0.114    34.348
$techmap17610$auto$alumacc.cc:485:replace_alu$15695.genblk1.slice[7].genblk1.carry4.genblk2.genblk1.cin_plug.CIN[0] (CARRY_COUT_PLUG)                        2.180    36.528
$techmap17610$auto$alumacc.cc:485:replace_alu$15695.genblk1.slice[7].genblk1.carry4.genblk2.genblk1.cin_plug.COUT[0] (CARRY_COUT_PLUG)                       0.000    36.528
$auto$alumacc.cc:485:replace_alu$15695.genblk1.slice[7].genblk1.carry4.CIN[0] (CARRY4_VPR)                                                                   2.180    38.708
$auto$alumacc.cc:485:replace_alu$15695.genblk1.slice[7].genblk1.carry4.O3[0] (CARRY4_VPR)                                                                    0.313    39.021
$abc$17309$auto$blifparse.cc:525:parse_blif$17367.T0.in[0] (.names)                                                                                          2.180    41.201
$abc$17309$auto$blifparse.cc:525:parse_blif$17367.T0.out[0] (.names)                                                                                         0.152    41.353
$abc$17309$auto$blifparse.cc:525:parse_blif$17367.fpga_mux_0.I0[0] (MUXF6)                                                                                   2.180    43.534
$abc$17309$auto$blifparse.cc:525:parse_blif$17367.fpga_mux_0.O[0] (MUXF6)                                                                                    0.010    43.544
$auto$ff.cc:266:slice$16685.D[0] (FDCE_ZINI)                                                                                                                 2.180    45.724
data arrival time                                                                                                                                                     45.724

clock dut.u_uart.clk (rise edge)                                                                                                                            10.000    10.000
clock source latency                                                                                                                                         0.000    10.000
$iopadmap$fpga_top.CLK100MHZ.O[0] (IBUF_VPR)                                                                                                                 0.000    10.000
$auto$ff.cc:266:slice$16685.C[0] (FDCE_ZINI)                                                                                                                 2.180    12.180
clock uncertainty                                                                                                                                            0.000    12.180
cell setup time                                                                                                                                              0.046    12.226
data required time                                                                                                                                                    12.226
----------------------------------------------------------------------------------------------------------------------------------------------------------------------------
data required time                                                                                                                                                    12.226
data arrival time                                                                                                                                                    -45.724
----------------------------------------------------------------------------------------------------------------------------------------------------------------------------
slack (VIOLATED)                                                                                                                                                     -33.498


#Path 3
Startpoint: $auto$ff.cc:266:slice$16654.Q[0] (FDCE_ZINI clocked by dut.u_uart.clk)
Endpoint  : $auto$ff.cc:266:slice$16684.D[0] (FDCE_ZINI clocked by dut.u_uart.clk)
Path Type : setup

Point                                                                                                                                                         Incr      Path
----------------------------------------------------------------------------------------------------------------------------------------------------------------------------
clock dut.u_uart.clk (rise edge)                                                                                                                             0.000     0.000
clock source latency                                                                                                                                         0.000     0.000
$iopadmap$fpga_top.CLK100MHZ.O[0] (IBUF_VPR)                                                                                                                 0.000     0.000
$auto$ff.cc:266:slice$16654.C[0] (FDCE_ZINI)                                                                                                                 2.180     2.180
$auto$ff.cc:266:slice$16654.Q[0] (FDCE_ZINI) [clock-to-output]                                                                                               0.303     2.483
$auto$alumacc.cc:485:replace_alu$15695.X[0].in[0] (.names)                                                                                                   2.180     4.663
$auto$alumacc.cc:485:replace_alu$15695.X[0].out[0] (.names)                                                                                                  0.152     4.815
$auto$alumacc.cc:485:replace_alu$15695.genblk1.slice[0].genblk1.carry4.S0[0] (CARRY4_VPR)                                                                    2.180     6.995
$auto$alumacc.cc:485:replace_alu$15695.genblk1.slice[0].genblk1.carry4.CO3[0] (CARRY4_VPR)                                                                   0.508     7.503
$techmap17604$auto$alumacc.cc:485:replace_alu$15695.genblk1.slice[1].genblk1.carry4.genblk2.genblk1.cin_plug.CIN[0] (CARRY_COUT_PLUG)                        2.180     9.683
$techmap17604$auto$alumacc.cc:485:replace_alu$15695.genblk1.slice[1].genblk1.carry4.genblk2.genblk1.cin_plug.COUT[0] (CARRY_COUT_PLUG)                       0.000     9.683
$auto$alumacc.cc:485:replace_alu$15695.genblk1.slice[1].genblk1.carry4.CIN[0] (CARRY4_VPR)                                                                   2.180    11.863
$auto$alumacc.cc:485:replace_alu$15695.genblk1.slice[1].genblk1.carry4.CO3[0] (CARRY4_VPR)                                                                   0.114    11.977
$techmap17605$auto$alumacc.cc:485:replace_alu$15695.genblk1.slice[2].genblk1.carry4.genblk2.genblk1.cin_plug.CIN[0] (CARRY_COUT_PLUG)                        2.180    14.157
$techmap17605$auto$alumacc.cc:485:replace_alu$15695.genblk1.slice[2].genblk1.carry4.genblk2.genblk1.cin_plug.COUT[0] (CARRY_COUT_PLUG)                       0.000    14.157
$auto$alumacc.cc:485:replace_alu$15695.genblk1.slice[2].genblk1.carry4.CIN[0] (CARRY4_VPR)                                                                   2.180    16.338
$auto$alumacc.cc:485:replace_alu$15695.genblk1.slice[2].genblk1.carry4.CO3[0] (CARRY4_VPR)                                                                   0.114    16.452
$techmap17606$auto$alumacc.cc:485:replace_alu$15695.genblk1.slice[3].genblk1.carry4.genblk2.genblk1.cin_plug.CIN[0] (CARRY_COUT_PLUG)                        2.180    18.632
$techmap17606$auto$alumacc.cc:485:replace_alu$15695.genblk1.slice[3].genblk1.carry4.genblk2.genblk1.cin_plug.COUT[0] (CARRY_COUT_PLUG)                       0.000    18.632
$auto$alumacc.cc:485:replace_alu$15695.genblk1.slice[3].genblk1.carry4.CIN[0] (CARRY4_VPR)                                                                   2.180    20.812
$auto$alumacc.cc:485:replace_alu$15695.genblk1.slice[3].genblk1.carry4.CO3[0] (CARRY4_VPR)                                                                   0.114    20.926
$techmap17607$auto$alumacc.cc:485:replace_alu$15695.genblk1.slice[4].genblk1.carry4.genblk2.genblk1.cin_plug.CIN[0] (CARRY_COUT_PLUG)                        2.180    23.106
$techmap17607$auto$alumacc.cc:485:replace_alu$15695.genblk1.slice[4].genblk1.carry4.genblk2.genblk1.cin_plug.COUT[0] (CARRY_COUT_PLUG)                       0.000    23.106
$auto$alumacc.cc:485:replace_alu$15695.genblk1.slice[4].genblk1.carry4.CIN[0] (CARRY4_VPR)                                                                   2.180    25.286
$auto$alumacc.cc:485:replace_alu$15695.genblk1.slice[4].genblk1.carry4.CO3[0] (CARRY4_VPR)                                                                   0.114    25.400
$techmap17608$auto$alumacc.cc:485:replace_alu$15695.genblk1.slice[5].genblk1.carry4.genblk2.genblk1.cin_plug.CIN[0] (CARRY_COUT_PLUG)                        2.180    27.580
$techmap17608$auto$alumacc.cc:485:replace_alu$15695.genblk1.slice[5].genblk1.carry4.genblk2.genblk1.cin_plug.COUT[0] (CARRY_COUT_PLUG)                       0.000    27.580
$auto$alumacc.cc:485:replace_alu$15695.genblk1.slice[5].genblk1.carry4.CIN[0] (CARRY4_VPR)                                                                   2.180    29.760
$auto$alumacc.cc:485:replace_alu$15695.genblk1.slice[5].genblk1.carry4.CO3[0] (CARRY4_VPR)                                                                   0.114    29.874
$techmap17609$auto$alumacc.cc:485:replace_alu$15695.genblk1.slice[6].genblk1.carry4.genblk2.genblk1.cin_plug.CIN[0] (CARRY_COUT_PLUG)                        2.180    32.054
$techmap17609$auto$alumacc.cc:485:replace_alu$15695.genblk1.slice[6].genblk1.carry4.genblk2.genblk1.cin_plug.COUT[0] (CARRY_COUT_PLUG)                       0.000    32.054
$auto$alumacc.cc:485:replace_alu$15695.genblk1.slice[6].genblk1.carry4.CIN[0] (CARRY4_VPR)                                                                   2.180    34.234
$auto$alumacc.cc:485:replace_alu$15695.genblk1.slice[6].genblk1.carry4.CO3[0] (CARRY4_VPR)                                                                   0.114    34.348
$techmap17610$auto$alumacc.cc:485:replace_alu$15695.genblk1.slice[7].genblk1.carry4.genblk2.genblk1.cin_plug.CIN[0] (CARRY_COUT_PLUG)                        2.180    36.528
$techmap17610$auto$alumacc.cc:485:replace_alu$15695.genblk1.slice[7].genblk1.carry4.genblk2.genblk1.cin_plug.COUT[0] (CARRY_COUT_PLUG)                       0.000    36.528
$auto$alumacc.cc:485:replace_alu$15695.genblk1.slice[7].genblk1.carry4.CIN[0] (CARRY4_VPR)                                                                   2.180    38.708
$auto$alumacc.cc:485:replace_alu$15695.genblk1.slice[7].genblk1.carry4.O2[0] (CARRY4_VPR)                                                                    0.239    38.947
$abc$17309$auto$blifparse.cc:525:parse_blif$17366.T0.in[0] (.names)                                                                                          2.180    41.127
$abc$17309$auto$blifparse.cc:525:parse_blif$17366.T0.out[0] (.names)                                                                                         0.152    41.279
$abc$17309$auto$blifparse.cc:525:parse_blif$17366.fpga_mux_0.I0[0] (MUXF6)                                                                                   2.180    43.460
$abc$17309$auto$blifparse.cc:525:parse_blif$17366.fpga_mux_0.O[0] (MUXF6)                                                                                    0.010    43.470
$auto$ff.cc:266:slice$16684.D[0] (FDCE_ZINI)                                                                                                                 2.180    45.650
data arrival time                                                                                                                                                     45.650

clock dut.u_uart.clk (rise edge)                                                                                                                            10.000    10.000
clock source latency                                                                                                                                         0.000    10.000
$iopadmap$fpga_top.CLK100MHZ.O[0] (IBUF_VPR)                                                                                                                 0.000    10.000
$auto$ff.cc:266:slice$16684.C[0] (FDCE_ZINI)                                                                                                                 2.180    12.180
clock uncertainty                                                                                                                                            0.000    12.180
cell setup time                                                                                                                                              0.046    12.226
data required time                                                                                                                                                    12.226
----------------------------------------------------------------------------------------------------------------------------------------------------------------------------
data required time                                                                                                                                                    12.226
data arrival time                                                                                                                                                    -45.650
----------------------------------------------------------------------------------------------------------------------------------------------------------------------------
slack (VIOLATED)                                                                                                                                                     -33.424


#Path 4
Startpoint: $auto$ff.cc:266:slice$16654.Q[0] (FDCE_ZINI clocked by dut.u_uart.clk)
Endpoint  : $auto$ff.cc:266:slice$16682.D[0] (FDCE_ZINI clocked by dut.u_uart.clk)
Path Type : setup

Point                                                                                                                                                         Incr      Path
----------------------------------------------------------------------------------------------------------------------------------------------------------------------------
clock dut.u_uart.clk (rise edge)                                                                                                                             0.000     0.000
clock source latency                                                                                                                                         0.000     0.000
$iopadmap$fpga_top.CLK100MHZ.O[0] (IBUF_VPR)                                                                                                                 0.000     0.000
$auto$ff.cc:266:slice$16654.C[0] (FDCE_ZINI)                                                                                                                 2.180     2.180
$auto$ff.cc:266:slice$16654.Q[0] (FDCE_ZINI) [clock-to-output]                                                                                               0.303     2.483
$auto$alumacc.cc:485:replace_alu$15695.X[0].in[0] (.names)                                                                                                   2.180     4.663
$auto$alumacc.cc:485:replace_alu$15695.X[0].out[0] (.names)                                                                                                  0.152     4.815
$auto$alumacc.cc:485:replace_alu$15695.genblk1.slice[0].genblk1.carry4.S0[0] (CARRY4_VPR)                                                                    2.180     6.995
$auto$alumacc.cc:485:replace_alu$15695.genblk1.slice[0].genblk1.carry4.CO3[0] (CARRY4_VPR)                                                                   0.508     7.503
$techmap17604$auto$alumacc.cc:485:replace_alu$15695.genblk1.slice[1].genblk1.carry4.genblk2.genblk1.cin_plug.CIN[0] (CARRY_COUT_PLUG)                        2.180     9.683
$techmap17604$auto$alumacc.cc:485:replace_alu$15695.genblk1.slice[1].genblk1.carry4.genblk2.genblk1.cin_plug.COUT[0] (CARRY_COUT_PLUG)                       0.000     9.683
$auto$alumacc.cc:485:replace_alu$15695.genblk1.slice[1].genblk1.carry4.CIN[0] (CARRY4_VPR)                                                                   2.180    11.863
$auto$alumacc.cc:485:replace_alu$15695.genblk1.slice[1].genblk1.carry4.CO3[0] (CARRY4_VPR)                                                                   0.114    11.977
$techmap17605$auto$alumacc.cc:485:replace_alu$15695.genblk1.slice[2].genblk1.carry4.genblk2.genblk1.cin_plug.CIN[0] (CARRY_COUT_PLUG)                        2.180    14.157
$techmap17605$auto$alumacc.cc:485:replace_alu$15695.genblk1.slice[2].genblk1.carry4.genblk2.genblk1.cin_plug.COUT[0] (CARRY_COUT_PLUG)                       0.000    14.157
$auto$alumacc.cc:485:replace_alu$15695.genblk1.slice[2].genblk1.carry4.CIN[0] (CARRY4_VPR)                                                                   2.180    16.338
$auto$alumacc.cc:485:replace_alu$15695.genblk1.slice[2].genblk1.carry4.CO3[0] (CARRY4_VPR)                                                                   0.114    16.452
$techmap17606$auto$alumacc.cc:485:replace_alu$15695.genblk1.slice[3].genblk1.carry4.genblk2.genblk1.cin_plug.CIN[0] (CARRY_COUT_PLUG)                        2.180    18.632
$techmap17606$auto$alumacc.cc:485:replace_alu$15695.genblk1.slice[3].genblk1.carry4.genblk2.genblk1.cin_plug.COUT[0] (CARRY_COUT_PLUG)                       0.000    18.632
$auto$alumacc.cc:485:replace_alu$15695.genblk1.slice[3].genblk1.carry4.CIN[0] (CARRY4_VPR)                                                                   2.180    20.812
$auto$alumacc.cc:485:replace_alu$15695.genblk1.slice[3].genblk1.carry4.CO3[0] (CARRY4_VPR)                                                                   0.114    20.926
$techmap17607$auto$alumacc.cc:485:replace_alu$15695.genblk1.slice[4].genblk1.carry4.genblk2.genblk1.cin_plug.CIN[0] (CARRY_COUT_PLUG)                        2.180    23.106
$techmap17607$auto$alumacc.cc:485:replace_alu$15695.genblk1.slice[4].genblk1.carry4.genblk2.genblk1.cin_plug.COUT[0] (CARRY_COUT_PLUG)                       0.000    23.106
$auto$alumacc.cc:485:replace_alu$15695.genblk1.slice[4].genblk1.carry4.CIN[0] (CARRY4_VPR)                                                                   2.180    25.286
$auto$alumacc.cc:485:replace_alu$15695.genblk1.slice[4].genblk1.carry4.CO3[0] (CARRY4_VPR)                                                                   0.114    25.400
$techmap17608$auto$alumacc.cc:485:replace_alu$15695.genblk1.slice[5].genblk1.carry4.genblk2.genblk1.cin_plug.CIN[0] (CARRY_COUT_PLUG)                        2.180    27.580
$techmap17608$auto$alumacc.cc:485:replace_alu$15695.genblk1.slice[5].genblk1.carry4.genblk2.genblk1.cin_plug.COUT[0] (CARRY_COUT_PLUG)                       0.000    27.580
$auto$alumacc.cc:485:replace_alu$15695.genblk1.slice[5].genblk1.carry4.CIN[0] (CARRY4_VPR)                                                                   2.180    29.760
$auto$alumacc.cc:485:replace_alu$15695.genblk1.slice[5].genblk1.carry4.CO3[0] (CARRY4_VPR)                                                                   0.114    29.874
$techmap17609$auto$alumacc.cc:485:replace_alu$15695.genblk1.slice[6].genblk1.carry4.genblk2.genblk1.cin_plug.CIN[0] (CARRY_COUT_PLUG)                        2.180    32.054
$techmap17609$auto$alumacc.cc:485:replace_alu$15695.genblk1.slice[6].genblk1.carry4.genblk2.genblk1.cin_plug.COUT[0] (CARRY_COUT_PLUG)                       0.000    32.054
$auto$alumacc.cc:485:replace_alu$15695.genblk1.slice[6].genblk1.carry4.CIN[0] (CARRY4_VPR)                                                                   2.180    34.234
$auto$alumacc.cc:485:replace_alu$15695.genblk1.slice[6].genblk1.carry4.CO3[0] (CARRY4_VPR)                                                                   0.114    34.348
$techmap17610$auto$alumacc.cc:485:replace_alu$15695.genblk1.slice[7].genblk1.carry4.genblk2.genblk1.cin_plug.CIN[0] (CARRY_COUT_PLUG)                        2.180    36.528
$techmap17610$auto$alumacc.cc:485:replace_alu$15695.genblk1.slice[7].genblk1.carry4.genblk2.genblk1.cin_plug.COUT[0] (CARRY_COUT_PLUG)                       0.000    36.528
$auto$alumacc.cc:485:replace_alu$15695.genblk1.slice[7].genblk1.carry4.CIN[0] (CARRY4_VPR)                                                                   2.180    38.708
$auto$alumacc.cc:485:replace_alu$15695.genblk1.slice[7].genblk1.carry4.O0[0] (CARRY4_VPR)                                                                    0.222    38.930
$abc$17309$auto$blifparse.cc:525:parse_blif$17364.T0.in[0] (.names)                                                                                          2.180    41.110
$abc$17309$auto$blifparse.cc:525:parse_blif$17364.T0.out[0] (.names)                                                                                         0.152    41.262
$abc$17309$auto$blifparse.cc:525:parse_blif$17364.fpga_mux_0.I0[0] (MUXF6)                                                                                   2.180    43.443
$abc$17309$auto$blifparse.cc:525:parse_blif$17364.fpga_mux_0.O[0] (MUXF6)                                                                                    0.010    43.453
$auto$ff.cc:266:slice$16682.D[0] (FDCE_ZINI)                                                                                                                 2.180    45.633
data arrival time                                                                                                                                                     45.633

clock dut.u_uart.clk (rise edge)                                                                                                                            10.000    10.000
clock source latency                                                                                                                                         0.000    10.000
$iopadmap$fpga_top.CLK100MHZ.O[0] (IBUF_VPR)                                                                                                                 0.000    10.000
$auto$ff.cc:266:slice$16682.C[0] (FDCE_ZINI)                                                                                                                 2.180    12.180
clock uncertainty                                                                                                                                            0.000    12.180
cell setup time                                                                                                                                              0.046    12.226
data required time                                                                                                                                                    12.226
----------------------------------------------------------------------------------------------------------------------------------------------------------------------------
data required time                                                                                                                                                    12.226
data arrival time                                                                                                                                                    -45.633
----------------------------------------------------------------------------------------------------------------------------------------------------------------------------
slack (VIOLATED)                                                                                                                                                     -33.407


#Path 5
Startpoint: $auto$ff.cc:266:slice$16654.Q[0] (FDCE_ZINI clocked by dut.u_uart.clk)
Endpoint  : $auto$ff.cc:266:slice$16679.D[0] (FDCE_ZINI clocked by dut.u_uart.clk)
Path Type : setup

Point                                                                                                                                                         Incr      Path
----------------------------------------------------------------------------------------------------------------------------------------------------------------------------
clock dut.u_uart.clk (rise edge)                                                                                                                             0.000     0.000
clock source latency                                                                                                                                         0.000     0.000
$iopadmap$fpga_top.CLK100MHZ.O[0] (IBUF_VPR)                                                                                                                 0.000     0.000
$auto$ff.cc:266:slice$16654.C[0] (FDCE_ZINI)                                                                                                                 2.180     2.180
$auto$ff.cc:266:slice$16654.Q[0] (FDCE_ZINI) [clock-to-output]                                                                                               0.303     2.483
$auto$alumacc.cc:485:replace_alu$15695.X[0].in[0] (.names)                                                                                                   2.180     4.663
$auto$alumacc.cc:485:replace_alu$15695.X[0].out[0] (.names)                                                                                                  0.152     4.815
$auto$alumacc.cc:485:replace_alu$15695.genblk1.slice[0].genblk1.carry4.S0[0] (CARRY4_VPR)                                                                    2.180     6.995
$auto$alumacc.cc:485:replace_alu$15695.genblk1.slice[0].genblk1.carry4.CO3[0] (CARRY4_VPR)                                                                   0.508     7.503
$techmap17604$auto$alumacc.cc:485:replace_alu$15695.genblk1.slice[1].genblk1.carry4.genblk2.genblk1.cin_plug.CIN[0] (CARRY_COUT_PLUG)                        2.180     9.683
$techmap17604$auto$alumacc.cc:485:replace_alu$15695.genblk1.slice[1].genblk1.carry4.genblk2.genblk1.cin_plug.COUT[0] (CARRY_COUT_PLUG)                       0.000     9.683
$auto$alumacc.cc:485:replace_alu$15695.genblk1.slice[1].genblk1.carry4.CIN[0] (CARRY4_VPR)                                                                   2.180    11.863
$auto$alumacc.cc:485:replace_alu$15695.genblk1.slice[1].genblk1.carry4.CO3[0] (CARRY4_VPR)                                                                   0.114    11.977
$techmap17605$auto$alumacc.cc:485:replace_alu$15695.genblk1.slice[2].genblk1.carry4.genblk2.genblk1.cin_plug.CIN[0] (CARRY_COUT_PLUG)                        2.180    14.157
$techmap17605$auto$alumacc.cc:485:replace_alu$15695.genblk1.slice[2].genblk1.carry4.genblk2.genblk1.cin_plug.COUT[0] (CARRY_COUT_PLUG)                       0.000    14.157
$auto$alumacc.cc:485:replace_alu$15695.genblk1.slice[2].genblk1.carry4.CIN[0] (CARRY4_VPR)                                                                   2.180    16.338
$auto$alumacc.cc:485:replace_alu$15695.genblk1.slice[2].genblk1.carry4.CO3[0] (CARRY4_VPR)                                                                   0.114    16.452
$techmap17606$auto$alumacc.cc:485:replace_alu$15695.genblk1.slice[3].genblk1.carry4.genblk2.genblk1.cin_plug.CIN[0] (CARRY_COUT_PLUG)                        2.180    18.632
$techmap17606$auto$alumacc.cc:485:replace_alu$15695.genblk1.slice[3].genblk1.carry4.genblk2.genblk1.cin_plug.COUT[0] (CARRY_COUT_PLUG)                       0.000    18.632
$auto$alumacc.cc:485:replace_alu$15695.genblk1.slice[3].genblk1.carry4.CIN[0] (CARRY4_VPR)                                                                   2.180    20.812
$auto$alumacc.cc:485:replace_alu$15695.genblk1.slice[3].genblk1.carry4.CO3[0] (CARRY4_VPR)                                                                   0.114    20.926
$techmap17607$auto$alumacc.cc:485:replace_alu$15695.genblk1.slice[4].genblk1.carry4.genblk2.genblk1.cin_plug.CIN[0] (CARRY_COUT_PLUG)                        2.180    23.106
$techmap17607$auto$alumacc.cc:485:replace_alu$15695.genblk1.slice[4].genblk1.carry4.genblk2.genblk1.cin_plug.COUT[0] (CARRY_COUT_PLUG)                       0.000    23.106
$auto$alumacc.cc:485:replace_alu$15695.genblk1.slice[4].genblk1.carry4.CIN[0] (CARRY4_VPR)                                                                   2.180    25.286
$auto$alumacc.cc:485:replace_alu$15695.genblk1.slice[4].genblk1.carry4.CO3[0] (CARRY4_VPR)                                                                   0.114    25.400
$techmap17608$auto$alumacc.cc:485:replace_alu$15695.genblk1.slice[5].genblk1.carry4.genblk2.genblk1.cin_plug.CIN[0] (CARRY_COUT_PLUG)                        2.180    27.580
$techmap17608$auto$alumacc.cc:485:replace_alu$15695.genblk1.slice[5].genblk1.carry4.genblk2.genblk1.cin_plug.COUT[0] (CARRY_COUT_PLUG)                       0.000    27.580
$auto$alumacc.cc:485:replace_alu$15695.genblk1.slice[5].genblk1.carry4.CIN[0] (CARRY4_VPR)                                                                   2.180    29.760
$auto$alumacc.cc:485:replace_alu$15695.genblk1.slice[5].genblk1.carry4.CO3[0] (CARRY4_VPR)                                                                   0.114    29.874
$techmap17609$auto$alumacc.cc:485:replace_alu$15695.genblk1.slice[6].genblk1.carry4.genblk2.genblk1.cin_plug.CIN[0] (CARRY_COUT_PLUG)                        2.180    32.054
$techmap17609$auto$alumacc.cc:485:replace_alu$15695.genblk1.slice[6].genblk1.carry4.genblk2.genblk1.cin_plug.COUT[0] (CARRY_COUT_PLUG)                       0.000    32.054
$auto$alumacc.cc:485:replace_alu$15695.genblk1.slice[6].genblk1.carry4.CIN[0] (CARRY4_VPR)                                                                   2.180    34.234
$auto$alumacc.cc:485:replace_alu$15695.genblk1.slice[6].genblk1.carry4.O1[0] (CARRY4_VPR)                                                                    0.334    34.568
$abc$17309$auto$blifparse.cc:525:parse_blif$17361.T0.in[0] (.names)                                                                                          2.180    36.748
$abc$17309$auto$blifparse.cc:525:parse_blif$17361.T0.out[0] (.names)                                                                                         0.152    36.900
$abc$17309$auto$blifparse.cc:525:parse_blif$17361.fpga_mux_0.I0[0] (MUXF6)                                                                                   2.180    39.080
$abc$17309$auto$blifparse.cc:525:parse_blif$17361.fpga_mux_0.O[0] (MUXF6)                                                                                    0.010    39.090
$auto$ff.cc:266:slice$16679.D[0] (FDCE_ZINI)                                                                                                                 2.180    41.270
data arrival time                                                                                                                                                     41.270

clock dut.u_uart.clk (rise edge)                                                                                                                            10.000    10.000
clock source latency                                                                                                                                         0.000    10.000
$iopadmap$fpga_top.CLK100MHZ.O[0] (IBUF_VPR)                                                                                                                 0.000    10.000
$auto$ff.cc:266:slice$16679.C[0] (FDCE_ZINI)                                                                                                                 2.180    12.180
clock uncertainty                                                                                                                                            0.000    12.180
cell setup time                                                                                                                                              0.046    12.226
data required time                                                                                                                                                    12.226
----------------------------------------------------------------------------------------------------------------------------------------------------------------------------
data required time                                                                                                                                                    12.226
data arrival time                                                                                                                                                    -41.270
----------------------------------------------------------------------------------------------------------------------------------------------------------------------------
slack (VIOLATED)                                                                                                                                                     -29.044


#Path 6
Startpoint: $auto$ff.cc:266:slice$16654.Q[0] (FDCE_ZINI clocked by dut.u_uart.clk)
Endpoint  : $auto$ff.cc:266:slice$16681.D[0] (FDCE_ZINI clocked by dut.u_uart.clk)
Path Type : setup

Point                                                                                                                                                         Incr      Path
----------------------------------------------------------------------------------------------------------------------------------------------------------------------------
clock dut.u_uart.clk (rise edge)                                                                                                                             0.000     0.000
clock source latency                                                                                                                                         0.000     0.000
$iopadmap$fpga_top.CLK100MHZ.O[0] (IBUF_VPR)                                                                                                                 0.000     0.000
$auto$ff.cc:266:slice$16654.C[0] (FDCE_ZINI)                                                                                                                 2.180     2.180
$auto$ff.cc:266:slice$16654.Q[0] (FDCE_ZINI) [clock-to-output]                                                                                               0.303     2.483
$auto$alumacc.cc:485:replace_alu$15695.X[0].in[0] (.names)                                                                                                   2.180     4.663
$auto$alumacc.cc:485:replace_alu$15695.X[0].out[0] (.names)                                                                                                  0.152     4.815
$auto$alumacc.cc:485:replace_alu$15695.genblk1.slice[0].genblk1.carry4.S0[0] (CARRY4_VPR)                                                                    2.180     6.995
$auto$alumacc.cc:485:replace_alu$15695.genblk1.slice[0].genblk1.carry4.CO3[0] (CARRY4_VPR)                                                                   0.508     7.503
$techmap17604$auto$alumacc.cc:485:replace_alu$15695.genblk1.slice[1].genblk1.carry4.genblk2.genblk1.cin_plug.CIN[0] (CARRY_COUT_PLUG)                        2.180     9.683
$techmap17604$auto$alumacc.cc:485:replace_alu$15695.genblk1.slice[1].genblk1.carry4.genblk2.genblk1.cin_plug.COUT[0] (CARRY_COUT_PLUG)                       0.000     9.683
$auto$alumacc.cc:485:replace_alu$15695.genblk1.slice[1].genblk1.carry4.CIN[0] (CARRY4_VPR)                                                                   2.180    11.863
$auto$alumacc.cc:485:replace_alu$15695.genblk1.slice[1].genblk1.carry4.CO3[0] (CARRY4_VPR)                                                                   0.114    11.977
$techmap17605$auto$alumacc.cc:485:replace_alu$15695.genblk1.slice[2].genblk1.carry4.genblk2.genblk1.cin_plug.CIN[0] (CARRY_COUT_PLUG)                        2.180    14.157
$techmap17605$auto$alumacc.cc:485:replace_alu$15695.genblk1.slice[2].genblk1.carry4.genblk2.genblk1.cin_plug.COUT[0] (CARRY_COUT_PLUG)                       0.000    14.157
$auto$alumacc.cc:485:replace_alu$15695.genblk1.slice[2].genblk1.carry4.CIN[0] (CARRY4_VPR)                                                                   2.180    16.338
$auto$alumacc.cc:485:replace_alu$15695.genblk1.slice[2].genblk1.carry4.CO3[0] (CARRY4_VPR)                                                                   0.114    16.452
$techmap17606$auto$alumacc.cc:485:replace_alu$15695.genblk1.slice[3].genblk1.carry4.genblk2.genblk1.cin_plug.CIN[0] (CARRY_COUT_PLUG)                        2.180    18.632
$techmap17606$auto$alumacc.cc:485:replace_alu$15695.genblk1.slice[3].genblk1.carry4.genblk2.genblk1.cin_plug.COUT[0] (CARRY_COUT_PLUG)                       0.000    18.632
$auto$alumacc.cc:485:replace_alu$15695.genblk1.slice[3].genblk1.carry4.CIN[0] (CARRY4_VPR)                                                                   2.180    20.812
$auto$alumacc.cc:485:replace_alu$15695.genblk1.slice[3].genblk1.carry4.CO3[0] (CARRY4_VPR)                                                                   0.114    20.926
$techmap17607$auto$alumacc.cc:485:replace_alu$15695.genblk1.slice[4].genblk1.carry4.genblk2.genblk1.cin_plug.CIN[0] (CARRY_COUT_PLUG)                        2.180    23.106
$techmap17607$auto$alumacc.cc:485:replace_alu$15695.genblk1.slice[4].genblk1.carry4.genblk2.genblk1.cin_plug.COUT[0] (CARRY_COUT_PLUG)                       0.000    23.106
$auto$alumacc.cc:485:replace_alu$15695.genblk1.slice[4].genblk1.carry4.CIN[0] (CARRY4_VPR)                                                                   2.180    25.286
$auto$alumacc.cc:485:replace_alu$15695.genblk1.slice[4].genblk1.carry4.CO3[0] (CARRY4_VPR)                                                                   0.114    25.400
$techmap17608$auto$alumacc.cc:485:replace_alu$15695.genblk1.slice[5].genblk1.carry4.genblk2.genblk1.cin_plug.CIN[0] (CARRY_COUT_PLUG)                        2.180    27.580
$techmap17608$auto$alumacc.cc:485:replace_alu$15695.genblk1.slice[5].genblk1.carry4.genblk2.genblk1.cin_plug.COUT[0] (CARRY_COUT_PLUG)                       0.000    27.580
$auto$alumacc.cc:485:replace_alu$15695.genblk1.slice[5].genblk1.carry4.CIN[0] (CARRY4_VPR)                                                                   2.180    29.760
$auto$alumacc.cc:485:replace_alu$15695.genblk1.slice[5].genblk1.carry4.CO3[0] (CARRY4_VPR)                                                                   0.114    29.874
$techmap17609$auto$alumacc.cc:485:replace_alu$15695.genblk1.slice[6].genblk1.carry4.genblk2.genblk1.cin_plug.CIN[0] (CARRY_COUT_PLUG)                        2.180    32.054
$techmap17609$auto$alumacc.cc:485:replace_alu$15695.genblk1.slice[6].genblk1.carry4.genblk2.genblk1.cin_plug.COUT[0] (CARRY_COUT_PLUG)                       0.000    32.054
$auto$alumacc.cc:485:replace_alu$15695.genblk1.slice[6].genblk1.carry4.CIN[0] (CARRY4_VPR)                                                                   2.180    34.234
$auto$alumacc.cc:485:replace_alu$15695.genblk1.slice[6].genblk1.carry4.O3[0] (CARRY4_VPR)                                                                    0.313    34.547
$abc$17309$auto$blifparse.cc:525:parse_blif$17363.T0.in[0] (.names)                                                                                          2.180    36.727
$abc$17309$auto$blifparse.cc:525:parse_blif$17363.T0.out[0] (.names)                                                                                         0.152    36.879
$abc$17309$auto$blifparse.cc:525:parse_blif$17363.fpga_mux_0.I0[0] (MUXF6)                                                                                   2.180    39.059
$abc$17309$auto$blifparse.cc:525:parse_blif$17363.fpga_mux_0.O[0] (MUXF6)                                                                                    0.010    39.069
$auto$ff.cc:266:slice$16681.D[0] (FDCE_ZINI)                                                                                                                 2.180    41.249
data arrival time                                                                                                                                                     41.249

clock dut.u_uart.clk (rise edge)                                                                                                                            10.000    10.000
clock source latency                                                                                                                                         0.000    10.000
$iopadmap$fpga_top.CLK100MHZ.O[0] (IBUF_VPR)                                                                                                                 0.000    10.000
$auto$ff.cc:266:slice$16681.C[0] (FDCE_ZINI)                                                                                                                 2.180    12.180
clock uncertainty                                                                                                                                            0.000    12.180
cell setup time                                                                                                                                              0.046    12.226
data required time                                                                                                                                                    12.226
----------------------------------------------------------------------------------------------------------------------------------------------------------------------------
data required time                                                                                                                                                    12.226
data arrival time                                                                                                                                                    -41.249
----------------------------------------------------------------------------------------------------------------------------------------------------------------------------
slack (VIOLATED)                                                                                                                                                     -29.023


#Path 7
Startpoint: $auto$ff.cc:266:slice$16654.Q[0] (FDCE_ZINI clocked by dut.u_uart.clk)
Endpoint  : $auto$ff.cc:266:slice$16680.D[0] (FDCE_ZINI clocked by dut.u_uart.clk)
Path Type : setup

Point                                                                                                                                                         Incr      Path
----------------------------------------------------------------------------------------------------------------------------------------------------------------------------
clock dut.u_uart.clk (rise edge)                                                                                                                             0.000     0.000
clock source latency                                                                                                                                         0.000     0.000
$iopadmap$fpga_top.CLK100MHZ.O[0] (IBUF_VPR)                                                                                                                 0.000     0.000
$auto$ff.cc:266:slice$16654.C[0] (FDCE_ZINI)                                                                                                                 2.180     2.180
$auto$ff.cc:266:slice$16654.Q[0] (FDCE_ZINI) [clock-to-output]                                                                                               0.303     2.483
$auto$alumacc.cc:485:replace_alu$15695.X[0].in[0] (.names)                                                                                                   2.180     4.663
$auto$alumacc.cc:485:replace_alu$15695.X[0].out[0] (.names)                                                                                                  0.152     4.815
$auto$alumacc.cc:485:replace_alu$15695.genblk1.slice[0].genblk1.carry4.S0[0] (CARRY4_VPR)                                                                    2.180     6.995
$auto$alumacc.cc:485:replace_alu$15695.genblk1.slice[0].genblk1.carry4.CO3[0] (CARRY4_VPR)                                                                   0.508     7.503
$techmap17604$auto$alumacc.cc:485:replace_alu$15695.genblk1.slice[1].genblk1.carry4.genblk2.genblk1.cin_plug.CIN[0] (CARRY_COUT_PLUG)                        2.180     9.683
$techmap17604$auto$alumacc.cc:485:replace_alu$15695.genblk1.slice[1].genblk1.carry4.genblk2.genblk1.cin_plug.COUT[0] (CARRY_COUT_PLUG)                       0.000     9.683
$auto$alumacc.cc:485:replace_alu$15695.genblk1.slice[1].genblk1.carry4.CIN[0] (CARRY4_VPR)                                                                   2.180    11.863
$auto$alumacc.cc:485:replace_alu$15695.genblk1.slice[1].genblk1.carry4.CO3[0] (CARRY4_VPR)                                                                   0.114    11.977
$techmap17605$auto$alumacc.cc:485:replace_alu$15695.genblk1.slice[2].genblk1.carry4.genblk2.genblk1.cin_plug.CIN[0] (CARRY_COUT_PLUG)                        2.180    14.157
$techmap17605$auto$alumacc.cc:485:replace_alu$15695.genblk1.slice[2].genblk1.carry4.genblk2.genblk1.cin_plug.COUT[0] (CARRY_COUT_PLUG)                       0.000    14.157
$auto$alumacc.cc:485:replace_alu$15695.genblk1.slice[2].genblk1.carry4.CIN[0] (CARRY4_VPR)                                                                   2.180    16.338
$auto$alumacc.cc:485:replace_alu$15695.genblk1.slice[2].genblk1.carry4.CO3[0] (CARRY4_VPR)                                                                   0.114    16.452
$techmap17606$auto$alumacc.cc:485:replace_alu$15695.genblk1.slice[3].genblk1.carry4.genblk2.genblk1.cin_plug.CIN[0] (CARRY_COUT_PLUG)                        2.180    18.632
$techmap17606$auto$alumacc.cc:485:replace_alu$15695.genblk1.slice[3].genblk1.carry4.genblk2.genblk1.cin_plug.COUT[0] (CARRY_COUT_PLUG)                       0.000    18.632
$auto$alumacc.cc:485:replace_alu$15695.genblk1.slice[3].genblk1.carry4.CIN[0] (CARRY4_VPR)                                                                   2.180    20.812
$auto$alumacc.cc:485:replace_alu$15695.genblk1.slice[3].genblk1.carry4.CO3[0] (CARRY4_VPR)                                                                   0.114    20.926
$techmap17607$auto$alumacc.cc:485:replace_alu$15695.genblk1.slice[4].genblk1.carry4.genblk2.genblk1.cin_plug.CIN[0] (CARRY_COUT_PLUG)                        2.180    23.106
$techmap17607$auto$alumacc.cc:485:replace_alu$15695.genblk1.slice[4].genblk1.carry4.genblk2.genblk1.cin_plug.COUT[0] (CARRY_COUT_PLUG)                       0.000    23.106
$auto$alumacc.cc:485:replace_alu$15695.genblk1.slice[4].genblk1.carry4.CIN[0] (CARRY4_VPR)                                                                   2.180    25.286
$auto$alumacc.cc:485:replace_alu$15695.genblk1.slice[4].genblk1.carry4.CO3[0] (CARRY4_VPR)                                                                   0.114    25.400
$techmap17608$auto$alumacc.cc:485:replace_alu$15695.genblk1.slice[5].genblk1.carry4.genblk2.genblk1.cin_plug.CIN[0] (CARRY_COUT_PLUG)                        2.180    27.580
$techmap17608$auto$alumacc.cc:485:replace_alu$15695.genblk1.slice[5].genblk1.carry4.genblk2.genblk1.cin_plug.COUT[0] (CARRY_COUT_PLUG)                       0.000    27.580
$auto$alumacc.cc:485:replace_alu$15695.genblk1.slice[5].genblk1.carry4.CIN[0] (CARRY4_VPR)                                                                   2.180    29.760
$auto$alumacc.cc:485:replace_alu$15695.genblk1.slice[5].genblk1.carry4.CO3[0] (CARRY4_VPR)                                                                   0.114    29.874
$techmap17609$auto$alumacc.cc:485:replace_alu$15695.genblk1.slice[6].genblk1.carry4.genblk2.genblk1.cin_plug.CIN[0] (CARRY_COUT_PLUG)                        2.180    32.054
$techmap17609$auto$alumacc.cc:485:replace_alu$15695.genblk1.slice[6].genblk1.carry4.genblk2.genblk1.cin_plug.COUT[0] (CARRY_COUT_PLUG)                       0.000    32.054
$auto$alumacc.cc:485:replace_alu$15695.genblk1.slice[6].genblk1.carry4.CIN[0] (CARRY4_VPR)                                                                   2.180    34.234
$auto$alumacc.cc:485:replace_alu$15695.genblk1.slice[6].genblk1.carry4.O2[0] (CARRY4_VPR)                                                                    0.239    34.473
$abc$17309$auto$blifparse.cc:525:parse_blif$17362.T0.in[0] (.names)                                                                                          2.180    36.653
$abc$17309$auto$blifparse.cc:525:parse_blif$17362.T0.out[0] (.names)                                                                                         0.152    36.805
$abc$17309$auto$blifparse.cc:525:parse_blif$17362.fpga_mux_0.I0[0] (MUXF6)                                                                                   2.180    38.985
$abc$17309$auto$blifparse.cc:525:parse_blif$17362.fpga_mux_0.O[0] (MUXF6)                                                                                    0.010    38.995
$auto$ff.cc:266:slice$16680.D[0] (FDCE_ZINI)                                                                                                                 2.180    41.175
data arrival time                                                                                                                                                     41.175

clock dut.u_uart.clk (rise edge)                                                                                                                            10.000    10.000
clock source latency                                                                                                                                         0.000    10.000
$iopadmap$fpga_top.CLK100MHZ.O[0] (IBUF_VPR)                                                                                                                 0.000    10.000
$auto$ff.cc:266:slice$16680.C[0] (FDCE_ZINI)                                                                                                                 2.180    12.180
clock uncertainty                                                                                                                                            0.000    12.180
cell setup time                                                                                                                                              0.046    12.226
data required time                                                                                                                                                    12.226
----------------------------------------------------------------------------------------------------------------------------------------------------------------------------
data required time                                                                                                                                                    12.226
data arrival time                                                                                                                                                    -41.175
----------------------------------------------------------------------------------------------------------------------------------------------------------------------------
slack (VIOLATED)                                                                                                                                                     -28.949


#Path 8
Startpoint: $auto$ff.cc:266:slice$16654.Q[0] (FDCE_ZINI clocked by dut.u_uart.clk)
Endpoint  : $auto$ff.cc:266:slice$16678.D[0] (FDCE_ZINI clocked by dut.u_uart.clk)
Path Type : setup

Point                                                                                                                                                         Incr      Path
----------------------------------------------------------------------------------------------------------------------------------------------------------------------------
clock dut.u_uart.clk (rise edge)                                                                                                                             0.000     0.000
clock source latency                                                                                                                                         0.000     0.000
$iopadmap$fpga_top.CLK100MHZ.O[0] (IBUF_VPR)                                                                                                                 0.000     0.000
$auto$ff.cc:266:slice$16654.C[0] (FDCE_ZINI)                                                                                                                 2.180     2.180
$auto$ff.cc:266:slice$16654.Q[0] (FDCE_ZINI) [clock-to-output]                                                                                               0.303     2.483
$auto$alumacc.cc:485:replace_alu$15695.X[0].in[0] (.names)                                                                                                   2.180     4.663
$auto$alumacc.cc:485:replace_alu$15695.X[0].out[0] (.names)                                                                                                  0.152     4.815
$auto$alumacc.cc:485:replace_alu$15695.genblk1.slice[0].genblk1.carry4.S0[0] (CARRY4_VPR)                                                                    2.180     6.995
$auto$alumacc.cc:485:replace_alu$15695.genblk1.slice[0].genblk1.carry4.CO3[0] (CARRY4_VPR)                                                                   0.508     7.503
$techmap17604$auto$alumacc.cc:485:replace_alu$15695.genblk1.slice[1].genblk1.carry4.genblk2.genblk1.cin_plug.CIN[0] (CARRY_COUT_PLUG)                        2.180     9.683
$techmap17604$auto$alumacc.cc:485:replace_alu$15695.genblk1.slice[1].genblk1.carry4.genblk2.genblk1.cin_plug.COUT[0] (CARRY_COUT_PLUG)                       0.000     9.683
$auto$alumacc.cc:485:replace_alu$15695.genblk1.slice[1].genblk1.carry4.CIN[0] (CARRY4_VPR)                                                                   2.180    11.863
$auto$alumacc.cc:485:replace_alu$15695.genblk1.slice[1].genblk1.carry4.CO3[0] (CARRY4_VPR)                                                                   0.114    11.977
$techmap17605$auto$alumacc.cc:485:replace_alu$15695.genblk1.slice[2].genblk1.carry4.genblk2.genblk1.cin_plug.CIN[0] (CARRY_COUT_PLUG)                        2.180    14.157
$techmap17605$auto$alumacc.cc:485:replace_alu$15695.genblk1.slice[2].genblk1.carry4.genblk2.genblk1.cin_plug.COUT[0] (CARRY_COUT_PLUG)                       0.000    14.157
$auto$alumacc.cc:485:replace_alu$15695.genblk1.slice[2].genblk1.carry4.CIN[0] (CARRY4_VPR)                                                                   2.180    16.338
$auto$alumacc.cc:485:replace_alu$15695.genblk1.slice[2].genblk1.carry4.CO3[0] (CARRY4_VPR)                                                                   0.114    16.452
$techmap17606$auto$alumacc.cc:485:replace_alu$15695.genblk1.slice[3].genblk1.carry4.genblk2.genblk1.cin_plug.CIN[0] (CARRY_COUT_PLUG)                        2.180    18.632
$techmap17606$auto$alumacc.cc:485:replace_alu$15695.genblk1.slice[3].genblk1.carry4.genblk2.genblk1.cin_plug.COUT[0] (CARRY_COUT_PLUG)                       0.000    18.632
$auto$alumacc.cc:485:replace_alu$15695.genblk1.slice[3].genblk1.carry4.CIN[0] (CARRY4_VPR)                                                                   2.180    20.812
$auto$alumacc.cc:485:replace_alu$15695.genblk1.slice[3].genblk1.carry4.CO3[0] (CARRY4_VPR)                                                                   0.114    20.926
$techmap17607$auto$alumacc.cc:485:replace_alu$15695.genblk1.slice[4].genblk1.carry4.genblk2.genblk1.cin_plug.CIN[0] (CARRY_COUT_PLUG)                        2.180    23.106
$techmap17607$auto$alumacc.cc:485:replace_alu$15695.genblk1.slice[4].genblk1.carry4.genblk2.genblk1.cin_plug.COUT[0] (CARRY_COUT_PLUG)                       0.000    23.106
$auto$alumacc.cc:485:replace_alu$15695.genblk1.slice[4].genblk1.carry4.CIN[0] (CARRY4_VPR)                                                                   2.180    25.286
$auto$alumacc.cc:485:replace_alu$15695.genblk1.slice[4].genblk1.carry4.CO3[0] (CARRY4_VPR)                                                                   0.114    25.400
$techmap17608$auto$alumacc.cc:485:replace_alu$15695.genblk1.slice[5].genblk1.carry4.genblk2.genblk1.cin_plug.CIN[0] (CARRY_COUT_PLUG)                        2.180    27.580
$techmap17608$auto$alumacc.cc:485:replace_alu$15695.genblk1.slice[5].genblk1.carry4.genblk2.genblk1.cin_plug.COUT[0] (CARRY_COUT_PLUG)                       0.000    27.580
$auto$alumacc.cc:485:replace_alu$15695.genblk1.slice[5].genblk1.carry4.CIN[0] (CARRY4_VPR)                                                                   2.180    29.760
$auto$alumacc.cc:485:replace_alu$15695.genblk1.slice[5].genblk1.carry4.CO3[0] (CARRY4_VPR)                                                                   0.114    29.874
$techmap17609$auto$alumacc.cc:485:replace_alu$15695.genblk1.slice[6].genblk1.carry4.genblk2.genblk1.cin_plug.CIN[0] (CARRY_COUT_PLUG)                        2.180    32.054
$techmap17609$auto$alumacc.cc:485:replace_alu$15695.genblk1.slice[6].genblk1.carry4.genblk2.genblk1.cin_plug.COUT[0] (CARRY_COUT_PLUG)                       0.000    32.054
$auto$alumacc.cc:485:replace_alu$15695.genblk1.slice[6].genblk1.carry4.CIN[0] (CARRY4_VPR)                                                                   2.180    34.234
$auto$alumacc.cc:485:replace_alu$15695.genblk1.slice[6].genblk1.carry4.O0[0] (CARRY4_VPR)                                                                    0.222    34.456
$abc$17309$auto$blifparse.cc:525:parse_blif$17360.T0.in[0] (.names)                                                                                          2.180    36.636
$abc$17309$auto$blifparse.cc:525:parse_blif$17360.T0.out[0] (.names)                                                                                         0.152    36.788
$abc$17309$auto$blifparse.cc:525:parse_blif$17360.fpga_mux_0.I0[0] (MUXF6)                                                                                   2.180    38.968
$abc$17309$auto$blifparse.cc:525:parse_blif$17360.fpga_mux_0.O[0] (MUXF6)                                                                                    0.010    38.978
$auto$ff.cc:266:slice$16678.D[0] (FDCE_ZINI)                                                                                                                 2.180    41.158
data arrival time                                                                                                                                                     41.158

clock dut.u_uart.clk (rise edge)                                                                                                                            10.000    10.000
clock source latency                                                                                                                                         0.000    10.000
$iopadmap$fpga_top.CLK100MHZ.O[0] (IBUF_VPR)                                                                                                                 0.000    10.000
$auto$ff.cc:266:slice$16678.C[0] (FDCE_ZINI)                                                                                                                 2.180    12.180
clock uncertainty                                                                                                                                            0.000    12.180
cell setup time                                                                                                                                              0.046    12.226
data required time                                                                                                                                                    12.226
----------------------------------------------------------------------------------------------------------------------------------------------------------------------------
data required time                                                                                                                                                    12.226
data arrival time                                                                                                                                                    -41.158
----------------------------------------------------------------------------------------------------------------------------------------------------------------------------
slack (VIOLATED)                                                                                                                                                     -28.932


#Path 9
Startpoint: $auto$ff.cc:266:slice$16654.Q[0] (FDCE_ZINI clocked by dut.u_uart.clk)
Endpoint  : $auto$ff.cc:266:slice$16675.D[0] (FDCE_ZINI clocked by dut.u_uart.clk)
Path Type : setup

Point                                                                                                                                                         Incr      Path
----------------------------------------------------------------------------------------------------------------------------------------------------------------------------
clock dut.u_uart.clk (rise edge)                                                                                                                             0.000     0.000
clock source latency                                                                                                                                         0.000     0.000
$iopadmap$fpga_top.CLK100MHZ.O[0] (IBUF_VPR)                                                                                                                 0.000     0.000
$auto$ff.cc:266:slice$16654.C[0] (FDCE_ZINI)                                                                                                                 2.180     2.180
$auto$ff.cc:266:slice$16654.Q[0] (FDCE_ZINI) [clock-to-output]                                                                                               0.303     2.483
$auto$alumacc.cc:485:replace_alu$15695.X[0].in[0] (.names)                                                                                                   2.180     4.663
$auto$alumacc.cc:485:replace_alu$15695.X[0].out[0] (.names)                                                                                                  0.152     4.815
$auto$alumacc.cc:485:replace_alu$15695.genblk1.slice[0].genblk1.carry4.S0[0] (CARRY4_VPR)                                                                    2.180     6.995
$auto$alumacc.cc:485:replace_alu$15695.genblk1.slice[0].genblk1.carry4.CO3[0] (CARRY4_VPR)                                                                   0.508     7.503
$techmap17604$auto$alumacc.cc:485:replace_alu$15695.genblk1.slice[1].genblk1.carry4.genblk2.genblk1.cin_plug.CIN[0] (CARRY_COUT_PLUG)                        2.180     9.683
$techmap17604$auto$alumacc.cc:485:replace_alu$15695.genblk1.slice[1].genblk1.carry4.genblk2.genblk1.cin_plug.COUT[0] (CARRY_COUT_PLUG)                       0.000     9.683
$auto$alumacc.cc:485:replace_alu$15695.genblk1.slice[1].genblk1.carry4.CIN[0] (CARRY4_VPR)                                                                   2.180    11.863
$auto$alumacc.cc:485:replace_alu$15695.genblk1.slice[1].genblk1.carry4.CO3[0] (CARRY4_VPR)                                                                   0.114    11.977
$techmap17605$auto$alumacc.cc:485:replace_alu$15695.genblk1.slice[2].genblk1.carry4.genblk2.genblk1.cin_plug.CIN[0] (CARRY_COUT_PLUG)                        2.180    14.157
$techmap17605$auto$alumacc.cc:485:replace_alu$15695.genblk1.slice[2].genblk1.carry4.genblk2.genblk1.cin_plug.COUT[0] (CARRY_COUT_PLUG)                       0.000    14.157
$auto$alumacc.cc:485:replace_alu$15695.genblk1.slice[2].genblk1.carry4.CIN[0] (CARRY4_VPR)                                                                   2.180    16.338
$auto$alumacc.cc:485:replace_alu$15695.genblk1.slice[2].genblk1.carry4.CO3[0] (CARRY4_VPR)                                                                   0.114    16.452
$techmap17606$auto$alumacc.cc:485:replace_alu$15695.genblk1.slice[3].genblk1.carry4.genblk2.genblk1.cin_plug.CIN[0] (CARRY_COUT_PLUG)                        2.180    18.632
$techmap17606$auto$alumacc.cc:485:replace_alu$15695.genblk1.slice[3].genblk1.carry4.genblk2.genblk1.cin_plug.COUT[0] (CARRY_COUT_PLUG)                       0.000    18.632
$auto$alumacc.cc:485:replace_alu$15695.genblk1.slice[3].genblk1.carry4.CIN[0] (CARRY4_VPR)                                                                   2.180    20.812
$auto$alumacc.cc:485:replace_alu$15695.genblk1.slice[3].genblk1.carry4.CO3[0] (CARRY4_VPR)                                                                   0.114    20.926
$techmap17607$auto$alumacc.cc:485:replace_alu$15695.genblk1.slice[4].genblk1.carry4.genblk2.genblk1.cin_plug.CIN[0] (CARRY_COUT_PLUG)                        2.180    23.106
$techmap17607$auto$alumacc.cc:485:replace_alu$15695.genblk1.slice[4].genblk1.carry4.genblk2.genblk1.cin_plug.COUT[0] (CARRY_COUT_PLUG)                       0.000    23.106
$auto$alumacc.cc:485:replace_alu$15695.genblk1.slice[4].genblk1.carry4.CIN[0] (CARRY4_VPR)                                                                   2.180    25.286
$auto$alumacc.cc:485:replace_alu$15695.genblk1.slice[4].genblk1.carry4.CO3[0] (CARRY4_VPR)                                                                   0.114    25.400
$techmap17608$auto$alumacc.cc:485:replace_alu$15695.genblk1.slice[5].genblk1.carry4.genblk2.genblk1.cin_plug.CIN[0] (CARRY_COUT_PLUG)                        2.180    27.580
$techmap17608$auto$alumacc.cc:485:replace_alu$15695.genblk1.slice[5].genblk1.carry4.genblk2.genblk1.cin_plug.COUT[0] (CARRY_COUT_PLUG)                       0.000    27.580
$auto$alumacc.cc:485:replace_alu$15695.genblk1.slice[5].genblk1.carry4.CIN[0] (CARRY4_VPR)                                                                   2.180    29.760
$auto$alumacc.cc:485:replace_alu$15695.genblk1.slice[5].genblk1.carry4.O1[0] (CARRY4_VPR)                                                                    0.334    30.094
$abc$17309$auto$blifparse.cc:525:parse_blif$17357.T0.in[0] (.names)                                                                                          2.180    32.274
$abc$17309$auto$blifparse.cc:525:parse_blif$17357.T0.out[0] (.names)                                                                                         0.152    32.426
$abc$17309$auto$blifparse.cc:525:parse_blif$17357.fpga_mux_0.I0[0] (MUXF6)                                                                                   2.180    34.606
$abc$17309$auto$blifparse.cc:525:parse_blif$17357.fpga_mux_0.O[0] (MUXF6)                                                                                    0.010    34.616
$auto$ff.cc:266:slice$16675.D[0] (FDCE_ZINI)                                                                                                                 2.180    36.796
data arrival time                                                                                                                                                     36.796

clock dut.u_uart.clk (rise edge)                                                                                                                            10.000    10.000
clock source latency                                                                                                                                         0.000    10.000
$iopadmap$fpga_top.CLK100MHZ.O[0] (IBUF_VPR)                                                                                                                 0.000    10.000
$auto$ff.cc:266:slice$16675.C[0] (FDCE_ZINI)                                                                                                                 2.180    12.180
clock uncertainty                                                                                                                                            0.000    12.180
cell setup time                                                                                                                                              0.046    12.226
data required time                                                                                                                                                    12.226
----------------------------------------------------------------------------------------------------------------------------------------------------------------------------
data required time                                                                                                                                                    12.226
data arrival time                                                                                                                                                    -36.796
----------------------------------------------------------------------------------------------------------------------------------------------------------------------------
slack (VIOLATED)                                                                                                                                                     -24.570


#Path 10
Startpoint: $auto$ff.cc:266:slice$16654.Q[0] (FDCE_ZINI clocked by dut.u_uart.clk)
Endpoint  : $auto$ff.cc:266:slice$16677.D[0] (FDCE_ZINI clocked by dut.u_uart.clk)
Path Type : setup

Point                                                                                                                                                         Incr      Path
----------------------------------------------------------------------------------------------------------------------------------------------------------------------------
clock dut.u_uart.clk (rise edge)                                                                                                                             0.000     0.000
clock source latency                                                                                                                                         0.000     0.000
$iopadmap$fpga_top.CLK100MHZ.O[0] (IBUF_VPR)                                                                                                                 0.000     0.000
$auto$ff.cc:266:slice$16654.C[0] (FDCE_ZINI)                                                                                                                 2.180     2.180
$auto$ff.cc:266:slice$16654.Q[0] (FDCE_ZINI) [clock-to-output]                                                                                               0.303     2.483
$auto$alumacc.cc:485:replace_alu$15695.X[0].in[0] (.names)                                                                                                   2.180     4.663
$auto$alumacc.cc:485:replace_alu$15695.X[0].out[0] (.names)                                                                                                  0.152     4.815
$auto$alumacc.cc:485:replace_alu$15695.genblk1.slice[0].genblk1.carry4.S0[0] (CARRY4_VPR)                                                                    2.180     6.995
$auto$alumacc.cc:485:replace_alu$15695.genblk1.slice[0].genblk1.carry4.CO3[0] (CARRY4_VPR)                                                                   0.508     7.503
$techmap17604$auto$alumacc.cc:485:replace_alu$15695.genblk1.slice[1].genblk1.carry4.genblk2.genblk1.cin_plug.CIN[0] (CARRY_COUT_PLUG)                        2.180     9.683
$techmap17604$auto$alumacc.cc:485:replace_alu$15695.genblk1.slice[1].genblk1.carry4.genblk2.genblk1.cin_plug.COUT[0] (CARRY_COUT_PLUG)                       0.000     9.683
$auto$alumacc.cc:485:replace_alu$15695.genblk1.slice[1].genblk1.carry4.CIN[0] (CARRY4_VPR)                                                                   2.180    11.863
$auto$alumacc.cc:485:replace_alu$15695.genblk1.slice[1].genblk1.carry4.CO3[0] (CARRY4_VPR)                                                                   0.114    11.977
$techmap17605$auto$alumacc.cc:485:replace_alu$15695.genblk1.slice[2].genblk1.carry4.genblk2.genblk1.cin_plug.CIN[0] (CARRY_COUT_PLUG)                        2.180    14.157
$techmap17605$auto$alumacc.cc:485:replace_alu$15695.genblk1.slice[2].genblk1.carry4.genblk2.genblk1.cin_plug.COUT[0] (CARRY_COUT_PLUG)                       0.000    14.157
$auto$alumacc.cc:485:replace_alu$15695.genblk1.slice[2].genblk1.carry4.CIN[0] (CARRY4_VPR)                                                                   2.180    16.338
$auto$alumacc.cc:485:replace_alu$15695.genblk1.slice[2].genblk1.carry4.CO3[0] (CARRY4_VPR)                                                                   0.114    16.452
$techmap17606$auto$alumacc.cc:485:replace_alu$15695.genblk1.slice[3].genblk1.carry4.genblk2.genblk1.cin_plug.CIN[0] (CARRY_COUT_PLUG)                        2.180    18.632
$techmap17606$auto$alumacc.cc:485:replace_alu$15695.genblk1.slice[3].genblk1.carry4.genblk2.genblk1.cin_plug.COUT[0] (CARRY_COUT_PLUG)                       0.000    18.632
$auto$alumacc.cc:485:replace_alu$15695.genblk1.slice[3].genblk1.carry4.CIN[0] (CARRY4_VPR)                                                                   2.180    20.812
$auto$alumacc.cc:485:replace_alu$15695.genblk1.slice[3].genblk1.carry4.CO3[0] (CARRY4_VPR)                                                                   0.114    20.926
$techmap17607$auto$alumacc.cc:485:replace_alu$15695.genblk1.slice[4].genblk1.carry4.genblk2.genblk1.cin_plug.CIN[0] (CARRY_COUT_PLUG)                        2.180    23.106
$techmap17607$auto$alumacc.cc:485:replace_alu$15695.genblk1.slice[4].genblk1.carry4.genblk2.genblk1.cin_plug.COUT[0] (CARRY_COUT_PLUG)                       0.000    23.106
$auto$alumacc.cc:485:replace_alu$15695.genblk1.slice[4].genblk1.carry4.CIN[0] (CARRY4_VPR)                                                                   2.180    25.286
$auto$alumacc.cc:485:replace_alu$15695.genblk1.slice[4].genblk1.carry4.CO3[0] (CARRY4_VPR)                                                                   0.114    25.400
$techmap17608$auto$alumacc.cc:485:replace_alu$15695.genblk1.slice[5].genblk1.carry4.genblk2.genblk1.cin_plug.CIN[0] (CARRY_COUT_PLUG)                        2.180    27.580
$techmap17608$auto$alumacc.cc:485:replace_alu$15695.genblk1.slice[5].genblk1.carry4.genblk2.genblk1.cin_plug.COUT[0] (CARRY_COUT_PLUG)                       0.000    27.580
$auto$alumacc.cc:485:replace_alu$15695.genblk1.slice[5].genblk1.carry4.CIN[0] (CARRY4_VPR)                                                                   2.180    29.760
$auto$alumacc.cc:485:replace_alu$15695.genblk1.slice[5].genblk1.carry4.O3[0] (CARRY4_VPR)                                                                    0.313    30.073
$abc$17309$auto$blifparse.cc:525:parse_blif$17359.T0.in[0] (.names)                                                                                          2.180    32.253
$abc$17309$auto$blifparse.cc:525:parse_blif$17359.T0.out[0] (.names)                                                                                         0.152    32.405
$abc$17309$auto$blifparse.cc:525:parse_blif$17359.fpga_mux_0.I0[0] (MUXF6)                                                                                   2.180    34.585
$abc$17309$auto$blifparse.cc:525:parse_blif$17359.fpga_mux_0.O[0] (MUXF6)                                                                                    0.010    34.595
$auto$ff.cc:266:slice$16677.D[0] (FDCE_ZINI)                                                                                                                 2.180    36.775
data arrival time                                                                                                                                                     36.775

clock dut.u_uart.clk (rise edge)                                                                                                                            10.000    10.000
clock source latency                                                                                                                                         0.000    10.000
$iopadmap$fpga_top.CLK100MHZ.O[0] (IBUF_VPR)                                                                                                                 0.000    10.000
$auto$ff.cc:266:slice$16677.C[0] (FDCE_ZINI)                                                                                                                 2.180    12.180
clock uncertainty                                                                                                                                            0.000    12.180
cell setup time                                                                                                                                              0.046    12.226
data required time                                                                                                                                                    12.226
----------------------------------------------------------------------------------------------------------------------------------------------------------------------------
data required time                                                                                                                                                    12.226
data arrival time                                                                                                                                                    -36.775
----------------------------------------------------------------------------------------------------------------------------------------------------------------------------
slack (VIOLATED)                                                                                                                                                     -24.549


#Path 11
Startpoint: $auto$ff.cc:266:slice$16654.Q[0] (FDCE_ZINI clocked by dut.u_uart.clk)
Endpoint  : $auto$ff.cc:266:slice$16676.D[0] (FDCE_ZINI clocked by dut.u_uart.clk)
Path Type : setup

Point                                                                                                                                                         Incr      Path
----------------------------------------------------------------------------------------------------------------------------------------------------------------------------
clock dut.u_uart.clk (rise edge)                                                                                                                             0.000     0.000
clock source latency                                                                                                                                         0.000     0.000
$iopadmap$fpga_top.CLK100MHZ.O[0] (IBUF_VPR)                                                                                                                 0.000     0.000
$auto$ff.cc:266:slice$16654.C[0] (FDCE_ZINI)                                                                                                                 2.180     2.180
$auto$ff.cc:266:slice$16654.Q[0] (FDCE_ZINI) [clock-to-output]                                                                                               0.303     2.483
$auto$alumacc.cc:485:replace_alu$15695.X[0].in[0] (.names)                                                                                                   2.180     4.663
$auto$alumacc.cc:485:replace_alu$15695.X[0].out[0] (.names)                                                                                                  0.152     4.815
$auto$alumacc.cc:485:replace_alu$15695.genblk1.slice[0].genblk1.carry4.S0[0] (CARRY4_VPR)                                                                    2.180     6.995
$auto$alumacc.cc:485:replace_alu$15695.genblk1.slice[0].genblk1.carry4.CO3[0] (CARRY4_VPR)                                                                   0.508     7.503
$techmap17604$auto$alumacc.cc:485:replace_alu$15695.genblk1.slice[1].genblk1.carry4.genblk2.genblk1.cin_plug.CIN[0] (CARRY_COUT_PLUG)                        2.180     9.683
$techmap17604$auto$alumacc.cc:485:replace_alu$15695.genblk1.slice[1].genblk1.carry4.genblk2.genblk1.cin_plug.COUT[0] (CARRY_COUT_PLUG)                       0.000     9.683
$auto$alumacc.cc:485:replace_alu$15695.genblk1.slice[1].genblk1.carry4.CIN[0] (CARRY4_VPR)                                                                   2.180    11.863
$auto$alumacc.cc:485:replace_alu$15695.genblk1.slice[1].genblk1.carry4.CO3[0] (CARRY4_VPR)                                                                   0.114    11.977
$techmap17605$auto$alumacc.cc:485:replace_alu$15695.genblk1.slice[2].genblk1.carry4.genblk2.genblk1.cin_plug.CIN[0] (CARRY_COUT_PLUG)                        2.180    14.157
$techmap17605$auto$alumacc.cc:485:replace_alu$15695.genblk1.slice[2].genblk1.carry4.genblk2.genblk1.cin_plug.COUT[0] (CARRY_COUT_PLUG)                       0.000    14.157
$auto$alumacc.cc:485:replace_alu$15695.genblk1.slice[2].genblk1.carry4.CIN[0] (CARRY4_VPR)                                                                   2.180    16.338
$auto$alumacc.cc:485:replace_alu$15695.genblk1.slice[2].genblk1.carry4.CO3[0] (CARRY4_VPR)                                                                   0.114    16.452
$techmap17606$auto$alumacc.cc:485:replace_alu$15695.genblk1.slice[3].genblk1.carry4.genblk2.genblk1.cin_plug.CIN[0] (CARRY_COUT_PLUG)                        2.180    18.632
$techmap17606$auto$alumacc.cc:485:replace_alu$15695.genblk1.slice[3].genblk1.carry4.genblk2.genblk1.cin_plug.COUT[0] (CARRY_COUT_PLUG)                       0.000    18.632
$auto$alumacc.cc:485:replace_alu$15695.genblk1.slice[3].genblk1.carry4.CIN[0] (CARRY4_VPR)                                                                   2.180    20.812
$auto$alumacc.cc:485:replace_alu$15695.genblk1.slice[3].genblk1.carry4.CO3[0] (CARRY4_VPR)                                                                   0.114    20.926
$techmap17607$auto$alumacc.cc:485:replace_alu$15695.genblk1.slice[4].genblk1.carry4.genblk2.genblk1.cin_plug.CIN[0] (CARRY_COUT_PLUG)                        2.180    23.106
$techmap17607$auto$alumacc.cc:485:replace_alu$15695.genblk1.slice[4].genblk1.carry4.genblk2.genblk1.cin_plug.COUT[0] (CARRY_COUT_PLUG)                       0.000    23.106
$auto$alumacc.cc:485:replace_alu$15695.genblk1.slice[4].genblk1.carry4.CIN[0] (CARRY4_VPR)                                                                   2.180    25.286
$auto$alumacc.cc:485:replace_alu$15695.genblk1.slice[4].genblk1.carry4.CO3[0] (CARRY4_VPR)                                                                   0.114    25.400
$techmap17608$auto$alumacc.cc:485:replace_alu$15695.genblk1.slice[5].genblk1.carry4.genblk2.genblk1.cin_plug.CIN[0] (CARRY_COUT_PLUG)                        2.180    27.580
$techmap17608$auto$alumacc.cc:485:replace_alu$15695.genblk1.slice[5].genblk1.carry4.genblk2.genblk1.cin_plug.COUT[0] (CARRY_COUT_PLUG)                       0.000    27.580
$auto$alumacc.cc:485:replace_alu$15695.genblk1.slice[5].genblk1.carry4.CIN[0] (CARRY4_VPR)                                                                   2.180    29.760
$auto$alumacc.cc:485:replace_alu$15695.genblk1.slice[5].genblk1.carry4.O2[0] (CARRY4_VPR)                                                                    0.239    29.999
$abc$17309$auto$blifparse.cc:525:parse_blif$17358.T0.in[0] (.names)                                                                                          2.180    32.179
$abc$17309$auto$blifparse.cc:525:parse_blif$17358.T0.out[0] (.names)                                                                                         0.152    32.331
$abc$17309$auto$blifparse.cc:525:parse_blif$17358.fpga_mux_0.I0[0] (MUXF6)                                                                                   2.180    34.511
$abc$17309$auto$blifparse.cc:525:parse_blif$17358.fpga_mux_0.O[0] (MUXF6)                                                                                    0.010    34.521
$auto$ff.cc:266:slice$16676.D[0] (FDCE_ZINI)                                                                                                                 2.180    36.701
data arrival time                                                                                                                                                     36.701

clock dut.u_uart.clk (rise edge)                                                                                                                            10.000    10.000
clock source latency                                                                                                                                         0.000    10.000
$iopadmap$fpga_top.CLK100MHZ.O[0] (IBUF_VPR)                                                                                                                 0.000    10.000
$auto$ff.cc:266:slice$16676.C[0] (FDCE_ZINI)                                                                                                                 2.180    12.180
clock uncertainty                                                                                                                                            0.000    12.180
cell setup time                                                                                                                                              0.046    12.226
data required time                                                                                                                                                    12.226
----------------------------------------------------------------------------------------------------------------------------------------------------------------------------
data required time                                                                                                                                                    12.226
data arrival time                                                                                                                                                    -36.701
----------------------------------------------------------------------------------------------------------------------------------------------------------------------------
slack (VIOLATED)                                                                                                                                                     -24.475


#Path 12
Startpoint: $auto$ff.cc:266:slice$16654.Q[0] (FDCE_ZINI clocked by dut.u_uart.clk)
Endpoint  : $auto$ff.cc:266:slice$16674.D[0] (FDCE_ZINI clocked by dut.u_uart.clk)
Path Type : setup

Point                                                                                                                                                         Incr      Path
----------------------------------------------------------------------------------------------------------------------------------------------------------------------------
clock dut.u_uart.clk (rise edge)                                                                                                                             0.000     0.000
clock source latency                                                                                                                                         0.000     0.000
$iopadmap$fpga_top.CLK100MHZ.O[0] (IBUF_VPR)                                                                                                                 0.000     0.000
$auto$ff.cc:266:slice$16654.C[0] (FDCE_ZINI)                                                                                                                 2.180     2.180
$auto$ff.cc:266:slice$16654.Q[0] (FDCE_ZINI) [clock-to-output]                                                                                               0.303     2.483
$auto$alumacc.cc:485:replace_alu$15695.X[0].in[0] (.names)                                                                                                   2.180     4.663
$auto$alumacc.cc:485:replace_alu$15695.X[0].out[0] (.names)                                                                                                  0.152     4.815
$auto$alumacc.cc:485:replace_alu$15695.genblk1.slice[0].genblk1.carry4.S0[0] (CARRY4_VPR)                                                                    2.180     6.995
$auto$alumacc.cc:485:replace_alu$15695.genblk1.slice[0].genblk1.carry4.CO3[0] (CARRY4_VPR)                                                                   0.508     7.503
$techmap17604$auto$alumacc.cc:485:replace_alu$15695.genblk1.slice[1].genblk1.carry4.genblk2.genblk1.cin_plug.CIN[0] (CARRY_COUT_PLUG)                        2.180     9.683
$techmap17604$auto$alumacc.cc:485:replace_alu$15695.genblk1.slice[1].genblk1.carry4.genblk2.genblk1.cin_plug.COUT[0] (CARRY_COUT_PLUG)                       0.000     9.683
$auto$alumacc.cc:485:replace_alu$15695.genblk1.slice[1].genblk1.carry4.CIN[0] (CARRY4_VPR)                                                                   2.180    11.863
$auto$alumacc.cc:485:replace_alu$15695.genblk1.slice[1].genblk1.carry4.CO3[0] (CARRY4_VPR)                                                                   0.114    11.977
$techmap17605$auto$alumacc.cc:485:replace_alu$15695.genblk1.slice[2].genblk1.carry4.genblk2.genblk1.cin_plug.CIN[0] (CARRY_COUT_PLUG)                        2.180    14.157
$techmap17605$auto$alumacc.cc:485:replace_alu$15695.genblk1.slice[2].genblk1.carry4.genblk2.genblk1.cin_plug.COUT[0] (CARRY_COUT_PLUG)                       0.000    14.157
$auto$alumacc.cc:485:replace_alu$15695.genblk1.slice[2].genblk1.carry4.CIN[0] (CARRY4_VPR)                                                                   2.180    16.338
$auto$alumacc.cc:485:replace_alu$15695.genblk1.slice[2].genblk1.carry4.CO3[0] (CARRY4_VPR)                                                                   0.114    16.452
$techmap17606$auto$alumacc.cc:485:replace_alu$15695.genblk1.slice[3].genblk1.carry4.genblk2.genblk1.cin_plug.CIN[0] (CARRY_COUT_PLUG)                        2.180    18.632
$techmap17606$auto$alumacc.cc:485:replace_alu$15695.genblk1.slice[3].genblk1.carry4.genblk2.genblk1.cin_plug.COUT[0] (CARRY_COUT_PLUG)                       0.000    18.632
$auto$alumacc.cc:485:replace_alu$15695.genblk1.slice[3].genblk1.carry4.CIN[0] (CARRY4_VPR)                                                                   2.180    20.812
$auto$alumacc.cc:485:replace_alu$15695.genblk1.slice[3].genblk1.carry4.CO3[0] (CARRY4_VPR)                                                                   0.114    20.926
$techmap17607$auto$alumacc.cc:485:replace_alu$15695.genblk1.slice[4].genblk1.carry4.genblk2.genblk1.cin_plug.CIN[0] (CARRY_COUT_PLUG)                        2.180    23.106
$techmap17607$auto$alumacc.cc:485:replace_alu$15695.genblk1.slice[4].genblk1.carry4.genblk2.genblk1.cin_plug.COUT[0] (CARRY_COUT_PLUG)                       0.000    23.106
$auto$alumacc.cc:485:replace_alu$15695.genblk1.slice[4].genblk1.carry4.CIN[0] (CARRY4_VPR)                                                                   2.180    25.286
$auto$alumacc.cc:485:replace_alu$15695.genblk1.slice[4].genblk1.carry4.CO3[0] (CARRY4_VPR)                                                                   0.114    25.400
$techmap17608$auto$alumacc.cc:485:replace_alu$15695.genblk1.slice[5].genblk1.carry4.genblk2.genblk1.cin_plug.CIN[0] (CARRY_COUT_PLUG)                        2.180    27.580
$techmap17608$auto$alumacc.cc:485:replace_alu$15695.genblk1.slice[5].genblk1.carry4.genblk2.genblk1.cin_plug.COUT[0] (CARRY_COUT_PLUG)                       0.000    27.580
$auto$alumacc.cc:485:replace_alu$15695.genblk1.slice[5].genblk1.carry4.CIN[0] (CARRY4_VPR)                                                                   2.180    29.760
$auto$alumacc.cc:485:replace_alu$15695.genblk1.slice[5].genblk1.carry4.O0[0] (CARRY4_VPR)                                                                    0.222    29.982
$abc$17309$auto$blifparse.cc:525:parse_blif$17356.T0.in[0] (.names)                                                                                          2.180    32.162
$abc$17309$auto$blifparse.cc:525:parse_blif$17356.T0.out[0] (.names)                                                                                         0.152    32.314
$abc$17309$auto$blifparse.cc:525:parse_blif$17356.fpga_mux_0.I0[0] (MUXF6)                                                                                   2.180    34.494
$abc$17309$auto$blifparse.cc:525:parse_blif$17356.fpga_mux_0.O[0] (MUXF6)                                                                                    0.010    34.504
$auto$ff.cc:266:slice$16674.D[0] (FDCE_ZINI)                                                                                                                 2.180    36.684
data arrival time                                                                                                                                                     36.684

clock dut.u_uart.clk (rise edge)                                                                                                                            10.000    10.000
clock source latency                                                                                                                                         0.000    10.000
$iopadmap$fpga_top.CLK100MHZ.O[0] (IBUF_VPR)                                                                                                                 0.000    10.000
$auto$ff.cc:266:slice$16674.C[0] (FDCE_ZINI)                                                                                                                 2.180    12.180
clock uncertainty                                                                                                                                            0.000    12.180
cell setup time                                                                                                                                              0.046    12.226
data required time                                                                                                                                                    12.226
----------------------------------------------------------------------------------------------------------------------------------------------------------------------------
data required time                                                                                                                                                    12.226
data arrival time                                                                                                                                                    -36.684
----------------------------------------------------------------------------------------------------------------------------------------------------------------------------
slack (VIOLATED)                                                                                                                                                     -24.458


#Path 13
Startpoint: $auto$ff.cc:266:slice$16654.Q[0] (FDCE_ZINI clocked by dut.u_uart.clk)
Endpoint  : $auto$ff.cc:266:slice$16671.D[0] (FDCE_ZINI clocked by dut.u_uart.clk)
Path Type : setup

Point                                                                                                                                                         Incr      Path
----------------------------------------------------------------------------------------------------------------------------------------------------------------------------
clock dut.u_uart.clk (rise edge)                                                                                                                             0.000     0.000
clock source latency                                                                                                                                         0.000     0.000
$iopadmap$fpga_top.CLK100MHZ.O[0] (IBUF_VPR)                                                                                                                 0.000     0.000
$auto$ff.cc:266:slice$16654.C[0] (FDCE_ZINI)                                                                                                                 2.180     2.180
$auto$ff.cc:266:slice$16654.Q[0] (FDCE_ZINI) [clock-to-output]                                                                                               0.303     2.483
$auto$alumacc.cc:485:replace_alu$15695.X[0].in[0] (.names)                                                                                                   2.180     4.663
$auto$alumacc.cc:485:replace_alu$15695.X[0].out[0] (.names)                                                                                                  0.152     4.815
$auto$alumacc.cc:485:replace_alu$15695.genblk1.slice[0].genblk1.carry4.S0[0] (CARRY4_VPR)                                                                    2.180     6.995
$auto$alumacc.cc:485:replace_alu$15695.genblk1.slice[0].genblk1.carry4.CO3[0] (CARRY4_VPR)                                                                   0.508     7.503
$techmap17604$auto$alumacc.cc:485:replace_alu$15695.genblk1.slice[1].genblk1.carry4.genblk2.genblk1.cin_plug.CIN[0] (CARRY_COUT_PLUG)                        2.180     9.683
$techmap17604$auto$alumacc.cc:485:replace_alu$15695.genblk1.slice[1].genblk1.carry4.genblk2.genblk1.cin_plug.COUT[0] (CARRY_COUT_PLUG)                       0.000     9.683
$auto$alumacc.cc:485:replace_alu$15695.genblk1.slice[1].genblk1.carry4.CIN[0] (CARRY4_VPR)                                                                   2.180    11.863
$auto$alumacc.cc:485:replace_alu$15695.genblk1.slice[1].genblk1.carry4.CO3[0] (CARRY4_VPR)                                                                   0.114    11.977
$techmap17605$auto$alumacc.cc:485:replace_alu$15695.genblk1.slice[2].genblk1.carry4.genblk2.genblk1.cin_plug.CIN[0] (CARRY_COUT_PLUG)                        2.180    14.157
$techmap17605$auto$alumacc.cc:485:replace_alu$15695.genblk1.slice[2].genblk1.carry4.genblk2.genblk1.cin_plug.COUT[0] (CARRY_COUT_PLUG)                       0.000    14.157
$auto$alumacc.cc:485:replace_alu$15695.genblk1.slice[2].genblk1.carry4.CIN[0] (CARRY4_VPR)                                                                   2.180    16.338
$auto$alumacc.cc:485:replace_alu$15695.genblk1.slice[2].genblk1.carry4.CO3[0] (CARRY4_VPR)                                                                   0.114    16.452
$techmap17606$auto$alumacc.cc:485:replace_alu$15695.genblk1.slice[3].genblk1.carry4.genblk2.genblk1.cin_plug.CIN[0] (CARRY_COUT_PLUG)                        2.180    18.632
$techmap17606$auto$alumacc.cc:485:replace_alu$15695.genblk1.slice[3].genblk1.carry4.genblk2.genblk1.cin_plug.COUT[0] (CARRY_COUT_PLUG)                       0.000    18.632
$auto$alumacc.cc:485:replace_alu$15695.genblk1.slice[3].genblk1.carry4.CIN[0] (CARRY4_VPR)                                                                   2.180    20.812
$auto$alumacc.cc:485:replace_alu$15695.genblk1.slice[3].genblk1.carry4.CO3[0] (CARRY4_VPR)                                                                   0.114    20.926
$techmap17607$auto$alumacc.cc:485:replace_alu$15695.genblk1.slice[4].genblk1.carry4.genblk2.genblk1.cin_plug.CIN[0] (CARRY_COUT_PLUG)                        2.180    23.106
$techmap17607$auto$alumacc.cc:485:replace_alu$15695.genblk1.slice[4].genblk1.carry4.genblk2.genblk1.cin_plug.COUT[0] (CARRY_COUT_PLUG)                       0.000    23.106
$auto$alumacc.cc:485:replace_alu$15695.genblk1.slice[4].genblk1.carry4.CIN[0] (CARRY4_VPR)                                                                   2.180    25.286
$auto$alumacc.cc:485:replace_alu$15695.genblk1.slice[4].genblk1.carry4.O1[0] (CARRY4_VPR)                                                                    0.334    25.620
$abc$17309$auto$blifparse.cc:525:parse_blif$17353.T0.in[0] (.names)                                                                                          2.180    27.800
$abc$17309$auto$blifparse.cc:525:parse_blif$17353.T0.out[0] (.names)                                                                                         0.152    27.952
$abc$17309$auto$blifparse.cc:525:parse_blif$17353.fpga_mux_0.I0[0] (MUXF6)                                                                                   2.180    30.132
$abc$17309$auto$blifparse.cc:525:parse_blif$17353.fpga_mux_0.O[0] (MUXF6)                                                                                    0.010    30.142
$auto$ff.cc:266:slice$16671.D[0] (FDCE_ZINI)                                                                                                                 2.180    32.322
data arrival time                                                                                                                                                     32.322

clock dut.u_uart.clk (rise edge)                                                                                                                            10.000    10.000
clock source latency                                                                                                                                         0.000    10.000
$iopadmap$fpga_top.CLK100MHZ.O[0] (IBUF_VPR)                                                                                                                 0.000    10.000
$auto$ff.cc:266:slice$16671.C[0] (FDCE_ZINI)                                                                                                                 2.180    12.180
clock uncertainty                                                                                                                                            0.000    12.180
cell setup time                                                                                                                                              0.046    12.226
data required time                                                                                                                                                    12.226
----------------------------------------------------------------------------------------------------------------------------------------------------------------------------
data required time                                                                                                                                                    12.226
data arrival time                                                                                                                                                    -32.322
----------------------------------------------------------------------------------------------------------------------------------------------------------------------------
slack (VIOLATED)                                                                                                                                                     -20.096


#Path 14
Startpoint: $auto$ff.cc:266:slice$16654.Q[0] (FDCE_ZINI clocked by dut.u_uart.clk)
Endpoint  : $auto$ff.cc:266:slice$16673.D[0] (FDCE_ZINI clocked by dut.u_uart.clk)
Path Type : setup

Point                                                                                                                                                         Incr      Path
----------------------------------------------------------------------------------------------------------------------------------------------------------------------------
clock dut.u_uart.clk (rise edge)                                                                                                                             0.000     0.000
clock source latency                                                                                                                                         0.000     0.000
$iopadmap$fpga_top.CLK100MHZ.O[0] (IBUF_VPR)                                                                                                                 0.000     0.000
$auto$ff.cc:266:slice$16654.C[0] (FDCE_ZINI)                                                                                                                 2.180     2.180
$auto$ff.cc:266:slice$16654.Q[0] (FDCE_ZINI) [clock-to-output]                                                                                               0.303     2.483
$auto$alumacc.cc:485:replace_alu$15695.X[0].in[0] (.names)                                                                                                   2.180     4.663
$auto$alumacc.cc:485:replace_alu$15695.X[0].out[0] (.names)                                                                                                  0.152     4.815
$auto$alumacc.cc:485:replace_alu$15695.genblk1.slice[0].genblk1.carry4.S0[0] (CARRY4_VPR)                                                                    2.180     6.995
$auto$alumacc.cc:485:replace_alu$15695.genblk1.slice[0].genblk1.carry4.CO3[0] (CARRY4_VPR)                                                                   0.508     7.503
$techmap17604$auto$alumacc.cc:485:replace_alu$15695.genblk1.slice[1].genblk1.carry4.genblk2.genblk1.cin_plug.CIN[0] (CARRY_COUT_PLUG)                        2.180     9.683
$techmap17604$auto$alumacc.cc:485:replace_alu$15695.genblk1.slice[1].genblk1.carry4.genblk2.genblk1.cin_plug.COUT[0] (CARRY_COUT_PLUG)                       0.000     9.683
$auto$alumacc.cc:485:replace_alu$15695.genblk1.slice[1].genblk1.carry4.CIN[0] (CARRY4_VPR)                                                                   2.180    11.863
$auto$alumacc.cc:485:replace_alu$15695.genblk1.slice[1].genblk1.carry4.CO3[0] (CARRY4_VPR)                                                                   0.114    11.977
$techmap17605$auto$alumacc.cc:485:replace_alu$15695.genblk1.slice[2].genblk1.carry4.genblk2.genblk1.cin_plug.CIN[0] (CARRY_COUT_PLUG)                        2.180    14.157
$techmap17605$auto$alumacc.cc:485:replace_alu$15695.genblk1.slice[2].genblk1.carry4.genblk2.genblk1.cin_plug.COUT[0] (CARRY_COUT_PLUG)                       0.000    14.157
$auto$alumacc.cc:485:replace_alu$15695.genblk1.slice[2].genblk1.carry4.CIN[0] (CARRY4_VPR)                                                                   2.180    16.338
$auto$alumacc.cc:485:replace_alu$15695.genblk1.slice[2].genblk1.carry4.CO3[0] (CARRY4_VPR)                                                                   0.114    16.452
$techmap17606$auto$alumacc.cc:485:replace_alu$15695.genblk1.slice[3].genblk1.carry4.genblk2.genblk1.cin_plug.CIN[0] (CARRY_COUT_PLUG)                        2.180    18.632
$techmap17606$auto$alumacc.cc:485:replace_alu$15695.genblk1.slice[3].genblk1.carry4.genblk2.genblk1.cin_plug.COUT[0] (CARRY_COUT_PLUG)                       0.000    18.632
$auto$alumacc.cc:485:replace_alu$15695.genblk1.slice[3].genblk1.carry4.CIN[0] (CARRY4_VPR)                                                                   2.180    20.812
$auto$alumacc.cc:485:replace_alu$15695.genblk1.slice[3].genblk1.carry4.CO3[0] (CARRY4_VPR)                                                                   0.114    20.926
$techmap17607$auto$alumacc.cc:485:replace_alu$15695.genblk1.slice[4].genblk1.carry4.genblk2.genblk1.cin_plug.CIN[0] (CARRY_COUT_PLUG)                        2.180    23.106
$techmap17607$auto$alumacc.cc:485:replace_alu$15695.genblk1.slice[4].genblk1.carry4.genblk2.genblk1.cin_plug.COUT[0] (CARRY_COUT_PLUG)                       0.000    23.106
$auto$alumacc.cc:485:replace_alu$15695.genblk1.slice[4].genblk1.carry4.CIN[0] (CARRY4_VPR)                                                                   2.180    25.286
$auto$alumacc.cc:485:replace_alu$15695.genblk1.slice[4].genblk1.carry4.O3[0] (CARRY4_VPR)                                                                    0.313    25.599
$abc$17309$auto$blifparse.cc:525:parse_blif$17355.T0.in[0] (.names)                                                                                          2.180    27.779
$abc$17309$auto$blifparse.cc:525:parse_blif$17355.T0.out[0] (.names)                                                                                         0.152    27.931
$abc$17309$auto$blifparse.cc:525:parse_blif$17355.fpga_mux_0.I0[0] (MUXF6)                                                                                   2.180    30.111
$abc$17309$auto$blifparse.cc:525:parse_blif$17355.fpga_mux_0.O[0] (MUXF6)                                                                                    0.010    30.121
$auto$ff.cc:266:slice$16673.D[0] (FDCE_ZINI)                                                                                                                 2.180    32.301
data arrival time                                                                                                                                                     32.301

clock dut.u_uart.clk (rise edge)                                                                                                                            10.000    10.000
clock source latency                                                                                                                                         0.000    10.000
$iopadmap$fpga_top.CLK100MHZ.O[0] (IBUF_VPR)                                                                                                                 0.000    10.000
$auto$ff.cc:266:slice$16673.C[0] (FDCE_ZINI)                                                                                                                 2.180    12.180
clock uncertainty                                                                                                                                            0.000    12.180
cell setup time                                                                                                                                              0.046    12.226
data required time                                                                                                                                                    12.226
----------------------------------------------------------------------------------------------------------------------------------------------------------------------------
data required time                                                                                                                                                    12.226
data arrival time                                                                                                                                                    -32.301
----------------------------------------------------------------------------------------------------------------------------------------------------------------------------
slack (VIOLATED)                                                                                                                                                     -20.075


#Path 15
Startpoint: $auto$ff.cc:266:slice$16654.Q[0] (FDCE_ZINI clocked by dut.u_uart.clk)
Endpoint  : $auto$ff.cc:266:slice$16672.D[0] (FDCE_ZINI clocked by dut.u_uart.clk)
Path Type : setup

Point                                                                                                                                                         Incr      Path
----------------------------------------------------------------------------------------------------------------------------------------------------------------------------
clock dut.u_uart.clk (rise edge)                                                                                                                             0.000     0.000
clock source latency                                                                                                                                         0.000     0.000
$iopadmap$fpga_top.CLK100MHZ.O[0] (IBUF_VPR)                                                                                                                 0.000     0.000
$auto$ff.cc:266:slice$16654.C[0] (FDCE_ZINI)                                                                                                                 2.180     2.180
$auto$ff.cc:266:slice$16654.Q[0] (FDCE_ZINI) [clock-to-output]                                                                                               0.303     2.483
$auto$alumacc.cc:485:replace_alu$15695.X[0].in[0] (.names)                                                                                                   2.180     4.663
$auto$alumacc.cc:485:replace_alu$15695.X[0].out[0] (.names)                                                                                                  0.152     4.815
$auto$alumacc.cc:485:replace_alu$15695.genblk1.slice[0].genblk1.carry4.S0[0] (CARRY4_VPR)                                                                    2.180     6.995
$auto$alumacc.cc:485:replace_alu$15695.genblk1.slice[0].genblk1.carry4.CO3[0] (CARRY4_VPR)                                                                   0.508     7.503
$techmap17604$auto$alumacc.cc:485:replace_alu$15695.genblk1.slice[1].genblk1.carry4.genblk2.genblk1.cin_plug.CIN[0] (CARRY_COUT_PLUG)                        2.180     9.683
$techmap17604$auto$alumacc.cc:485:replace_alu$15695.genblk1.slice[1].genblk1.carry4.genblk2.genblk1.cin_plug.COUT[0] (CARRY_COUT_PLUG)                       0.000     9.683
$auto$alumacc.cc:485:replace_alu$15695.genblk1.slice[1].genblk1.carry4.CIN[0] (CARRY4_VPR)                                                                   2.180    11.863
$auto$alumacc.cc:485:replace_alu$15695.genblk1.slice[1].genblk1.carry4.CO3[0] (CARRY4_VPR)                                                                   0.114    11.977
$techmap17605$auto$alumacc.cc:485:replace_alu$15695.genblk1.slice[2].genblk1.carry4.genblk2.genblk1.cin_plug.CIN[0] (CARRY_COUT_PLUG)                        2.180    14.157
$techmap17605$auto$alumacc.cc:485:replace_alu$15695.genblk1.slice[2].genblk1.carry4.genblk2.genblk1.cin_plug.COUT[0] (CARRY_COUT_PLUG)                       0.000    14.157
$auto$alumacc.cc:485:replace_alu$15695.genblk1.slice[2].genblk1.carry4.CIN[0] (CARRY4_VPR)                                                                   2.180    16.338
$auto$alumacc.cc:485:replace_alu$15695.genblk1.slice[2].genblk1.carry4.CO3[0] (CARRY4_VPR)                                                                   0.114    16.452
$techmap17606$auto$alumacc.cc:485:replace_alu$15695.genblk1.slice[3].genblk1.carry4.genblk2.genblk1.cin_plug.CIN[0] (CARRY_COUT_PLUG)                        2.180    18.632
$techmap17606$auto$alumacc.cc:485:replace_alu$15695.genblk1.slice[3].genblk1.carry4.genblk2.genblk1.cin_plug.COUT[0] (CARRY_COUT_PLUG)                       0.000    18.632
$auto$alumacc.cc:485:replace_alu$15695.genblk1.slice[3].genblk1.carry4.CIN[0] (CARRY4_VPR)                                                                   2.180    20.812
$auto$alumacc.cc:485:replace_alu$15695.genblk1.slice[3].genblk1.carry4.CO3[0] (CARRY4_VPR)                                                                   0.114    20.926
$techmap17607$auto$alumacc.cc:485:replace_alu$15695.genblk1.slice[4].genblk1.carry4.genblk2.genblk1.cin_plug.CIN[0] (CARRY_COUT_PLUG)                        2.180    23.106
$techmap17607$auto$alumacc.cc:485:replace_alu$15695.genblk1.slice[4].genblk1.carry4.genblk2.genblk1.cin_plug.COUT[0] (CARRY_COUT_PLUG)                       0.000    23.106
$auto$alumacc.cc:485:replace_alu$15695.genblk1.slice[4].genblk1.carry4.CIN[0] (CARRY4_VPR)                                                                   2.180    25.286
$auto$alumacc.cc:485:replace_alu$15695.genblk1.slice[4].genblk1.carry4.O2[0] (CARRY4_VPR)                                                                    0.239    25.525
$abc$17309$auto$blifparse.cc:525:parse_blif$17354.T0.in[0] (.names)                                                                                          2.180    27.705
$abc$17309$auto$blifparse.cc:525:parse_blif$17354.T0.out[0] (.names)                                                                                         0.152    27.857
$abc$17309$auto$blifparse.cc:525:parse_blif$17354.fpga_mux_0.I0[0] (MUXF6)                                                                                   2.180    30.037
$abc$17309$auto$blifparse.cc:525:parse_blif$17354.fpga_mux_0.O[0] (MUXF6)                                                                                    0.010    30.047
$auto$ff.cc:266:slice$16672.D[0] (FDCE_ZINI)                                                                                                                 2.180    32.227
data arrival time                                                                                                                                                     32.227

clock dut.u_uart.clk (rise edge)                                                                                                                            10.000    10.000
clock source latency                                                                                                                                         0.000    10.000
$iopadmap$fpga_top.CLK100MHZ.O[0] (IBUF_VPR)                                                                                                                 0.000    10.000
$auto$ff.cc:266:slice$16672.C[0] (FDCE_ZINI)                                                                                                                 2.180    12.180
clock uncertainty                                                                                                                                            0.000    12.180
cell setup time                                                                                                                                              0.046    12.226
data required time                                                                                                                                                    12.226
----------------------------------------------------------------------------------------------------------------------------------------------------------------------------
data required time                                                                                                                                                    12.226
data arrival time                                                                                                                                                    -32.227
----------------------------------------------------------------------------------------------------------------------------------------------------------------------------
slack (VIOLATED)                                                                                                                                                     -20.001


#Path 16
Startpoint: $auto$ff.cc:266:slice$16654.Q[0] (FDCE_ZINI clocked by dut.u_uart.clk)
Endpoint  : $auto$ff.cc:266:slice$16670.D[0] (FDCE_ZINI clocked by dut.u_uart.clk)
Path Type : setup

Point                                                                                                                                                         Incr      Path
----------------------------------------------------------------------------------------------------------------------------------------------------------------------------
clock dut.u_uart.clk (rise edge)                                                                                                                             0.000     0.000
clock source latency                                                                                                                                         0.000     0.000
$iopadmap$fpga_top.CLK100MHZ.O[0] (IBUF_VPR)                                                                                                                 0.000     0.000
$auto$ff.cc:266:slice$16654.C[0] (FDCE_ZINI)                                                                                                                 2.180     2.180
$auto$ff.cc:266:slice$16654.Q[0] (FDCE_ZINI) [clock-to-output]                                                                                               0.303     2.483
$auto$alumacc.cc:485:replace_alu$15695.X[0].in[0] (.names)                                                                                                   2.180     4.663
$auto$alumacc.cc:485:replace_alu$15695.X[0].out[0] (.names)                                                                                                  0.152     4.815
$auto$alumacc.cc:485:replace_alu$15695.genblk1.slice[0].genblk1.carry4.S0[0] (CARRY4_VPR)                                                                    2.180     6.995
$auto$alumacc.cc:485:replace_alu$15695.genblk1.slice[0].genblk1.carry4.CO3[0] (CARRY4_VPR)                                                                   0.508     7.503
$techmap17604$auto$alumacc.cc:485:replace_alu$15695.genblk1.slice[1].genblk1.carry4.genblk2.genblk1.cin_plug.CIN[0] (CARRY_COUT_PLUG)                        2.180     9.683
$techmap17604$auto$alumacc.cc:485:replace_alu$15695.genblk1.slice[1].genblk1.carry4.genblk2.genblk1.cin_plug.COUT[0] (CARRY_COUT_PLUG)                       0.000     9.683
$auto$alumacc.cc:485:replace_alu$15695.genblk1.slice[1].genblk1.carry4.CIN[0] (CARRY4_VPR)                                                                   2.180    11.863
$auto$alumacc.cc:485:replace_alu$15695.genblk1.slice[1].genblk1.carry4.CO3[0] (CARRY4_VPR)                                                                   0.114    11.977
$techmap17605$auto$alumacc.cc:485:replace_alu$15695.genblk1.slice[2].genblk1.carry4.genblk2.genblk1.cin_plug.CIN[0] (CARRY_COUT_PLUG)                        2.180    14.157
$techmap17605$auto$alumacc.cc:485:replace_alu$15695.genblk1.slice[2].genblk1.carry4.genblk2.genblk1.cin_plug.COUT[0] (CARRY_COUT_PLUG)                       0.000    14.157
$auto$alumacc.cc:485:replace_alu$15695.genblk1.slice[2].genblk1.carry4.CIN[0] (CARRY4_VPR)                                                                   2.180    16.338
$auto$alumacc.cc:485:replace_alu$15695.genblk1.slice[2].genblk1.carry4.CO3[0] (CARRY4_VPR)                                                                   0.114    16.452
$techmap17606$auto$alumacc.cc:485:replace_alu$15695.genblk1.slice[3].genblk1.carry4.genblk2.genblk1.cin_plug.CIN[0] (CARRY_COUT_PLUG)                        2.180    18.632
$techmap17606$auto$alumacc.cc:485:replace_alu$15695.genblk1.slice[3].genblk1.carry4.genblk2.genblk1.cin_plug.COUT[0] (CARRY_COUT_PLUG)                       0.000    18.632
$auto$alumacc.cc:485:replace_alu$15695.genblk1.slice[3].genblk1.carry4.CIN[0] (CARRY4_VPR)                                                                   2.180    20.812
$auto$alumacc.cc:485:replace_alu$15695.genblk1.slice[3].genblk1.carry4.CO3[0] (CARRY4_VPR)                                                                   0.114    20.926
$techmap17607$auto$alumacc.cc:485:replace_alu$15695.genblk1.slice[4].genblk1.carry4.genblk2.genblk1.cin_plug.CIN[0] (CARRY_COUT_PLUG)                        2.180    23.106
$techmap17607$auto$alumacc.cc:485:replace_alu$15695.genblk1.slice[4].genblk1.carry4.genblk2.genblk1.cin_plug.COUT[0] (CARRY_COUT_PLUG)                       0.000    23.106
$auto$alumacc.cc:485:replace_alu$15695.genblk1.slice[4].genblk1.carry4.CIN[0] (CARRY4_VPR)                                                                   2.180    25.286
$auto$alumacc.cc:485:replace_alu$15695.genblk1.slice[4].genblk1.carry4.O0[0] (CARRY4_VPR)                                                                    0.222    25.508
$abc$17309$auto$blifparse.cc:525:parse_blif$17352.T0.in[0] (.names)                                                                                          2.180    27.688
$abc$17309$auto$blifparse.cc:525:parse_blif$17352.T0.out[0] (.names)                                                                                         0.152    27.840
$abc$17309$auto$blifparse.cc:525:parse_blif$17352.fpga_mux_0.I0[0] (MUXF6)                                                                                   2.180    30.020
$abc$17309$auto$blifparse.cc:525:parse_blif$17352.fpga_mux_0.O[0] (MUXF6)                                                                                    0.010    30.030
$auto$ff.cc:266:slice$16670.D[0] (FDCE_ZINI)                                                                                                                 2.180    32.210
data arrival time                                                                                                                                                     32.210

clock dut.u_uart.clk (rise edge)                                                                                                                            10.000    10.000
clock source latency                                                                                                                                         0.000    10.000
$iopadmap$fpga_top.CLK100MHZ.O[0] (IBUF_VPR)                                                                                                                 0.000    10.000
$auto$ff.cc:266:slice$16670.C[0] (FDCE_ZINI)                                                                                                                 2.180    12.180
clock uncertainty                                                                                                                                            0.000    12.180
cell setup time                                                                                                                                              0.046    12.226
data required time                                                                                                                                                    12.226
----------------------------------------------------------------------------------------------------------------------------------------------------------------------------
data required time                                                                                                                                                    12.226
data arrival time                                                                                                                                                    -32.210
----------------------------------------------------------------------------------------------------------------------------------------------------------------------------
slack (VIOLATED)                                                                                                                                                     -19.984


#Path 17
Startpoint: $auto$ff.cc:266:slice$16654.Q[0] (FDCE_ZINI clocked by dut.u_uart.clk)
Endpoint  : $auto$ff.cc:266:slice$16667.D[0] (FDCE_ZINI clocked by dut.u_uart.clk)
Path Type : setup

Point                                                                                                                                                         Incr      Path
----------------------------------------------------------------------------------------------------------------------------------------------------------------------------
clock dut.u_uart.clk (rise edge)                                                                                                                             0.000     0.000
clock source latency                                                                                                                                         0.000     0.000
$iopadmap$fpga_top.CLK100MHZ.O[0] (IBUF_VPR)                                                                                                                 0.000     0.000
$auto$ff.cc:266:slice$16654.C[0] (FDCE_ZINI)                                                                                                                 2.180     2.180
$auto$ff.cc:266:slice$16654.Q[0] (FDCE_ZINI) [clock-to-output]                                                                                               0.303     2.483
$auto$alumacc.cc:485:replace_alu$15695.X[0].in[0] (.names)                                                                                                   2.180     4.663
$auto$alumacc.cc:485:replace_alu$15695.X[0].out[0] (.names)                                                                                                  0.152     4.815
$auto$alumacc.cc:485:replace_alu$15695.genblk1.slice[0].genblk1.carry4.S0[0] (CARRY4_VPR)                                                                    2.180     6.995
$auto$alumacc.cc:485:replace_alu$15695.genblk1.slice[0].genblk1.carry4.CO3[0] (CARRY4_VPR)                                                                   0.508     7.503
$techmap17604$auto$alumacc.cc:485:replace_alu$15695.genblk1.slice[1].genblk1.carry4.genblk2.genblk1.cin_plug.CIN[0] (CARRY_COUT_PLUG)                        2.180     9.683
$techmap17604$auto$alumacc.cc:485:replace_alu$15695.genblk1.slice[1].genblk1.carry4.genblk2.genblk1.cin_plug.COUT[0] (CARRY_COUT_PLUG)                       0.000     9.683
$auto$alumacc.cc:485:replace_alu$15695.genblk1.slice[1].genblk1.carry4.CIN[0] (CARRY4_VPR)                                                                   2.180    11.863
$auto$alumacc.cc:485:replace_alu$15695.genblk1.slice[1].genblk1.carry4.CO3[0] (CARRY4_VPR)                                                                   0.114    11.977
$techmap17605$auto$alumacc.cc:485:replace_alu$15695.genblk1.slice[2].genblk1.carry4.genblk2.genblk1.cin_plug.CIN[0] (CARRY_COUT_PLUG)                        2.180    14.157
$techmap17605$auto$alumacc.cc:485:replace_alu$15695.genblk1.slice[2].genblk1.carry4.genblk2.genblk1.cin_plug.COUT[0] (CARRY_COUT_PLUG)                       0.000    14.157
$auto$alumacc.cc:485:replace_alu$15695.genblk1.slice[2].genblk1.carry4.CIN[0] (CARRY4_VPR)                                                                   2.180    16.338
$auto$alumacc.cc:485:replace_alu$15695.genblk1.slice[2].genblk1.carry4.CO3[0] (CARRY4_VPR)                                                                   0.114    16.452
$techmap17606$auto$alumacc.cc:485:replace_alu$15695.genblk1.slice[3].genblk1.carry4.genblk2.genblk1.cin_plug.CIN[0] (CARRY_COUT_PLUG)                        2.180    18.632
$techmap17606$auto$alumacc.cc:485:replace_alu$15695.genblk1.slice[3].genblk1.carry4.genblk2.genblk1.cin_plug.COUT[0] (CARRY_COUT_PLUG)                       0.000    18.632
$auto$alumacc.cc:485:replace_alu$15695.genblk1.slice[3].genblk1.carry4.CIN[0] (CARRY4_VPR)                                                                   2.180    20.812
$auto$alumacc.cc:485:replace_alu$15695.genblk1.slice[3].genblk1.carry4.O1[0] (CARRY4_VPR)                                                                    0.334    21.146
$abc$17309$auto$blifparse.cc:525:parse_blif$17349.T0.in[0] (.names)                                                                                          2.180    23.326
$abc$17309$auto$blifparse.cc:525:parse_blif$17349.T0.out[0] (.names)                                                                                         0.152    23.478
$abc$17309$auto$blifparse.cc:525:parse_blif$17349.fpga_mux_0.I0[0] (MUXF6)                                                                                   2.180    25.658
$abc$17309$auto$blifparse.cc:525:parse_blif$17349.fpga_mux_0.O[0] (MUXF6)                                                                                    0.010    25.668
$auto$ff.cc:266:slice$16667.D[0] (FDCE_ZINI)                                                                                                                 2.180    27.848
data arrival time                                                                                                                                                     27.848

clock dut.u_uart.clk (rise edge)                                                                                                                            10.000    10.000
clock source latency                                                                                                                                         0.000    10.000
$iopadmap$fpga_top.CLK100MHZ.O[0] (IBUF_VPR)                                                                                                                 0.000    10.000
$auto$ff.cc:266:slice$16667.C[0] (FDCE_ZINI)                                                                                                                 2.180    12.180
clock uncertainty                                                                                                                                            0.000    12.180
cell setup time                                                                                                                                              0.046    12.226
data required time                                                                                                                                                    12.226
----------------------------------------------------------------------------------------------------------------------------------------------------------------------------
data required time                                                                                                                                                    12.226
data arrival time                                                                                                                                                    -27.848
----------------------------------------------------------------------------------------------------------------------------------------------------------------------------
slack (VIOLATED)                                                                                                                                                     -15.622


#Path 18
Startpoint: $auto$ff.cc:266:slice$16654.Q[0] (FDCE_ZINI clocked by dut.u_uart.clk)
Endpoint  : $auto$ff.cc:266:slice$16669.D[0] (FDCE_ZINI clocked by dut.u_uart.clk)
Path Type : setup

Point                                                                                                                                                         Incr      Path
----------------------------------------------------------------------------------------------------------------------------------------------------------------------------
clock dut.u_uart.clk (rise edge)                                                                                                                             0.000     0.000
clock source latency                                                                                                                                         0.000     0.000
$iopadmap$fpga_top.CLK100MHZ.O[0] (IBUF_VPR)                                                                                                                 0.000     0.000
$auto$ff.cc:266:slice$16654.C[0] (FDCE_ZINI)                                                                                                                 2.180     2.180
$auto$ff.cc:266:slice$16654.Q[0] (FDCE_ZINI) [clock-to-output]                                                                                               0.303     2.483
$auto$alumacc.cc:485:replace_alu$15695.X[0].in[0] (.names)                                                                                                   2.180     4.663
$auto$alumacc.cc:485:replace_alu$15695.X[0].out[0] (.names)                                                                                                  0.152     4.815
$auto$alumacc.cc:485:replace_alu$15695.genblk1.slice[0].genblk1.carry4.S0[0] (CARRY4_VPR)                                                                    2.180     6.995
$auto$alumacc.cc:485:replace_alu$15695.genblk1.slice[0].genblk1.carry4.CO3[0] (CARRY4_VPR)                                                                   0.508     7.503
$techmap17604$auto$alumacc.cc:485:replace_alu$15695.genblk1.slice[1].genblk1.carry4.genblk2.genblk1.cin_plug.CIN[0] (CARRY_COUT_PLUG)                        2.180     9.683
$techmap17604$auto$alumacc.cc:485:replace_alu$15695.genblk1.slice[1].genblk1.carry4.genblk2.genblk1.cin_plug.COUT[0] (CARRY_COUT_PLUG)                       0.000     9.683
$auto$alumacc.cc:485:replace_alu$15695.genblk1.slice[1].genblk1.carry4.CIN[0] (CARRY4_VPR)                                                                   2.180    11.863
$auto$alumacc.cc:485:replace_alu$15695.genblk1.slice[1].genblk1.carry4.CO3[0] (CARRY4_VPR)                                                                   0.114    11.977
$techmap17605$auto$alumacc.cc:485:replace_alu$15695.genblk1.slice[2].genblk1.carry4.genblk2.genblk1.cin_plug.CIN[0] (CARRY_COUT_PLUG)                        2.180    14.157
$techmap17605$auto$alumacc.cc:485:replace_alu$15695.genblk1.slice[2].genblk1.carry4.genblk2.genblk1.cin_plug.COUT[0] (CARRY_COUT_PLUG)                       0.000    14.157
$auto$alumacc.cc:485:replace_alu$15695.genblk1.slice[2].genblk1.carry4.CIN[0] (CARRY4_VPR)                                                                   2.180    16.338
$auto$alumacc.cc:485:replace_alu$15695.genblk1.slice[2].genblk1.carry4.CO3[0] (CARRY4_VPR)                                                                   0.114    16.452
$techmap17606$auto$alumacc.cc:485:replace_alu$15695.genblk1.slice[3].genblk1.carry4.genblk2.genblk1.cin_plug.CIN[0] (CARRY_COUT_PLUG)                        2.180    18.632
$techmap17606$auto$alumacc.cc:485:replace_alu$15695.genblk1.slice[3].genblk1.carry4.genblk2.genblk1.cin_plug.COUT[0] (CARRY_COUT_PLUG)                       0.000    18.632
$auto$alumacc.cc:485:replace_alu$15695.genblk1.slice[3].genblk1.carry4.CIN[0] (CARRY4_VPR)                                                                   2.180    20.812
$auto$alumacc.cc:485:replace_alu$15695.genblk1.slice[3].genblk1.carry4.O3[0] (CARRY4_VPR)                                                                    0.313    21.125
$abc$17309$auto$blifparse.cc:525:parse_blif$17351.T0.in[0] (.names)                                                                                          2.180    23.305
$abc$17309$auto$blifparse.cc:525:parse_blif$17351.T0.out[0] (.names)                                                                                         0.152    23.457
$abc$17309$auto$blifparse.cc:525:parse_blif$17351.fpga_mux_0.I0[0] (MUXF6)                                                                                   2.180    25.637
$abc$17309$auto$blifparse.cc:525:parse_blif$17351.fpga_mux_0.O[0] (MUXF6)                                                                                    0.010    25.647
$auto$ff.cc:266:slice$16669.D[0] (FDCE_ZINI)                                                                                                                 2.180    27.827
data arrival time                                                                                                                                                     27.827

clock dut.u_uart.clk (rise edge)                                                                                                                            10.000    10.000
clock source latency                                                                                                                                         0.000    10.000
$iopadmap$fpga_top.CLK100MHZ.O[0] (IBUF_VPR)                                                                                                                 0.000    10.000
$auto$ff.cc:266:slice$16669.C[0] (FDCE_ZINI)                                                                                                                 2.180    12.180
clock uncertainty                                                                                                                                            0.000    12.180
cell setup time                                                                                                                                              0.046    12.226
data required time                                                                                                                                                    12.226
----------------------------------------------------------------------------------------------------------------------------------------------------------------------------
data required time                                                                                                                                                    12.226
data arrival time                                                                                                                                                    -27.827
----------------------------------------------------------------------------------------------------------------------------------------------------------------------------
slack (VIOLATED)                                                                                                                                                     -15.601


#Path 19
Startpoint: $auto$ff.cc:266:slice$16654.Q[0] (FDCE_ZINI clocked by dut.u_uart.clk)
Endpoint  : $auto$ff.cc:266:slice$16668.D[0] (FDCE_ZINI clocked by dut.u_uart.clk)
Path Type : setup

Point                                                                                                                                                         Incr      Path
----------------------------------------------------------------------------------------------------------------------------------------------------------------------------
clock dut.u_uart.clk (rise edge)                                                                                                                             0.000     0.000
clock source latency                                                                                                                                         0.000     0.000
$iopadmap$fpga_top.CLK100MHZ.O[0] (IBUF_VPR)                                                                                                                 0.000     0.000
$auto$ff.cc:266:slice$16654.C[0] (FDCE_ZINI)                                                                                                                 2.180     2.180
$auto$ff.cc:266:slice$16654.Q[0] (FDCE_ZINI) [clock-to-output]                                                                                               0.303     2.483
$auto$alumacc.cc:485:replace_alu$15695.X[0].in[0] (.names)                                                                                                   2.180     4.663
$auto$alumacc.cc:485:replace_alu$15695.X[0].out[0] (.names)                                                                                                  0.152     4.815
$auto$alumacc.cc:485:replace_alu$15695.genblk1.slice[0].genblk1.carry4.S0[0] (CARRY4_VPR)                                                                    2.180     6.995
$auto$alumacc.cc:485:replace_alu$15695.genblk1.slice[0].genblk1.carry4.CO3[0] (CARRY4_VPR)                                                                   0.508     7.503
$techmap17604$auto$alumacc.cc:485:replace_alu$15695.genblk1.slice[1].genblk1.carry4.genblk2.genblk1.cin_plug.CIN[0] (CARRY_COUT_PLUG)                        2.180     9.683
$techmap17604$auto$alumacc.cc:485:replace_alu$15695.genblk1.slice[1].genblk1.carry4.genblk2.genblk1.cin_plug.COUT[0] (CARRY_COUT_PLUG)                       0.000     9.683
$auto$alumacc.cc:485:replace_alu$15695.genblk1.slice[1].genblk1.carry4.CIN[0] (CARRY4_VPR)                                                                   2.180    11.863
$auto$alumacc.cc:485:replace_alu$15695.genblk1.slice[1].genblk1.carry4.CO3[0] (CARRY4_VPR)                                                                   0.114    11.977
$techmap17605$auto$alumacc.cc:485:replace_alu$15695.genblk1.slice[2].genblk1.carry4.genblk2.genblk1.cin_plug.CIN[0] (CARRY_COUT_PLUG)                        2.180    14.157
$techmap17605$auto$alumacc.cc:485:replace_alu$15695.genblk1.slice[2].genblk1.carry4.genblk2.genblk1.cin_plug.COUT[0] (CARRY_COUT_PLUG)                       0.000    14.157
$auto$alumacc.cc:485:replace_alu$15695.genblk1.slice[2].genblk1.carry4.CIN[0] (CARRY4_VPR)                                                                   2.180    16.338
$auto$alumacc.cc:485:replace_alu$15695.genblk1.slice[2].genblk1.carry4.CO3[0] (CARRY4_VPR)                                                                   0.114    16.452
$techmap17606$auto$alumacc.cc:485:replace_alu$15695.genblk1.slice[3].genblk1.carry4.genblk2.genblk1.cin_plug.CIN[0] (CARRY_COUT_PLUG)                        2.180    18.632
$techmap17606$auto$alumacc.cc:485:replace_alu$15695.genblk1.slice[3].genblk1.carry4.genblk2.genblk1.cin_plug.COUT[0] (CARRY_COUT_PLUG)                       0.000    18.632
$auto$alumacc.cc:485:replace_alu$15695.genblk1.slice[3].genblk1.carry4.CIN[0] (CARRY4_VPR)                                                                   2.180    20.812
$auto$alumacc.cc:485:replace_alu$15695.genblk1.slice[3].genblk1.carry4.O2[0] (CARRY4_VPR)                                                                    0.239    21.051
$abc$17309$auto$blifparse.cc:525:parse_blif$17350.T0.in[0] (.names)                                                                                          2.180    23.231
$abc$17309$auto$blifparse.cc:525:parse_blif$17350.T0.out[0] (.names)                                                                                         0.152    23.383
$abc$17309$auto$blifparse.cc:525:parse_blif$17350.fpga_mux_0.I0[0] (MUXF6)                                                                                   2.180    25.563
$abc$17309$auto$blifparse.cc:525:parse_blif$17350.fpga_mux_0.O[0] (MUXF6)                                                                                    0.010    25.573
$auto$ff.cc:266:slice$16668.D[0] (FDCE_ZINI)                                                                                                                 2.180    27.753
data arrival time                                                                                                                                                     27.753

clock dut.u_uart.clk (rise edge)                                                                                                                            10.000    10.000
clock source latency                                                                                                                                         0.000    10.000
$iopadmap$fpga_top.CLK100MHZ.O[0] (IBUF_VPR)                                                                                                                 0.000    10.000
$auto$ff.cc:266:slice$16668.C[0] (FDCE_ZINI)                                                                                                                 2.180    12.180
clock uncertainty                                                                                                                                            0.000    12.180
cell setup time                                                                                                                                              0.046    12.226
data required time                                                                                                                                                    12.226
----------------------------------------------------------------------------------------------------------------------------------------------------------------------------
data required time                                                                                                                                                    12.226
data arrival time                                                                                                                                                    -27.753
----------------------------------------------------------------------------------------------------------------------------------------------------------------------------
slack (VIOLATED)                                                                                                                                                     -15.527


#Path 20
Startpoint: $auto$ff.cc:266:slice$16654.Q[0] (FDCE_ZINI clocked by dut.u_uart.clk)
Endpoint  : $auto$ff.cc:266:slice$16666.D[0] (FDCE_ZINI clocked by dut.u_uart.clk)
Path Type : setup

Point                                                                                                                                                         Incr      Path
----------------------------------------------------------------------------------------------------------------------------------------------------------------------------
clock dut.u_uart.clk (rise edge)                                                                                                                             0.000     0.000
clock source latency                                                                                                                                         0.000     0.000
$iopadmap$fpga_top.CLK100MHZ.O[0] (IBUF_VPR)                                                                                                                 0.000     0.000
$auto$ff.cc:266:slice$16654.C[0] (FDCE_ZINI)                                                                                                                 2.180     2.180
$auto$ff.cc:266:slice$16654.Q[0] (FDCE_ZINI) [clock-to-output]                                                                                               0.303     2.483
$auto$alumacc.cc:485:replace_alu$15695.X[0].in[0] (.names)                                                                                                   2.180     4.663
$auto$alumacc.cc:485:replace_alu$15695.X[0].out[0] (.names)                                                                                                  0.152     4.815
$auto$alumacc.cc:485:replace_alu$15695.genblk1.slice[0].genblk1.carry4.S0[0] (CARRY4_VPR)                                                                    2.180     6.995
$auto$alumacc.cc:485:replace_alu$15695.genblk1.slice[0].genblk1.carry4.CO3[0] (CARRY4_VPR)                                                                   0.508     7.503
$techmap17604$auto$alumacc.cc:485:replace_alu$15695.genblk1.slice[1].genblk1.carry4.genblk2.genblk1.cin_plug.CIN[0] (CARRY_COUT_PLUG)                        2.180     9.683
$techmap17604$auto$alumacc.cc:485:replace_alu$15695.genblk1.slice[1].genblk1.carry4.genblk2.genblk1.cin_plug.COUT[0] (CARRY_COUT_PLUG)                       0.000     9.683
$auto$alumacc.cc:485:replace_alu$15695.genblk1.slice[1].genblk1.carry4.CIN[0] (CARRY4_VPR)                                                                   2.180    11.863
$auto$alumacc.cc:485:replace_alu$15695.genblk1.slice[1].genblk1.carry4.CO3[0] (CARRY4_VPR)                                                                   0.114    11.977
$techmap17605$auto$alumacc.cc:485:replace_alu$15695.genblk1.slice[2].genblk1.carry4.genblk2.genblk1.cin_plug.CIN[0] (CARRY_COUT_PLUG)                        2.180    14.157
$techmap17605$auto$alumacc.cc:485:replace_alu$15695.genblk1.slice[2].genblk1.carry4.genblk2.genblk1.cin_plug.COUT[0] (CARRY_COUT_PLUG)                       0.000    14.157
$auto$alumacc.cc:485:replace_alu$15695.genblk1.slice[2].genblk1.carry4.CIN[0] (CARRY4_VPR)                                                                   2.180    16.338
$auto$alumacc.cc:485:replace_alu$15695.genblk1.slice[2].genblk1.carry4.CO3[0] (CARRY4_VPR)                                                                   0.114    16.452
$techmap17606$auto$alumacc.cc:485:replace_alu$15695.genblk1.slice[3].genblk1.carry4.genblk2.genblk1.cin_plug.CIN[0] (CARRY_COUT_PLUG)                        2.180    18.632
$techmap17606$auto$alumacc.cc:485:replace_alu$15695.genblk1.slice[3].genblk1.carry4.genblk2.genblk1.cin_plug.COUT[0] (CARRY_COUT_PLUG)                       0.000    18.632
$auto$alumacc.cc:485:replace_alu$15695.genblk1.slice[3].genblk1.carry4.CIN[0] (CARRY4_VPR)                                                                   2.180    20.812
$auto$alumacc.cc:485:replace_alu$15695.genblk1.slice[3].genblk1.carry4.O0[0] (CARRY4_VPR)                                                                    0.222    21.034
$abc$17309$auto$blifparse.cc:525:parse_blif$17348.T0.in[0] (.names)                                                                                          2.180    23.214
$abc$17309$auto$blifparse.cc:525:parse_blif$17348.T0.out[0] (.names)                                                                                         0.152    23.366
$abc$17309$auto$blifparse.cc:525:parse_blif$17348.fpga_mux_0.I0[0] (MUXF6)                                                                                   2.180    25.546
$abc$17309$auto$blifparse.cc:525:parse_blif$17348.fpga_mux_0.O[0] (MUXF6)                                                                                    0.010    25.556
$auto$ff.cc:266:slice$16666.D[0] (FDCE_ZINI)                                                                                                                 2.180    27.736
data arrival time                                                                                                                                                     27.736

clock dut.u_uart.clk (rise edge)                                                                                                                            10.000    10.000
clock source latency                                                                                                                                         0.000    10.000
$iopadmap$fpga_top.CLK100MHZ.O[0] (IBUF_VPR)                                                                                                                 0.000    10.000
$auto$ff.cc:266:slice$16666.C[0] (FDCE_ZINI)                                                                                                                 2.180    12.180
clock uncertainty                                                                                                                                            0.000    12.180
cell setup time                                                                                                                                              0.046    12.226
data required time                                                                                                                                                    12.226
----------------------------------------------------------------------------------------------------------------------------------------------------------------------------
data required time                                                                                                                                                    12.226
data arrival time                                                                                                                                                    -27.736
----------------------------------------------------------------------------------------------------------------------------------------------------------------------------
slack (VIOLATED)                                                                                                                                                     -15.510


#Path 21
Startpoint: $auto$ff.cc:266:slice$16654.Q[0] (FDCE_ZINI clocked by dut.u_uart.clk)
Endpoint  : $auto$ff.cc:266:slice$16663.D[0] (FDCE_ZINI clocked by dut.u_uart.clk)
Path Type : setup

Point                                                                                                                                                         Incr      Path
----------------------------------------------------------------------------------------------------------------------------------------------------------------------------
clock dut.u_uart.clk (rise edge)                                                                                                                             0.000     0.000
clock source latency                                                                                                                                         0.000     0.000
$iopadmap$fpga_top.CLK100MHZ.O[0] (IBUF_VPR)                                                                                                                 0.000     0.000
$auto$ff.cc:266:slice$16654.C[0] (FDCE_ZINI)                                                                                                                 2.180     2.180
$auto$ff.cc:266:slice$16654.Q[0] (FDCE_ZINI) [clock-to-output]                                                                                               0.303     2.483
$auto$alumacc.cc:485:replace_alu$15695.X[0].in[0] (.names)                                                                                                   2.180     4.663
$auto$alumacc.cc:485:replace_alu$15695.X[0].out[0] (.names)                                                                                                  0.152     4.815
$auto$alumacc.cc:485:replace_alu$15695.genblk1.slice[0].genblk1.carry4.S0[0] (CARRY4_VPR)                                                                    2.180     6.995
$auto$alumacc.cc:485:replace_alu$15695.genblk1.slice[0].genblk1.carry4.CO3[0] (CARRY4_VPR)                                                                   0.508     7.503
$techmap17604$auto$alumacc.cc:485:replace_alu$15695.genblk1.slice[1].genblk1.carry4.genblk2.genblk1.cin_plug.CIN[0] (CARRY_COUT_PLUG)                        2.180     9.683
$techmap17604$auto$alumacc.cc:485:replace_alu$15695.genblk1.slice[1].genblk1.carry4.genblk2.genblk1.cin_plug.COUT[0] (CARRY_COUT_PLUG)                       0.000     9.683
$auto$alumacc.cc:485:replace_alu$15695.genblk1.slice[1].genblk1.carry4.CIN[0] (CARRY4_VPR)                                                                   2.180    11.863
$auto$alumacc.cc:485:replace_alu$15695.genblk1.slice[1].genblk1.carry4.CO3[0] (CARRY4_VPR)                                                                   0.114    11.977
$techmap17605$auto$alumacc.cc:485:replace_alu$15695.genblk1.slice[2].genblk1.carry4.genblk2.genblk1.cin_plug.CIN[0] (CARRY_COUT_PLUG)                        2.180    14.157
$techmap17605$auto$alumacc.cc:485:replace_alu$15695.genblk1.slice[2].genblk1.carry4.genblk2.genblk1.cin_plug.COUT[0] (CARRY_COUT_PLUG)                       0.000    14.157
$auto$alumacc.cc:485:replace_alu$15695.genblk1.slice[2].genblk1.carry4.CIN[0] (CARRY4_VPR)                                                                   2.180    16.338
$auto$alumacc.cc:485:replace_alu$15695.genblk1.slice[2].genblk1.carry4.O1[0] (CARRY4_VPR)                                                                    0.334    16.672
$abc$17309$auto$blifparse.cc:525:parse_blif$17345.T0.in[0] (.names)                                                                                          2.180    18.852
$abc$17309$auto$blifparse.cc:525:parse_blif$17345.T0.out[0] (.names)                                                                                         0.152    19.004
$abc$17309$auto$blifparse.cc:525:parse_blif$17345.fpga_mux_0.I0[0] (MUXF6)                                                                                   2.180    21.184
$abc$17309$auto$blifparse.cc:525:parse_blif$17345.fpga_mux_0.O[0] (MUXF6)                                                                                    0.010    21.194
$auto$ff.cc:266:slice$16663.D[0] (FDCE_ZINI)                                                                                                                 2.180    23.374
data arrival time                                                                                                                                                     23.374

clock dut.u_uart.clk (rise edge)                                                                                                                            10.000    10.000
clock source latency                                                                                                                                         0.000    10.000
$iopadmap$fpga_top.CLK100MHZ.O[0] (IBUF_VPR)                                                                                                                 0.000    10.000
$auto$ff.cc:266:slice$16663.C[0] (FDCE_ZINI)                                                                                                                 2.180    12.180
clock uncertainty                                                                                                                                            0.000    12.180
cell setup time                                                                                                                                              0.046    12.226
data required time                                                                                                                                                    12.226
----------------------------------------------------------------------------------------------------------------------------------------------------------------------------
data required time                                                                                                                                                    12.226
data arrival time                                                                                                                                                    -23.374
----------------------------------------------------------------------------------------------------------------------------------------------------------------------------
slack (VIOLATED)                                                                                                                                                     -11.148


#Path 22
Startpoint: $auto$ff.cc:266:slice$16654.Q[0] (FDCE_ZINI clocked by dut.u_uart.clk)
Endpoint  : $auto$ff.cc:266:slice$16665.D[0] (FDCE_ZINI clocked by dut.u_uart.clk)
Path Type : setup

Point                                                                                                                                                         Incr      Path
----------------------------------------------------------------------------------------------------------------------------------------------------------------------------
clock dut.u_uart.clk (rise edge)                                                                                                                             0.000     0.000
clock source latency                                                                                                                                         0.000     0.000
$iopadmap$fpga_top.CLK100MHZ.O[0] (IBUF_VPR)                                                                                                                 0.000     0.000
$auto$ff.cc:266:slice$16654.C[0] (FDCE_ZINI)                                                                                                                 2.180     2.180
$auto$ff.cc:266:slice$16654.Q[0] (FDCE_ZINI) [clock-to-output]                                                                                               0.303     2.483
$auto$alumacc.cc:485:replace_alu$15695.X[0].in[0] (.names)                                                                                                   2.180     4.663
$auto$alumacc.cc:485:replace_alu$15695.X[0].out[0] (.names)                                                                                                  0.152     4.815
$auto$alumacc.cc:485:replace_alu$15695.genblk1.slice[0].genblk1.carry4.S0[0] (CARRY4_VPR)                                                                    2.180     6.995
$auto$alumacc.cc:485:replace_alu$15695.genblk1.slice[0].genblk1.carry4.CO3[0] (CARRY4_VPR)                                                                   0.508     7.503
$techmap17604$auto$alumacc.cc:485:replace_alu$15695.genblk1.slice[1].genblk1.carry4.genblk2.genblk1.cin_plug.CIN[0] (CARRY_COUT_PLUG)                        2.180     9.683
$techmap17604$auto$alumacc.cc:485:replace_alu$15695.genblk1.slice[1].genblk1.carry4.genblk2.genblk1.cin_plug.COUT[0] (CARRY_COUT_PLUG)                       0.000     9.683
$auto$alumacc.cc:485:replace_alu$15695.genblk1.slice[1].genblk1.carry4.CIN[0] (CARRY4_VPR)                                                                   2.180    11.863
$auto$alumacc.cc:485:replace_alu$15695.genblk1.slice[1].genblk1.carry4.CO3[0] (CARRY4_VPR)                                                                   0.114    11.977
$techmap17605$auto$alumacc.cc:485:replace_alu$15695.genblk1.slice[2].genblk1.carry4.genblk2.genblk1.cin_plug.CIN[0] (CARRY_COUT_PLUG)                        2.180    14.157
$techmap17605$auto$alumacc.cc:485:replace_alu$15695.genblk1.slice[2].genblk1.carry4.genblk2.genblk1.cin_plug.COUT[0] (CARRY_COUT_PLUG)                       0.000    14.157
$auto$alumacc.cc:485:replace_alu$15695.genblk1.slice[2].genblk1.carry4.CIN[0] (CARRY4_VPR)                                                                   2.180    16.338
$auto$alumacc.cc:485:replace_alu$15695.genblk1.slice[2].genblk1.carry4.O3[0] (CARRY4_VPR)                                                                    0.313    16.651
$abc$17309$auto$blifparse.cc:525:parse_blif$17347.T0.in[0] (.names)                                                                                          2.180    18.831
$abc$17309$auto$blifparse.cc:525:parse_blif$17347.T0.out[0] (.names)                                                                                         0.152    18.983
$abc$17309$auto$blifparse.cc:525:parse_blif$17347.fpga_mux_0.I0[0] (MUXF6)                                                                                   2.180    21.163
$abc$17309$auto$blifparse.cc:525:parse_blif$17347.fpga_mux_0.O[0] (MUXF6)                                                                                    0.010    21.173
$auto$ff.cc:266:slice$16665.D[0] (FDCE_ZINI)                                                                                                                 2.180    23.353
data arrival time                                                                                                                                                     23.353

clock dut.u_uart.clk (rise edge)                                                                                                                            10.000    10.000
clock source latency                                                                                                                                         0.000    10.000
$iopadmap$fpga_top.CLK100MHZ.O[0] (IBUF_VPR)                                                                                                                 0.000    10.000
$auto$ff.cc:266:slice$16665.C[0] (FDCE_ZINI)                                                                                                                 2.180    12.180
clock uncertainty                                                                                                                                            0.000    12.180
cell setup time                                                                                                                                              0.046    12.226
data required time                                                                                                                                                    12.226
----------------------------------------------------------------------------------------------------------------------------------------------------------------------------
data required time                                                                                                                                                    12.226
data arrival time                                                                                                                                                    -23.353
----------------------------------------------------------------------------------------------------------------------------------------------------------------------------
slack (VIOLATED)                                                                                                                                                     -11.127


#Path 23
Startpoint: $auto$ff.cc:266:slice$16654.Q[0] (FDCE_ZINI clocked by dut.u_uart.clk)
Endpoint  : $auto$ff.cc:266:slice$16664.D[0] (FDCE_ZINI clocked by dut.u_uart.clk)
Path Type : setup

Point                                                                                                                                                         Incr      Path
----------------------------------------------------------------------------------------------------------------------------------------------------------------------------
clock dut.u_uart.clk (rise edge)                                                                                                                             0.000     0.000
clock source latency                                                                                                                                         0.000     0.000
$iopadmap$fpga_top.CLK100MHZ.O[0] (IBUF_VPR)                                                                                                                 0.000     0.000
$auto$ff.cc:266:slice$16654.C[0] (FDCE_ZINI)                                                                                                                 2.180     2.180
$auto$ff.cc:266:slice$16654.Q[0] (FDCE_ZINI) [clock-to-output]                                                                                               0.303     2.483
$auto$alumacc.cc:485:replace_alu$15695.X[0].in[0] (.names)                                                                                                   2.180     4.663
$auto$alumacc.cc:485:replace_alu$15695.X[0].out[0] (.names)                                                                                                  0.152     4.815
$auto$alumacc.cc:485:replace_alu$15695.genblk1.slice[0].genblk1.carry4.S0[0] (CARRY4_VPR)                                                                    2.180     6.995
$auto$alumacc.cc:485:replace_alu$15695.genblk1.slice[0].genblk1.carry4.CO3[0] (CARRY4_VPR)                                                                   0.508     7.503
$techmap17604$auto$alumacc.cc:485:replace_alu$15695.genblk1.slice[1].genblk1.carry4.genblk2.genblk1.cin_plug.CIN[0] (CARRY_COUT_PLUG)                        2.180     9.683
$techmap17604$auto$alumacc.cc:485:replace_alu$15695.genblk1.slice[1].genblk1.carry4.genblk2.genblk1.cin_plug.COUT[0] (CARRY_COUT_PLUG)                       0.000     9.683
$auto$alumacc.cc:485:replace_alu$15695.genblk1.slice[1].genblk1.carry4.CIN[0] (CARRY4_VPR)                                                                   2.180    11.863
$auto$alumacc.cc:485:replace_alu$15695.genblk1.slice[1].genblk1.carry4.CO3[0] (CARRY4_VPR)                                                                   0.114    11.977
$techmap17605$auto$alumacc.cc:485:replace_alu$15695.genblk1.slice[2].genblk1.carry4.genblk2.genblk1.cin_plug.CIN[0] (CARRY_COUT_PLUG)                        2.180    14.157
$techmap17605$auto$alumacc.cc:485:replace_alu$15695.genblk1.slice[2].genblk1.carry4.genblk2.genblk1.cin_plug.COUT[0] (CARRY_COUT_PLUG)                       0.000    14.157
$auto$alumacc.cc:485:replace_alu$15695.genblk1.slice[2].genblk1.carry4.CIN[0] (CARRY4_VPR)                                                                   2.180    16.338
$auto$alumacc.cc:485:replace_alu$15695.genblk1.slice[2].genblk1.carry4.O2[0] (CARRY4_VPR)                                                                    0.239    16.577
$abc$17309$auto$blifparse.cc:525:parse_blif$17346.T0.in[0] (.names)                                                                                          2.180    18.757
$abc$17309$auto$blifparse.cc:525:parse_blif$17346.T0.out[0] (.names)                                                                                         0.152    18.909
$abc$17309$auto$blifparse.cc:525:parse_blif$17346.fpga_mux_0.I0[0] (MUXF6)                                                                                   2.180    21.089
$abc$17309$auto$blifparse.cc:525:parse_blif$17346.fpga_mux_0.O[0] (MUXF6)                                                                                    0.010    21.099
$auto$ff.cc:266:slice$16664.D[0] (FDCE_ZINI)                                                                                                                 2.180    23.279
data arrival time                                                                                                                                                     23.279

clock dut.u_uart.clk (rise edge)                                                                                                                            10.000    10.000
clock source latency                                                                                                                                         0.000    10.000
$iopadmap$fpga_top.CLK100MHZ.O[0] (IBUF_VPR)                                                                                                                 0.000    10.000
$auto$ff.cc:266:slice$16664.C[0] (FDCE_ZINI)                                                                                                                 2.180    12.180
clock uncertainty                                                                                                                                            0.000    12.180
cell setup time                                                                                                                                              0.046    12.226
data required time                                                                                                                                                    12.226
----------------------------------------------------------------------------------------------------------------------------------------------------------------------------
data required time                                                                                                                                                    12.226
data arrival time                                                                                                                                                    -23.279
----------------------------------------------------------------------------------------------------------------------------------------------------------------------------
slack (VIOLATED)                                                                                                                                                     -11.053


#Path 24
Startpoint: $auto$ff.cc:266:slice$16654.Q[0] (FDCE_ZINI clocked by dut.u_uart.clk)
Endpoint  : $auto$ff.cc:266:slice$16662.D[0] (FDCE_ZINI clocked by dut.u_uart.clk)
Path Type : setup

Point                                                                                                                                                         Incr      Path
----------------------------------------------------------------------------------------------------------------------------------------------------------------------------
clock dut.u_uart.clk (rise edge)                                                                                                                             0.000     0.000
clock source latency                                                                                                                                         0.000     0.000
$iopadmap$fpga_top.CLK100MHZ.O[0] (IBUF_VPR)                                                                                                                 0.000     0.000
$auto$ff.cc:266:slice$16654.C[0] (FDCE_ZINI)                                                                                                                 2.180     2.180
$auto$ff.cc:266:slice$16654.Q[0] (FDCE_ZINI) [clock-to-output]                                                                                               0.303     2.483
$auto$alumacc.cc:485:replace_alu$15695.X[0].in[0] (.names)                                                                                                   2.180     4.663
$auto$alumacc.cc:485:replace_alu$15695.X[0].out[0] (.names)                                                                                                  0.152     4.815
$auto$alumacc.cc:485:replace_alu$15695.genblk1.slice[0].genblk1.carry4.S0[0] (CARRY4_VPR)                                                                    2.180     6.995
$auto$alumacc.cc:485:replace_alu$15695.genblk1.slice[0].genblk1.carry4.CO3[0] (CARRY4_VPR)                                                                   0.508     7.503
$techmap17604$auto$alumacc.cc:485:replace_alu$15695.genblk1.slice[1].genblk1.carry4.genblk2.genblk1.cin_plug.CIN[0] (CARRY_COUT_PLUG)                        2.180     9.683
$techmap17604$auto$alumacc.cc:485:replace_alu$15695.genblk1.slice[1].genblk1.carry4.genblk2.genblk1.cin_plug.COUT[0] (CARRY_COUT_PLUG)                       0.000     9.683
$auto$alumacc.cc:485:replace_alu$15695.genblk1.slice[1].genblk1.carry4.CIN[0] (CARRY4_VPR)                                                                   2.180    11.863
$auto$alumacc.cc:485:replace_alu$15695.genblk1.slice[1].genblk1.carry4.CO3[0] (CARRY4_VPR)                                                                   0.114    11.977
$techmap17605$auto$alumacc.cc:485:replace_alu$15695.genblk1.slice[2].genblk1.carry4.genblk2.genblk1.cin_plug.CIN[0] (CARRY_COUT_PLUG)                        2.180    14.157
$techmap17605$auto$alumacc.cc:485:replace_alu$15695.genblk1.slice[2].genblk1.carry4.genblk2.genblk1.cin_plug.COUT[0] (CARRY_COUT_PLUG)                       0.000    14.157
$auto$alumacc.cc:485:replace_alu$15695.genblk1.slice[2].genblk1.carry4.CIN[0] (CARRY4_VPR)                                                                   2.180    16.338
$auto$alumacc.cc:485:replace_alu$15695.genblk1.slice[2].genblk1.carry4.O0[0] (CARRY4_VPR)                                                                    0.222    16.560
$abc$17309$auto$blifparse.cc:525:parse_blif$17344.T0.in[0] (.names)                                                                                          2.180    18.740
$abc$17309$auto$blifparse.cc:525:parse_blif$17344.T0.out[0] (.names)                                                                                         0.152    18.892
$abc$17309$auto$blifparse.cc:525:parse_blif$17344.fpga_mux_0.I0[0] (MUXF6)                                                                                   2.180    21.072
$abc$17309$auto$blifparse.cc:525:parse_blif$17344.fpga_mux_0.O[0] (MUXF6)                                                                                    0.010    21.082
$auto$ff.cc:266:slice$16662.D[0] (FDCE_ZINI)                                                                                                                 2.180    23.262
data arrival time                                                                                                                                                     23.262

clock dut.u_uart.clk (rise edge)                                                                                                                            10.000    10.000
clock source latency                                                                                                                                         0.000    10.000
$iopadmap$fpga_top.CLK100MHZ.O[0] (IBUF_VPR)                                                                                                                 0.000    10.000
$auto$ff.cc:266:slice$16662.C[0] (FDCE_ZINI)                                                                                                                 2.180    12.180
clock uncertainty                                                                                                                                            0.000    12.180
cell setup time                                                                                                                                              0.046    12.226
data required time                                                                                                                                                    12.226
----------------------------------------------------------------------------------------------------------------------------------------------------------------------------
data required time                                                                                                                                                    12.226
data arrival time                                                                                                                                                    -23.262
----------------------------------------------------------------------------------------------------------------------------------------------------------------------------
slack (VIOLATED)                                                                                                                                                     -11.036


#Path 25
Startpoint: $auto$ff.cc:266:slice$16654.Q[0] (FDCE_ZINI clocked by dut.u_uart.clk)
Endpoint  : $auto$ff.cc:266:slice$16659.D[0] (FDCE_ZINI clocked by dut.u_uart.clk)
Path Type : setup

Point                                                                                                                                                         Incr      Path
----------------------------------------------------------------------------------------------------------------------------------------------------------------------------
clock dut.u_uart.clk (rise edge)                                                                                                                             0.000     0.000
clock source latency                                                                                                                                         0.000     0.000
$iopadmap$fpga_top.CLK100MHZ.O[0] (IBUF_VPR)                                                                                                                 0.000     0.000
$auto$ff.cc:266:slice$16654.C[0] (FDCE_ZINI)                                                                                                                 2.180     2.180
$auto$ff.cc:266:slice$16654.Q[0] (FDCE_ZINI) [clock-to-output]                                                                                               0.303     2.483
$auto$alumacc.cc:485:replace_alu$15695.X[0].in[0] (.names)                                                                                                   2.180     4.663
$auto$alumacc.cc:485:replace_alu$15695.X[0].out[0] (.names)                                                                                                  0.152     4.815
$auto$alumacc.cc:485:replace_alu$15695.genblk1.slice[0].genblk1.carry4.S0[0] (CARRY4_VPR)                                                                    2.180     6.995
$auto$alumacc.cc:485:replace_alu$15695.genblk1.slice[0].genblk1.carry4.CO3[0] (CARRY4_VPR)                                                                   0.508     7.503
$techmap17604$auto$alumacc.cc:485:replace_alu$15695.genblk1.slice[1].genblk1.carry4.genblk2.genblk1.cin_plug.CIN[0] (CARRY_COUT_PLUG)                        2.180     9.683
$techmap17604$auto$alumacc.cc:485:replace_alu$15695.genblk1.slice[1].genblk1.carry4.genblk2.genblk1.cin_plug.COUT[0] (CARRY_COUT_PLUG)                       0.000     9.683
$auto$alumacc.cc:485:replace_alu$15695.genblk1.slice[1].genblk1.carry4.CIN[0] (CARRY4_VPR)                                                                   2.180    11.863
$auto$alumacc.cc:485:replace_alu$15695.genblk1.slice[1].genblk1.carry4.O1[0] (CARRY4_VPR)                                                                    0.334    12.197
$abc$17309$auto$blifparse.cc:525:parse_blif$17341.T0.in[0] (.names)                                                                                          2.180    14.377
$abc$17309$auto$blifparse.cc:525:parse_blif$17341.T0.out[0] (.names)                                                                                         0.152    14.529
$abc$17309$auto$blifparse.cc:525:parse_blif$17341.fpga_mux_0.I0[0] (MUXF6)                                                                                   2.180    16.710
$abc$17309$auto$blifparse.cc:525:parse_blif$17341.fpga_mux_0.O[0] (MUXF6)                                                                                    0.010    16.720
$auto$ff.cc:266:slice$16659.D[0] (FDCE_ZINI)                                                                                                                 2.180    18.900
data arrival time                                                                                                                                                     18.900

clock dut.u_uart.clk (rise edge)                                                                                                                            10.000    10.000
clock source latency                                                                                                                                         0.000    10.000
$iopadmap$fpga_top.CLK100MHZ.O[0] (IBUF_VPR)                                                                                                                 0.000    10.000
$auto$ff.cc:266:slice$16659.C[0] (FDCE_ZINI)                                                                                                                 2.180    12.180
clock uncertainty                                                                                                                                            0.000    12.180
cell setup time                                                                                                                                              0.046    12.226
data required time                                                                                                                                                    12.226
----------------------------------------------------------------------------------------------------------------------------------------------------------------------------
data required time                                                                                                                                                    12.226
data arrival time                                                                                                                                                    -18.900
----------------------------------------------------------------------------------------------------------------------------------------------------------------------------
slack (VIOLATED)                                                                                                                                                      -6.674


#Path 26
Startpoint: $auto$ff.cc:266:slice$16654.Q[0] (FDCE_ZINI clocked by dut.u_uart.clk)
Endpoint  : $auto$ff.cc:266:slice$16661.D[0] (FDCE_ZINI clocked by dut.u_uart.clk)
Path Type : setup

Point                                                                                                                                                         Incr      Path
----------------------------------------------------------------------------------------------------------------------------------------------------------------------------
clock dut.u_uart.clk (rise edge)                                                                                                                             0.000     0.000
clock source latency                                                                                                                                         0.000     0.000
$iopadmap$fpga_top.CLK100MHZ.O[0] (IBUF_VPR)                                                                                                                 0.000     0.000
$auto$ff.cc:266:slice$16654.C[0] (FDCE_ZINI)                                                                                                                 2.180     2.180
$auto$ff.cc:266:slice$16654.Q[0] (FDCE_ZINI) [clock-to-output]                                                                                               0.303     2.483
$auto$alumacc.cc:485:replace_alu$15695.X[0].in[0] (.names)                                                                                                   2.180     4.663
$auto$alumacc.cc:485:replace_alu$15695.X[0].out[0] (.names)                                                                                                  0.152     4.815
$auto$alumacc.cc:485:replace_alu$15695.genblk1.slice[0].genblk1.carry4.S0[0] (CARRY4_VPR)                                                                    2.180     6.995
$auto$alumacc.cc:485:replace_alu$15695.genblk1.slice[0].genblk1.carry4.CO3[0] (CARRY4_VPR)                                                                   0.508     7.503
$techmap17604$auto$alumacc.cc:485:replace_alu$15695.genblk1.slice[1].genblk1.carry4.genblk2.genblk1.cin_plug.CIN[0] (CARRY_COUT_PLUG)                        2.180     9.683
$techmap17604$auto$alumacc.cc:485:replace_alu$15695.genblk1.slice[1].genblk1.carry4.genblk2.genblk1.cin_plug.COUT[0] (CARRY_COUT_PLUG)                       0.000     9.683
$auto$alumacc.cc:485:replace_alu$15695.genblk1.slice[1].genblk1.carry4.CIN[0] (CARRY4_VPR)                                                                   2.180    11.863
$auto$alumacc.cc:485:replace_alu$15695.genblk1.slice[1].genblk1.carry4.O3[0] (CARRY4_VPR)                                                                    0.313    12.176
$abc$17309$auto$blifparse.cc:525:parse_blif$17343.T0.in[0] (.names)                                                                                          2.180    14.356
$abc$17309$auto$blifparse.cc:525:parse_blif$17343.T0.out[0] (.names)                                                                                         0.152    14.508
$abc$17309$auto$blifparse.cc:525:parse_blif$17343.fpga_mux_0.I0[0] (MUXF6)                                                                                   2.180    16.689
$abc$17309$auto$blifparse.cc:525:parse_blif$17343.fpga_mux_0.O[0] (MUXF6)                                                                                    0.010    16.699
$auto$ff.cc:266:slice$16661.D[0] (FDCE_ZINI)                                                                                                                 2.180    18.879
data arrival time                                                                                                                                                     18.879

clock dut.u_uart.clk (rise edge)                                                                                                                            10.000    10.000
clock source latency                                                                                                                                         0.000    10.000
$iopadmap$fpga_top.CLK100MHZ.O[0] (IBUF_VPR)                                                                                                                 0.000    10.000
$auto$ff.cc:266:slice$16661.C[0] (FDCE_ZINI)                                                                                                                 2.180    12.180
clock uncertainty                                                                                                                                            0.000    12.180
cell setup time                                                                                                                                              0.046    12.226
data required time                                                                                                                                                    12.226
----------------------------------------------------------------------------------------------------------------------------------------------------------------------------
data required time                                                                                                                                                    12.226
data arrival time                                                                                                                                                    -18.879
----------------------------------------------------------------------------------------------------------------------------------------------------------------------------
slack (VIOLATED)                                                                                                                                                      -6.653


#Path 27
Startpoint: $auto$ff.cc:266:slice$16654.Q[0] (FDCE_ZINI clocked by dut.u_uart.clk)
Endpoint  : $auto$ff.cc:266:slice$16660.D[0] (FDCE_ZINI clocked by dut.u_uart.clk)
Path Type : setup

Point                                                                                                                                                         Incr      Path
----------------------------------------------------------------------------------------------------------------------------------------------------------------------------
clock dut.u_uart.clk (rise edge)                                                                                                                             0.000     0.000
clock source latency                                                                                                                                         0.000     0.000
$iopadmap$fpga_top.CLK100MHZ.O[0] (IBUF_VPR)                                                                                                                 0.000     0.000
$auto$ff.cc:266:slice$16654.C[0] (FDCE_ZINI)                                                                                                                 2.180     2.180
$auto$ff.cc:266:slice$16654.Q[0] (FDCE_ZINI) [clock-to-output]                                                                                               0.303     2.483
$auto$alumacc.cc:485:replace_alu$15695.X[0].in[0] (.names)                                                                                                   2.180     4.663
$auto$alumacc.cc:485:replace_alu$15695.X[0].out[0] (.names)                                                                                                  0.152     4.815
$auto$alumacc.cc:485:replace_alu$15695.genblk1.slice[0].genblk1.carry4.S0[0] (CARRY4_VPR)                                                                    2.180     6.995
$auto$alumacc.cc:485:replace_alu$15695.genblk1.slice[0].genblk1.carry4.CO3[0] (CARRY4_VPR)                                                                   0.508     7.503
$techmap17604$auto$alumacc.cc:485:replace_alu$15695.genblk1.slice[1].genblk1.carry4.genblk2.genblk1.cin_plug.CIN[0] (CARRY_COUT_PLUG)                        2.180     9.683
$techmap17604$auto$alumacc.cc:485:replace_alu$15695.genblk1.slice[1].genblk1.carry4.genblk2.genblk1.cin_plug.COUT[0] (CARRY_COUT_PLUG)                       0.000     9.683
$auto$alumacc.cc:485:replace_alu$15695.genblk1.slice[1].genblk1.carry4.CIN[0] (CARRY4_VPR)                                                                   2.180    11.863
$auto$alumacc.cc:485:replace_alu$15695.genblk1.slice[1].genblk1.carry4.O2[0] (CARRY4_VPR)                                                                    0.239    12.102
$abc$17309$auto$blifparse.cc:525:parse_blif$17342.T0.in[0] (.names)                                                                                          2.180    14.282
$abc$17309$auto$blifparse.cc:525:parse_blif$17342.T0.out[0] (.names)                                                                                         0.152    14.434
$abc$17309$auto$blifparse.cc:525:parse_blif$17342.fpga_mux_0.I0[0] (MUXF6)                                                                                   2.180    16.615
$abc$17309$auto$blifparse.cc:525:parse_blif$17342.fpga_mux_0.O[0] (MUXF6)                                                                                    0.010    16.625
$auto$ff.cc:266:slice$16660.D[0] (FDCE_ZINI)                                                                                                                 2.180    18.805
data arrival time                                                                                                                                                     18.805

clock dut.u_uart.clk (rise edge)                                                                                                                            10.000    10.000
clock source latency                                                                                                                                         0.000    10.000
$iopadmap$fpga_top.CLK100MHZ.O[0] (IBUF_VPR)                                                                                                                 0.000    10.000
$auto$ff.cc:266:slice$16660.C[0] (FDCE_ZINI)                                                                                                                 2.180    12.180
clock uncertainty                                                                                                                                            0.000    12.180
cell setup time                                                                                                                                              0.046    12.226
data required time                                                                                                                                                    12.226
----------------------------------------------------------------------------------------------------------------------------------------------------------------------------
data required time                                                                                                                                                    12.226
data arrival time                                                                                                                                                    -18.805
----------------------------------------------------------------------------------------------------------------------------------------------------------------------------
slack (VIOLATED)                                                                                                                                                      -6.579


#Path 28
Startpoint: $auto$ff.cc:266:slice$16654.Q[0] (FDCE_ZINI clocked by dut.u_uart.clk)
Endpoint  : $auto$ff.cc:266:slice$16658.D[0] (FDCE_ZINI clocked by dut.u_uart.clk)
Path Type : setup

Point                                                                                                                                                         Incr      Path
----------------------------------------------------------------------------------------------------------------------------------------------------------------------------
clock dut.u_uart.clk (rise edge)                                                                                                                             0.000     0.000
clock source latency                                                                                                                                         0.000     0.000
$iopadmap$fpga_top.CLK100MHZ.O[0] (IBUF_VPR)                                                                                                                 0.000     0.000
$auto$ff.cc:266:slice$16654.C[0] (FDCE_ZINI)                                                                                                                 2.180     2.180
$auto$ff.cc:266:slice$16654.Q[0] (FDCE_ZINI) [clock-to-output]                                                                                               0.303     2.483
$auto$alumacc.cc:485:replace_alu$15695.X[0].in[0] (.names)                                                                                                   2.180     4.663
$auto$alumacc.cc:485:replace_alu$15695.X[0].out[0] (.names)                                                                                                  0.152     4.815
$auto$alumacc.cc:485:replace_alu$15695.genblk1.slice[0].genblk1.carry4.S0[0] (CARRY4_VPR)                                                                    2.180     6.995
$auto$alumacc.cc:485:replace_alu$15695.genblk1.slice[0].genblk1.carry4.CO3[0] (CARRY4_VPR)                                                                   0.508     7.503
$techmap17604$auto$alumacc.cc:485:replace_alu$15695.genblk1.slice[1].genblk1.carry4.genblk2.genblk1.cin_plug.CIN[0] (CARRY_COUT_PLUG)                        2.180     9.683
$techmap17604$auto$alumacc.cc:485:replace_alu$15695.genblk1.slice[1].genblk1.carry4.genblk2.genblk1.cin_plug.COUT[0] (CARRY_COUT_PLUG)                       0.000     9.683
$auto$alumacc.cc:485:replace_alu$15695.genblk1.slice[1].genblk1.carry4.CIN[0] (CARRY4_VPR)                                                                   2.180    11.863
$auto$alumacc.cc:485:replace_alu$15695.genblk1.slice[1].genblk1.carry4.O0[0] (CARRY4_VPR)                                                                    0.222    12.085
$abc$17309$auto$blifparse.cc:525:parse_blif$17340.T0.in[0] (.names)                                                                                          2.180    14.265
$abc$17309$auto$blifparse.cc:525:parse_blif$17340.T0.out[0] (.names)                                                                                         0.152    14.417
$abc$17309$auto$blifparse.cc:525:parse_blif$17340.fpga_mux_0.I0[0] (MUXF6)                                                                                   2.180    16.598
$abc$17309$auto$blifparse.cc:525:parse_blif$17340.fpga_mux_0.O[0] (MUXF6)                                                                                    0.010    16.608
$auto$ff.cc:266:slice$16658.D[0] (FDCE_ZINI)                                                                                                                 2.180    18.788
data arrival time                                                                                                                                                     18.788

clock dut.u_uart.clk (rise edge)                                                                                                                            10.000    10.000
clock source latency                                                                                                                                         0.000    10.000
$iopadmap$fpga_top.CLK100MHZ.O[0] (IBUF_VPR)                                                                                                                 0.000    10.000
$auto$ff.cc:266:slice$16658.C[0] (FDCE_ZINI)                                                                                                                 2.180    12.180
clock uncertainty                                                                                                                                            0.000    12.180
cell setup time                                                                                                                                              0.046    12.226
data required time                                                                                                                                                    12.226
----------------------------------------------------------------------------------------------------------------------------------------------------------------------------
data required time                                                                                                                                                    12.226
data arrival time                                                                                                                                                    -18.788
----------------------------------------------------------------------------------------------------------------------------------------------------------------------------
slack (VIOLATED)                                                                                                                                                      -6.562


#Path 29
Startpoint: $auto$ff.cc:266:slice$16679.Q[0] (FDCE_ZINI clocked by dut.u_uart.clk)
Endpoint  : $auto$ff.cc:266:slice$16468.CE[0] (FDPE_ZINI clocked by dut.u_uart.clk)
Path Type : setup

Point                                                                                                      Incr      Path
-------------------------------------------------------------------------------------------------------------------------
clock dut.u_uart.clk (rise edge)                                                                          0.000     0.000
clock source latency                                                                                      0.000     0.000
$iopadmap$fpga_top.CLK100MHZ.O[0] (IBUF_VPR)                                                              0.000     0.000
$auto$ff.cc:266:slice$16679.C[0] (FDCE_ZINI)                                                              2.180     2.180
$auto$ff.cc:266:slice$16679.Q[0] (FDCE_ZINI) [clock-to-output]                                            0.303     2.483
$techmap17458$abc$17309$auto$blifparse.cc:525:parse_blif$17312.A[4].in[0] (.names)                        2.180     4.663
$techmap17458$abc$17309$auto$blifparse.cc:525:parse_blif$17312.A[4].out[0] (.names)                       0.152     4.815
$abc$17309$auto$blifparse.cc:525:parse_blif$17312.T0.in[0] (.names)                                       2.180     6.995
$abc$17309$auto$blifparse.cc:525:parse_blif$17312.T0.out[0] (.names)                                      0.152     7.147
$abc$17309$auto$blifparse.cc:525:parse_blif$17312.fpga_mux_0.I0[0] (MUXF6)                                2.180     9.327
$abc$17309$auto$blifparse.cc:525:parse_blif$17312.fpga_mux_0.O[0] (MUXF6)                                 0.010     9.337
$abc$17309$auto$blifparse.cc:525:parse_blif$17324.T0.in[1] (.names)                                       2.180    11.517
$abc$17309$auto$blifparse.cc:525:parse_blif$17324.T0.out[0] (.names)                                      0.152    11.669
$abc$17309$auto$blifparse.cc:525:parse_blif$17324.fpga_mux_0.I0[0] (MUXF6)                                2.180    13.849
$abc$17309$auto$blifparse.cc:525:parse_blif$17324.fpga_mux_0.O[0] (MUXF6)                                 0.010    13.859
$auto$ff.cc:266:slice$16468.CE[0] (FDPE_ZINI)                                                             2.180    16.040
data arrival time                                                                                                  16.040

clock dut.u_uart.clk (rise edge)                                                                         10.000    10.000
clock source latency                                                                                      0.000    10.000
$iopadmap$fpga_top.CLK100MHZ.O[0] (IBUF_VPR)                                                              0.000    10.000
$auto$ff.cc:266:slice$16468.C[0] (FDPE_ZINI)                                                              2.180    12.180
clock uncertainty                                                                                         0.000    12.180
cell setup time                                                                                          -0.109    12.071
data required time                                                                                                 12.071
-------------------------------------------------------------------------------------------------------------------------
data required time                                                                                                 12.071
data arrival time                                                                                                 -16.040
-------------------------------------------------------------------------------------------------------------------------
slack (VIOLATED)                                                                                                   -3.968


#Path 30
Startpoint: $auto$ff.cc:266:slice$16679.Q[0] (FDCE_ZINI clocked by dut.u_uart.clk)
Endpoint  : $auto$ff.cc:266:slice$16690.CE[0] (FDCE_ZINI clocked by dut.u_uart.clk)
Path Type : setup

Point                                                                                                      Incr      Path
-------------------------------------------------------------------------------------------------------------------------
clock dut.u_uart.clk (rise edge)                                                                          0.000     0.000
clock source latency                                                                                      0.000     0.000
$iopadmap$fpga_top.CLK100MHZ.O[0] (IBUF_VPR)                                                              0.000     0.000
$auto$ff.cc:266:slice$16679.C[0] (FDCE_ZINI)                                                              2.180     2.180
$auto$ff.cc:266:slice$16679.Q[0] (FDCE_ZINI) [clock-to-output]                                            0.303     2.483
$techmap17458$abc$17309$auto$blifparse.cc:525:parse_blif$17312.A[4].in[0] (.names)                        2.180     4.663
$techmap17458$abc$17309$auto$blifparse.cc:525:parse_blif$17312.A[4].out[0] (.names)                       0.152     4.815
$abc$17309$auto$blifparse.cc:525:parse_blif$17312.T0.in[0] (.names)                                       2.180     6.995
$abc$17309$auto$blifparse.cc:525:parse_blif$17312.T0.out[0] (.names)                                      0.152     7.147
$abc$17309$auto$blifparse.cc:525:parse_blif$17312.fpga_mux_0.I0[0] (MUXF6)                                2.180     9.327
$abc$17309$auto$blifparse.cc:525:parse_blif$17312.fpga_mux_0.O[0] (MUXF6)                                 0.010     9.337
$abc$17309$auto$blifparse.cc:525:parse_blif$17324.T0.in[1] (.names)                                       2.180    11.517
$abc$17309$auto$blifparse.cc:525:parse_blif$17324.T0.out[0] (.names)                                      0.152    11.669
$abc$17309$auto$blifparse.cc:525:parse_blif$17324.fpga_mux_0.I0[0] (MUXF6)                                2.180    13.849
$abc$17309$auto$blifparse.cc:525:parse_blif$17324.fpga_mux_0.O[0] (MUXF6)                                 0.010    13.859
$auto$ff.cc:266:slice$16690.CE[0] (FDCE_ZINI)                                                             2.180    16.040
data arrival time                                                                                                  16.040

clock dut.u_uart.clk (rise edge)                                                                         10.000    10.000
clock source latency                                                                                      0.000    10.000
$iopadmap$fpga_top.CLK100MHZ.O[0] (IBUF_VPR)                                                              0.000    10.000
$auto$ff.cc:266:slice$16690.C[0] (FDCE_ZINI)                                                              2.180    12.180
clock uncertainty                                                                                         0.000    12.180
cell setup time                                                                                          -0.109    12.071
data required time                                                                                                 12.071
-------------------------------------------------------------------------------------------------------------------------
data required time                                                                                                 12.071
data arrival time                                                                                                 -16.040
-------------------------------------------------------------------------------------------------------------------------
slack (VIOLATED)                                                                                                   -3.968


#Path 31
Startpoint: $auto$ff.cc:266:slice$16679.Q[0] (FDCE_ZINI clocked by dut.u_uart.clk)
Endpoint  : $auto$ff.cc:266:slice$16689.CE[0] (FDCE_ZINI clocked by dut.u_uart.clk)
Path Type : setup

Point                                                                                                      Incr      Path
-------------------------------------------------------------------------------------------------------------------------
clock dut.u_uart.clk (rise edge)                                                                          0.000     0.000
clock source latency                                                                                      0.000     0.000
$iopadmap$fpga_top.CLK100MHZ.O[0] (IBUF_VPR)                                                              0.000     0.000
$auto$ff.cc:266:slice$16679.C[0] (FDCE_ZINI)                                                              2.180     2.180
$auto$ff.cc:266:slice$16679.Q[0] (FDCE_ZINI) [clock-to-output]                                            0.303     2.483
$techmap17458$abc$17309$auto$blifparse.cc:525:parse_blif$17312.A[4].in[0] (.names)                        2.180     4.663
$techmap17458$abc$17309$auto$blifparse.cc:525:parse_blif$17312.A[4].out[0] (.names)                       0.152     4.815
$abc$17309$auto$blifparse.cc:525:parse_blif$17312.T0.in[0] (.names)                                       2.180     6.995
$abc$17309$auto$blifparse.cc:525:parse_blif$17312.T0.out[0] (.names)                                      0.152     7.147
$abc$17309$auto$blifparse.cc:525:parse_blif$17312.fpga_mux_0.I0[0] (MUXF6)                                2.180     9.327
$abc$17309$auto$blifparse.cc:525:parse_blif$17312.fpga_mux_0.O[0] (MUXF6)                                 0.010     9.337
$abc$17309$auto$blifparse.cc:525:parse_blif$17324.T0.in[1] (.names)                                       2.180    11.517
$abc$17309$auto$blifparse.cc:525:parse_blif$17324.T0.out[0] (.names)                                      0.152    11.669
$abc$17309$auto$blifparse.cc:525:parse_blif$17324.fpga_mux_0.I0[0] (MUXF6)                                2.180    13.849
$abc$17309$auto$blifparse.cc:525:parse_blif$17324.fpga_mux_0.O[0] (MUXF6)                                 0.010    13.859
$auto$ff.cc:266:slice$16689.CE[0] (FDCE_ZINI)                                                             2.180    16.040
data arrival time                                                                                                  16.040

clock dut.u_uart.clk (rise edge)                                                                         10.000    10.000
clock source latency                                                                                      0.000    10.000
$iopadmap$fpga_top.CLK100MHZ.O[0] (IBUF_VPR)                                                              0.000    10.000
$auto$ff.cc:266:slice$16689.C[0] (FDCE_ZINI)                                                              2.180    12.180
clock uncertainty                                                                                         0.000    12.180
cell setup time                                                                                          -0.109    12.071
data required time                                                                                                 12.071
-------------------------------------------------------------------------------------------------------------------------
data required time                                                                                                 12.071
data arrival time                                                                                                 -16.040
-------------------------------------------------------------------------------------------------------------------------
slack (VIOLATED)                                                                                                   -3.968


#Path 32
Startpoint: $auto$ff.cc:266:slice$16679.Q[0] (FDCE_ZINI clocked by dut.u_uart.clk)
Endpoint  : $auto$ff.cc:266:slice$16688.CE[0] (FDCE_ZINI clocked by dut.u_uart.clk)
Path Type : setup

Point                                                                                                      Incr      Path
-------------------------------------------------------------------------------------------------------------------------
clock dut.u_uart.clk (rise edge)                                                                          0.000     0.000
clock source latency                                                                                      0.000     0.000
$iopadmap$fpga_top.CLK100MHZ.O[0] (IBUF_VPR)                                                              0.000     0.000
$auto$ff.cc:266:slice$16679.C[0] (FDCE_ZINI)                                                              2.180     2.180
$auto$ff.cc:266:slice$16679.Q[0] (FDCE_ZINI) [clock-to-output]                                            0.303     2.483
$techmap17458$abc$17309$auto$blifparse.cc:525:parse_blif$17312.A[4].in[0] (.names)                        2.180     4.663
$techmap17458$abc$17309$auto$blifparse.cc:525:parse_blif$17312.A[4].out[0] (.names)                       0.152     4.815
$abc$17309$auto$blifparse.cc:525:parse_blif$17312.T0.in[0] (.names)                                       2.180     6.995
$abc$17309$auto$blifparse.cc:525:parse_blif$17312.T0.out[0] (.names)                                      0.152     7.147
$abc$17309$auto$blifparse.cc:525:parse_blif$17312.fpga_mux_0.I0[0] (MUXF6)                                2.180     9.327
$abc$17309$auto$blifparse.cc:525:parse_blif$17312.fpga_mux_0.O[0] (MUXF6)                                 0.010     9.337
$abc$17309$auto$blifparse.cc:525:parse_blif$17324.T0.in[1] (.names)                                       2.180    11.517
$abc$17309$auto$blifparse.cc:525:parse_blif$17324.T0.out[0] (.names)                                      0.152    11.669
$abc$17309$auto$blifparse.cc:525:parse_blif$17324.fpga_mux_0.I0[0] (MUXF6)                                2.180    13.849
$abc$17309$auto$blifparse.cc:525:parse_blif$17324.fpga_mux_0.O[0] (MUXF6)                                 0.010    13.859
$auto$ff.cc:266:slice$16688.CE[0] (FDCE_ZINI)                                                             2.180    16.040
data arrival time                                                                                                  16.040

clock dut.u_uart.clk (rise edge)                                                                         10.000    10.000
clock source latency                                                                                      0.000    10.000
$iopadmap$fpga_top.CLK100MHZ.O[0] (IBUF_VPR)                                                              0.000    10.000
$auto$ff.cc:266:slice$16688.C[0] (FDCE_ZINI)                                                              2.180    12.180
clock uncertainty                                                                                         0.000    12.180
cell setup time                                                                                          -0.109    12.071
data required time                                                                                                 12.071
-------------------------------------------------------------------------------------------------------------------------
data required time                                                                                                 12.071
data arrival time                                                                                                 -16.040
-------------------------------------------------------------------------------------------------------------------------
slack (VIOLATED)                                                                                                   -3.968


#Path 33
Startpoint: $auto$ff.cc:266:slice$16679.Q[0] (FDCE_ZINI clocked by dut.u_uart.clk)
Endpoint  : $auto$ff.cc:266:slice$16687.CE[0] (FDCE_ZINI clocked by dut.u_uart.clk)
Path Type : setup

Point                                                                                                      Incr      Path
-------------------------------------------------------------------------------------------------------------------------
clock dut.u_uart.clk (rise edge)                                                                          0.000     0.000
clock source latency                                                                                      0.000     0.000
$iopadmap$fpga_top.CLK100MHZ.O[0] (IBUF_VPR)                                                              0.000     0.000
$auto$ff.cc:266:slice$16679.C[0] (FDCE_ZINI)                                                              2.180     2.180
$auto$ff.cc:266:slice$16679.Q[0] (FDCE_ZINI) [clock-to-output]                                            0.303     2.483
$techmap17458$abc$17309$auto$blifparse.cc:525:parse_blif$17312.A[4].in[0] (.names)                        2.180     4.663
$techmap17458$abc$17309$auto$blifparse.cc:525:parse_blif$17312.A[4].out[0] (.names)                       0.152     4.815
$abc$17309$auto$blifparse.cc:525:parse_blif$17312.T0.in[0] (.names)                                       2.180     6.995
$abc$17309$auto$blifparse.cc:525:parse_blif$17312.T0.out[0] (.names)                                      0.152     7.147
$abc$17309$auto$blifparse.cc:525:parse_blif$17312.fpga_mux_0.I0[0] (MUXF6)                                2.180     9.327
$abc$17309$auto$blifparse.cc:525:parse_blif$17312.fpga_mux_0.O[0] (MUXF6)                                 0.010     9.337
$abc$17309$auto$blifparse.cc:525:parse_blif$17324.T0.in[1] (.names)                                       2.180    11.517
$abc$17309$auto$blifparse.cc:525:parse_blif$17324.T0.out[0] (.names)                                      0.152    11.669
$abc$17309$auto$blifparse.cc:525:parse_blif$17324.fpga_mux_0.I0[0] (MUXF6)                                2.180    13.849
$abc$17309$auto$blifparse.cc:525:parse_blif$17324.fpga_mux_0.O[0] (MUXF6)                                 0.010    13.859
$auto$ff.cc:266:slice$16687.CE[0] (FDCE_ZINI)                                                             2.180    16.040
data arrival time                                                                                                  16.040

clock dut.u_uart.clk (rise edge)                                                                         10.000    10.000
clock source latency                                                                                      0.000    10.000
$iopadmap$fpga_top.CLK100MHZ.O[0] (IBUF_VPR)                                                              0.000    10.000
$auto$ff.cc:266:slice$16687.C[0] (FDCE_ZINI)                                                              2.180    12.180
clock uncertainty                                                                                         0.000    12.180
cell setup time                                                                                          -0.109    12.071
data required time                                                                                                 12.071
-------------------------------------------------------------------------------------------------------------------------
data required time                                                                                                 12.071
data arrival time                                                                                                 -16.040
-------------------------------------------------------------------------------------------------------------------------
slack (VIOLATED)                                                                                                   -3.968


#Path 34
Startpoint: $auto$ff.cc:266:slice$16679.Q[0] (FDCE_ZINI clocked by dut.u_uart.clk)
Endpoint  : $auto$ff.cc:266:slice$16467.CE[0] (FDPE_ZINI clocked by dut.u_uart.clk)
Path Type : setup

Point                                                                                                      Incr      Path
-------------------------------------------------------------------------------------------------------------------------
clock dut.u_uart.clk (rise edge)                                                                          0.000     0.000
clock source latency                                                                                      0.000     0.000
$iopadmap$fpga_top.CLK100MHZ.O[0] (IBUF_VPR)                                                              0.000     0.000
$auto$ff.cc:266:slice$16679.C[0] (FDCE_ZINI)                                                              2.180     2.180
$auto$ff.cc:266:slice$16679.Q[0] (FDCE_ZINI) [clock-to-output]                                            0.303     2.483
$techmap17458$abc$17309$auto$blifparse.cc:525:parse_blif$17312.A[4].in[0] (.names)                        2.180     4.663
$techmap17458$abc$17309$auto$blifparse.cc:525:parse_blif$17312.A[4].out[0] (.names)                       0.152     4.815
$abc$17309$auto$blifparse.cc:525:parse_blif$17312.T0.in[0] (.names)                                       2.180     6.995
$abc$17309$auto$blifparse.cc:525:parse_blif$17312.T0.out[0] (.names)                                      0.152     7.147
$abc$17309$auto$blifparse.cc:525:parse_blif$17312.fpga_mux_0.I0[0] (MUXF6)                                2.180     9.327
$abc$17309$auto$blifparse.cc:525:parse_blif$17312.fpga_mux_0.O[0] (MUXF6)                                 0.010     9.337
$abc$17309$auto$blifparse.cc:525:parse_blif$17324.T0.in[1] (.names)                                       2.180    11.517
$abc$17309$auto$blifparse.cc:525:parse_blif$17324.T0.out[0] (.names)                                      0.152    11.669
$abc$17309$auto$blifparse.cc:525:parse_blif$17324.fpga_mux_0.I0[0] (MUXF6)                                2.180    13.849
$abc$17309$auto$blifparse.cc:525:parse_blif$17324.fpga_mux_0.O[0] (MUXF6)                                 0.010    13.859
$auto$ff.cc:266:slice$16467.CE[0] (FDPE_ZINI)                                                             2.180    16.040
data arrival time                                                                                                  16.040

clock dut.u_uart.clk (rise edge)                                                                         10.000    10.000
clock source latency                                                                                      0.000    10.000
$iopadmap$fpga_top.CLK100MHZ.O[0] (IBUF_VPR)                                                              0.000    10.000
$auto$ff.cc:266:slice$16467.C[0] (FDPE_ZINI)                                                              2.180    12.180
clock uncertainty                                                                                         0.000    12.180
cell setup time                                                                                          -0.109    12.071
data required time                                                                                                 12.071
-------------------------------------------------------------------------------------------------------------------------
data required time                                                                                                 12.071
data arrival time                                                                                                 -16.040
-------------------------------------------------------------------------------------------------------------------------
slack (VIOLATED)                                                                                                   -3.968


#Path 35
Startpoint: $auto$ff.cc:266:slice$16679.Q[0] (FDCE_ZINI clocked by dut.u_uart.clk)
Endpoint  : $auto$ff.cc:266:slice$16466.CE[0] (FDPE_ZINI clocked by dut.u_uart.clk)
Path Type : setup

Point                                                                                                      Incr      Path
-------------------------------------------------------------------------------------------------------------------------
clock dut.u_uart.clk (rise edge)                                                                          0.000     0.000
clock source latency                                                                                      0.000     0.000
$iopadmap$fpga_top.CLK100MHZ.O[0] (IBUF_VPR)                                                              0.000     0.000
$auto$ff.cc:266:slice$16679.C[0] (FDCE_ZINI)                                                              2.180     2.180
$auto$ff.cc:266:slice$16679.Q[0] (FDCE_ZINI) [clock-to-output]                                            0.303     2.483
$techmap17458$abc$17309$auto$blifparse.cc:525:parse_blif$17312.A[4].in[0] (.names)                        2.180     4.663
$techmap17458$abc$17309$auto$blifparse.cc:525:parse_blif$17312.A[4].out[0] (.names)                       0.152     4.815
$abc$17309$auto$blifparse.cc:525:parse_blif$17312.T0.in[0] (.names)                                       2.180     6.995
$abc$17309$auto$blifparse.cc:525:parse_blif$17312.T0.out[0] (.names)                                      0.152     7.147
$abc$17309$auto$blifparse.cc:525:parse_blif$17312.fpga_mux_0.I0[0] (MUXF6)                                2.180     9.327
$abc$17309$auto$blifparse.cc:525:parse_blif$17312.fpga_mux_0.O[0] (MUXF6)                                 0.010     9.337
$abc$17309$auto$blifparse.cc:525:parse_blif$17324.T0.in[1] (.names)                                       2.180    11.517
$abc$17309$auto$blifparse.cc:525:parse_blif$17324.T0.out[0] (.names)                                      0.152    11.669
$abc$17309$auto$blifparse.cc:525:parse_blif$17324.fpga_mux_0.I0[0] (MUXF6)                                2.180    13.849
$abc$17309$auto$blifparse.cc:525:parse_blif$17324.fpga_mux_0.O[0] (MUXF6)                                 0.010    13.859
$auto$ff.cc:266:slice$16466.CE[0] (FDPE_ZINI)                                                             2.180    16.040
data arrival time                                                                                                  16.040

clock dut.u_uart.clk (rise edge)                                                                         10.000    10.000
clock source latency                                                                                      0.000    10.000
$iopadmap$fpga_top.CLK100MHZ.O[0] (IBUF_VPR)                                                              0.000    10.000
$auto$ff.cc:266:slice$16466.C[0] (FDPE_ZINI)                                                              2.180    12.180
clock uncertainty                                                                                         0.000    12.180
cell setup time                                                                                          -0.109    12.071
data required time                                                                                                 12.071
-------------------------------------------------------------------------------------------------------------------------
data required time                                                                                                 12.071
data arrival time                                                                                                 -16.040
-------------------------------------------------------------------------------------------------------------------------
slack (VIOLATED)                                                                                                   -3.968


#Path 36
Startpoint: $auto$ff.cc:266:slice$16679.Q[0] (FDCE_ZINI clocked by dut.u_uart.clk)
Endpoint  : $auto$ff.cc:266:slice$16464.CE[0] (FDPE_ZINI clocked by dut.u_uart.clk)
Path Type : setup

Point                                                                                                      Incr      Path
-------------------------------------------------------------------------------------------------------------------------
clock dut.u_uart.clk (rise edge)                                                                          0.000     0.000
clock source latency                                                                                      0.000     0.000
$iopadmap$fpga_top.CLK100MHZ.O[0] (IBUF_VPR)                                                              0.000     0.000
$auto$ff.cc:266:slice$16679.C[0] (FDCE_ZINI)                                                              2.180     2.180
$auto$ff.cc:266:slice$16679.Q[0] (FDCE_ZINI) [clock-to-output]                                            0.303     2.483
$techmap17458$abc$17309$auto$blifparse.cc:525:parse_blif$17312.A[4].in[0] (.names)                        2.180     4.663
$techmap17458$abc$17309$auto$blifparse.cc:525:parse_blif$17312.A[4].out[0] (.names)                       0.152     4.815
$abc$17309$auto$blifparse.cc:525:parse_blif$17312.T0.in[0] (.names)                                       2.180     6.995
$abc$17309$auto$blifparse.cc:525:parse_blif$17312.T0.out[0] (.names)                                      0.152     7.147
$abc$17309$auto$blifparse.cc:525:parse_blif$17312.fpga_mux_0.I0[0] (MUXF6)                                2.180     9.327
$abc$17309$auto$blifparse.cc:525:parse_blif$17312.fpga_mux_0.O[0] (MUXF6)                                 0.010     9.337
$abc$17309$auto$blifparse.cc:525:parse_blif$17324.T0.in[1] (.names)                                       2.180    11.517
$abc$17309$auto$blifparse.cc:525:parse_blif$17324.T0.out[0] (.names)                                      0.152    11.669
$abc$17309$auto$blifparse.cc:525:parse_blif$17324.fpga_mux_0.I0[0] (MUXF6)                                2.180    13.849
$abc$17309$auto$blifparse.cc:525:parse_blif$17324.fpga_mux_0.O[0] (MUXF6)                                 0.010    13.859
$auto$ff.cc:266:slice$16464.CE[0] (FDPE_ZINI)                                                             2.180    16.040
data arrival time                                                                                                  16.040

clock dut.u_uart.clk (rise edge)                                                                         10.000    10.000
clock source latency                                                                                      0.000    10.000
$iopadmap$fpga_top.CLK100MHZ.O[0] (IBUF_VPR)                                                              0.000    10.000
$auto$ff.cc:266:slice$16464.C[0] (FDPE_ZINI)                                                              2.180    12.180
clock uncertainty                                                                                         0.000    12.180
cell setup time                                                                                          -0.109    12.071
data required time                                                                                                 12.071
-------------------------------------------------------------------------------------------------------------------------
data required time                                                                                                 12.071
data arrival time                                                                                                 -16.040
-------------------------------------------------------------------------------------------------------------------------
slack (VIOLATED)                                                                                                   -3.968


#Path 37
Startpoint: $auto$ff.cc:266:slice$16679.Q[0] (FDCE_ZINI clocked by dut.u_uart.clk)
Endpoint  : $auto$ff.cc:266:slice$16463.CE[0] (FDPE_ZINI clocked by dut.u_uart.clk)
Path Type : setup

Point                                                                                                      Incr      Path
-------------------------------------------------------------------------------------------------------------------------
clock dut.u_uart.clk (rise edge)                                                                          0.000     0.000
clock source latency                                                                                      0.000     0.000
$iopadmap$fpga_top.CLK100MHZ.O[0] (IBUF_VPR)                                                              0.000     0.000
$auto$ff.cc:266:slice$16679.C[0] (FDCE_ZINI)                                                              2.180     2.180
$auto$ff.cc:266:slice$16679.Q[0] (FDCE_ZINI) [clock-to-output]                                            0.303     2.483
$techmap17458$abc$17309$auto$blifparse.cc:525:parse_blif$17312.A[4].in[0] (.names)                        2.180     4.663
$techmap17458$abc$17309$auto$blifparse.cc:525:parse_blif$17312.A[4].out[0] (.names)                       0.152     4.815
$abc$17309$auto$blifparse.cc:525:parse_blif$17312.T0.in[0] (.names)                                       2.180     6.995
$abc$17309$auto$blifparse.cc:525:parse_blif$17312.T0.out[0] (.names)                                      0.152     7.147
$abc$17309$auto$blifparse.cc:525:parse_blif$17312.fpga_mux_0.I0[0] (MUXF6)                                2.180     9.327
$abc$17309$auto$blifparse.cc:525:parse_blif$17312.fpga_mux_0.O[0] (MUXF6)                                 0.010     9.337
$abc$17309$auto$blifparse.cc:525:parse_blif$17324.T0.in[1] (.names)                                       2.180    11.517
$abc$17309$auto$blifparse.cc:525:parse_blif$17324.T0.out[0] (.names)                                      0.152    11.669
$abc$17309$auto$blifparse.cc:525:parse_blif$17324.fpga_mux_0.I0[0] (MUXF6)                                2.180    13.849
$abc$17309$auto$blifparse.cc:525:parse_blif$17324.fpga_mux_0.O[0] (MUXF6)                                 0.010    13.859
$auto$ff.cc:266:slice$16463.CE[0] (FDPE_ZINI)                                                             2.180    16.040
data arrival time                                                                                                  16.040

clock dut.u_uart.clk (rise edge)                                                                         10.000    10.000
clock source latency                                                                                      0.000    10.000
$iopadmap$fpga_top.CLK100MHZ.O[0] (IBUF_VPR)                                                              0.000    10.000
$auto$ff.cc:266:slice$16463.C[0] (FDPE_ZINI)                                                              2.180    12.180
clock uncertainty                                                                                         0.000    12.180
cell setup time                                                                                          -0.109    12.071
data required time                                                                                                 12.071
-------------------------------------------------------------------------------------------------------------------------
data required time                                                                                                 12.071
data arrival time                                                                                                 -16.040
-------------------------------------------------------------------------------------------------------------------------
slack (VIOLATED)                                                                                                   -3.968


#Path 38
Startpoint: $auto$ff.cc:266:slice$16679.Q[0] (FDCE_ZINI clocked by dut.u_uart.clk)
Endpoint  : $auto$ff.cc:266:slice$16465.CE[0] (FDPE_ZINI clocked by dut.u_uart.clk)
Path Type : setup

Point                                                                                                      Incr      Path
-------------------------------------------------------------------------------------------------------------------------
clock dut.u_uart.clk (rise edge)                                                                          0.000     0.000
clock source latency                                                                                      0.000     0.000
$iopadmap$fpga_top.CLK100MHZ.O[0] (IBUF_VPR)                                                              0.000     0.000
$auto$ff.cc:266:slice$16679.C[0] (FDCE_ZINI)                                                              2.180     2.180
$auto$ff.cc:266:slice$16679.Q[0] (FDCE_ZINI) [clock-to-output]                                            0.303     2.483
$techmap17458$abc$17309$auto$blifparse.cc:525:parse_blif$17312.A[4].in[0] (.names)                        2.180     4.663
$techmap17458$abc$17309$auto$blifparse.cc:525:parse_blif$17312.A[4].out[0] (.names)                       0.152     4.815
$abc$17309$auto$blifparse.cc:525:parse_blif$17312.T0.in[0] (.names)                                       2.180     6.995
$abc$17309$auto$blifparse.cc:525:parse_blif$17312.T0.out[0] (.names)                                      0.152     7.147
$abc$17309$auto$blifparse.cc:525:parse_blif$17312.fpga_mux_0.I0[0] (MUXF6)                                2.180     9.327
$abc$17309$auto$blifparse.cc:525:parse_blif$17312.fpga_mux_0.O[0] (MUXF6)                                 0.010     9.337
$abc$17309$auto$blifparse.cc:525:parse_blif$17324.T0.in[1] (.names)                                       2.180    11.517
$abc$17309$auto$blifparse.cc:525:parse_blif$17324.T0.out[0] (.names)                                      0.152    11.669
$abc$17309$auto$blifparse.cc:525:parse_blif$17324.fpga_mux_0.I0[0] (MUXF6)                                2.180    13.849
$abc$17309$auto$blifparse.cc:525:parse_blif$17324.fpga_mux_0.O[0] (MUXF6)                                 0.010    13.859
$auto$ff.cc:266:slice$16465.CE[0] (FDPE_ZINI)                                                             2.180    16.040
data arrival time                                                                                                  16.040

clock dut.u_uart.clk (rise edge)                                                                         10.000    10.000
clock source latency                                                                                      0.000    10.000
$iopadmap$fpga_top.CLK100MHZ.O[0] (IBUF_VPR)                                                              0.000    10.000
$auto$ff.cc:266:slice$16465.C[0] (FDPE_ZINI)                                                              2.180    12.180
clock uncertainty                                                                                         0.000    12.180
cell setup time                                                                                          -0.109    12.071
data required time                                                                                                 12.071
-------------------------------------------------------------------------------------------------------------------------
data required time                                                                                                 12.071
data arrival time                                                                                                 -16.040
-------------------------------------------------------------------------------------------------------------------------
slack (VIOLATED)                                                                                                   -3.968


#Path 39
Startpoint: $auto$ff.cc:266:slice$16679.Q[0] (FDCE_ZINI clocked by dut.u_uart.clk)
Endpoint  : $auto$ff.cc:266:slice$16462.CE[0] (FDPE_ZINI clocked by dut.u_uart.clk)
Path Type : setup

Point                                                                                                      Incr      Path
-------------------------------------------------------------------------------------------------------------------------
clock dut.u_uart.clk (rise edge)                                                                          0.000     0.000
clock source latency                                                                                      0.000     0.000
$iopadmap$fpga_top.CLK100MHZ.O[0] (IBUF_VPR)                                                              0.000     0.000
$auto$ff.cc:266:slice$16679.C[0] (FDCE_ZINI)                                                              2.180     2.180
$auto$ff.cc:266:slice$16679.Q[0] (FDCE_ZINI) [clock-to-output]                                            0.303     2.483
$techmap17458$abc$17309$auto$blifparse.cc:525:parse_blif$17312.A[4].in[0] (.names)                        2.180     4.663
$techmap17458$abc$17309$auto$blifparse.cc:525:parse_blif$17312.A[4].out[0] (.names)                       0.152     4.815
$abc$17309$auto$blifparse.cc:525:parse_blif$17312.T0.in[0] (.names)                                       2.180     6.995
$abc$17309$auto$blifparse.cc:525:parse_blif$17312.T0.out[0] (.names)                                      0.152     7.147
$abc$17309$auto$blifparse.cc:525:parse_blif$17312.fpga_mux_0.I0[0] (MUXF6)                                2.180     9.327
$abc$17309$auto$blifparse.cc:525:parse_blif$17312.fpga_mux_0.O[0] (MUXF6)                                 0.010     9.337
$abc$17309$auto$blifparse.cc:525:parse_blif$17324.T0.in[1] (.names)                                       2.180    11.517
$abc$17309$auto$blifparse.cc:525:parse_blif$17324.T0.out[0] (.names)                                      0.152    11.669
$abc$17309$auto$blifparse.cc:525:parse_blif$17324.fpga_mux_0.I0[0] (MUXF6)                                2.180    13.849
$abc$17309$auto$blifparse.cc:525:parse_blif$17324.fpga_mux_0.O[0] (MUXF6)                                 0.010    13.859
$auto$ff.cc:266:slice$16462.CE[0] (FDPE_ZINI)                                                             2.180    16.040
data arrival time                                                                                                  16.040

clock dut.u_uart.clk (rise edge)                                                                         10.000    10.000
clock source latency                                                                                      0.000    10.000
$iopadmap$fpga_top.CLK100MHZ.O[0] (IBUF_VPR)                                                              0.000    10.000
$auto$ff.cc:266:slice$16462.C[0] (FDPE_ZINI)                                                              2.180    12.180
clock uncertainty                                                                                         0.000    12.180
cell setup time                                                                                          -0.109    12.071
data required time                                                                                                 12.071
-------------------------------------------------------------------------------------------------------------------------
data required time                                                                                                 12.071
data arrival time                                                                                                 -16.040
-------------------------------------------------------------------------------------------------------------------------
slack (VIOLATED)                                                                                                   -3.968


#Path 40
Startpoint: $auto$ff.cc:266:slice$16679.Q[0] (FDCE_ZINI clocked by dut.u_uart.clk)
Endpoint  : $auto$ff.cc:266:slice$16461.CE[0] (FDPE_ZINI clocked by dut.u_uart.clk)
Path Type : setup

Point                                                                                                      Incr      Path
-------------------------------------------------------------------------------------------------------------------------
clock dut.u_uart.clk (rise edge)                                                                          0.000     0.000
clock source latency                                                                                      0.000     0.000
$iopadmap$fpga_top.CLK100MHZ.O[0] (IBUF_VPR)                                                              0.000     0.000
$auto$ff.cc:266:slice$16679.C[0] (FDCE_ZINI)                                                              2.180     2.180
$auto$ff.cc:266:slice$16679.Q[0] (FDCE_ZINI) [clock-to-output]                                            0.303     2.483
$techmap17458$abc$17309$auto$blifparse.cc:525:parse_blif$17312.A[4].in[0] (.names)                        2.180     4.663
$techmap17458$abc$17309$auto$blifparse.cc:525:parse_blif$17312.A[4].out[0] (.names)                       0.152     4.815
$abc$17309$auto$blifparse.cc:525:parse_blif$17312.T0.in[0] (.names)                                       2.180     6.995
$abc$17309$auto$blifparse.cc:525:parse_blif$17312.T0.out[0] (.names)                                      0.152     7.147
$abc$17309$auto$blifparse.cc:525:parse_blif$17312.fpga_mux_0.I0[0] (MUXF6)                                2.180     9.327
$abc$17309$auto$blifparse.cc:525:parse_blif$17312.fpga_mux_0.O[0] (MUXF6)                                 0.010     9.337
$abc$17309$auto$blifparse.cc:525:parse_blif$17324.T0.in[1] (.names)                                       2.180    11.517
$abc$17309$auto$blifparse.cc:525:parse_blif$17324.T0.out[0] (.names)                                      0.152    11.669
$abc$17309$auto$blifparse.cc:525:parse_blif$17324.fpga_mux_0.I0[0] (MUXF6)                                2.180    13.849
$abc$17309$auto$blifparse.cc:525:parse_blif$17324.fpga_mux_0.O[0] (MUXF6)                                 0.010    13.859
$auto$ff.cc:266:slice$16461.CE[0] (FDPE_ZINI)                                                             2.180    16.040
data arrival time                                                                                                  16.040

clock dut.u_uart.clk (rise edge)                                                                         10.000    10.000
clock source latency                                                                                      0.000    10.000
$iopadmap$fpga_top.CLK100MHZ.O[0] (IBUF_VPR)                                                              0.000    10.000
$auto$ff.cc:266:slice$16461.C[0] (FDPE_ZINI)                                                              2.180    12.180
clock uncertainty                                                                                         0.000    12.180
cell setup time                                                                                          -0.109    12.071
data required time                                                                                                 12.071
-------------------------------------------------------------------------------------------------------------------------
data required time                                                                                                 12.071
data arrival time                                                                                                 -16.040
-------------------------------------------------------------------------------------------------------------------------
slack (VIOLATED)                                                                                                   -3.968


#Path 41
Startpoint: $auto$ff.cc:266:slice$16658.Q[0] (FDCE_ZINI clocked by dut.u_uart.clk)
Endpoint  : $auto$ff.cc:266:slice$16655.D[0] (FDCE_ZINI clocked by dut.u_uart.clk)
Path Type : setup

Point                                                                                                      Incr      Path
-------------------------------------------------------------------------------------------------------------------------
clock dut.u_uart.clk (rise edge)                                                                          0.000     0.000
clock source latency                                                                                      0.000     0.000
$iopadmap$fpga_top.CLK100MHZ.O[0] (IBUF_VPR)                                                              0.000     0.000
$auto$ff.cc:266:slice$16658.C[0] (FDCE_ZINI)                                                              2.180     2.180
$auto$ff.cc:266:slice$16658.Q[0] (FDCE_ZINI) [clock-to-output]                                            0.303     2.483
$techmap17455$abc$17309$auto$blifparse.cc:525:parse_blif$17315.A[4].in[0] (.names)                        2.180     4.663
$techmap17455$abc$17309$auto$blifparse.cc:525:parse_blif$17315.A[4].out[0] (.names)                       0.152     4.815
$abc$17309$auto$blifparse.cc:525:parse_blif$17315.T0.in[0] (.names)                                       2.180     6.995
$abc$17309$auto$blifparse.cc:525:parse_blif$17315.T0.out[0] (.names)                                      0.152     7.147
$abc$17309$auto$blifparse.cc:525:parse_blif$17315.fpga_mux_0.I0[0] (MUXF6)                                2.180     9.327
$abc$17309$auto$blifparse.cc:525:parse_blif$17315.fpga_mux_0.O[0] (MUXF6)                                 0.010     9.337
$abc$17309$auto$blifparse.cc:525:parse_blif$17337.T0.in[1] (.names)                                       2.180    11.517
$abc$17309$auto$blifparse.cc:525:parse_blif$17337.T0.out[0] (.names)                                      0.152    11.669
$abc$17309$auto$blifparse.cc:525:parse_blif$17337.fpga_mux_0.I0[0] (MUXF6)                                2.180    13.849
$abc$17309$auto$blifparse.cc:525:parse_blif$17337.fpga_mux_0.O[0] (MUXF6)                                 0.010    13.859
$auto$ff.cc:266:slice$16655.D[0] (FDCE_ZINI)                                                              2.180    16.040
data arrival time                                                                                                  16.040

clock dut.u_uart.clk (rise edge)                                                                         10.000    10.000
clock source latency                                                                                      0.000    10.000
$iopadmap$fpga_top.CLK100MHZ.O[0] (IBUF_VPR)                                                              0.000    10.000
$auto$ff.cc:266:slice$16655.C[0] (FDCE_ZINI)                                                              2.180    12.180
clock uncertainty                                                                                         0.000    12.180
cell setup time                                                                                           0.046    12.226
data required time                                                                                                 12.226
-------------------------------------------------------------------------------------------------------------------------
data required time                                                                                                 12.226
data arrival time                                                                                                 -16.040
-------------------------------------------------------------------------------------------------------------------------
slack (VIOLATED)                                                                                                   -3.813


#Path 42
Startpoint: $auto$ff.cc:266:slice$16679.Q[0] (FDCE_ZINI clocked by dut.u_uart.clk)
Endpoint  : $auto$ff.cc:266:slice$16653.D[0] (FDCE_ZINI clocked by dut.u_uart.clk)
Path Type : setup

Point                                                                                                      Incr      Path
-------------------------------------------------------------------------------------------------------------------------
clock dut.u_uart.clk (rise edge)                                                                          0.000     0.000
clock source latency                                                                                      0.000     0.000
$iopadmap$fpga_top.CLK100MHZ.O[0] (IBUF_VPR)                                                              0.000     0.000
$auto$ff.cc:266:slice$16679.C[0] (FDCE_ZINI)                                                              2.180     2.180
$auto$ff.cc:266:slice$16679.Q[0] (FDCE_ZINI) [clock-to-output]                                            0.303     2.483
$techmap17458$abc$17309$auto$blifparse.cc:525:parse_blif$17312.A[4].in[0] (.names)                        2.180     4.663
$techmap17458$abc$17309$auto$blifparse.cc:525:parse_blif$17312.A[4].out[0] (.names)                       0.152     4.815
$abc$17309$auto$blifparse.cc:525:parse_blif$17312.T0.in[0] (.names)                                       2.180     6.995
$abc$17309$auto$blifparse.cc:525:parse_blif$17312.T0.out[0] (.names)                                      0.152     7.147
$abc$17309$auto$blifparse.cc:525:parse_blif$17312.fpga_mux_0.I0[0] (MUXF6)                                2.180     9.327
$abc$17309$auto$blifparse.cc:525:parse_blif$17312.fpga_mux_0.O[0] (MUXF6)                                 0.010     9.337
$abc$17309$auto$blifparse.cc:525:parse_blif$17379.T0.in[1] (.names)                                       2.180    11.517
$abc$17309$auto$blifparse.cc:525:parse_blif$17379.T0.out[0] (.names)                                      0.152    11.669
$abc$17309$auto$blifparse.cc:525:parse_blif$17379.fpga_mux_0.I0[0] (MUXF6)                                2.180    13.849
$abc$17309$auto$blifparse.cc:525:parse_blif$17379.fpga_mux_0.O[0] (MUXF6)                                 0.010    13.859
$auto$ff.cc:266:slice$16653.D[0] (FDCE_ZINI)                                                              2.180    16.040
data arrival time                                                                                                  16.040

clock dut.u_uart.clk (rise edge)                                                                         10.000    10.000
clock source latency                                                                                      0.000    10.000
$iopadmap$fpga_top.CLK100MHZ.O[0] (IBUF_VPR)                                                              0.000    10.000
$auto$ff.cc:266:slice$16653.C[0] (FDCE_ZINI)                                                              2.180    12.180
clock uncertainty                                                                                         0.000    12.180
cell setup time                                                                                           0.046    12.226
data required time                                                                                                 12.226
-------------------------------------------------------------------------------------------------------------------------
data required time                                                                                                 12.226
data arrival time                                                                                                 -16.040
-------------------------------------------------------------------------------------------------------------------------
slack (VIOLATED)                                                                                                   -3.813


#Path 43
Startpoint: $auto$ff.cc:266:slice$16658.Q[0] (FDCE_ZINI clocked by dut.u_uart.clk)
Endpoint  : $auto$ff.cc:266:slice$16657.D[0] (FDCE_ZINI clocked by dut.u_uart.clk)
Path Type : setup

Point                                                                                                      Incr      Path
-------------------------------------------------------------------------------------------------------------------------
clock dut.u_uart.clk (rise edge)                                                                          0.000     0.000
clock source latency                                                                                      0.000     0.000
$iopadmap$fpga_top.CLK100MHZ.O[0] (IBUF_VPR)                                                              0.000     0.000
$auto$ff.cc:266:slice$16658.C[0] (FDCE_ZINI)                                                              2.180     2.180
$auto$ff.cc:266:slice$16658.Q[0] (FDCE_ZINI) [clock-to-output]                                            0.303     2.483
$techmap17455$abc$17309$auto$blifparse.cc:525:parse_blif$17315.A[4].in[0] (.names)                        2.180     4.663
$techmap17455$abc$17309$auto$blifparse.cc:525:parse_blif$17315.A[4].out[0] (.names)                       0.152     4.815
$abc$17309$auto$blifparse.cc:525:parse_blif$17315.T0.in[0] (.names)                                       2.180     6.995
$abc$17309$auto$blifparse.cc:525:parse_blif$17315.T0.out[0] (.names)                                      0.152     7.147
$abc$17309$auto$blifparse.cc:525:parse_blif$17315.fpga_mux_0.I0[0] (MUXF6)                                2.180     9.327
$abc$17309$auto$blifparse.cc:525:parse_blif$17315.fpga_mux_0.O[0] (MUXF6)                                 0.010     9.337
$abc$17309$auto$blifparse.cc:525:parse_blif$17339.T0.in[1] (.names)                                       2.180    11.517
$abc$17309$auto$blifparse.cc:525:parse_blif$17339.T0.out[0] (.names)                                      0.152    11.669
$abc$17309$auto$blifparse.cc:525:parse_blif$17339.fpga_mux_0.I0[0] (MUXF6)                                2.180    13.849
$abc$17309$auto$blifparse.cc:525:parse_blif$17339.fpga_mux_0.O[0] (MUXF6)                                 0.010    13.859
$auto$ff.cc:266:slice$16657.D[0] (FDCE_ZINI)                                                              2.180    16.040
data arrival time                                                                                                  16.040

clock dut.u_uart.clk (rise edge)                                                                         10.000    10.000
clock source latency                                                                                      0.000    10.000
$iopadmap$fpga_top.CLK100MHZ.O[0] (IBUF_VPR)                                                              0.000    10.000
$auto$ff.cc:266:slice$16657.C[0] (FDCE_ZINI)                                                              2.180    12.180
clock uncertainty                                                                                         0.000    12.180
cell setup time                                                                                           0.046    12.226
data required time                                                                                                 12.226
-------------------------------------------------------------------------------------------------------------------------
data required time                                                                                                 12.226
data arrival time                                                                                                 -16.040
-------------------------------------------------------------------------------------------------------------------------
slack (VIOLATED)                                                                                                   -3.813


#Path 44
Startpoint: $auto$ff.cc:266:slice$16658.Q[0] (FDCE_ZINI clocked by dut.u_uart.clk)
Endpoint  : $auto$ff.cc:266:slice$16656.D[0] (FDCE_ZINI clocked by dut.u_uart.clk)
Path Type : setup

Point                                                                                                      Incr      Path
-------------------------------------------------------------------------------------------------------------------------
clock dut.u_uart.clk (rise edge)                                                                          0.000     0.000
clock source latency                                                                                      0.000     0.000
$iopadmap$fpga_top.CLK100MHZ.O[0] (IBUF_VPR)                                                              0.000     0.000
$auto$ff.cc:266:slice$16658.C[0] (FDCE_ZINI)                                                              2.180     2.180
$auto$ff.cc:266:slice$16658.Q[0] (FDCE_ZINI) [clock-to-output]                                            0.303     2.483
$techmap17455$abc$17309$auto$blifparse.cc:525:parse_blif$17315.A[4].in[0] (.names)                        2.180     4.663
$techmap17455$abc$17309$auto$blifparse.cc:525:parse_blif$17315.A[4].out[0] (.names)                       0.152     4.815
$abc$17309$auto$blifparse.cc:525:parse_blif$17315.T0.in[0] (.names)                                       2.180     6.995
$abc$17309$auto$blifparse.cc:525:parse_blif$17315.T0.out[0] (.names)                                      0.152     7.147
$abc$17309$auto$blifparse.cc:525:parse_blif$17315.fpga_mux_0.I0[0] (MUXF6)                                2.180     9.327
$abc$17309$auto$blifparse.cc:525:parse_blif$17315.fpga_mux_0.O[0] (MUXF6)                                 0.010     9.337
$abc$17309$auto$blifparse.cc:525:parse_blif$17338.T0.in[1] (.names)                                       2.180    11.517
$abc$17309$auto$blifparse.cc:525:parse_blif$17338.T0.out[0] (.names)                                      0.152    11.669
$abc$17309$auto$blifparse.cc:525:parse_blif$17338.fpga_mux_0.I0[0] (MUXF6)                                2.180    13.849
$abc$17309$auto$blifparse.cc:525:parse_blif$17338.fpga_mux_0.O[0] (MUXF6)                                 0.010    13.859
$auto$ff.cc:266:slice$16656.D[0] (FDCE_ZINI)                                                              2.180    16.040
data arrival time                                                                                                  16.040

clock dut.u_uart.clk (rise edge)                                                                         10.000    10.000
clock source latency                                                                                      0.000    10.000
$iopadmap$fpga_top.CLK100MHZ.O[0] (IBUF_VPR)                                                              0.000    10.000
$auto$ff.cc:266:slice$16656.C[0] (FDCE_ZINI)                                                              2.180    12.180
clock uncertainty                                                                                         0.000    12.180
cell setup time                                                                                           0.046    12.226
data required time                                                                                                 12.226
-------------------------------------------------------------------------------------------------------------------------
data required time                                                                                                 12.226
data arrival time                                                                                                 -16.040
-------------------------------------------------------------------------------------------------------------------------
slack (VIOLATED)                                                                                                   -3.813


#Path 45
Startpoint: $auto$ff.cc:266:slice$16658.Q[0] (FDCE_ZINI clocked by dut.u_uart.clk)
Endpoint  : $auto$ff.cc:266:slice$16654.D[0] (FDCE_ZINI clocked by dut.u_uart.clk)
Path Type : setup

Point                                                                                                      Incr      Path
-------------------------------------------------------------------------------------------------------------------------
clock dut.u_uart.clk (rise edge)                                                                          0.000     0.000
clock source latency                                                                                      0.000     0.000
$iopadmap$fpga_top.CLK100MHZ.O[0] (IBUF_VPR)                                                              0.000     0.000
$auto$ff.cc:266:slice$16658.C[0] (FDCE_ZINI)                                                              2.180     2.180
$auto$ff.cc:266:slice$16658.Q[0] (FDCE_ZINI) [clock-to-output]                                            0.303     2.483
$techmap17455$abc$17309$auto$blifparse.cc:525:parse_blif$17315.A[4].in[0] (.names)                        2.180     4.663
$techmap17455$abc$17309$auto$blifparse.cc:525:parse_blif$17315.A[4].out[0] (.names)                       0.152     4.815
$abc$17309$auto$blifparse.cc:525:parse_blif$17315.T0.in[0] (.names)                                       2.180     6.995
$abc$17309$auto$blifparse.cc:525:parse_blif$17315.T0.out[0] (.names)                                      0.152     7.147
$abc$17309$auto$blifparse.cc:525:parse_blif$17315.fpga_mux_0.I0[0] (MUXF6)                                2.180     9.327
$abc$17309$auto$blifparse.cc:525:parse_blif$17315.fpga_mux_0.O[0] (MUXF6)                                 0.010     9.337
$abc$17309$auto$blifparse.cc:525:parse_blif$17336.T0.in[1] (.names)                                       2.180    11.517
$abc$17309$auto$blifparse.cc:525:parse_blif$17336.T0.out[0] (.names)                                      0.152    11.669
$abc$17309$auto$blifparse.cc:525:parse_blif$17336.fpga_mux_0.I0[0] (MUXF6)                                2.180    13.849
$abc$17309$auto$blifparse.cc:525:parse_blif$17336.fpga_mux_0.O[0] (MUXF6)                                 0.010    13.859
$auto$ff.cc:266:slice$16654.D[0] (FDCE_ZINI)                                                              2.180    16.040
data arrival time                                                                                                  16.040

clock dut.u_uart.clk (rise edge)                                                                         10.000    10.000
clock source latency                                                                                      0.000    10.000
$iopadmap$fpga_top.CLK100MHZ.O[0] (IBUF_VPR)                                                              0.000    10.000
$auto$ff.cc:266:slice$16654.C[0] (FDCE_ZINI)                                                              2.180    12.180
clock uncertainty                                                                                         0.000    12.180
cell setup time                                                                                           0.046    12.226
data required time                                                                                                 12.226
-------------------------------------------------------------------------------------------------------------------------
data required time                                                                                                 12.226
data arrival time                                                                                                 -16.040
-------------------------------------------------------------------------------------------------------------------------
slack (VIOLATED)                                                                                                   -3.813


#Path 46
Startpoint: $auto$ff.cc:266:slice$16679.Q[0] (FDCE_ZINI clocked by dut.u_uart.clk)
Endpoint  : $auto$ff.cc:266:slice$16686.CE[0] (FDPE_ZINI clocked by dut.u_uart.clk)
Path Type : setup

Point                                                                                                      Incr      Path
-------------------------------------------------------------------------------------------------------------------------
clock dut.u_uart.clk (rise edge)                                                                          0.000     0.000
clock source latency                                                                                      0.000     0.000
$iopadmap$fpga_top.CLK100MHZ.O[0] (IBUF_VPR)                                                              0.000     0.000
$auto$ff.cc:266:slice$16679.C[0] (FDCE_ZINI)                                                              2.180     2.180
$auto$ff.cc:266:slice$16679.Q[0] (FDCE_ZINI) [clock-to-output]                                            0.303     2.483
$techmap17458$abc$17309$auto$blifparse.cc:525:parse_blif$17312.A[4].in[0] (.names)                        2.180     4.663
$techmap17458$abc$17309$auto$blifparse.cc:525:parse_blif$17312.A[4].out[0] (.names)                       0.152     4.815
$abc$17309$auto$blifparse.cc:525:parse_blif$17312.T0.in[0] (.names)                                       2.180     6.995
$abc$17309$auto$blifparse.cc:525:parse_blif$17312.T0.out[0] (.names)                                      0.152     7.147
$abc$17309$auto$blifparse.cc:525:parse_blif$17312.fpga_mux_0.I0[0] (MUXF6)                                2.180     9.327
$abc$17309$auto$blifparse.cc:525:parse_blif$17312.fpga_mux_0.O[0] (MUXF6)                                 0.010     9.337
$abc$17309$auto$opt_dff.cc:194:make_patterns_logic$15665.in[1] (.names)                                   2.180    11.517
$abc$17309$auto$opt_dff.cc:194:make_patterns_logic$15665.out[0] (.names)                                  0.152    11.669
$auto$ff.cc:266:slice$16686.CE[0] (FDPE_ZINI)                                                             2.180    13.849
data arrival time                                                                                                  13.849

clock dut.u_uart.clk (rise edge)                                                                         10.000    10.000
clock source latency                                                                                      0.000    10.000
$iopadmap$fpga_top.CLK100MHZ.O[0] (IBUF_VPR)                                                              0.000    10.000
$auto$ff.cc:266:slice$16686.C[0] (FDPE_ZINI)                                                              2.180    12.180
clock uncertainty                                                                                         0.000    12.180
cell setup time                                                                                          -0.109    12.071
data required time                                                                                                 12.071
-------------------------------------------------------------------------------------------------------------------------
data required time                                                                                                 12.071
data arrival time                                                                                                 -13.849
-------------------------------------------------------------------------------------------------------------------------
slack (VIOLATED)                                                                                                   -1.778


#Path 47
Startpoint: $auto$ff.cc:266:slice$16687.Q[0] (FDCE_ZINI clocked by dut.u_uart.clk)
Endpoint  : $auto$ff.cc:266:slice$16690.D[0] (FDCE_ZINI clocked by dut.u_uart.clk)
Path Type : setup

Point                                                                                                            Incr      Path
-------------------------------------------------------------------------------------------------------------------------------
clock dut.u_uart.clk (rise edge)                                                                                0.000     0.000
clock source latency                                                                                            0.000     0.000
$iopadmap$fpga_top.CLK100MHZ.O[0] (IBUF_VPR)                                                                    0.000     0.000
$auto$ff.cc:266:slice$16687.C[0] (FDCE_ZINI)                                                                    2.180     2.180
$auto$ff.cc:266:slice$16687.Q[0] (FDCE_ZINI) [clock-to-output]                                                  0.303     2.483
$auto$alumacc.cc:485:replace_alu$15692.X[0].in[0] (.names)                                                      2.180     4.663
$auto$alumacc.cc:485:replace_alu$15692.X[0].out[0] (.names)                                                     0.152     4.815
$auto$alumacc.cc:485:replace_alu$15692.genblk1.slice[0].genblk1.carry4.S0[0] (CARRY4_VPR)                       2.180     6.995
$auto$alumacc.cc:485:replace_alu$15692.genblk1.slice[0].genblk1.carry4.O3[0] (CARRY4_VPR)                       0.582     7.577
$techmap19204$auto$ff.cc:266:slice$16690.D.in[0] (.names)                                                       2.180     9.757
$techmap19204$auto$ff.cc:266:slice$16690.D.out[0] (.names)                                                      0.152     9.909
$auto$ff.cc:266:slice$16690.D[0] (FDCE_ZINI)                                                                    2.180    12.089
data arrival time                                                                                                        12.089

clock dut.u_uart.clk (rise edge)                                                                               10.000    10.000
clock source latency                                                                                            0.000    10.000
$iopadmap$fpga_top.CLK100MHZ.O[0] (IBUF_VPR)                                                                    0.000    10.000
$auto$ff.cc:266:slice$16690.C[0] (FDCE_ZINI)                                                                    2.180    12.180
clock uncertainty                                                                                               0.000    12.180
cell setup time                                                                                                 0.046    12.226
data required time                                                                                                       12.226
-------------------------------------------------------------------------------------------------------------------------------
data required time                                                                                                       12.226
data arrival time                                                                                                       -12.089
-------------------------------------------------------------------------------------------------------------------------------
slack (MET)                                                                                                               0.137


#Path 48
Startpoint: $auto$ff.cc:266:slice$16687.Q[0] (FDCE_ZINI clocked by dut.u_uart.clk)
Endpoint  : $auto$ff.cc:266:slice$16689.D[0] (FDCE_ZINI clocked by dut.u_uart.clk)
Path Type : setup

Point                                                                                                            Incr      Path
-------------------------------------------------------------------------------------------------------------------------------
clock dut.u_uart.clk (rise edge)                                                                                0.000     0.000
clock source latency                                                                                            0.000     0.000
$iopadmap$fpga_top.CLK100MHZ.O[0] (IBUF_VPR)                                                                    0.000     0.000
$auto$ff.cc:266:slice$16687.C[0] (FDCE_ZINI)                                                                    2.180     2.180
$auto$ff.cc:266:slice$16687.Q[0] (FDCE_ZINI) [clock-to-output]                                                  0.303     2.483
$auto$alumacc.cc:485:replace_alu$15692.X[0].in[0] (.names)                                                      2.180     4.663
$auto$alumacc.cc:485:replace_alu$15692.X[0].out[0] (.names)                                                     0.152     4.815
$auto$alumacc.cc:485:replace_alu$15692.genblk1.slice[0].genblk1.carry4.S0[0] (CARRY4_VPR)                       2.180     6.995
$auto$alumacc.cc:485:replace_alu$15692.genblk1.slice[0].genblk1.carry4.O2[0] (CARRY4_VPR)                       0.523     7.518
$techmap19199$auto$ff.cc:266:slice$16689.D.in[0] (.names)                                                       2.180     9.698
$techmap19199$auto$ff.cc:266:slice$16689.D.out[0] (.names)                                                      0.152     9.850
$auto$ff.cc:266:slice$16689.D[0] (FDCE_ZINI)                                                                    2.180    12.030
data arrival time                                                                                                        12.030

clock dut.u_uart.clk (rise edge)                                                                               10.000    10.000
clock source latency                                                                                            0.000    10.000
$iopadmap$fpga_top.CLK100MHZ.O[0] (IBUF_VPR)                                                                    0.000    10.000
$auto$ff.cc:266:slice$16689.C[0] (FDCE_ZINI)                                                                    2.180    12.180
clock uncertainty                                                                                               0.000    12.180
cell setup time                                                                                                 0.046    12.226
data required time                                                                                                       12.226
-------------------------------------------------------------------------------------------------------------------------------
data required time                                                                                                       12.226
data arrival time                                                                                                       -12.030
-------------------------------------------------------------------------------------------------------------------------------
slack (MET)                                                                                                               0.196


#Path 49
Startpoint: $auto$ff.cc:266:slice$16687.Q[0] (FDCE_ZINI clocked by dut.u_uart.clk)
Endpoint  : $auto$ff.cc:266:slice$16688.D[0] (FDCE_ZINI clocked by dut.u_uart.clk)
Path Type : setup

Point                                                                                                            Incr      Path
-------------------------------------------------------------------------------------------------------------------------------
clock dut.u_uart.clk (rise edge)                                                                                0.000     0.000
clock source latency                                                                                            0.000     0.000
$iopadmap$fpga_top.CLK100MHZ.O[0] (IBUF_VPR)                                                                    0.000     0.000
$auto$ff.cc:266:slice$16687.C[0] (FDCE_ZINI)                                                                    2.180     2.180
$auto$ff.cc:266:slice$16687.Q[0] (FDCE_ZINI) [clock-to-output]                                                  0.303     2.483
$auto$alumacc.cc:485:replace_alu$15692.X[0].in[0] (.names)                                                      2.180     4.663
$auto$alumacc.cc:485:replace_alu$15692.X[0].out[0] (.names)                                                     0.152     4.815
$auto$alumacc.cc:485:replace_alu$15692.genblk1.slice[0].genblk1.carry4.S0[0] (CARRY4_VPR)                       2.180     6.995
$auto$alumacc.cc:485:replace_alu$15692.genblk1.slice[0].genblk1.carry4.O1[0] (CARRY4_VPR)                       0.400     7.395
$techmap19216$auto$ff.cc:266:slice$16688.D.in[0] (.names)                                                       2.180     9.575
$techmap19216$auto$ff.cc:266:slice$16688.D.out[0] (.names)                                                      0.152     9.727
$auto$ff.cc:266:slice$16688.D[0] (FDCE_ZINI)                                                                    2.180    11.907
data arrival time                                                                                                        11.907

clock dut.u_uart.clk (rise edge)                                                                               10.000    10.000
clock source latency                                                                                            0.000    10.000
$iopadmap$fpga_top.CLK100MHZ.O[0] (IBUF_VPR)                                                                    0.000    10.000
$auto$ff.cc:266:slice$16688.C[0] (FDCE_ZINI)                                                                    2.180    12.180
clock uncertainty                                                                                               0.000    12.180
cell setup time                                                                                                 0.046    12.226
data required time                                                                                                       12.226
-------------------------------------------------------------------------------------------------------------------------------
data required time                                                                                                       12.226
data arrival time                                                                                                       -11.907
-------------------------------------------------------------------------------------------------------------------------------
slack (MET)                                                                                                               0.319


#Path 50
Startpoint: $auto$ff.cc:266:slice$16687.Q[0] (FDCE_ZINI clocked by dut.u_uart.clk)
Endpoint  : $auto$ff.cc:266:slice$16687.D[0] (FDCE_ZINI clocked by dut.u_uart.clk)
Path Type : setup

Point                                                                                                            Incr      Path
-------------------------------------------------------------------------------------------------------------------------------
clock dut.u_uart.clk (rise edge)                                                                                0.000     0.000
clock source latency                                                                                            0.000     0.000
$iopadmap$fpga_top.CLK100MHZ.O[0] (IBUF_VPR)                                                                    0.000     0.000
$auto$ff.cc:266:slice$16687.C[0] (FDCE_ZINI)                                                                    2.180     2.180
$auto$ff.cc:266:slice$16687.Q[0] (FDCE_ZINI) [clock-to-output]                                                  0.303     2.483
$auto$alumacc.cc:485:replace_alu$15692.X[0].in[0] (.names)                                                      2.180     4.663
$auto$alumacc.cc:485:replace_alu$15692.X[0].out[0] (.names)                                                     0.152     4.815
$auto$alumacc.cc:485:replace_alu$15692.genblk1.slice[0].genblk1.carry4.S0[0] (CARRY4_VPR)                       2.180     6.995
$auto$alumacc.cc:485:replace_alu$15692.genblk1.slice[0].genblk1.carry4.O0[0] (CARRY4_VPR)                       0.223     7.218
$techmap19189$auto$ff.cc:266:slice$16687.D.in[0] (.names)                                                       2.180     9.398
$techmap19189$auto$ff.cc:266:slice$16687.D.out[0] (.names)                                                      0.152     9.550
$auto$ff.cc:266:slice$16687.D[0] (FDCE_ZINI)                                                                    2.180    11.730
data arrival time                                                                                                        11.730

clock dut.u_uart.clk (rise edge)                                                                               10.000    10.000
clock source latency                                                                                            0.000    10.000
$iopadmap$fpga_top.CLK100MHZ.O[0] (IBUF_VPR)                                                                    0.000    10.000
$auto$ff.cc:266:slice$16687.C[0] (FDCE_ZINI)                                                                    2.180    12.180
clock uncertainty                                                                                               0.000    12.180
cell setup time                                                                                                 0.046    12.226
data required time                                                                                                       12.226
-------------------------------------------------------------------------------------------------------------------------------
data required time                                                                                                       12.226
data arrival time                                                                                                       -11.730
-------------------------------------------------------------------------------------------------------------------------------
slack (MET)                                                                                                               0.496


#Path 51
Startpoint: $auto$ff.cc:266:slice$16453.Q[0] (FDCE_ZINI clocked by dut.u_uart.clk)
Endpoint  : $auto$ff.cc:266:slice$16452.CE[0] (FDCE_ZINI clocked by dut.u_uart.clk)
Path Type : setup

Point                                                                                             Incr      Path
----------------------------------------------------------------------------------------------------------------
clock dut.u_uart.clk (rise edge)                                                                 0.000     0.000
clock source latency                                                                             0.000     0.000
$iopadmap$fpga_top.CLK100MHZ.O[0] (IBUF_VPR)                                                     0.000     0.000
$auto$ff.cc:266:slice$16453.C[0] (FDCE_ZINI)                                                     2.180     2.180
$auto$ff.cc:266:slice$16453.Q[0] (FDCE_ZINI) [clock-to-output]                                   0.303     2.483
dut.u_apb_ctrl.pwdata[4].in[0] (.names)                                                          2.180     4.663
dut.u_apb_ctrl.pwdata[4].out[0] (.names)                                                         0.152     4.815
$abc$17309$auto$blifparse.cc:525:parse_blif$17326.T0.in[3] (.names)                              2.180     6.995
$abc$17309$auto$blifparse.cc:525:parse_blif$17326.T0.out[0] (.names)                             0.150     7.145
$abc$17309$auto$blifparse.cc:525:parse_blif$17326.fpga_mux_0.I0[0] (MUXF6)                       2.180     9.325
$abc$17309$auto$blifparse.cc:525:parse_blif$17326.fpga_mux_0.O[0] (MUXF6)                        0.010     9.335
$auto$ff.cc:266:slice$16452.CE[0] (FDCE_ZINI)                                                    2.180    11.515
data arrival time                                                                                         11.515

clock dut.u_uart.clk (rise edge)                                                                10.000    10.000
clock source latency                                                                             0.000    10.000
$iopadmap$fpga_top.CLK100MHZ.O[0] (IBUF_VPR)                                                     0.000    10.000
$auto$ff.cc:266:slice$16452.C[0] (FDCE_ZINI)                                                     2.180    12.180
clock uncertainty                                                                                0.000    12.180
cell setup time                                                                                 -0.109    12.071
data required time                                                                                        12.071
----------------------------------------------------------------------------------------------------------------
data required time                                                                                        12.071
data arrival time                                                                                        -11.515
----------------------------------------------------------------------------------------------------------------
slack (MET)                                                                                                0.556


#Path 52
Startpoint: $auto$ff.cc:266:slice$16453.Q[0] (FDCE_ZINI clocked by dut.u_uart.clk)
Endpoint  : $auto$ff.cc:266:slice$16453.CE[0] (FDCE_ZINI clocked by dut.u_uart.clk)
Path Type : setup

Point                                                                                             Incr      Path
----------------------------------------------------------------------------------------------------------------
clock dut.u_uart.clk (rise edge)                                                                 0.000     0.000
clock source latency                                                                             0.000     0.000
$iopadmap$fpga_top.CLK100MHZ.O[0] (IBUF_VPR)                                                     0.000     0.000
$auto$ff.cc:266:slice$16453.C[0] (FDCE_ZINI)                                                     2.180     2.180
$auto$ff.cc:266:slice$16453.Q[0] (FDCE_ZINI) [clock-to-output]                                   0.303     2.483
dut.u_apb_ctrl.pwdata[4].in[0] (.names)                                                          2.180     4.663
dut.u_apb_ctrl.pwdata[4].out[0] (.names)                                                         0.152     4.815
$abc$17309$auto$blifparse.cc:525:parse_blif$17326.T0.in[3] (.names)                              2.180     6.995
$abc$17309$auto$blifparse.cc:525:parse_blif$17326.T0.out[0] (.names)                             0.150     7.145
$abc$17309$auto$blifparse.cc:525:parse_blif$17326.fpga_mux_0.I0[0] (MUXF6)                       2.180     9.325
$abc$17309$auto$blifparse.cc:525:parse_blif$17326.fpga_mux_0.O[0] (MUXF6)                        0.010     9.335
$auto$ff.cc:266:slice$16453.CE[0] (FDCE_ZINI)                                                    2.180    11.515
data arrival time                                                                                         11.515

clock dut.u_uart.clk (rise edge)                                                                10.000    10.000
clock source latency                                                                             0.000    10.000
$iopadmap$fpga_top.CLK100MHZ.O[0] (IBUF_VPR)                                                     0.000    10.000
$auto$ff.cc:266:slice$16453.C[0] (FDCE_ZINI)                                                     2.180    12.180
clock uncertainty                                                                                0.000    12.180
cell setup time                                                                                 -0.109    12.071
data required time                                                                                        12.071
----------------------------------------------------------------------------------------------------------------
data required time                                                                                        12.071
data arrival time                                                                                        -11.515
----------------------------------------------------------------------------------------------------------------
slack (MET)                                                                                                0.556


#Path 53
Startpoint: $auto$ff.cc:266:slice$16453.Q[0] (FDCE_ZINI clocked by dut.u_uart.clk)
Endpoint  : $auto$ff.cc:266:slice$16454.CE[0] (FDCE_ZINI clocked by dut.u_uart.clk)
Path Type : setup

Point                                                                                             Incr      Path
----------------------------------------------------------------------------------------------------------------
clock dut.u_uart.clk (rise edge)                                                                 0.000     0.000
clock source latency                                                                             0.000     0.000
$iopadmap$fpga_top.CLK100MHZ.O[0] (IBUF_VPR)                                                     0.000     0.000
$auto$ff.cc:266:slice$16453.C[0] (FDCE_ZINI)                                                     2.180     2.180
$auto$ff.cc:266:slice$16453.Q[0] (FDCE_ZINI) [clock-to-output]                                   0.303     2.483
dut.u_apb_ctrl.pwdata[4].in[0] (.names)                                                          2.180     4.663
dut.u_apb_ctrl.pwdata[4].out[0] (.names)                                                         0.152     4.815
$abc$17309$auto$blifparse.cc:525:parse_blif$17326.T0.in[3] (.names)                              2.180     6.995
$abc$17309$auto$blifparse.cc:525:parse_blif$17326.T0.out[0] (.names)                             0.150     7.145
$abc$17309$auto$blifparse.cc:525:parse_blif$17326.fpga_mux_0.I0[0] (MUXF6)                       2.180     9.325
$abc$17309$auto$blifparse.cc:525:parse_blif$17326.fpga_mux_0.O[0] (MUXF6)                        0.010     9.335
$auto$ff.cc:266:slice$16454.CE[0] (FDCE_ZINI)                                                    2.180    11.515
data arrival time                                                                                         11.515

clock dut.u_uart.clk (rise edge)                                                                10.000    10.000
clock source latency                                                                             0.000    10.000
$iopadmap$fpga_top.CLK100MHZ.O[0] (IBUF_VPR)                                                     0.000    10.000
$auto$ff.cc:266:slice$16454.C[0] (FDCE_ZINI)                                                     2.180    12.180
clock uncertainty                                                                                0.000    12.180
cell setup time                                                                                 -0.109    12.071
data required time                                                                                        12.071
----------------------------------------------------------------------------------------------------------------
data required time                                                                                        12.071
data arrival time                                                                                        -11.515
----------------------------------------------------------------------------------------------------------------
slack (MET)                                                                                                0.556


#Path 54
Startpoint: $auto$ff.cc:266:slice$16453.Q[0] (FDCE_ZINI clocked by dut.u_uart.clk)
Endpoint  : $auto$ff.cc:266:slice$16455.CE[0] (FDCE_ZINI clocked by dut.u_uart.clk)
Path Type : setup

Point                                                                                             Incr      Path
----------------------------------------------------------------------------------------------------------------
clock dut.u_uart.clk (rise edge)                                                                 0.000     0.000
clock source latency                                                                             0.000     0.000
$iopadmap$fpga_top.CLK100MHZ.O[0] (IBUF_VPR)                                                     0.000     0.000
$auto$ff.cc:266:slice$16453.C[0] (FDCE_ZINI)                                                     2.180     2.180
$auto$ff.cc:266:slice$16453.Q[0] (FDCE_ZINI) [clock-to-output]                                   0.303     2.483
dut.u_apb_ctrl.pwdata[4].in[0] (.names)                                                          2.180     4.663
dut.u_apb_ctrl.pwdata[4].out[0] (.names)                                                         0.152     4.815
$abc$17309$auto$blifparse.cc:525:parse_blif$17326.T0.in[3] (.names)                              2.180     6.995
$abc$17309$auto$blifparse.cc:525:parse_blif$17326.T0.out[0] (.names)                             0.150     7.145
$abc$17309$auto$blifparse.cc:525:parse_blif$17326.fpga_mux_0.I0[0] (MUXF6)                       2.180     9.325
$abc$17309$auto$blifparse.cc:525:parse_blif$17326.fpga_mux_0.O[0] (MUXF6)                        0.010     9.335
$auto$ff.cc:266:slice$16455.CE[0] (FDCE_ZINI)                                                    2.180    11.515
data arrival time                                                                                         11.515

clock dut.u_uart.clk (rise edge)                                                                10.000    10.000
clock source latency                                                                             0.000    10.000
$iopadmap$fpga_top.CLK100MHZ.O[0] (IBUF_VPR)                                                     0.000    10.000
$auto$ff.cc:266:slice$16455.C[0] (FDCE_ZINI)                                                     2.180    12.180
clock uncertainty                                                                                0.000    12.180
cell setup time                                                                                 -0.109    12.071
data required time                                                                                        12.071
----------------------------------------------------------------------------------------------------------------
data required time                                                                                        12.071
data arrival time                                                                                        -11.515
----------------------------------------------------------------------------------------------------------------
slack (MET)                                                                                                0.556


#Path 55
Startpoint: $auto$ff.cc:266:slice$16455.Q[0] (FDCE_ZINI clocked by dut.u_uart.clk)
Endpoint  : $auto$ff.cc:266:slice$16121.D[0] (FDCE_ZINI clocked by dut.u_uart.clk)
Path Type : setup

Point                                                                                                      Incr      Path
-------------------------------------------------------------------------------------------------------------------------
clock dut.u_uart.clk (rise edge)                                                                          0.000     0.000
clock source latency                                                                                      0.000     0.000
$iopadmap$fpga_top.CLK100MHZ.O[0] (IBUF_VPR)                                                              0.000     0.000
$auto$ff.cc:266:slice$16455.C[0] (FDCE_ZINI)                                                              2.180     2.180
$auto$ff.cc:266:slice$16455.Q[0] (FDCE_ZINI) [clock-to-output]                                            0.303     2.483
$techmap17481$abc$17309$auto$blifparse.cc:525:parse_blif$17334.A[2].in[0] (.names)                        2.180     4.663
$techmap17481$abc$17309$auto$blifparse.cc:525:parse_blif$17334.A[2].out[0] (.names)                       0.152     4.815
$techmap17482$abc$17309$auto$blifparse.cc:525:parse_blif$17335.A[0].in[0] (.names)                        2.180     6.995
$techmap17482$abc$17309$auto$blifparse.cc:525:parse_blif$17335.A[0].out[0] (.names)                       0.152     7.147
$techmap19203$auto$ff.cc:266:slice$16121.D.in[1] (.names)                                                 2.180     9.327
$techmap19203$auto$ff.cc:266:slice$16121.D.out[0] (.names)                                                0.152     9.479
$auto$ff.cc:266:slice$16121.D[0] (FDCE_ZINI)                                                              2.180    11.659
data arrival time                                                                                                  11.659

clock dut.u_uart.clk (rise edge)                                                                         10.000    10.000
clock source latency                                                                                      0.000    10.000
$iopadmap$fpga_top.CLK100MHZ.O[0] (IBUF_VPR)                                                              0.000    10.000
$auto$ff.cc:266:slice$16121.C[0] (FDCE_ZINI)                                                              2.180    12.180
clock uncertainty                                                                                         0.000    12.180
cell setup time                                                                                           0.046    12.226
data required time                                                                                                 12.226
-------------------------------------------------------------------------------------------------------------------------
data required time                                                                                                 12.226
data arrival time                                                                                                 -11.659
-------------------------------------------------------------------------------------------------------------------------
slack (MET)                                                                                                         0.567


#Path 56
Startpoint: $auto$ff.cc:266:slice$16455.Q[0] (FDCE_ZINI clocked by dut.u_uart.clk)
Endpoint  : $auto$ff.cc:266:slice$16120.D[0] (FDCE_ZINI clocked by dut.u_uart.clk)
Path Type : setup

Point                                                                                                      Incr      Path
-------------------------------------------------------------------------------------------------------------------------
clock dut.u_uart.clk (rise edge)                                                                          0.000     0.000
clock source latency                                                                                      0.000     0.000
$iopadmap$fpga_top.CLK100MHZ.O[0] (IBUF_VPR)                                                              0.000     0.000
$auto$ff.cc:266:slice$16455.C[0] (FDCE_ZINI)                                                              2.180     2.180
$auto$ff.cc:266:slice$16455.Q[0] (FDCE_ZINI) [clock-to-output]                                            0.303     2.483
$techmap17481$abc$17309$auto$blifparse.cc:525:parse_blif$17334.A[2].in[0] (.names)                        2.180     4.663
$techmap17481$abc$17309$auto$blifparse.cc:525:parse_blif$17334.A[2].out[0] (.names)                       0.152     4.815
$techmap17482$abc$17309$auto$blifparse.cc:525:parse_blif$17335.A[0].in[0] (.names)                        2.180     6.995
$techmap17482$abc$17309$auto$blifparse.cc:525:parse_blif$17335.A[0].out[0] (.names)                       0.152     7.147
$techmap19206$auto$ff.cc:266:slice$16120.D.in[1] (.names)                                                 2.180     9.327
$techmap19206$auto$ff.cc:266:slice$16120.D.out[0] (.names)                                                0.152     9.479
$auto$ff.cc:266:slice$16120.D[0] (FDCE_ZINI)                                                              2.180    11.659
data arrival time                                                                                                  11.659

clock dut.u_uart.clk (rise edge)                                                                         10.000    10.000
clock source latency                                                                                      0.000    10.000
$iopadmap$fpga_top.CLK100MHZ.O[0] (IBUF_VPR)                                                              0.000    10.000
$auto$ff.cc:266:slice$16120.C[0] (FDCE_ZINI)                                                              2.180    12.180
clock uncertainty                                                                                         0.000    12.180
cell setup time                                                                                           0.046    12.226
data required time                                                                                                 12.226
-------------------------------------------------------------------------------------------------------------------------
data required time                                                                                                 12.226
data arrival time                                                                                                 -11.659
-------------------------------------------------------------------------------------------------------------------------
slack (MET)                                                                                                         0.567


#Path 57
Startpoint: $auto$ff.cc:266:slice$16706.Q[0] (FDCE_ZINI clocked by dut.u_uart.clk)
Endpoint  : $auto$ff.cc:266:slice$16686.D[0] (FDPE_ZINI clocked by dut.u_uart.clk)
Path Type : setup

Point                                                                                             Incr      Path
----------------------------------------------------------------------------------------------------------------
clock dut.u_uart.clk (rise edge)                                                                 0.000     0.000
clock source latency                                                                             0.000     0.000
$iopadmap$fpga_top.CLK100MHZ.O[0] (IBUF_VPR)                                                     0.000     0.000
$auto$ff.cc:266:slice$16706.C[0] (FDCE_ZINI)                                                     2.180     2.180
$auto$ff.cc:266:slice$16706.Q[0] (FDCE_ZINI) [clock-to-output]                                   0.303     2.483
$abc$17309$auto$blifparse.cc:525:parse_blif$17325.T0.in[0] (.names)                              2.180     4.663
$abc$17309$auto$blifparse.cc:525:parse_blif$17325.T0.out[0] (.names)                             0.152     4.815
$abc$17309$auto$blifparse.cc:525:parse_blif$17325.fpga_mux_0.I0[0] (MUXF6)                       2.180     6.995
$abc$17309$auto$blifparse.cc:525:parse_blif$17325.fpga_mux_0.O[0] (MUXF6)                        0.010     7.005
$techmap19190$auto$ff.cc:266:slice$16686.D.in[0] (.names)                                        2.180     9.185
$techmap19190$auto$ff.cc:266:slice$16686.D.out[0] (.names)                                       0.152     9.337
$auto$ff.cc:266:slice$16686.D[0] (FDPE_ZINI)                                                     2.180    11.517
data arrival time                                                                                         11.517

clock dut.u_uart.clk (rise edge)                                                                10.000    10.000
clock source latency                                                                             0.000    10.000
$iopadmap$fpga_top.CLK100MHZ.O[0] (IBUF_VPR)                                                     0.000    10.000
$auto$ff.cc:266:slice$16686.C[0] (FDPE_ZINI)                                                     2.180    12.180
clock uncertainty                                                                                0.000    12.180
cell setup time                                                                                  0.046    12.226
data required time                                                                                        12.226
----------------------------------------------------------------------------------------------------------------
data required time                                                                                        12.226
data arrival time                                                                                        -11.517
----------------------------------------------------------------------------------------------------------------
slack (MET)                                                                                                0.709


#Path 58
Startpoint: $auto$ff.cc:266:slice$16453.Q[0] (FDCE_ZINI clocked by dut.u_uart.clk)
Endpoint  : $auto$ff.cc:266:slice$16458.CE[0] (FDCE_ZINI clocked by dut.u_uart.clk)
Path Type : setup

Point                                                                             Incr      Path
------------------------------------------------------------------------------------------------
clock dut.u_uart.clk (rise edge)                                                 0.000     0.000
clock source latency                                                             0.000     0.000
$iopadmap$fpga_top.CLK100MHZ.O[0] (IBUF_VPR)                                     0.000     0.000
$auto$ff.cc:266:slice$16453.C[0] (FDCE_ZINI)                                     2.180     2.180
$auto$ff.cc:266:slice$16453.Q[0] (FDCE_ZINI) [clock-to-output]                   0.303     2.483
dut.u_apb_ctrl.pwdata[4].in[0] (.names)                                          2.180     4.663
dut.u_apb_ctrl.pwdata[4].out[0] (.names)                                         0.152     4.815
$techmap19188$auto$ff.cc:266:slice$16706.D.in[1] (.names)                        2.180     6.995
$techmap19188$auto$ff.cc:266:slice$16706.D.out[0] (.names)                       0.152     7.147
$auto$ff.cc:266:slice$16458.CE[0] (FDCE_ZINI)                                    2.180     9.327
data arrival time                                                                          9.327

clock dut.u_uart.clk (rise edge)                                                10.000    10.000
clock source latency                                                             0.000    10.000
$iopadmap$fpga_top.CLK100MHZ.O[0] (IBUF_VPR)                                     0.000    10.000
$auto$ff.cc:266:slice$16458.C[0] (FDCE_ZINI)                                     2.180    12.180
clock uncertainty                                                                0.000    12.180
cell setup time                                                                 -0.109    12.071
data required time                                                                        12.071
------------------------------------------------------------------------------------------------
data required time                                                                        12.071
data arrival time                                                                         -9.327
------------------------------------------------------------------------------------------------
slack (MET)                                                                                2.744


#Path 59
Startpoint: $auto$ff.cc:266:slice$16453.Q[0] (FDCE_ZINI clocked by dut.u_uart.clk)
Endpoint  : $auto$ff.cc:266:slice$16457.CE[0] (FDCE_ZINI clocked by dut.u_uart.clk)
Path Type : setup

Point                                                                             Incr      Path
------------------------------------------------------------------------------------------------
clock dut.u_uart.clk (rise edge)                                                 0.000     0.000
clock source latency                                                             0.000     0.000
$iopadmap$fpga_top.CLK100MHZ.O[0] (IBUF_VPR)                                     0.000     0.000
$auto$ff.cc:266:slice$16453.C[0] (FDCE_ZINI)                                     2.180     2.180
$auto$ff.cc:266:slice$16453.Q[0] (FDCE_ZINI) [clock-to-output]                   0.303     2.483
dut.u_apb_ctrl.pwdata[4].in[0] (.names)                                          2.180     4.663
dut.u_apb_ctrl.pwdata[4].out[0] (.names)                                         0.152     4.815
$techmap19188$auto$ff.cc:266:slice$16706.D.in[1] (.names)                        2.180     6.995
$techmap19188$auto$ff.cc:266:slice$16706.D.out[0] (.names)                       0.152     7.147
$auto$ff.cc:266:slice$16457.CE[0] (FDCE_ZINI)                                    2.180     9.327
data arrival time                                                                          9.327

clock dut.u_uart.clk (rise edge)                                                10.000    10.000
clock source latency                                                             0.000    10.000
$iopadmap$fpga_top.CLK100MHZ.O[0] (IBUF_VPR)                                     0.000    10.000
$auto$ff.cc:266:slice$16457.C[0] (FDCE_ZINI)                                     2.180    12.180
clock uncertainty                                                                0.000    12.180
cell setup time                                                                 -0.109    12.071
data required time                                                                        12.071
------------------------------------------------------------------------------------------------
data required time                                                                        12.071
data arrival time                                                                         -9.327
------------------------------------------------------------------------------------------------
slack (MET)                                                                                2.744


#Path 60
Startpoint: $auto$ff.cc:266:slice$16453.Q[0] (FDCE_ZINI clocked by dut.u_uart.clk)
Endpoint  : $auto$ff.cc:266:slice$16456.CE[0] (FDCE_ZINI clocked by dut.u_uart.clk)
Path Type : setup

Point                                                                             Incr      Path
------------------------------------------------------------------------------------------------
clock dut.u_uart.clk (rise edge)                                                 0.000     0.000
clock source latency                                                             0.000     0.000
$iopadmap$fpga_top.CLK100MHZ.O[0] (IBUF_VPR)                                     0.000     0.000
$auto$ff.cc:266:slice$16453.C[0] (FDCE_ZINI)                                     2.180     2.180
$auto$ff.cc:266:slice$16453.Q[0] (FDCE_ZINI) [clock-to-output]                   0.303     2.483
dut.u_apb_ctrl.pwdata[4].in[0] (.names)                                          2.180     4.663
dut.u_apb_ctrl.pwdata[4].out[0] (.names)                                         0.152     4.815
$techmap19188$auto$ff.cc:266:slice$16706.D.in[1] (.names)                        2.180     6.995
$techmap19188$auto$ff.cc:266:slice$16706.D.out[0] (.names)                       0.152     7.147
$auto$ff.cc:266:slice$16456.CE[0] (FDCE_ZINI)                                    2.180     9.327
data arrival time                                                                          9.327

clock dut.u_uart.clk (rise edge)                                                10.000    10.000
clock source latency                                                             0.000    10.000
$iopadmap$fpga_top.CLK100MHZ.O[0] (IBUF_VPR)                                     0.000    10.000
$auto$ff.cc:266:slice$16456.C[0] (FDCE_ZINI)                                     2.180    12.180
clock uncertainty                                                                0.000    12.180
cell setup time                                                                 -0.109    12.071
data required time                                                                        12.071
------------------------------------------------------------------------------------------------
data required time                                                                        12.071
data arrival time                                                                         -9.327
------------------------------------------------------------------------------------------------
slack (MET)                                                                                2.744


#Path 61
Startpoint: $auto$ff.cc:266:slice$16453.Q[0] (FDCE_ZINI clocked by dut.u_uart.clk)
Endpoint  : $auto$ff.cc:266:slice$16454.D[0] (FDCE_ZINI clocked by dut.u_uart.clk)
Path Type : setup

Point                                                                                                      Incr      Path
-------------------------------------------------------------------------------------------------------------------------
clock dut.u_uart.clk (rise edge)                                                                          0.000     0.000
clock source latency                                                                                      0.000     0.000
$iopadmap$fpga_top.CLK100MHZ.O[0] (IBUF_VPR)                                                              0.000     0.000
$auto$ff.cc:266:slice$16453.C[0] (FDCE_ZINI)                                                              2.180     2.180
$auto$ff.cc:266:slice$16453.Q[0] (FDCE_ZINI) [clock-to-output]                                            0.303     2.483
$techmap17508$abc$17309$auto$blifparse.cc:525:parse_blif$17385.A[1].in[0] (.names)                        2.180     4.663
$techmap17508$abc$17309$auto$blifparse.cc:525:parse_blif$17385.A[1].out[0] (.names)                       0.152     4.815
$procmux$15279.Y[2].in[1] (.names)                                                                        2.180     6.995
$procmux$15279.Y[2].out[0] (.names)                                                                       0.152     7.147
$auto$ff.cc:266:slice$16454.D[0] (FDCE_ZINI)                                                              2.180     9.327
data arrival time                                                                                                   9.327

clock dut.u_uart.clk (rise edge)                                                                         10.000    10.000
clock source latency                                                                                      0.000    10.000
$iopadmap$fpga_top.CLK100MHZ.O[0] (IBUF_VPR)                                                              0.000    10.000
$auto$ff.cc:266:slice$16454.C[0] (FDCE_ZINI)                                                              2.180    12.180
clock uncertainty                                                                                         0.000    12.180
cell setup time                                                                                           0.046    12.226
data required time                                                                                                 12.226
-------------------------------------------------------------------------------------------------------------------------
data required time                                                                                                 12.226
data arrival time                                                                                                  -9.327
-------------------------------------------------------------------------------------------------------------------------
slack (MET)                                                                                                         2.899


#Path 62
Startpoint: $auto$ff.cc:266:slice$16453.Q[0] (FDCE_ZINI clocked by dut.u_uart.clk)
Endpoint  : $auto$ff.cc:266:slice$16706.D[0] (FDCE_ZINI clocked by dut.u_uart.clk)
Path Type : setup

Point                                                                             Incr      Path
------------------------------------------------------------------------------------------------
clock dut.u_uart.clk (rise edge)                                                 0.000     0.000
clock source latency                                                             0.000     0.000
$iopadmap$fpga_top.CLK100MHZ.O[0] (IBUF_VPR)                                     0.000     0.000
$auto$ff.cc:266:slice$16453.C[0] (FDCE_ZINI)                                     2.180     2.180
$auto$ff.cc:266:slice$16453.Q[0] (FDCE_ZINI) [clock-to-output]                   0.303     2.483
dut.u_apb_ctrl.pwdata[4].in[0] (.names)                                          2.180     4.663
dut.u_apb_ctrl.pwdata[4].out[0] (.names)                                         0.152     4.815
$techmap19188$auto$ff.cc:266:slice$16706.D.in[1] (.names)                        2.180     6.995
$techmap19188$auto$ff.cc:266:slice$16706.D.out[0] (.names)                       0.152     7.147
$auto$ff.cc:266:slice$16706.D[0] (FDCE_ZINI)                                     2.180     9.327
data arrival time                                                                          9.327

clock dut.u_uart.clk (rise edge)                                                10.000    10.000
clock source latency                                                             0.000    10.000
$iopadmap$fpga_top.CLK100MHZ.O[0] (IBUF_VPR)                                     0.000    10.000
$auto$ff.cc:266:slice$16706.C[0] (FDCE_ZINI)                                     2.180    12.180
clock uncertainty                                                                0.000    12.180
cell setup time                                                                  0.046    12.226
data required time                                                                        12.226
------------------------------------------------------------------------------------------------
data required time                                                                        12.226
data arrival time                                                                         -9.327
------------------------------------------------------------------------------------------------
slack (MET)                                                                                2.899


#Path 63
Startpoint: $auto$ff.cc:266:slice$16455.Q[0] (FDCE_ZINI clocked by dut.u_uart.clk)
Endpoint  : $auto$ff.cc:266:slice$16452.D[0] (FDCE_ZINI clocked by dut.u_uart.clk)
Path Type : setup

Point                                                                                                      Incr      Path
-------------------------------------------------------------------------------------------------------------------------
clock dut.u_uart.clk (rise edge)                                                                          0.000     0.000
clock source latency                                                                                      0.000     0.000
$iopadmap$fpga_top.CLK100MHZ.O[0] (IBUF_VPR)                                                              0.000     0.000
$auto$ff.cc:266:slice$16455.C[0] (FDCE_ZINI)                                                              2.180     2.180
$auto$ff.cc:266:slice$16455.Q[0] (FDCE_ZINI) [clock-to-output]                                            0.303     2.483
$techmap17481$abc$17309$auto$blifparse.cc:525:parse_blif$17334.A[2].in[0] (.names)                        2.180     4.663
$techmap17481$abc$17309$auto$blifparse.cc:525:parse_blif$17334.A[2].out[0] (.names)                       0.152     4.815
$procmux$15279.Y[0].in[1] (.names)                                                                        2.180     6.995
$procmux$15279.Y[0].out[0] (.names)                                                                       0.152     7.147
$auto$ff.cc:266:slice$16452.D[0] (FDCE_ZINI)                                                              2.180     9.327
data arrival time                                                                                                   9.327

clock dut.u_uart.clk (rise edge)                                                                         10.000    10.000
clock source latency                                                                                      0.000    10.000
$iopadmap$fpga_top.CLK100MHZ.O[0] (IBUF_VPR)                                                              0.000    10.000
$auto$ff.cc:266:slice$16452.C[0] (FDCE_ZINI)                                                              2.180    12.180
clock uncertainty                                                                                         0.000    12.180
cell setup time                                                                                           0.046    12.226
data required time                                                                                                 12.226
-------------------------------------------------------------------------------------------------------------------------
data required time                                                                                                 12.226
data arrival time                                                                                                  -9.327
-------------------------------------------------------------------------------------------------------------------------
slack (MET)                                                                                                         2.899


#Path 64
Startpoint: $auto$ff.cc:266:slice$16453.Q[0] (FDCE_ZINI clocked by dut.u_uart.clk)
Endpoint  : $auto$ff.cc:266:slice$16455.D[0] (FDCE_ZINI clocked by dut.u_uart.clk)
Path Type : setup

Point                                                                                                      Incr      Path
-------------------------------------------------------------------------------------------------------------------------
clock dut.u_uart.clk (rise edge)                                                                          0.000     0.000
clock source latency                                                                                      0.000     0.000
$iopadmap$fpga_top.CLK100MHZ.O[0] (IBUF_VPR)                                                              0.000     0.000
$auto$ff.cc:266:slice$16453.C[0] (FDCE_ZINI)                                                              2.180     2.180
$auto$ff.cc:266:slice$16453.Q[0] (FDCE_ZINI) [clock-to-output]                                            0.303     2.483
$techmap17508$abc$17309$auto$blifparse.cc:525:parse_blif$17385.A[1].in[0] (.names)                        2.180     4.663
$techmap17508$abc$17309$auto$blifparse.cc:525:parse_blif$17385.A[1].out[0] (.names)                       0.152     4.815
$procmux$15279.Y[3].in[2] (.names)                                                                        2.180     6.995
$procmux$15279.Y[3].out[0] (.names)                                                                       0.150     7.145
$auto$ff.cc:266:slice$16455.D[0] (FDCE_ZINI)                                                              2.180     9.325
data arrival time                                                                                                   9.325

clock dut.u_uart.clk (rise edge)                                                                         10.000    10.000
clock source latency                                                                                      0.000    10.000
$iopadmap$fpga_top.CLK100MHZ.O[0] (IBUF_VPR)                                                              0.000    10.000
$auto$ff.cc:266:slice$16455.C[0] (FDCE_ZINI)                                                              2.180    12.180
clock uncertainty                                                                                         0.000    12.180
cell setup time                                                                                           0.046    12.226
data required time                                                                                                 12.226
-------------------------------------------------------------------------------------------------------------------------
data required time                                                                                                 12.226
data arrival time                                                                                                  -9.325
-------------------------------------------------------------------------------------------------------------------------
slack (MET)                                                                                                         2.901


#Path 65
Startpoint: $auto$ff.cc:266:slice$16455.Q[0] (FDCE_ZINI clocked by dut.u_uart.clk)
Endpoint  : $auto$ff.cc:266:slice$16453.D[0] (FDCE_ZINI clocked by dut.u_uart.clk)
Path Type : setup

Point                                                                                                      Incr      Path
-------------------------------------------------------------------------------------------------------------------------
clock dut.u_uart.clk (rise edge)                                                                          0.000     0.000
clock source latency                                                                                      0.000     0.000
$iopadmap$fpga_top.CLK100MHZ.O[0] (IBUF_VPR)                                                              0.000     0.000
$auto$ff.cc:266:slice$16455.C[0] (FDCE_ZINI)                                                              2.180     2.180
$auto$ff.cc:266:slice$16455.Q[0] (FDCE_ZINI) [clock-to-output]                                            0.303     2.483
$techmap17481$abc$17309$auto$blifparse.cc:525:parse_blif$17334.A[2].in[0] (.names)                        2.180     4.663
$techmap17481$abc$17309$auto$blifparse.cc:525:parse_blif$17334.A[2].out[0] (.names)                       0.152     4.815
$procmux$15279.Y[1].in[2] (.names)                                                                        2.180     6.995
$procmux$15279.Y[1].out[0] (.names)                                                                       0.150     7.145
$auto$ff.cc:266:slice$16453.D[0] (FDCE_ZINI)                                                              2.180     9.325
data arrival time                                                                                                   9.325

clock dut.u_uart.clk (rise edge)                                                                         10.000    10.000
clock source latency                                                                                      0.000    10.000
$iopadmap$fpga_top.CLK100MHZ.O[0] (IBUF_VPR)                                                              0.000    10.000
$auto$ff.cc:266:slice$16453.C[0] (FDCE_ZINI)                                                              2.180    12.180
clock uncertainty                                                                                         0.000    12.180
cell setup time                                                                                           0.046    12.226
data required time                                                                                                 12.226
-------------------------------------------------------------------------------------------------------------------------
data required time                                                                                                 12.226
data arrival time                                                                                                  -9.325
-------------------------------------------------------------------------------------------------------------------------
slack (MET)                                                                                                         2.901


#Path 66
Startpoint: $auto$ff.cc:266:slice$16468.Q[0] (FDPE_ZINI clocked by dut.u_uart.clk)
Endpoint  : $auto$ff.cc:266:slice$16467.D[0] (FDPE_ZINI clocked by dut.u_uart.clk)
Path Type : setup

Point                                                                             Incr      Path
------------------------------------------------------------------------------------------------
clock dut.u_uart.clk (rise edge)                                                 0.000     0.000
clock source latency                                                             0.000     0.000
$iopadmap$fpga_top.CLK100MHZ.O[0] (IBUF_VPR)                                     0.000     0.000
$auto$ff.cc:266:slice$16468.C[0] (FDPE_ZINI)                                     2.180     2.180
$auto$ff.cc:266:slice$16468.Q[0] (FDPE_ZINI) [clock-to-output]                   0.303     2.483
$techmap19169$auto$ff.cc:266:slice$16467.D.in[0] (.names)                        2.180     4.663
$techmap19169$auto$ff.cc:266:slice$16467.D.out[0] (.names)                       0.152     4.815
$auto$ff.cc:266:slice$16467.D[0] (FDPE_ZINI)                                     2.180     6.995
data arrival time                                                                          6.995

clock dut.u_uart.clk (rise edge)                                                10.000    10.000
clock source latency                                                             0.000    10.000
$iopadmap$fpga_top.CLK100MHZ.O[0] (IBUF_VPR)                                     0.000    10.000
$auto$ff.cc:266:slice$16467.C[0] (FDPE_ZINI)                                     2.180    12.180
clock uncertainty                                                                0.000    12.180
cell setup time                                                                  0.046    12.226
data required time                                                                        12.226
------------------------------------------------------------------------------------------------
data required time                                                                        12.226
data arrival time                                                                         -6.995
------------------------------------------------------------------------------------------------
slack (MET)                                                                                5.231


#Path 67
Startpoint: $auto$ff.cc:266:slice$16653.Q[0] (FDCE_ZINI clocked by dut.u_uart.clk)
Endpoint  : $auto$ff.cc:266:slice$16466.D[0] (FDPE_ZINI clocked by dut.u_uart.clk)
Path Type : setup

Point                                                                             Incr      Path
------------------------------------------------------------------------------------------------
clock dut.u_uart.clk (rise edge)                                                 0.000     0.000
clock source latency                                                             0.000     0.000
$iopadmap$fpga_top.CLK100MHZ.O[0] (IBUF_VPR)                                     0.000     0.000
$auto$ff.cc:266:slice$16653.C[0] (FDCE_ZINI)                                     2.180     2.180
$auto$ff.cc:266:slice$16653.Q[0] (FDCE_ZINI) [clock-to-output]                   0.303     2.483
$techmap19212$auto$ff.cc:266:slice$16466.D.in[0] (.names)                        2.180     4.663
$techmap19212$auto$ff.cc:266:slice$16466.D.out[0] (.names)                       0.152     4.815
$auto$ff.cc:266:slice$16466.D[0] (FDPE_ZINI)                                     2.180     6.995
data arrival time                                                                          6.995

clock dut.u_uart.clk (rise edge)                                                10.000    10.000
clock source latency                                                             0.000    10.000
$iopadmap$fpga_top.CLK100MHZ.O[0] (IBUF_VPR)                                     0.000    10.000
$auto$ff.cc:266:slice$16466.C[0] (FDPE_ZINI)                                     2.180    12.180
clock uncertainty                                                                0.000    12.180
cell setup time                                                                  0.046    12.226
data required time                                                                        12.226
------------------------------------------------------------------------------------------------
data required time                                                                        12.226
data arrival time                                                                         -6.995
------------------------------------------------------------------------------------------------
slack (MET)                                                                                5.231


#Path 68
Startpoint: $auto$ff.cc:266:slice$16653.Q[0] (FDCE_ZINI clocked by dut.u_uart.clk)
Endpoint  : $auto$ff.cc:266:slice$16465.D[0] (FDPE_ZINI clocked by dut.u_uart.clk)
Path Type : setup

Point                                                                             Incr      Path
------------------------------------------------------------------------------------------------
clock dut.u_uart.clk (rise edge)                                                 0.000     0.000
clock source latency                                                             0.000     0.000
$iopadmap$fpga_top.CLK100MHZ.O[0] (IBUF_VPR)                                     0.000     0.000
$auto$ff.cc:266:slice$16653.C[0] (FDCE_ZINI)                                     2.180     2.180
$auto$ff.cc:266:slice$16653.Q[0] (FDCE_ZINI) [clock-to-output]                   0.303     2.483
$techmap19186$auto$ff.cc:266:slice$16465.D.in[0] (.names)                        2.180     4.663
$techmap19186$auto$ff.cc:266:slice$16465.D.out[0] (.names)                       0.152     4.815
$auto$ff.cc:266:slice$16465.D[0] (FDPE_ZINI)                                     2.180     6.995
data arrival time                                                                          6.995

clock dut.u_uart.clk (rise edge)                                                10.000    10.000
clock source latency                                                             0.000    10.000
$iopadmap$fpga_top.CLK100MHZ.O[0] (IBUF_VPR)                                     0.000    10.000
$auto$ff.cc:266:slice$16465.C[0] (FDPE_ZINI)                                     2.180    12.180
clock uncertainty                                                                0.000    12.180
cell setup time                                                                  0.046    12.226
data required time                                                                        12.226
------------------------------------------------------------------------------------------------
data required time                                                                        12.226
data arrival time                                                                         -6.995
------------------------------------------------------------------------------------------------
slack (MET)                                                                                5.231


#Path 69
Startpoint: $auto$ff.cc:266:slice$16465.Q[0] (FDPE_ZINI clocked by dut.u_uart.clk)
Endpoint  : $auto$ff.cc:266:slice$16464.D[0] (FDPE_ZINI clocked by dut.u_uart.clk)
Path Type : setup

Point                                                                             Incr      Path
------------------------------------------------------------------------------------------------
clock dut.u_uart.clk (rise edge)                                                 0.000     0.000
clock source latency                                                             0.000     0.000
$iopadmap$fpga_top.CLK100MHZ.O[0] (IBUF_VPR)                                     0.000     0.000
$auto$ff.cc:266:slice$16465.C[0] (FDPE_ZINI)                                     2.180     2.180
$auto$ff.cc:266:slice$16465.Q[0] (FDPE_ZINI) [clock-to-output]                   0.303     2.483
$techmap19168$auto$ff.cc:266:slice$16464.D.in[0] (.names)                        2.180     4.663
$techmap19168$auto$ff.cc:266:slice$16464.D.out[0] (.names)                       0.152     4.815
$auto$ff.cc:266:slice$16464.D[0] (FDPE_ZINI)                                     2.180     6.995
data arrival time                                                                          6.995

clock dut.u_uart.clk (rise edge)                                                10.000    10.000
clock source latency                                                             0.000    10.000
$iopadmap$fpga_top.CLK100MHZ.O[0] (IBUF_VPR)                                     0.000    10.000
$auto$ff.cc:266:slice$16464.C[0] (FDPE_ZINI)                                     2.180    12.180
clock uncertainty                                                                0.000    12.180
cell setup time                                                                  0.046    12.226
data required time                                                                        12.226
------------------------------------------------------------------------------------------------
data required time                                                                        12.226
data arrival time                                                                         -6.995
------------------------------------------------------------------------------------------------
slack (MET)                                                                                5.231


#Path 70
Startpoint: $auto$ff.cc:266:slice$16464.Q[0] (FDPE_ZINI clocked by dut.u_uart.clk)
Endpoint  : $auto$ff.cc:266:slice$16463.D[0] (FDPE_ZINI clocked by dut.u_uart.clk)
Path Type : setup

Point                                                                             Incr      Path
------------------------------------------------------------------------------------------------
clock dut.u_uart.clk (rise edge)                                                 0.000     0.000
clock source latency                                                             0.000     0.000
$iopadmap$fpga_top.CLK100MHZ.O[0] (IBUF_VPR)                                     0.000     0.000
$auto$ff.cc:266:slice$16464.C[0] (FDPE_ZINI)                                     2.180     2.180
$auto$ff.cc:266:slice$16464.Q[0] (FDPE_ZINI) [clock-to-output]                   0.303     2.483
$techmap19198$auto$ff.cc:266:slice$16463.D.in[0] (.names)                        2.180     4.663
$techmap19198$auto$ff.cc:266:slice$16463.D.out[0] (.names)                       0.152     4.815
$auto$ff.cc:266:slice$16463.D[0] (FDPE_ZINI)                                     2.180     6.995
data arrival time                                                                          6.995

clock dut.u_uart.clk (rise edge)                                                10.000    10.000
clock source latency                                                             0.000    10.000
$iopadmap$fpga_top.CLK100MHZ.O[0] (IBUF_VPR)                                     0.000    10.000
$auto$ff.cc:266:slice$16463.C[0] (FDPE_ZINI)                                     2.180    12.180
clock uncertainty                                                                0.000    12.180
cell setup time                                                                  0.046    12.226
data required time                                                                        12.226
------------------------------------------------------------------------------------------------
data required time                                                                        12.226
data arrival time                                                                         -6.995
------------------------------------------------------------------------------------------------
slack (MET)                                                                                5.231


#Path 71
Startpoint: $auto$ff.cc:266:slice$16653.Q[0] (FDCE_ZINI clocked by dut.u_uart.clk)
Endpoint  : $auto$ff.cc:266:slice$16462.D[0] (FDPE_ZINI clocked by dut.u_uart.clk)
Path Type : setup

Point                                                                             Incr      Path
------------------------------------------------------------------------------------------------
clock dut.u_uart.clk (rise edge)                                                 0.000     0.000
clock source latency                                                             0.000     0.000
$iopadmap$fpga_top.CLK100MHZ.O[0] (IBUF_VPR)                                     0.000     0.000
$auto$ff.cc:266:slice$16653.C[0] (FDCE_ZINI)                                     2.180     2.180
$auto$ff.cc:266:slice$16653.Q[0] (FDCE_ZINI) [clock-to-output]                   0.303     2.483
$techmap19197$auto$ff.cc:266:slice$16462.D.in[0] (.names)                        2.180     4.663
$techmap19197$auto$ff.cc:266:slice$16462.D.out[0] (.names)                       0.152     4.815
$auto$ff.cc:266:slice$16462.D[0] (FDPE_ZINI)                                     2.180     6.995
data arrival time                                                                          6.995

clock dut.u_uart.clk (rise edge)                                                10.000    10.000
clock source latency                                                             0.000    10.000
$iopadmap$fpga_top.CLK100MHZ.O[0] (IBUF_VPR)                                     0.000    10.000
$auto$ff.cc:266:slice$16462.C[0] (FDPE_ZINI)                                     2.180    12.180
clock uncertainty                                                                0.000    12.180
cell setup time                                                                  0.046    12.226
data required time                                                                        12.226
------------------------------------------------------------------------------------------------
data required time                                                                        12.226
data arrival time                                                                         -6.995
------------------------------------------------------------------------------------------------
slack (MET)                                                                                5.231


#Path 72
Startpoint: $auto$ff.cc:266:slice$16653.Q[0] (FDCE_ZINI clocked by dut.u_uart.clk)
Endpoint  : $auto$ff.cc:266:slice$16461.D[0] (FDPE_ZINI clocked by dut.u_uart.clk)
Path Type : setup

Point                                                                             Incr      Path
------------------------------------------------------------------------------------------------
clock dut.u_uart.clk (rise edge)                                                 0.000     0.000
clock source latency                                                             0.000     0.000
$iopadmap$fpga_top.CLK100MHZ.O[0] (IBUF_VPR)                                     0.000     0.000
$auto$ff.cc:266:slice$16653.C[0] (FDCE_ZINI)                                     2.180     2.180
$auto$ff.cc:266:slice$16653.Q[0] (FDCE_ZINI) [clock-to-output]                   0.303     2.483
$techmap19196$auto$ff.cc:266:slice$16461.D.in[0] (.names)                        2.180     4.663
$techmap19196$auto$ff.cc:266:slice$16461.D.out[0] (.names)                       0.152     4.815
$auto$ff.cc:266:slice$16461.D[0] (FDPE_ZINI)                                     2.180     6.995
data arrival time                                                                          6.995

clock dut.u_uart.clk (rise edge)                                                10.000    10.000
clock source latency                                                             0.000    10.000
$iopadmap$fpga_top.CLK100MHZ.O[0] (IBUF_VPR)                                     0.000    10.000
$auto$ff.cc:266:slice$16461.C[0] (FDPE_ZINI)                                     2.180    12.180
clock uncertainty                                                                0.000    12.180
cell setup time                                                                  0.046    12.226
data required time                                                                        12.226
------------------------------------------------------------------------------------------------
data required time                                                                        12.226
data arrival time                                                                         -6.995
------------------------------------------------------------------------------------------------
slack (MET)                                                                                5.231


#Path 73
Startpoint: $auto$ff.cc:266:slice$16455.Q[0] (FDCE_ZINI clocked by dut.u_uart.clk)
Endpoint  : $auto$ff.cc:266:slice$16457.D[0] (FDCE_ZINI clocked by dut.u_uart.clk)
Path Type : setup

Point                                                               Incr      Path
----------------------------------------------------------------------------------
clock dut.u_uart.clk (rise edge)                                   0.000     0.000
clock source latency                                               0.000     0.000
$iopadmap$fpga_top.CLK100MHZ.O[0] (IBUF_VPR)                       0.000     0.000
$auto$ff.cc:266:slice$16455.C[0] (FDCE_ZINI)                       2.180     2.180
$auto$ff.cc:266:slice$16455.Q[0] (FDCE_ZINI) [clock-to-output]     0.303     2.483
dut.u_apb_ctrl.pwdata[1].in[0] (.names)                            2.180     4.663
dut.u_apb_ctrl.pwdata[1].out[0] (.names)                           0.152     4.815
$auto$ff.cc:266:slice$16457.D[0] (FDCE_ZINI)                       2.180     6.995
data arrival time                                                            6.995

clock dut.u_uart.clk (rise edge)                                  10.000    10.000
clock source latency                                               0.000    10.000
$iopadmap$fpga_top.CLK100MHZ.O[0] (IBUF_VPR)                       0.000    10.000
$auto$ff.cc:266:slice$16457.C[0] (FDCE_ZINI)                       2.180    12.180
clock uncertainty                                                  0.000    12.180
cell setup time                                                    0.046    12.226
data required time                                                          12.226
----------------------------------------------------------------------------------
data required time                                                          12.226
data arrival time                                                           -6.995
----------------------------------------------------------------------------------
slack (MET)                                                                  5.231


#Path 74
Startpoint: $auto$ff.cc:266:slice$16453.Q[0] (FDCE_ZINI clocked by dut.u_uart.clk)
Endpoint  : $auto$ff.cc:266:slice$16456.D[0] (FDCE_ZINI clocked by dut.u_uart.clk)
Path Type : setup

Point                                                               Incr      Path
----------------------------------------------------------------------------------
clock dut.u_uart.clk (rise edge)                                   0.000     0.000
clock source latency                                               0.000     0.000
$iopadmap$fpga_top.CLK100MHZ.O[0] (IBUF_VPR)                       0.000     0.000
$auto$ff.cc:266:slice$16453.C[0] (FDCE_ZINI)                       2.180     2.180
$auto$ff.cc:266:slice$16453.Q[0] (FDCE_ZINI) [clock-to-output]     0.303     2.483
dut.u_apb_ctrl.pwdata[0].in[0] (.names)                            2.180     4.663
dut.u_apb_ctrl.pwdata[0].out[0] (.names)                           0.152     4.815
$auto$ff.cc:266:slice$16456.D[0] (FDCE_ZINI)                       2.180     6.995
data arrival time                                                            6.995

clock dut.u_uart.clk (rise edge)                                  10.000    10.000
clock source latency                                               0.000    10.000
$iopadmap$fpga_top.CLK100MHZ.O[0] (IBUF_VPR)                       0.000    10.000
$auto$ff.cc:266:slice$16456.C[0] (FDCE_ZINI)                       2.180    12.180
clock uncertainty                                                  0.000    12.180
cell setup time                                                    0.046    12.226
data required time                                                          12.226
----------------------------------------------------------------------------------
data required time                                                          12.226
data arrival time                                                           -6.995
----------------------------------------------------------------------------------
slack (MET)                                                                  5.231


#Path 75
Startpoint: $auto$ff.cc:266:slice$16453.Q[0] (FDCE_ZINI clocked by dut.u_uart.clk)
Endpoint  : $auto$ff.cc:266:slice$16458.D[0] (FDCE_ZINI clocked by dut.u_uart.clk)
Path Type : setup

Point                                                               Incr      Path
----------------------------------------------------------------------------------
clock dut.u_uart.clk (rise edge)                                   0.000     0.000
clock source latency                                               0.000     0.000
$iopadmap$fpga_top.CLK100MHZ.O[0] (IBUF_VPR)                       0.000     0.000
$auto$ff.cc:266:slice$16453.C[0] (FDCE_ZINI)                       2.180     2.180
$auto$ff.cc:266:slice$16453.Q[0] (FDCE_ZINI) [clock-to-output]     0.303     2.483
dut.u_apb_ctrl.pwdata[4].in[0] (.names)                            2.180     4.663
dut.u_apb_ctrl.pwdata[4].out[0] (.names)                           0.152     4.815
$auto$ff.cc:266:slice$16458.D[0] (FDCE_ZINI)                       2.180     6.995
data arrival time                                                            6.995

clock dut.u_uart.clk (rise edge)                                  10.000    10.000
clock source latency                                               0.000    10.000
$iopadmap$fpga_top.CLK100MHZ.O[0] (IBUF_VPR)                       0.000    10.000
$auto$ff.cc:266:slice$16458.C[0] (FDCE_ZINI)                       2.180    12.180
clock uncertainty                                                  0.000    12.180
cell setup time                                                    0.046    12.226
data required time                                                          12.226
----------------------------------------------------------------------------------
data required time                                                          12.226
data arrival time                                                           -6.995
----------------------------------------------------------------------------------
slack (MET)                                                                  5.231


#Path 76
Startpoint: $auto$ff.cc:266:slice$16653.Q[0] (FDCE_ZINI clocked by dut.u_uart.clk)
Endpoint  : $auto$ff.cc:266:slice$16468.D[0] (FDPE_ZINI clocked by dut.u_uart.clk)
Path Type : setup

Point                                                               Incr      Path
----------------------------------------------------------------------------------
clock dut.u_uart.clk (rise edge)                                   0.000     0.000
clock source latency                                               0.000     0.000
$iopadmap$fpga_top.CLK100MHZ.O[0] (IBUF_VPR)                       0.000     0.000
$auto$ff.cc:266:slice$16653.C[0] (FDCE_ZINI)                       2.180     2.180
$auto$ff.cc:266:slice$16653.Q[0] (FDCE_ZINI) [clock-to-output]     0.303     2.483
$auto$ff.cc:266:slice$16468.D[0] (FDPE_ZINI)                       2.180     4.663
data arrival time                                                            4.663

clock dut.u_uart.clk (rise edge)                                  10.000    10.000
clock source latency                                               0.000    10.000
$iopadmap$fpga_top.CLK100MHZ.O[0] (IBUF_VPR)                       0.000    10.000
$auto$ff.cc:266:slice$16468.C[0] (FDPE_ZINI)                       2.180    12.180
clock uncertainty                                                  0.000    12.180
cell setup time                                                    0.046    12.226
data required time                                                          12.226
----------------------------------------------------------------------------------
data required time                                                          12.226
data arrival time                                                           -4.663
----------------------------------------------------------------------------------
slack (MET)                                                                  7.563


#End of timing report
